CASE_ID,ACCIDENT_YEAR,PROC_DATE,JURIS,COLLISION_DATE,COLLISION_TIME,OFFICER_ID,REPORTING_DISTRICT,DAY_OF_WEEK,CHP_SHIFT,POPULATION,CNTY_CITY_LOC,SPECIAL_COND,BEAT_TYPE,CHP_BEAT_TYPE,CITY_DIVISION_LAPD,CHP_BEAT_CLASS,BEAT_NUMBER,PRIMARY_RD,SECONDARY_RD,DISTANCE,DIRECTION,INTERSECTION,WEATHER_1,WEATHER_2,STATE_HWY_IND,CALTRANS_COUNTY,CALTRANS_DISTRICT,STATE_ROUTE,ROUTE_SUFFIX,POSTMILE_PREFIX,POSTMILE,LOCATION_TYPE,RAMP_INTERSECTION,SIDE_OF_HWY,TOW_AWAY,COLLISION_SEVERITY,NUMBER_KILLED,NUMBER_INJURED,PARTY_COUNT,PRIMARY_COLL_FACTOR,PCF_CODE_OF_VIOL,PCF_VIOL_CATEGORY,PCF_VIOLATION,PCF_VIOL_SUBSECTION,HIT_AND_RUN,TYPE_OF_COLLISION,MVIW,PED_ACTION,ROAD_SURFACE,ROAD_COND_1,ROAD_COND_2,LIGHTING,CONTROL_DEVICE,CHP_ROAD_TYPE,PEDESTRIAN_ACCIDENT,BICYCLE_ACCIDENT,MOTORCYCLE_ACCIDENT,TRUCK_ACCIDENT,NOT_PRIVATE_PROPERTY,ALCOHOL_INVOLVED,STWD_VEHTYPE_AT_FAULT,CHP_VEHTYPE_AT_FAULT,COUNT_SEVERE_INJ,COUNT_VISIBLE_INJ,COUNT_COMPLAINT_PAIN,COUNT_PED_KILLED,COUNT_PED_INJURED,COUNT_BICYCLIST_KILLED,COUNT_BICYCLIST_INJURED,COUNT_MC_KILLED,COUNT_MC_INJURED,PRIMARY_RAMP,SECONDARY_RAMP,LATITUDE,LONGITUDE,COUNTY,CITY,POINT_X,POINT_Y
8158178,2016,2016-11-07,3610,2016-10-03,1953,0643,CSU,1,5,6,3610,0,0,0,NA,0,NA,NORTHPARK BL,SERRANO VILLAGE DR,0,NA,Y,A,-,N,NA,NA,NA,NA,NA,NA,NA,NA,NA,N,3,0,2,5,A,-,09,21801,A,N,D,C,A,A,H,-,C,A,0,NA,NA,NA,NA,Y,NA,A,01,0,1,1,0,0,0,0,0,0,-,-,NA,NA,SAN BERNARDINO,SAN BERNARDINO,-117.32341011,34.17729007
8158738,2016,2016-11-03,3604,2016-09-01,0542,302,NA,4,5,6,3604,0,0,0,NA,0,NA,SIERRA,SANTA ANA,0,NA,Y,A,-,N,NA,NA,NA,NA,NA,NA,NA,NA,NA,Y,4,0,1,2,A,-,12,21453,A,N,D,C,A,A,H,-,C,A,0,NA,NA,NA,NA,Y,NA,A,01,0,0,1,0,0,0,0,0,0,-,-,NA,NA,SAN BERNARDINO,FONTANA,-117.43563006,34.05579
81776422,2022,2022-05-20,3611,2022-01-15,1102,3419,3611,6,5,5,3611,0,0,0,NA,0,001,BENSON AVE,MT SHADOW DR,5,W,Y,B,-,N,NA,NA,NA,NA,NA,NA,NA,NA,NA,N,3,0,1,1,C,-,18,NA,NA,N,E,J,A,A,B,-,A,D,0,NA,Y,NA,NA,Y,NA,-,-,0,1,0,0,0,0,1,0,0,-,-,NA,NA,SAN BERNARDINO,UPLAND,-117.68099212646484,34.12334060668945
81776425,2022,2022-05-20,3609,2022-05-02,1145,01720,95,1,5,5,3609,0,0,0,NA,0,001,CEDAR AVE,BASELINE RD,25,S,N,A,-,N,NA,NA,NA,NA,NA,NA,NA,NA,NA,N,4,0,2,2,A,-,03,22350,NA,N,C,C,A,A,H,-,A,A,0,NA,NA,NA,NA,Y,NA,A,01,0,0,2,0,0,0,0,0,0,-,-,34.1213493347168,-117.39669799804688,SAN BERNARDINO,RIALTO,-117.39662170410156,34.12125015258789
81777528,2022,2022-05-23,3607,2022-05-15,1756,20270,222,7,5,6,3607,0,0,0,NA,0,052,PHILADELPHIA ST,PALMETTO AV,75,W,N,A,-,N,NA,NA,NA,NA,NA,NA,NA,NA,NA,N,2,0,1,2,A,-,05,21202,A,N,D,G,A,A,H,-,A,A,0,NA,Y,NA,NA,Y,NA,L,04,1,0,0,0,0,0,1,0,0,-,-,NA,NA,SAN BERNARDINO,ONTARIO,-117.66790771484376,34.03371047973633
8177921,2016,2016-12-12,3610,2016-11-22,1538,NA,NA,2,5,6,3610,0,0,0,NA,0,CHARLI,NORTH WATERMAN AV,EAST GILBERT ST,0,NA,Y,A,-,N,NA,NA,NA,NA,NA,NA,NA,NA,NA,N,3,0,1,2,A,I,10,21950,A,N,G,B,B,A,H,-,A,A,0,Y,NA,NA,NA,Y,NA,A,01,0,1,0,0,1,0,0,0,0,-,-,34.12681,-117.27880999999999,SAN BERNARDINO,SAN BERNARDINO,-117.27878009,34.12680003
81597200,2021,2021-10-15,3607,2021-10-06,1129,20521,99,3,5,6,3607,0,0,0,NA,0,012,SAN ANTONIO AV,FLORA ST,0,NA,Y,A,-,N,NA,NA,NA,NA,NA,NA,NA,NA,NA,Y,4,0,1,2,A,-,09,21802,A,N,D,C,A,A,H,-,A,A,0,NA,NA,NA,NA,Y,NA,D,22,0,0,1,0,0,0,0,0,0,-,-,NA,NA,SAN BERNARDINO,ONTARIO,-117.6606216430664,34.06879806518555
8159762,2016,2016-11-08,3603,2016-10-10,2127,CL4727,COLT,1,5,4,3603,0,0,0,NA,0,002,LA CADENA AV,VALLEY BL,0,NA,Y,A,-,N,NA,NA,NA,NA,NA,NA,NA,NA,NA,Y,4,0,1,2,A,-,03,22350,NA,M,C,C,A,A,H,-,C,A,0,NA,NA,NA,NA,Y,NA,A,01,0,0,1,0,0,0,0,0,0,-,-,NA,NA,SAN BERNARDINO,COLTON,-117.32433008,34.06687007
81787462,2022,2022-06-03,3611,2022-03-12,1705,3176,3611,6,5,5,3611,0,0,0,NA,0,001,22ND ST,SAN ANTONIO AVE,10,W,N,A,-,N,NA,NA,NA,NA,NA,NA,NA,NA,NA,N,3,0,1,1,C,-,18,NA,NA,N,F,A,A,A,H,-,A,A,0,NA,NA,NA,NA,Y,NA,-,-,0,1,0,0,0,0,0,0,0,-,-,NA,NA,SAN BERNARDINO,UPLAND,-117.66097259521484,34.1433219909668
81600988,2021,2021-10-20,3607,2021-08-14,1148,20345,230,6,5,6,3607,0,0,0,NA,0,052,EUCLID AV,GREVILLEA ST,0,NA,Y,A,-,N,NA,NA,NA,NA,NA,NA,NA,NA,NA,N,4,0,3,2,A,-,03,22350,NA,N,C,C,A,A,H,-,A,D,0,NA,NA,NA,NA,Y,NA,A,01,0,0,3,0,0,0,0,0,0,-,-,NA,NA,SAN BERNARDINO,ONTARIO,-117.65074157714844,34.03989028930664
81798112,2022,2022-06-20,3609,2022-05-27,1626,02418,155,5,5,5,3609,0,0,0,NA,0,001,LINDEN AVE,MERRILL AVE,0,NA,Y,-,-,N,NA,NA,NA,NA,NA,NA,NA,NA,NA,Y,4,0,2,2,A,-,09,21802,A,N,D,C,A,A,H,-,A,A,0,NA,NA,NA,NA,Y,NA,A,01,0,0,2,0,0,0,0,0,0,-,-,34.092220306396484,-117.40090942382813,SAN BERNARDINO,RIALTO,-117.40087127685548,34.09224319458008
81798121,2022,2022-06-20,3609,2022-06-02,0739,01733,NA,4,5,5,3609,0,0,0,NA,0,004,FOOTHILL BLVD,ACACIA AVE,246,E,N,A,-,Y,NA,NA,NA,NA,NA,NA,NA,NA,NA,N,4,0,1,2,A,-,08,22107,NA,N,H,G,A,A,H,-,A,D,0,NA,Y,NA,NA,Y,NA,L,04,0,0,1,0,0,0,1,0,0,-,-,34.106971740722656,-117.36148071289063,SAN BERNARDINO,RIALTO,-117.36083221435548,34.10676574707031
81603304,2021,2021-10-22,3602,2021-09-26,1934,4148,NA,7,5,5,3602,0,0,0,NA,0,002,MOUNTAIN AVENUE (12900 BLOCK),ORTEGA STREET,554,N,N,-,-,N,NA,NA,NA,NA,NA,NA,NA,NA,NA,Y,4,0,1,2,A,-,09,21804,A,N,A,C,A,A,H,-,C,D,0,NA,NA,NA,NA,Y,Y,A,01,0,0,1,0,0,0,0,0,0,-,-,NA,NA,SAN BERNARDINO,CHINO,-117.66751861572266,34.01668930053711
81694067,2022,2022-02-07,3607,2022-02-03,1412,80546,117,4,5,6,3607,0,0,0,NA,0,032,D ST,CORONA AV,0,NA,Y,A,-,N,NA,NA,NA,NA,NA,NA,NA,NA,NA,Y,4,0,1,3,A,-,09,21802,A,N,D,C,A,A,H,-,A,A,0,NA,NA,NA,NA,Y,NA,A,01,0,0,1,0,0,0,0,0,0,-,-,NA,NA,SAN BERNARDINO,ONTARIO,-117.61341857910156,34.067134857177734
81803181,2022,2022-06-27,3602,2022-05-26,1053,2798,NA,4,5,5,3602,0,0,0,NA,0,002,MOUNTAIN AVENUE (12300 BLOCK),SR-60 FREEWAY,184,S,N,A,-,N,NA,NA,NA,NA,NA,NA,NA,NA,NA,N,4,0,1,2,A,-,09,21801,A,N,D,C,A,A,H,-,A,D,0,NA,NA,NA,NA,Y,NA,A,01,0,0,1,0,0,0,0,0,0,-,-,NA,NA,SAN BERNARDINO,CHINO,-117.66761779785156,34.029964447021484
81803338,2022,2022-06-27,3602,2022-06-12,1303,4170,31,7,5,5,3602,0,0,0,NA,0,001,CENTRAL AVENUE (12400 BLOCK),COLUMBUS STREET,0,NA,Y,A,-,N,NA,NA,NA,NA,NA,NA,NA,NA,NA,N,4,0,1,2,A,-,12,21453,NA,N,D,C,A,A,H,-,A,A,0,NA,NA,NA,NA,Y,NA,A,01,0,0,1,0,0,0,0,0,0,-,-,NA,NA,SAN BERNARDINO,CHINO,-117.6894989013672,34.02813720703125
8180681,2016,2017-01-19,3607,2016-11-02,0658,15032,214,3,5,6,3607,0,0,0,NA,0,071,JURUPA ST,HAVEN AV,30,E,N,A,-,N,NA,NA,NA,NA,NA,NA,NA,NA,NA,Y,4,0,2,2,A,-,03,22350,NA,N,C,C,A,A,H,-,A,D,0,NA,NA,NA,NA,Y,NA,-,NA,0,0,2,0,0,0,0,0,0,-,-,NA,NA,SAN BERNARDINO,ONTARIO,-117.57592123,34.04834
81811742,2022,2022-07-07,3611,2022-03-18,1129,3272,3611,5,5,5,3611,0,0,0,NA,0,001,EUCLID AVE,20TH ST,0,NA,Y,A,-,N,NA,NA,NA,NA,NA,NA,NA,NA,NA,N,3,0,1,2,A,-,03,22350,NA,N,C,C,A,A,H,-,A,D,0,NA,NA,NA,NA,Y,NA,D,22,0,1,0,0,0,0,0,0,0,-,-,NA,NA,SAN BERNARDINO,UPLAND,-117.65145111083984,34.13610076904297
81813826,2022,2022-07-11,3607,2022-06-29,0954,20847,7,3,5,6,3607,0,0,0,NA,0,011,N MOUNTAIN AVE,10 FWY OFF RAMP,0,E,Y,A,-,N,NA,NA,NA,NA,NA,NA,NA,NA,NA,Y,4,0,3,2,A,-,12,21453,A,N,D,C,A,A,D,-,A,A,0,NA,NA,NA,NA,Y,NA,A,01,0,0,3,0,0,0,0,0,0,-,-,NA,NA,SAN BERNARDINO,ONTARIO,-117.67015075683594,34.08701705932617
81813832,2022,2022-07-11,3607,2022-06-30,2035,20276,171,4,5,6,3607,0,0,0,NA,0,042,AIRPORT DR,MILLIKEN AV,750,W,N,A,-,N,NA,NA,NA,NA,NA,NA,NA,NA,NA,Y,3,0,1,1,A,-,03,22350,NA,N,E,I,A,A,H,-,C,A,0,NA,NA,NA,NA,Y,NA,A,01,0,1,0,0,0,0,0,0,0,-,-,NA,NA,SAN BERNARDINO,ONTARIO,-117.56069183349608,34.0625
81813836,2022,2022-07-11,3607,2022-07-03,1015,20770,41,7,5,6,3607,0,0,0,NA,0,011,MOUNTAIN AV,YALE ST,50,N,N,A,-,N,NA,NA,NA,NA,NA,NA,NA,NA,NA,N,3,0,2,2,A,-,03,22350,NA,N,C,C,A,A,H,-,A,D,0,NA,NA,NA,NA,Y,NA,D,22,0,1,1,0,0,0,0,0,0,-,-,NA,NA,SAN BERNARDINO,ONTARIO,-117.67012786865234,34.080745697021484
81694480,2021,2022-02-07,3602,2021-12-15,1541,4148,NA,3,5,5,3602,0,0,0,NA,0,003,MERRILL AVE (8600 BLOCK),VAN VLIET AVE,20,N,N,A,-,N,NA,NA,NA,NA,NA,NA,NA,NA,NA,Y,4,0,1,2,A,-,08,22107,NA,M,B,C,A,A,H,-,A,D,0,NA,NA,NA,NA,Y,NA,-,-,0,0,1,0,0,0,0,0,0,-,-,33.983211517333984,-117.61492919921876,SAN BERNARDINO,CHINO,-117.61493682861328,33.98323059082031
81818979,2022,2022-07-18,3607,2022-07-12,1355,20688,272,2,5,6,3607,0,0,0,NA,0,071,RIVERSIDE DR,WALKER AV,0,NA,Y,A,-,N,NA,NA,NA,NA,NA,NA,NA,NA,NA,N,4,0,2,2,A,-,09,21802,A,N,D,C,A,A,H,-,A,A,0,NA,NA,NA,NA,Y,NA,A,01,0,0,2,0,0,0,0,0,0,-,-,NA,NA,SAN BERNARDINO,ONTARIO,-117.61962127685548,34.01952362060547
81823821,2022,2022-07-25,3609,2022-06-29,0907,02336,207,3,5,5,3609,0,0,0,NA,0,004,AGUA MANSA RD,ENTERPRISE DR,0,NA,Y,A,-,N,NA,NA,NA,NA,NA,NA,NA,NA,NA,Y,4,0,2,2,A,-,09,21801,A,N,D,C,A,A,H,-,A,A,0,NA,NA,NA,NA,Y,NA,D,72,0,0,2,0,0,0,0,0,0,-,-,34.03770065307617,-117.36784362792967,SAN BERNARDINO,RIALTO,-117.36814880371094,34.03771209716797
8182959,2016,2017-01-31,3609,2016-11-09,1353,6367,113,3,5,5,3609,0,0,0,NA,0,002,SYCAMORE AV,SHAMROCK ST,206,S,N,A,-,N,NA,NA,NA,NA,NA,NA,NA,NA,NA,Y,3,0,2,2,A,-,08,22107,NA,N,B,E,A,A,H,-,A,D,0,NA,NA,NA,NA,Y,NA,A,08,0,1,1,0,0,0,0,0,0,-,-,NA,NA,SAN BERNARDINO,RIALTO,-117.36604267,34.11860564
81721409,2022,2022-03-14,3609,2022-02-25,1906,01836,103,5,5,5,3609,0,0,0,NA,0,002,PEPPER AVE,BASELINE RD,0,NA,Y,A,-,N,NA,NA,NA,NA,NA,NA,NA,NA,NA,Y,3,0,2,2,A,-,01,23152,A,N,D,C,A,A,H,-,C,A,0,NA,NA,NA,NA,Y,Y,A,07,0,1,1,0,0,0,0,0,0,-,-,34.12160873413086,-117.35289764404295,SAN BERNARDINO,RIALTO,-117.35295867919922,34.121368408203125
81836837,2022,2022-08-10,3611,2022-06-22,1630,3357,3611,3,5,5,3611,0,0,0,NA,0,001,BENSON AVE,16TH ST,0,NA,Y,A,-,N,NA,NA,NA,NA,NA,NA,NA,NA,NA,Y,3,0,2,2,A,-,09,21800,D,N,D,C,A,A,H,-,A,B,0,NA,NA,NA,NA,Y,NA,A,07,0,1,1,0,0,0,0,0,0,-,-,NA,NA,SAN BERNARDINO,UPLAND,-117.6809310913086,34.12154769897461
8183802,2016,2016-12-12,3600,2016-11-14,1126,D4321,AP008,1,5,5,3621,0,0,0,NA,0,NA,BEAR VALLEY RD,ITOYA VISTA RD,211,E,N,A,-,N,NA,NA,NA,NA,NA,NA,NA,NA,NA,Y,4,0,2,3,A,-,03,22350,NA,N,D,D,A,A,-,-,A,A,0,NA,NA,NA,NA,Y,NA,A,01,0,0,2,0,0,0,0,0,0,-,-,NA,NA,SAN BERNARDINO,APPLE VALLEY,-117.21573212,34.4714
8173344,2016,2016-11-21,3600,2016-09-03,2137,D3384,YC211,6,5,4,3640,0,0,0,NA,0,NA,AVENUE E,FREMONT ST,0,NA,Y,A,-,N,NA,NA,NA,NA,NA,NA,NA,NA,NA,Y,3,0,1,1,A,-,03,22350,NA,N,F,I,A,A,H,-,C,D,0,NA,NA,NA,NA,Y,NA,D,23,0,1,0,0,0,0,0,0,0,-,-,NA,NA,SAN BERNARDINO,YUCAIPA,-117.02637,34.02662009
81755201,2022,2022-04-25,3602,2022-04-08,1701,4067,NA,5,5,5,3602,0,0,0,NA,0,001,SCHAEFER AVE,YORBA AVE,18,W,N,-,-,N,NA,NA,NA,NA,NA,NA,NA,NA,NA,N,2,0,1,2,A,-,06,21760,C,N,B,G,A,A,H,-,A,A,0,NA,Y,NA,NA,Y,NA,A,01,1,0,0,0,0,0,1,0,0,-,-,34.004459381103516,-117.70230865478516,SAN BERNARDINO,CHINO,-117.7022705078125,34.00442123413086
81843088,2022,2022-08-18,3607,2022-08-10,1645,20850,65,3,5,6,3607,0,0,0,NA,0,032,GROVE AV,PRINCETON ST,60,S,N,A,-,N,NA,NA,NA,NA,NA,NA,NA,NA,NA,Y,4,0,1,2,A,-,09,21801,A,F,D,C,A,A,H,-,A,D,0,NA,NA,NA,NA,Y,NA,A,01,0,0,1,0,0,0,0,0,0,-,-,NA,NA,SAN BERNARDINO,ONTARIO,-117.62857055664063,34.07960510253906
81845163,2022,2022-08-22,3607,2022-07-13,0950,20729,218,3,5,6,3607,0,0,0,NA,0,042,VINTAGE AV,JURUPA ST (E),200,S,N,A,-,N,NA,NA,NA,NA,NA,NA,NA,NA,NA,Y,4,0,1,1,A,-,08,22107,NA,N,E,I,A,A,H,-,A,A,0,NA,NA,NA,NA,Y,NA,A,01,0,0,1,0,0,0,0,0,0,-,-,NA,NA,SAN BERNARDINO,ONTARIO,-117.5361099243164,34.04806900024414
8175603,2016,2016-11-30,3611,2016-09-23,1958,2769,3611,5,5,5,3611,0,0,0,NA,0,001,MOUNTAIN AV,FOOTHILL BL,388,N,N,A,-,N,NA,NA,NA,NA,NA,NA,NA,NA,NA,Y,4,0,1,2,A,-,09,21804,A,N,D,C,A,B,H,-,C,A,0,NA,NA,NA,NA,Y,NA,A,01,0,0,1,0,0,0,0,0,0,-,-,NA,NA,SAN BERNARDINO,UPLAND,-117.67023,34.10802223
81856602,2022,2022-09-05,3611,2022-06-19,1839,3395,3611,7,5,5,3611,0,0,0,NA,0,002,SAN ANTONIO AVE,ARROW HWY,0,NA,Y,A,-,N,NA,NA,NA,NA,NA,NA,NA,NA,NA,Y,4,0,2,2,A,-,01,23152,A,N,D,C,A,A,H,-,A,A,0,NA,NA,NA,NA,Y,NA,A,01,0,0,2,0,0,0,0,0,0,-,-,NA,NA,SAN BERNARDINO,UPLAND,-117.66078186035156,34.09970474243164
81857114,2022,2022-09-05,3609,2022-08-05,1430,02055,127,5,5,5,3609,0,0,0,NA,0,004,FOOTHILL BLVD,RIVERSIDE AVE (E),100,E,N,A,-,N,NA,NA,NA,NA,NA,NA,NA,NA,NA,N,4,0,1,2,A,-,03,22350,NA,N,C,C,A,A,H,-,A,A,0,NA,NA,NA,NA,Y,NA,D,22,0,0,1,0,0,0,0,0,0,-,-,34.106788635253906,-117.37037658691406,SAN BERNARDINO,RIALTO,-117.37037658691406,34.10675811767578
81618267,2021,2021-11-08,3609,2021-10-15,0735,01948,NA,5,5,5,3609,0,0,0,NA,0,003,CACTUS AVE,SAN BERNARDINO AVE,42,N,Y,A,-,N,NA,NA,NA,NA,NA,NA,NA,NA,NA,Y,4,0,2,2,A,-,12,22450,A,N,D,C,A,A,H,-,A,A,0,NA,NA,NA,NA,Y,NA,-,-,0,0,2,0,0,0,0,0,0,-,-,34.07770919799805,-117.38339996337892,SAN BERNARDINO,RIALTO,-117.38339233398438,34.077816009521484
81861773,2022,2022-09-12,3607,2022-09-07,1032,20745,211,3,5,6,3607,0,0,0,NA,0,071,CARLOS AV,LOCUST ST,75,S,N,A,-,N,NA,NA,NA,NA,NA,NA,NA,NA,NA,Y,4,0,1,2,A,-,06,21755,A,N,B,C,A,A,H,-,A,D,0,NA,NA,NA,NA,Y,NA,A,01,0,0,1,0,0,0,0,0,0,-,-,NA,NA,SAN BERNARDINO,ONTARIO,-117.60655212402344,34.04462432861328
81869490,2022,2022-09-21,3609,2022-08-20,1540,02055,139,6,5,5,3609,0,0,0,NA,0,004,SYCAMORE AVE,3RD ST (N),13,S,N,A,-,N,NA,NA,NA,NA,NA,NA,NA,NA,NA,Y,3,0,1,1,A,-,03,22350,NA,N,E,I,A,A,H,-,A,A,0,NA,NA,Y,NA,Y,NA,C,02,0,1,0,0,0,0,0,0,1,-,-,34.104671478271484,-117.36583709716795,SAN BERNARDINO,RIALTO,-117.3659896850586,34.104183197021484
8186964,2016,2016-12-21,3600,2016-11-24,1331,F4508,AP012,4,5,5,3621,0,0,0,NA,0,AP1,NAVAJO RD,THUNDERBIRD RD,21,N,N,A,-,N,NA,NA,NA,NA,NA,NA,NA,NA,NA,Y,4,0,2,2,A,-,03,22350,NA,N,D,C,A,A,H,-,A,A,0,NA,NA,NA,NA,Y,NA,A,01,0,0,2,0,0,0,0,0,0,-,-,NA,NA,SAN BERNARDINO,APPLE VALLEY,-117.19049,34.52964752
8187321,2016,2017-02-22,3604,2016-12-02,1433,1195,NA,5,5,6,3604,0,0,0,NA,0,NA,MANILA ST,BEECH AV,344,E,N,A,-,N,NA,NA,NA,NA,NA,NA,NA,NA,NA,Y,4,0,1,3,A,-,08,22107,NA,N,D,C,A,A,H,-,A,D,0,NA,NA,NA,Y,Y,NA,A,01,0,0,1,0,0,0,0,0,0,-,-,NA,NA,SAN BERNARDINO,FONTANA,-117.47014747,34.05815
81875132,2022,2022-09-28,3607,2022-08-31,1604,21000,09,3,5,6,3607,0,0,0,NA,0,011,EUCLID AV,I-10 E/B ON RAMP,140,N,N,A,-,N,NA,NA,NA,NA,NA,NA,NA,NA,NA,Y,4,0,1,2,A,-,07,21658,A,N,B,C,A,A,H,-,A,D,0,NA,NA,NA,NA,Y,NA,A,08,0,0,1,0,0,0,0,0,0,-,-,NA,NA,SAN BERNARDINO,ONTARIO,-117.65125274658205,34.08712387084961
81882520,2022,2022-10-05,3607,2022-09-17,1840,20688,780,6,5,6,3607,0,0,0,NA,0,082,HAVEN AV,CHINO,0,NA,Y,A,-,N,NA,NA,NA,NA,NA,NA,NA,NA,NA,Y,3,0,2,2,A,-,09,21800,A,N,A,C,A,A,H,-,A,A,0,NA,NA,NA,NA,Y,NA,A,01,0,1,1,0,0,0,0,0,0,-,-,NA,NA,SAN BERNARDINO,ONTARIO,NA,NA
81885538,2022,2022-10-10,3611,2022-01-29,1844,3418,3611,6,5,5,3611,0,0,0,NA,0,004,9TH ST,GROVE AVE,166,W,N,A,-,N,NA,NA,NA,NA,NA,NA,NA,NA,NA,Y,4,0,1,2,A,-,08,22103,NA,M,E,J,A,A,H,-,B,D,0,NA,NA,NA,NA,Y,NA,-,99,0,0,1,0,0,0,0,0,0,-,-,NA,NA,SAN BERNARDINO,UPLAND,-117.6291046142578,34.096092224121094
81885547,2022,2022-10-10,3609,2022-09-05,2118,02334,96,1,5,5,3609,0,0,0,NA,0,001,LILAC AVE,WINCHESTER DR,57,N,N,A,-,N,NA,NA,NA,NA,NA,NA,NA,NA,NA,N,2,0,1,2,A,-,21,22106,NA,N,G,B,F,A,H,-,C,A,0,Y,NA,NA,NA,Y,NA,A,01,1,0,0,0,1,0,0,0,0,-,-,34.12541961669922,-117.37921905517578,SAN BERNARDINO,RIALTO,-117.37918090820313,34.12551498413086
81885773,2022,2022-10-10,3609,2022-09-21,2243,01908,162,3,5,5,3609,0,0,0,NA,0,004,RIVERSIDE AVE,ALRU ST,0,NA,Y,A,-,N,NA,NA,NA,NA,NA,NA,NA,NA,NA,Y,4,0,1,2,A,-,08,22100,A,N,C,C,A,A,H,-,C,D,0,NA,NA,NA,NA,Y,NA,A,01,0,0,1,0,0,0,0,0,0,-,-,34.08744812011719,-117.37004089355467,SAN BERNARDINO,RIALTO,-117.37033081054688,34.08716583251953
81885948,2022,2022-10-10,3607,2022-09-13,2049,20997,131,2,5,6,3607,0,0,0,NA,0,022,GROVE AV,HOLT BL,0,NA,Y,A,-,N,NA,NA,NA,NA,NA,NA,NA,NA,NA,Y,4,0,3,2,A,-,12,21453,A,N,A,C,A,A,H,-,C,A,0,NA,NA,NA,NA,Y,NA,A,07,0,0,3,0,0,0,0,0,0,-,-,NA,NA,SAN BERNARDINO,ONTARIO,-117.62850189208984,34.06341552734375
8161958,2016,2016-11-14,3604,2016-10-21,1433,683,NA,5,5,6,3604,0,0,0,NA,0,NA,LOCUST AV,LAUREL DR,0,NA,Y,A,-,N,NA,NA,NA,NA,NA,NA,NA,NA,NA,N,3,0,1,2,A,-,03,22350,NA,N,C,C,A,A,H,-,A,D,0,NA,NA,NA,NA,Y,NA,A,01,0,1,0,0,0,0,0,0,0,-,-,NA,NA,SAN BERNARDINO,FONTANA,-117.40967004,34.11107008
81761459,2022,2022-05-02,3602,2022-03-28,0750,3573,NA,1,5,5,3602,0,0,0,NA,0,NA,PIPELINE AVE,GRAND AVE,1190,S,N,A,-,N,NA,NA,NA,NA,NA,NA,NA,NA,NA,N,4,0,1,2,A,-,03,22350,NA,N,C,C,A,A,H,-,A,A,0,NA,NA,NA,NA,Y,NA,A,07,0,0,1,0,0,0,0,0,0,-,-,33.99708938598633,-117.71530151367188,SAN BERNARDINO,CHINO,-117.71520233154295,33.99378967285156
81893484,2022,2022-10-19,3611,2022-07-26,0855,3357,3611,2,5,5,3611,0,0,0,NA,0,001,EUCLID AVE,15TH ST,0,NA,Y,A,-,N,NA,NA,NA,NA,NA,NA,NA,NA,NA,N,4,0,2,2,A,-,09,21802,A,N,D,C,A,A,H,-,A,D,0,NA,NA,NA,NA,Y,NA,A,01,0,0,2,0,0,0,0,0,0,-,-,NA,NA,SAN BERNARDINO,UPLAND,-117.65138244628906,34.11791229248047
81894779,2022,2022-10-20,3611,2022-07-12,0725,3440,NA,2,5,5,3611,0,0,0,NA,0,001,MOUNTAIN AVE,16TH ST,53,S,N,A,-,N,NA,NA,NA,NA,NA,NA,NA,NA,NA,Y,4,0,1,3,A,-,03,22350,NA,N,C,C,A,A,H,-,A,A,0,NA,NA,NA,NA,Y,NA,A,01,0,0,1,0,0,0,0,0,0,-,-,NA,NA,SAN BERNARDINO,UPLAND,-117.67024230957033,34.121376037597656
81905102,2022,2022-10-31,3602,2022-09-24,1437,4190,NA,6,5,5,3602,0,0,0,NA,0,001,WALNUT AVE,LEWIS AVE,12,W,N,A,-,N,NA,NA,NA,NA,NA,NA,NA,NA,NA,N,4,0,1,2,A,-,03,22350,NA,N,C,C,A,A,H,-,A,D,0,NA,NA,NA,NA,Y,NA,A,07,0,0,1,0,0,0,0,0,0,-,-,34.029781341552734,-117.69928741455078,SAN BERNARDINO,CHINO,-117.69924926757813,34.02621841430664
81905115,2022,2022-10-31,3611,2022-09-09,1616,3352,3611,5,5,5,3611,0,0,0,NA,0,001,EUCLID AVE,17TH ST,0,NA,Y,C,-,N,NA,NA,NA,NA,NA,NA,NA,NA,NA,N,4,0,4,2,A,-,09,21804,A,N,D,C,A,B,H,-,A,A,0,NA,NA,NA,NA,Y,NA,A,07,0,0,4,0,0,0,0,0,0,-,-,NA,NA,SAN BERNARDINO,UPLAND,-117.6514129638672,34.12518310546875
8190777,2016,2016-12-20,3610,2016-11-29,1734,51028,NA,2,5,6,3610,0,0,0,NA,0,DAVID,WEST 5TH ST,NORTH G ST,0,NA,Y,A,-,N,NA,NA,NA,NA,NA,NA,NA,NA,NA,N,3,0,1,2,A,-,10,21950,A,N,G,B,B,A,H,-,C,A,0,Y,NA,NA,NA,Y,Y,D,22,0,1,0,0,1,0,0,0,0,-,-,34.10834,-117.29863,SAN BERNARDINO,SAN BERNARDINO,-117.29865013,34.10831005
81910641,2022,2022-11-07,3611,2022-08-28,1305,3272,3611,7,5,5,3611,0,0,0,NA,0,001,EUCLID AVE,FOOTHILL BLVD,1,N,N,A,-,N,NA,NA,NA,NA,NA,NA,NA,NA,NA,N,4,0,2,2,A,-,03,22350,NA,N,C,C,A,A,H,-,A,A,0,NA,NA,NA,NA,Y,NA,A,01,0,0,2,0,0,0,0,0,0,-,-,NA,NA,SAN BERNARDINO,UPLAND,-117.6513671875,34.10693359375