CASE_ID,ACCIDENT_YEAR,PROC_DATE,JURIS,COLLISION_DATE,COLLISION_TIME,OFFICER_ID,REPORTING_DISTRICT,DAY_OF_WEEK,CHP_SHIFT,POPULATION,CNTY_CITY_LOC,SPECIAL_COND,BEAT_TYPE,CHP_BEAT_TYPE,CITY_DIVISION_LAPD,CHP_BEAT_CLASS,BEAT_NUMBER,PRIMARY_RD,SECONDARY_RD,DISTANCE,DIRECTION,INTERSECTION,WEATHER_1,WEATHER_2,STATE_HWY_IND,CALTRANS_COUNTY,CALTRANS_DISTRICT,STATE_ROUTE,ROUTE_SUFFIX,POSTMILE_PREFIX,POSTMILE,LOCATION_TYPE,RAMP_INTERSECTION,SIDE_OF_HWY,TOW_AWAY,COLLISION_SEVERITY,NUMBER_KILLED,NUMBER_INJURED,PARTY_COUNT,PRIMARY_COLL_FACTOR,PCF_CODE_OF_VIOL,PCF_VIOL_CATEGORY,PCF_VIOLATION,PCF_VIOL_SUBSECTION,HIT_AND_RUN,TYPE_OF_COLLISION,MVIW,PED_ACTION,ROAD_SURFACE,ROAD_COND_1,ROAD_COND_2,LIGHTING,CONTROL_DEVICE,CHP_ROAD_TYPE,PEDESTRIAN_ACCIDENT,BICYCLE_ACCIDENT,MOTORCYCLE_ACCIDENT,TRUCK_ACCIDENT,NOT_PRIVATE_PROPERTY,ALCOHOL_INVOLVED,STWD_VEHTYPE_AT_FAULT,CHP_VEHTYPE_AT_FAULT,COUNT_SEVERE_INJ,COUNT_VISIBLE_INJ,COUNT_COMPLAINT_PAIN,COUNT_PED_KILLED,COUNT_PED_INJURED,COUNT_BICYCLIST_KILLED,COUNT_BICYCLIST_INJURED,COUNT_MC_KILLED,COUNT_MC_INJURED,PRIMARY_RAMP,SECONDARY_RAMP,LATITUDE,LONGITUDE,COUNTY,CITY,POINT_X,POINT_Y
82123907,2023,2023-07-25,3602,2023-06-29,1914,3573,NA,4,5,5,3602,0,0,0,NA,0,001,11556 CAMBRIA COURT,MARINER LN,180,N,N,A,-,N,NA,NA,NA,NA,NA,NA,NA,NA,NA,N,3,0,1,2,C,-,18,NA,NA,N,G,B,F,A,H,-,A,D,0,Y,NA,NA,NA,Y,NA,-,-,0,1,0,0,1,0,0,0,0,-,-,34.04365158081055,-117.69014739990234,SAN BERNARDINO,CHINO,-117.69012451171876,34.04362487792969
82383247,2024,2024-05-07,3609,2024-04-24,853,01323,NA,3,5,5,3609,0,0,0,NA,0,001,BASELINE RD,LILAC AVE,0,NA,Y,A,B,N,NA,NA,NA,NA,NA,NA,NA,NA,NA,Y,4,0,2,2,A,-,12,21453,A,N,D,C,A,A,H,-,A,A,0,NA,NA,NA,NA,Y,NA,A,07,0,0,2,0,0,0,0,0,0,-,-,34.12137985229492,-117.37915802001952,SAN BERNARDINO,RIALTO,-117.37915802001952,34.12128448486328
82385459,2024,2024-05-09,3609,2024-04-23,1416,01836,NA,2,5,5,3609,0,0,0,NA,0,004,BLOOMINGTON AVE,WILLOW AVE,0,NA,Y,A,-,N,NA,NA,NA,NA,NA,NA,NA,NA,NA,Y,3,0,3,2,A,-,09,21453,C,N,D,C,A,A,H,-,A,A,0,NA,NA,NA,NA,Y,NA,A,07,0,2,1,0,0,0,0,0,0,-,-,34.08863067626953,-117.3747329711914,SAN BERNARDINO,RIALTO,-117.37467956542967,34.08876037597656
82387301,2024,2024-05-13,3602,2024-04-15,600,4084,NA,1,5,5,3602,0,0,0,NA,0,001,SCHAEFER AVE,NORTON AVE,100,E,N,A,-,N,NA,NA,NA,NA,NA,NA,NA,NA,NA,N,4,0,1,2,A,-,03,22350,NA,N,C,C,A,A,H,-,C,A,0,NA,NA,NA,NA,Y,NA,A,01,0,0,1,0,0,0,0,0,0,-,-,34.00437927246094,-117.71101379394533,SAN BERNARDINO,CHINO,-117.71060943603516,34.00439453125
82393156,2024,2024-05-20,3602,2024-05-02,733,4511,NA,4,5,5,3602,0,0,0,NA,0,003,KIMBALL AVENUE (8200 BLOCK),MAIN STREET,470,W,N,B,-,N,NA,NA,NA,NA,NA,NA,NA,NA,NA,Y,4,0,2,2,A,-,03,22350,NA,N,C,C,A,A,D,-,A,A,0,NA,NA,NA,NA,Y,NA,A,01,0,0,2,0,0,0,0,0,0,-,-,33.968868255615234,-117.62506103515624,SAN BERNARDINO,CHINO,-117.62506866455078,33.96862030029297
82132645,2023,2023-08-01,3607,2023-06-02,1337,80515,123,5,5,6,3607,0,0,0,NA,0,012,SAN ANTONIO AV,HOLT BL,0,NA,Y,A,-,N,NA,NA,NA,NA,NA,NA,NA,NA,NA,Y,3,0,2,2,A,-,09,21801,A,N,D,C,A,A,H,-,A,A,0,NA,NA,NA,NA,Y,NA,A,01,0,2,0,0,0,0,0,0,0,-,-,NA,NA,SAN BERNARDINO,ONTARIO,-117.6605987548828,34.06332778930664
82408343,2024,2024-06-07,3602,2024-05-03,711,4118,NA,5,5,5,3602,0,0,0,NA,0,003,BICKMORE AVE,MILL CREEK AVE,0,NA,Y,B,-,N,NA,NA,NA,NA,NA,NA,NA,NA,NA,N,3,0,2,2,A,-,12,21453,A,N,D,C,A,A,H,-,A,A,0,NA,NA,NA,NA,Y,NA,A,01,0,2,0,0,0,0,0,0,0,-,-,33.061439514160156,-117.63242340087892,SAN BERNARDINO,CHINO,-117.63211059570313,33.96133041381836
82414573,2024,2024-06-14,3609,2024-05-17,2222,01154,NA,5,5,5,3609,0,0,0,NA,0,001,CEDAR AVE,FOOTHILL BLVD,0,NA,Y,A,-,N,NA,NA,NA,NA,NA,NA,NA,NA,NA,N,3,0,1,2,A,-,03,22350,NA,M,C,C,A,A,H,-,C,A,0,NA,NA,NA,NA,Y,NA,A,01,0,1,0,0,0,0,0,0,0,-,-,34.10675048828125,-117.39640808105467,SAN BERNARDINO,RIALTO,-117.39656829833984,34.10673141479492
82415295,2024,2024-06-17,3611,2024-05-01,1555,3452,NA,3,5,5,3611,0,0,0,NA,0,002,ARROW HWY,SAN ANTONIO AVE,526,W,N,A,-,N,NA,NA,NA,NA,NA,NA,NA,NA,NA,Y,3,0,2,2,A,-,09,21804,A,N,D,C,A,A,D,-,A,D,0,NA,NA,NA,NA,Y,NA,A,01,0,2,0,0,0,0,0,0,0,-,-,34.0997314453125,-117.66072082519533,SAN BERNARDINO,UPLAND,-117.66251373291016,34.09968948364258
82421331,2024,2024-06-24,3602,2024-06-02,125,4322,NA,7,5,5,3602,0,0,0,NA,0,003,PINE AVE,MAIN ST,0,NA,Y,A,-,N,NA,NA,NA,NA,NA,NA,NA,NA,NA,Y,4,0,1,2,A,-,12,21453,A,N,D,C,A,A,H,-,C,A,0,NA,NA,NA,NA,Y,Y,A,01,0,0,1,0,0,0,0,0,0,-,-,33.05868911743164,-117.623779296875,SAN BERNARDINO,CHINO,-122.13906860351563,41.25337219238281
82426963,2024,2024-07-01,3602,2024-06-06,1425,4287,NA,4,5,5,3602,0,0,0,NA,0,001,SCHAEFER AVE,RAMONA AVE,109,E,N,A,-,N,NA,NA,NA,NA,NA,NA,NA,NA,NA,N,3,0,2,2,A,-,03,22350,NA,N,C,C,A,A,H,-,A,A,0,NA,NA,NA,NA,Y,NA,A,01,0,2,0,0,0,0,0,0,0,-,-,34.00442886352539,-117.70661163330078,SAN BERNARDINO,CHINO,-117.70623016357422,34.00443649291992
82158015,2023,2025-06-10,3607,2023-08-13,1421,20264,NA,7,5,6,3607,0,0,0,NA,0,072,HAVEN AV,SR-60 E/B OFFRAMP,0,NA,Y,A,-,Y,NA,NA,NA,NA,NA,NA,NA,NA,NA,N,3,0,2,3,A,-,12,21453,A,N,D,C,A,A,H,-,A,A,0,NA,NA,NA,NA,Y,NA,A,01,0,2,0,0,0,0,0,0,0,-,-,NA,NA,SAN BERNARDINO,ONTARIO,-117.57572174072266,34.02882766723633
82438294,2024,2024-07-15,3602,2024-06-27,955,4300,NA,4,5,5,3602,0,0,0,NA,0,002,BENSON AVE,CHINO AVE,0,NA,Y,A,-,N,NA,NA,NA,NA,NA,NA,NA,NA,NA,Y,4,0,2,3,A,-,12,22450,A,N,D,C,A,A,H,-,A,A,0,NA,NA,NA,NA,Y,NA,A,01,0,0,2,0,0,0,0,0,0,-,-,34.01192855834961,-117.68055725097656,SAN BERNARDINO,CHINO,-117.68049621582033,34.01189041137695
8201723,2017,2017-03-29,3604,2017-02-24,0522,473,NA,5,5,6,3604,0,0,0,NA,0,NA,ALMERIA AV,MONTECA DR,75,S,N,A,-,N,NA,NA,NA,NA,NA,NA,NA,NA,NA,Y,3,0,1,3,A,-,08,22107,NA,N,B,E,A,A,H,-,C,A,0,NA,NA,NA,NA,Y,NA,A,01,0,1,0,0,0,0,0,0,0,-,-,NA,NA,SAN BERNARDINO,FONTANA,-117.46019368,34.12328481
8280877,2016,2017-01-17,3607,2016-12-02,1118,14813,269,5,5,6,3607,0,0,0,NA,0,062,WALNUT ST,VIRGINIA AV,0,NA,Y,A,-,N,NA,NA,NA,NA,NA,NA,NA,NA,NA,Y,4,0,1,2,A,-,08,22107,NA,N,B,C,A,A,H,-,A,D,0,NA,NA,NA,NA,Y,NA,-,NA,0,0,1,0,0,0,0,0,0,-,-,NA,NA,SAN BERNARDINO,ONTARIO,-117.63005002,34.02666006
82171602,2023,2023-09-18,3609,2023-08-30,559,01323,131,3,5,5,3609,0,0,0,NA,0,003,LINDEN AVE,FOOTHILL BLVD,9,S,N,A,-,N,NA,NA,NA,NA,NA,NA,NA,NA,NA,Y,3,0,2,2,A,-,03,22350,NA,N,C,C,A,A,H,-,C,A,0,NA,NA,NA,NA,Y,NA,A,01,0,1,1,0,0,0,0,0,0,-,-,34.10675048828125,-117.40077209472656,SAN BERNARDINO,RIALTO,-117.4009017944336,34.10670471191406
82041541,2023,2023-04-11,3602,2023-03-30,530,3079,146,4,5,5,3602,0,0,0,NA,0,003,KIMBALL AVE,CYPRESS AVE,43,E,N,B,C,N,NA,NA,NA,NA,NA,NA,NA,NA,NA,Y,4,0,1,2,A,-,08,22107,NA,N,B,C,A,B,H,-,C,A,0,NA,NA,NA,NA,Y,NA,A,01,0,0,1,0,0,0,0,0,0,-,-,33.06840896606445,-117.66268920898438,SAN BERNARDINO,CHINO,-117.66253662109376,33.968421936035156
8204254,2016,2017-05-03,3607,2016-12-10,1121,15093,90,6,5,6,3607,0,0,0,NA,0,012,G ST,EUCLID AV,15,W,N,A,-,Y,SBD,8,83,-,-,9.96,I,6,S,N,4,0,1,2,A,-,03,22350,NA,N,C,C,A,A,H,-,A,A,0,NA,NA,NA,NA,Y,NA,-,NA,0,0,1,0,0,0,0,0,0,-,-,NA,NA,SAN BERNARDINO,ONTARIO,-117.65120909,34.07063123
82203042,2023,2023-10-19,3611,2023-06-02,1843,3385,3611,5,5,5,3611,0,0,0,NA,0,004,C ST,2ND AVE,8,W,N,A,-,N,NA,NA,NA,NA,NA,NA,NA,NA,NA,N,3,0,1,2,A,-,11,21950,B,N,G,B,B,A,H,-,A,A,0,Y,NA,NA,NA,Y,NA,N,60,0,1,0,0,1,0,0,0,0,-,-,34.09743881225586,-117.6483917236328,SAN BERNARDINO,UPLAND,-117.64842987060548,34.0972900390625
82208828,2023,2023-10-27,3611,2023-08-27,2006,3466,3611,7,5,5,3611,0,0,0,NA,0,003,CAMPUS AVE,15TH ST,0,NA,Y,A,-,N,NA,NA,NA,NA,NA,NA,NA,NA,NA,N,4,0,1,2,A,-,12,21453,A,N,D,C,A,A,H,-,C,A,0,NA,NA,NA,NA,Y,Y,A,01,0,0,1,0,0,0,0,0,0,-,-,34.11812973022461,-117.6416015625,SAN BERNARDINO,UPLAND,-117.64157104492188,34.11793899536133
82223757,2023,2023-11-02,3607,2023-10-12,535,21369,205,4,5,6,3607,0,0,0,NA,0,061,SULTANA AV,ACACIA ST,195,N,N,A,-,N,NA,NA,NA,NA,NA,NA,NA,NA,NA,Y,3,0,1,4,A,-,08,22107,NA,M,C,E,A,A,H,-,D,D,0,NA,NA,NA,NA,Y,NA,A,01,0,1,0,0,0,0,0,0,0,-,-,NA,NA,SAN BERNARDINO,ONTARIO,-117.64600372314452,34.04976272583008
82223762,2023,2023-10-31,3607,2023-10-20,1624,20177,153,5,5,6,3607,0,0,0,NA,0,051,MISSION BL,MAGNOLIA AV,0,NA,Y,A,-,N,NA,NA,NA,NA,NA,NA,NA,NA,NA,Y,3,0,1,2,A,-,09,21801,A,N,D,C,A,A,H,-,A,D,0,NA,NA,NA,NA,Y,NA,A,01,0,1,0,0,0,0,0,0,0,-,-,NA,NA,SAN BERNARDINO,ONTARIO,-117.67202758789063,34.05590057373047
82232844,2023,2023-11-13,3609,2023-10-27,2048,01323,142,5,5,5,3609,0,0,0,NA,0,002,FOOTHILL BLVD,EUCALYPTUS AVE,27,E,N,A,-,Y,NA,NA,NA,NA,NA,NA,NA,NA,NA,Y,4,0,1,2,A,-,01,23152,A,N,C,C,A,A,H,-,C,A,0,NA,NA,NA,NA,Y,Y,A,01,0,0,1,0,0,0,0,0,0,-,-,34.106781005859375,-117.35726928710938,SAN BERNARDINO,RIALTO,-117.35719299316406,34.10676956176758
8204320,2016,2017-01-09,3605,2016-12-19,0857,338,NA,1,5,4,3605,0,0,0,NA,0,NA,HOLT BL,AMHERST AV,0,NA,Y,A,-,N,NA,NA,NA,NA,NA,NA,NA,NA,NA,N,4,0,1,2,A,-,09,21801,A,N,A,C,A,A,H,-,A,A,0,NA,NA,NA,NA,Y,NA,A,08,0,0,1,0,0,0,0,0,0,-,-,NA,NA,SAN BERNARDINO,MONTCLAIR,-117.71203,34.06326008
82049087,2023,2023-04-20,3607,2023-02-25,600,20730,165,6,5,6,3607,0,0,0,NA,0,061,GROVE AV,MISSION BL,10,N,N,C,-,N,NA,NA,NA,NA,NA,NA,NA,NA,NA,N,3,0,1,2,A,-,01,23152,A,N,C,C,A,B,H,-,A,A,0,NA,NA,NA,NA,Y,Y,A,01,0,1,0,0,0,0,0,0,0,-,-,NA,NA,SAN BERNARDINO,ONTARIO,-117.6287078857422,34.05502700805664
8205973,2016,2017-01-17,3609,2016-12-23,1158,8510,540,5,5,5,3609,0,0,0,NA,0,004,RIVERSIDE AV,SAN BERNARDINO AV,328,S,N,A,-,N,NA,NA,NA,NA,NA,NA,NA,NA,NA,Y,4,0,2,4,A,-,03,22350,NA,N,C,C,A,A,H,-,A,A,0,NA,NA,NA,NA,Y,NA,A,01,0,0,2,0,0,0,0,0,0,-,-,NA,NA,SAN BERNARDINO,RIALTO,-117.37029214,34.07683139
8287369,2016,2017-01-31,3607,2016-12-22,1352,80313,327,4,5,6,3607,0,0,0,NA,0,041,HAVEN AV,INLAND EMPIRE BL,100,S,N,C,-,N,NA,NA,NA,NA,NA,NA,NA,NA,NA,Y,4,0,1,3,A,-,03,22350,NA,N,C,C,A,B,H,-,A,A,0,NA,NA,NA,NA,Y,NA,-,NA,0,0,1,0,0,0,0,0,0,-,-,NA,NA,SAN BERNARDINO,ONTARIO,-117.57594409,34.07149598
82060774,2023,2023-05-04,3609,2023-04-20,1411,01323,115,4,5,5,3609,0,0,0,NA,0,002,EUCALYPTUS AVE,HOLLY ST,0,NA,Y,A,-,N,NA,NA,NA,NA,NA,NA,NA,NA,NA,Y,3,0,1,1,A,-,06,21755,A,N,A,I,A,A,H,-,A,D,0,NA,NA,NA,NA,Y,NA,A,01,0,1,0,0,0,0,0,0,0,-,-,34.116249084472656,-117.35729217529295,SAN BERNARDINO,RIALTO,-117.3572998046875,34.11624526977539
82333009,2024,2024-03-08,3602,2024-01-28,425,3051,NA,7,5,5,3602,0,0,0,NA,0,NA,EL PRADO ROAD (15800 BLOCK),KIMBALL AVENUE,1194,S,N,A,-,N,NA,NA,NA,NA,NA,NA,NA,NA,NA,Y,3,0,1,1,A,-,01,23152,F,N,E,I,A,A,H,-,C,D,0,NA,NA,NA,NA,Y,NA,A,01,0,1,0,0,0,0,0,0,0,-,-,33.96546173095703,-117.67787933349608,SAN BERNARDINO,CHINO,-117.67803192138672,33.96549987792969
82334189,2024,2024-03-11,3611,2024-01-17,1332,3416,NA,3,5,5,3611,0,0,0,NA,0,002,MOUNTAIN AVE,I 10 OFRP W,0,NA,Y,A,-,N,NA,NA,NA,NA,NA,NA,NA,NA,NA,Y,3,0,1,2,A,-,12,21453,A,N,D,C,A,A,H,-,A,A,0,NA,NA,NA,NA,Y,NA,A,01,0,1,0,0,0,0,0,0,0,-,-,34.08795166015625,-117.67008209228516,SAN BERNARDINO,UPLAND,-117.6701431274414,34.08717727661133
82340256,2024,2024-03-18,3609,2024-02-20,1959,01836,OTHER,2,5,5,3609,0,0,0,NA,0,OTHER,SAN BERNARDINO AVE,SYCAMORE AVE S,0,NA,Y,A,-,N,NA,NA,NA,NA,NA,NA,NA,NA,NA,Y,3,0,1,1,A,-,01,23152,F,N,E,I,A,A,H,-,C,A,0,NA,NA,NA,NA,Y,NA,A,01,0,1,0,0,0,0,0,0,0,-,-,34.0777702331543,-117.36588287353516,SAN BERNARDINO,RIALTO,-117.36590576171876,34.07775115966797
82345466,2024,2024-03-25,3611,2024-02-02,1614,3392,3611,5,5,5,3611,0,0,0,NA,0,002,BENSON AVE,9TH ST,0,NA,Y,C,-,N,NA,NA,NA,NA,NA,NA,NA,NA,NA,Y,3,0,1,2,A,-,09,21801,A,N,D,C,A,B,H,-,A,A,0,NA,NA,NA,NA,Y,NA,A,01,0,1,0,0,0,0,0,0,0,-,-,34.09592819213867,-117.68087768554688,SAN BERNARDINO,UPLAND,-117.68092346191406,34.095970153808594
8293666,2016,2017-02-02,3611,2016-12-21,2347,2847,3611,3,5,5,3611,0,0,0,NA,0,002,ARROW RT,FAIRWOOD DR,161,E,N,C,-,N,NA,NA,NA,NA,NA,NA,NA,NA,NA,Y,3,0,1,2,A,-,08,22107,NA,M,C,E,A,B,H,-,C,D,0,NA,NA,NA,NA,Y,Y,A,01,0,1,0,0,0,0,0,0,0,-,-,NA,NA,SAN BERNARDINO,UPLAND,-117.67612958,34.09964221
8294771,2017,2017-02-06,3607,2017-01-06,1345,80310,760,5,5,6,3607,0,0,0,NA,0,082,ONTARIO RANCH RD,ARCHIBALD AV,0,NA,Y,A,-,N,NA,NA,NA,NA,NA,NA,NA,NA,NA,Y,4,0,1,2,A,-,03,22350,NA,N,C,C,A,A,H,-,A,A,0,NA,NA,NA,NA,Y,NA,-,NA,0,0,1,0,0,0,0,0,0,-,-,NA,NA,SAN BERNARDINO,ONTARIO,-117.593289,33.997239
8294775,2017,2017-02-06,3607,2017-01-06,1557,80310,235,5,5,6,3607,0,0,0,NA,0,062,CAMPUS AV,PHILADELPHIA ST,0,NA,Y,A,-,N,NA,NA,NA,NA,NA,NA,NA,NA,NA,N,3,0,1,2,A,-,12,22450,A,M,D,G,A,A,H,-,A,A,0,NA,Y,NA,NA,Y,NA,L,04,0,1,0,0,0,0,1,0,0,-,-,NA,NA,SAN BERNARDINO,ONTARIO,-117.6415301,34.03388003
8281111,2016,2017-01-17,3603,2016-10-16,2109,CL4709,COLTO,7,5,4,3603,0,0,0,NA,0,003,AGUA MANSA RD,MIGUEL BUSTAMANTE,1320,E,N,A,-,N,NA,NA,NA,NA,NA,NA,NA,NA,NA,Y,2,0,1,1,A,-,05,21650,NA,N,B,I,A,A,H,-,C,D,0,NA,NA,NA,NA,Y,NA,A,01,1,0,0,0,0,0,0,0,0,-,-,NA,NA,SAN BERNARDINO,COLTON,-117.35992688,34.04479935
8300568,2017,2017-02-06,3600,2017-01-06,1519,D2561,VC021,5,5,5,3612,0,0,0,NA,0,NA,BEAR VALLEY RD,JACARANDA AV,455,E,N,B,-,N,NA,NA,NA,NA,NA,NA,NA,NA,NA,N,2,0,1,1,A,-,03,22350,NA,N,F,J,A,A,A,-,A,A,0,NA,NA,Y,NA,Y,NA,C,02,1,0,0,0,0,0,0,0,1,-,-,NA,NA,SAN BERNARDINO,VICTORVILLE,-117.26179626,34.4710198
82244427,2023,2023-11-27,3609,2023-11-11,1125,02320,139,6,5,5,3609,0,0,0,NA,0,004,SYCAMORE AVE,FOOTHILL BLVD,130,S,N,A,-,N,NA,NA,NA,NA,NA,NA,NA,NA,NA,N,3,0,1,2,A,-,05,21650,NA,N,A,C,A,A,H,-,A,D,0,NA,NA,NA,NA,Y,NA,A,01,0,1,0,0,0,0,0,0,0,-,-,34.106719970703125,-117.36599731445313,SAN BERNARDINO,RIALTO,-117.3659896850586,34.10640335083008
82253633,2023,2023-12-06,3607,2023-11-30,1825,20001,257,4,5,6,3607,0,0,0,NA,0,071,GROVE AV,WALNUT ST,334,N,N,B,-,N,NA,NA,NA,NA,NA,NA,NA,NA,NA,N,3,0,2,2,A,-,09,21804,A,N,D,C,A,B,H,-,C,D,0,NA,NA,NA,NA,Y,NA,A,01,0,2,0,0,0,0,0,0,0,-,-,NA,NA,SAN BERNARDINO,ONTARIO,-117.62841796875,34.02759552001953
8302409,2017,2017-02-28,3610,2017-01-10,2235,50993,NA,2,5,6,3610,0,0,0,NA,0,BAKER,WEST HIGHLAND AV,NORTH MT VIEW AV,0,NA,Y,C,-,N,NA,NA,NA,NA,NA,NA,NA,NA,NA,Y,3,0,2,3,A,-,12,21453,A,N,D,C,A,B,H,-,C,A,0,NA,NA,NA,NA,Y,NA,A,01,0,1,1,0,0,0,0,0,0,-,-,34.13595,-117.28742,SAN BERNARDINO,SAN BERNARDINO,-117.28735006,34.13596003
8302413,2017,2017-02-16,3610,2017-01-08,1150,50772,NA,7,5,6,3610,0,0,0,NA,0,CHARLI,NORTH ARDEN AV,EAST 20TH ST,408,S,N,A,-,N,NA,NA,NA,NA,NA,NA,NA,NA,NA,Y,4,0,1,2,A,-,03,22350,NA,N,C,C,A,A,H,-,A,D,0,NA,NA,NA,NA,Y,NA,A,01,0,0,1,0,0,0,0,0,0,-,-,34.12863,-117.23269,SAN BERNARDINO,SAN BERNARDINO,-117.23489363,34.13241235
8302418,2017,2017-02-16,3607,2017-01-19,2126,14578,232,4,5,6,3607,0,0,0,NA,0,06L,SULTANA AV,BOXWOOD ST,0,NA,Y,C,-,N,NA,NA,NA,NA,NA,NA,NA,NA,NA,Y,3,0,1,2,A,-,08,22107,NA,N,F,C,A,B,H,-,D,D,0,NA,NA,NA,NA,Y,NA,-,NA,0,1,0,0,0,0,0,0,0,-,-,NA,NA,SAN BERNARDINO,ONTARIO,-117.64588001,34.0358301
8302441,2017,2017-02-16,3610,2017-01-05,1117,NA,NA,4,5,6,3610,0,0,0,NA,0,ADAM,WEST 2ND ST,NORTH K ST,0,NA,Y,B,C,N,NA,NA,NA,NA,NA,NA,NA,NA,NA,Y,4,0,1,2,A,-,12,22450,A,N,D,C,A,B,H,-,A,D,0,NA,NA,NA,NA,Y,NA,A,01,0,0,1,0,0,0,0,0,0,-,-,34.10276,-117.30785,SAN BERNARDINO,SAN BERNARDINO,-117.30788009,34.10272005
8302446,2017,2017-02-16,3610,2017-01-19,1602,NA,NA,4,5,6,3610,0,0,0,NA,0,BAKER,NORTH SIERRA WY,HIGHLAND AV,66,S,N,B,-,N,NA,NA,NA,NA,NA,NA,NA,NA,NA,Y,3,0,2,3,A,-,06,21754,NA,F,D,C,A,A,H,-,A,A,0,NA,NA,NA,NA,Y,Y,-,NA,0,1,1,0,0,0,0,0,0,-,-,34.13594,-117.28515,SAN BERNARDINO,SAN BERNARDINO,-117.28514463,34.13577923
8303947,2016,2017-02-08,3602,2016-12-24,0739,3351,NA,6,5,5,3602,0,0,0,NA,0,003,RAMONA AV,CHINO AV,0,NA,Y,B,-,N,NA,NA,NA,NA,NA,NA,NA,NA,NA,Y,3,0,2,2,A,-,12,21453,A,N,D,C,A,B,H,-,A,A,0,NA,NA,NA,NA,Y,NA,A,01,0,1,1,0,0,0,0,0,0,-,-,NA,NA,SAN BERNARDINO,CHINO,-117.70668009,34.01170009
82304465,2024,2024-02-05,3602,2024-01-12,1600,4118,146,5,5,5,3602,0,0,0,NA,0,003,EL PRADO ROAD,KIMBALL COURT,223,E,N,A,-,N,NA,NA,NA,NA,NA,NA,NA,NA,NA,Y,3,0,1,2,A,-,09,21804,A,N,B,C,A,A,H,-,A,A,0,NA,NA,NA,Y,Y,NA,A,01,0,1,0,0,0,0,0,0,0,-,-,NA,NA,SAN BERNARDINO,CHINO,-117.679931640625,33.9676399230957
82345731,2024,2024-03-25,3602,2024-02-19,1425,4084,NA,1,5,5,3602,0,0,0,NA,0,001,3943 GRAND AVENUE (WALMART),PIPELINE AVE,966,W,N,B,-,N,NA,NA,NA,NA,NA,NA,NA,NA,NA,N,3,0,1,2,B,-,22,NA,NA,F,G,B,C,A,H,-,A,D,0,Y,NA,NA,NA,Y,NA,A,07,0,1,0,0,1,0,0,0,0,-,-,NA,NA,SAN BERNARDINO,CHINO,-117.71827697753906,33.99763488769531
82371196,2024,2024-04-22,3611,2024-02-23,1557,3467,3611,5,5,5,3611,0,0,0,NA,0,002,9TH ST,EUCLID AVE,0,NA,Y,A,-,N,NA,NA,NA,NA,NA,NA,NA,NA,NA,N,3,0,2,2,A,-,08,22107,NA,N,B,C,A,A,H,-,A,A,0,NA,NA,NA,NA,Y,NA,A,01,0,2,0,0,0,0,0,0,0,-,-,34.0960807800293,-117.65110778808594,SAN BERNARDINO,UPLAND,-117.65129852294922,34.09610366821289
82402738,2024,2024-05-31,3611,2024-04-08,1337,3532,NA,1,5,5,3611,0,0,0,NA,0,002,MOUNTAIN AVE,11TH ST,84,N,N,A,-,N,NA,NA,NA,NA,NA,NA,NA,NA,NA,N,3,0,1,2,A,-,03,22350,NA,N,C,C,A,A,H,-,A,A,0,NA,NA,NA,NA,Y,NA,A,01,0,1,0,0,0,0,0,0,0,-,-,34.103248596191406,-117.6701431274414,SAN BERNARDINO,UPLAND,-117.67019653320313,34.10353088378906
82432172,2024,2024-07-08,3611,2024-05-17,410,3533,NA,5,5,5,3611,0,0,0,NA,0,002,CENTRAL AVE,ARROW RTE,0,NA,Y,A,-,N,NA,NA,NA,NA,NA,NA,NA,NA,NA,Y,3,0,1,2,A,-,12,21453,A,N,B,C,A,A,H,-,C,A,0,NA,NA,NA,NA,Y,NA,A,01,0,1,0,0,0,0,0,0,0,-,-,34.099491119384766,-117.68962860107422,SAN BERNARDINO,UPLAND,-117.68965911865234,34.09956741333008
82800026,2024,2024-07-29,3609,2024-07-15,518,02418,NA,1,5,5,3609,0,0,0,NA,0,002,PEPPER AVE,BASELINE RD,0,NA,Y,A,-,N,NA,NA,NA,NA,NA,NA,NA,NA,NA,Y,3,0,2,2,A,-,01,23152,A,N,C,C,A,A,H,-,A,A,0,NA,NA,NA,NA,Y,Y,A,01,0,1,1,0,0,0,0,0,0,-,-,34.121368408203125,-117.35296630859376,SAN BERNARDINO,RIALTO,-117.35295867919922,34.121368408203125
8282683,2016,2017-01-18,3607,2016-12-18,0001,80483,179,7,5,6,3607,0,0,0,NA,0,051,PHILLIPS ST,MONTE VISTA AV,730,W,N,A,-,N,NA,NA,NA,NA,NA,NA,NA,NA,NA,Y,3,0,1,1,A,-,03,22350,NA,N,E,I,A,A,H,-,C,A,0,NA,NA,NA,NA,Y,NA,-,NA,0,1,0,0,0,0,0,0,0,-,-,NA,NA,SAN BERNARDINO,ONTARIO,-117.70070642,34.04705505
8283296,2016,2017-05-03,3607,2016-12-21,1057,80313,141,3,5,6,3607,0,0,0,NA,0,041,ARCHIBALD AV,RT 10,0,NA,Y,C,-,Y,SBD,8,10,-,-,7.216,R,4,E,Y,4,0,1,2,A,-,12,21453,A,N,D,C,A,B,H,-,A,A,0,NA,NA,NA,NA,Y,NA,D,22,0,0,1,0,0,0,0,0,0,-,EO,NA,NA,SAN BERNARDINO,ONTARIO,-117.5923657,34.06755558