CASE_ID,ACCIDENT_YEAR,PROC_DATE,JURIS,COLLISION_DATE,COLLISION_TIME,OFFICER_ID,REPORTING_DISTRICT,DAY_OF_WEEK,CHP_SHIFT,POPULATION,CNTY_CITY_LOC,SPECIAL_COND,BEAT_TYPE,CHP_BEAT_TYPE,CITY_DIVISION_LAPD,CHP_BEAT_CLASS,BEAT_NUMBER,PRIMARY_RD,SECONDARY_RD,DISTANCE,DIRECTION,INTERSECTION,WEATHER_1,WEATHER_2,STATE_HWY_IND,CALTRANS_COUNTY,CALTRANS_DISTRICT,STATE_ROUTE,ROUTE_SUFFIX,POSTMILE_PREFIX,POSTMILE,LOCATION_TYPE,RAMP_INTERSECTION,SIDE_OF_HWY,TOW_AWAY,COLLISION_SEVERITY,NUMBER_KILLED,NUMBER_INJURED,PARTY_COUNT,PRIMARY_COLL_FACTOR,PCF_CODE_OF_VIOL,PCF_VIOL_CATEGORY,PCF_VIOLATION,PCF_VIOL_SUBSECTION,HIT_AND_RUN,TYPE_OF_COLLISION,MVIW,PED_ACTION,ROAD_SURFACE,ROAD_COND_1,ROAD_COND_2,LIGHTING,CONTROL_DEVICE,CHP_ROAD_TYPE,PEDESTRIAN_ACCIDENT,BICYCLE_ACCIDENT,MOTORCYCLE_ACCIDENT,TRUCK_ACCIDENT,NOT_PRIVATE_PROPERTY,ALCOHOL_INVOLVED,STWD_VEHTYPE_AT_FAULT,CHP_VEHTYPE_AT_FAULT,COUNT_SEVERE_INJ,COUNT_VISIBLE_INJ,COUNT_COMPLAINT_PAIN,COUNT_PED_KILLED,COUNT_PED_INJURED,COUNT_BICYCLIST_KILLED,COUNT_BICYCLIST_INJURED,COUNT_MC_KILLED,COUNT_MC_INJURED,PRIMARY_RAMP,SECONDARY_RAMP,LATITUDE,LONGITUDE,COUNTY,CITY,POINT_X,POINT_Y
8465409,2017,2018-10-08,3600,2017-03-13,2134,C9389,YC403,1,5,4,3640,0,0,0,NA,0,YC3,CALIMESA BL,OAK GLEN RD,0,NA,Y,A,-,N,NA,NA,NA,NA,NA,NA,NA,NA,NA,Y,1,1,1,2,A,-,01,23152,A,N,F,A,A,A,H,-,D,D,0,NA,NA,Y,NA,Y,Y,C,02,1,0,0,0,0,0,0,1,1,-,-,NA,NA,SAN BERNARDINO,YUCAIPA,-117.09393005,34.01800004
84654368,2025,2025-04-18,3607,2025-04-04,1307,21780,NA,5,5,6,3607,0,0,0,NA,0,072,PHILADELPHIA ST,BUSINESS PW,100,W,N,A,-,N,NA,NA,NA,NA,NA,NA,NA,NA,NA,N,2,0,1,2,A,-,08,22107,NA,N,A,C,A,A,H,-,A,D,0,NA,NA,NA,NA,Y,NA,A,01,1,0,0,0,0,0,0,0,0,-,-,NA,NA,SAN BERNARDINO,ONTARIO,-117.59020233154295,34.033721923828125
84655529,2025,2025-04-21,3602,2025-04-02,1043,4585,NA,3,5,5,3602,0,0,0,NA,0,001,PHILADELPHIA STREET (5200 BLOCK),TELEPHONE AVENUE,58,E,N,A,-,N,NA,NA,NA,NA,NA,NA,NA,NA,NA,Y,3,0,1,3,A,-,03,22350,NA,N,C,C,A,A,H,-,A,A,0,NA,NA,NA,NA,Y,NA,A,01,0,1,0,0,0,0,0,0,0,-,-,34.03356170654297,-117.6935806274414,SAN BERNARDINO,CHINO,-117.69361114501952,34.03350830078125
8465568,2018,2020-05-22,3600,2018-02-18,0836,D6174,YC204,7,5,4,3640,0,0,0,NA,0,NA,OAK GLEN RD,SUNNYSIDE DR,0,NA,Y,A,-,N,NA,NA,NA,NA,NA,NA,NA,NA,NA,Y,1,1,0,2,A,-,12,21453,A,N,D,C,A,A,H,-,A,A,0,NA,NA,NA,NA,Y,NA,A,07,0,0,0,0,0,0,0,0,0,-,-,NA,NA,SAN BERNARDINO,YUCAIPA,-117.04020690917967,34.048439025878906
8465582,2018,2019-02-08,3600,2018-03-24,2016,G3224,YV015,6,5,3,3631,0,0,0,NA,0,YV1,RT 62,BALSA AV,245,E,N,A,-,Y,SBD,8,62,-,-,13.6,H,-,W,Y,1,1,1,2,A,-,05,21651,A,N,D,C,A,A,H,-,C,D,0,NA,NA,Y,NA,Y,NA,A,07,0,0,1,0,0,0,0,1,0,-,-,34.12908172607422,-116.39443969726563,SAN BERNARDINO,YUCCA VALLEY,-116.39434051513672,34.12919998168945
84655888,2025,2025-04-21,3602,2025-04-08,1606,4148,NA,2,5,5,3602,0,0,0,NA,0,001,CHINO AVENUE (5100 BLOCK),5TH ST,0,NA,Y,A,-,N,NA,NA,NA,NA,NA,NA,NA,NA,NA,N,4,0,1,2,A,-,09,21802,A,N,D,C,A,A,H,-,A,A,0,NA,NA,NA,NA,Y,NA,D,22,0,0,1,0,0,0,0,0,0,-,-,34.01190948486328,-117.6931381225586,SAN BERNARDINO,CHINO,-117.69303131103516,34.01190948486328
8465592,2018,2019-02-05,3610,2018-03-02,2256,50912,NA,5,5,6,3610,0,0,0,NA,0,DAVID,E BASELINE ST,NORTH WATERMAN AV,0,NA,Y,B,C,N,NA,NA,NA,NA,NA,NA,NA,NA,NA,Y,1,1,0,1,A,-,03,22350,NA,N,E,I,A,B,F,-,C,A,0,NA,NA,NA,NA,Y,Y,A,07,0,0,0,0,0,0,0,0,0,-,-,NA,NA,SAN BERNARDINO,SAN BERNARDINO,-117.27879333496094,34.12133026123047
8465648,2018,2019-02-21,3607,2018-08-16,2014,80388,86,4,5,6,3607,0,0,0,NA,0,011,MOUNTAIN AV,G ST,0,NA,Y,A,-,N,NA,NA,NA,NA,NA,NA,NA,NA,NA,Y,1,1,0,2,A,-,01,23152,F,N,D,C,A,A,H,-,C,A,0,NA,NA,Y,NA,Y,NA,A,01,0,0,0,0,0,0,0,1,0,-,-,NA,NA,SAN BERNARDINO,ONTARIO,-117.67008209228516,34.07057189941406
8465737,2018,2019-04-16,3607,2018-09-01,0737,80310,480,6,5,6,3607,0,0,0,NA,0,072,100TH AV,HAVEN AV,1000,E,N,A,-,N,NA,NA,NA,NA,NA,NA,NA,NA,NA,N,1,1,0,1,A,-,03,22350,NA,N,E,I,A,A,H,-,A,B,0,NA,Y,NA,NA,Y,NA,L,04,0,0,0,0,0,1,0,0,0,-,-,NA,NA,SAN BERNARDINO,ONTARIO,NA,NA
8465750,2018,2020-05-22,3600,2018-09-12,1949,E2055,HE128,3,5,5,3619,0,0,0,NA,0,HE5,MAIN ST,COTTONWOOD AV,252,W,N,A,-,N,NA,NA,NA,NA,NA,NA,NA,NA,NA,Y,1,1,0,2,A,-,09,21804,A,F,D,C,A,A,H,-,C,A,0,NA,NA,Y,NA,Y,Y,A,07,0,0,0,0,0,0,0,1,0,-,-,NA,NA,SAN BERNARDINO,HESPERIA,-117.33927917480467,34.426918029785156
84660746,2025,2025-04-24,3604,2025-03-03,1455,989,NA,1,5,6,3604,0,0,0,NA,0,NA,ALMERIA AVE,ROSEWOOD WAY,0,N,-,A,-,N,NA,NA,NA,NA,NA,NA,NA,NA,NA,Y,4,0,2,2,A,-,09,21801,A,N,A,C,A,A,H,-,A,A,0,NA,NA,NA,NA,Y,NA,A,01,0,0,2,0,0,0,0,0,0,-,-,NA,NA,SAN BERNARDINO,FONTANA,-117.46022033691406,34.11731719970703
84663555,2025,2025-04-25,3609,2025-03-07,848,02803,NA,5,5,5,3609,0,0,0,NA,0,001,RIVERSIDE AVE,LOCUST AVE,2195,E,N,A,-,N,NA,NA,NA,NA,NA,NA,NA,NA,NA,N,3,0,1,1,A,-,03,22350,NA,N,E,I,A,A,H,-,A,A,0,NA,NA,NA,NA,Y,NA,A,01,0,1,0,0,0,0,0,0,0,-,-,34.16244888305664,-117.40963745117188,SAN BERNARDINO,RIALTO,-117.40383911132813,34.158878326416016
84681203,2025,2025-05-09,3607,2025-04-18,1919,20628,NA,5,5,6,3607,0,0,0,NA,0,011,MOUNTAIN AV,FOURTH ST,100,N,N,A,-,N,NA,NA,NA,NA,NA,NA,NA,NA,NA,Y,4,0,1,2,A,-,08,22107,NA,N,A,C,A,A,H,-,B,D,0,NA,NA,NA,NA,Y,NA,A,01,0,0,1,0,0,0,0,0,0,-,-,NA,NA,SAN BERNARDINO,ONTARIO,-117.67011260986328,34.07814407348633
84682852,2025,2025-05-12,3609,2025-04-09,1719,02334,NA,3,5,5,3609,0,0,0,NA,0,004,VALLEY BLVD,LILAC AVE,200,W,N,A,-,N,NA,NA,NA,NA,NA,NA,NA,NA,NA,Y,4,0,1,2,A,-,03,22350,NA,N,C,C,A,A,H,-,A,A,0,NA,NA,NA,NA,Y,NA,A,07,0,0,1,0,0,0,0,0,0,-,-,34.07054901123047,-117.37857055664063,SAN BERNARDINO,RIALTO,-117.37964630126952,34.070499420166016
8468456,2017,2017-11-09,3604,2017-09-16,2135,1156,NA,6,5,6,3604,0,0,0,NA,0,NA,COLD CREEK CT,CLEARSPRINGS LN,0,NA,Y,A,-,N,NA,NA,NA,NA,NA,NA,NA,NA,NA,Y,4,0,1,2,A,-,01,23152,F,M,D,E,A,A,H,-,C,A,0,NA,NA,NA,NA,Y,NA,A,07,0,0,1,0,0,0,0,0,0,-,-,NA,NA,SAN BERNARDINO,FONTANA,-117.47144004,34.1445201
8468823,2017,2017-10-11,3610,2017-09-05,2125,50733,NA,2,5,6,3610,0,0,0,NA,0,POLICE,N DEL ROSA AV,DATE ST,84,S,N,A,-,N,NA,NA,NA,NA,NA,NA,NA,NA,NA,N,4,0,1,2,A,-,11,21955,NA,N,G,B,D,A,H,-,D,A,0,Y,NA,NA,NA,Y,Y,N,60,0,0,1,0,1,0,0,0,0,-,-,34.14129,-117.25237,SAN BERNARDINO,SAN BERNARDINO,-117.25244356,34.14342053
8468825,2017,2017-10-11,3610,2017-09-25,1840,50975,NA,1,5,6,3610,0,0,0,NA,0,POLICE,W 30TH ST,E ST,26,W,N,A,-,N,NA,NA,NA,NA,NA,NA,NA,NA,NA,Y,4,0,2,2,A,-,12,21453,A,N,B,C,A,A,H,-,C,A,0,NA,NA,NA,NA,Y,NA,A,01,0,0,2,0,0,0,0,0,0,-,-,34.14617,-117.294,SAN BERNARDINO,SAN BERNARDINO,-117.29418518,34.14623757
8469205,2017,2017-10-20,3605,2017-09-18,1805,233,NA,1,5,4,3605,0,0,0,NA,0,NA,ROSEWOOD ST,VERNON AV,533,W,N,A,-,N,NA,NA,NA,NA,NA,NA,NA,NA,NA,N,3,0,1,2,A,-,11,21954,A,N,G,B,D,A,H,-,A,D,0,Y,NA,NA,NA,Y,NA,N,60,0,1,0,0,1,0,0,0,0,-,-,NA,NA,SAN BERNARDINO,MONTCLAIR,-117.68692557,34.07674001
8469217,2017,2017-10-20,3605,2017-09-11,1208,318,NA,1,5,4,3605,0,0,0,NA,0,NA,KINGSLEY ST,FELIPE AV,0,NA,Y,A,-,N,NA,NA,NA,NA,NA,NA,NA,NA,NA,N,3,0,1,2,A,-,08,22107,NA,N,D,G,A,A,H,-,A,D,0,NA,Y,NA,NA,Y,NA,L,04,0,1,0,0,0,0,1,0,0,-,-,NA,NA,SAN BERNARDINO,MONTCLAIR,-117.70464008,34.06677
84700287,2025,2025-05-26,3607,2025-05-14,1541,21634,NA,3,5,6,3607,0,0,0,NA,0,021,COLUMBIA AV,FIFTH ST,0,NA,Y,A,-,N,NA,NA,NA,NA,NA,NA,NA,NA,NA,N,4,0,1,3,A,-,09,21802,A,N,D,C,A,A,H,-,A,D,0,NA,NA,NA,NA,Y,NA,A,01,0,0,1,0,0,0,0,0,0,-,-,NA,NA,SAN BERNARDINO,ONTARIO,-117.64842224121094,34.08154296875
84700762,2025,2025-05-27,3602,2025-04-24,1540,4300,NA,4,5,5,3602,0,0,0,NA,0,001,RIVERSIDE DR,RAMONA AVE,0,NA,Y,A,-,N,NA,NA,NA,NA,NA,NA,NA,NA,NA,Y,3,0,2,4,A,-,12,21453,A,N,D,C,A,A,H,-,A,A,0,NA,NA,NA,NA,Y,NA,A,01,0,1,1,0,0,0,0,0,0,-,-,34.022499084472656,-117.70677185058594,SAN BERNARDINO,CHINO,-117.7067642211914,34.01893615722656
84706307,2025,2025-05-30,3604,2025-05-07,1600,989,NA,3,5,6,3604,0,0,0,NA,0,NA,BEECH AVE,SUMMIT HEIGHTS GATEWAY CN,0,N,-,A,-,N,NA,NA,NA,NA,NA,NA,NA,NA,NA,Y,4,0,3,2,A,-,12,21453,A,N,D,C,A,A,H,-,A,A,0,NA,NA,NA,NA,Y,NA,A,07,0,0,3,0,0,0,0,0,0,-,-,NA,NA,SAN BERNARDINO,FONTANA,-117.47454071044922,34.15007781982422
84707829,2025,2025-06-02,3604,2025-04-01,1210,1507,NA,2,5,6,3604,0,0,0,NA,0,NA,BASELINE AVE,ALDER AVE,150,W,-,A,-,N,NA,NA,NA,NA,NA,NA,NA,NA,NA,Y,3,0,1,3,A,-,03,22350,NA,N,C,C,A,A,H,-,A,A,0,NA,NA,NA,Y,Y,NA,A,01,0,1,0,0,0,0,0,0,0,-,-,NA,NA,SAN BERNARDINO,FONTANA,-117.41889190673828,34.12133026123047
84707884,2025,2025-06-02,3604,2025-05-19,2048,1312,NA,1,5,6,3604,0,0,0,NA,0,003,SIERRA AVE,SAN BERNARDINO AVE,0,N,-,A,-,N,NA,NA,NA,NA,NA,NA,NA,NA,NA,Y,3,0,2,2,A,-,01,23152,A,N,D,C,A,A,H,-,C,A,0,NA,NA,NA,NA,Y,Y,D,22,0,1,1,0,0,0,0,0,0,-,-,NA,NA,SAN BERNARDINO,FONTANA,-117.43568420410156,34.07758331298828
8471269,2017,2017-10-20,3604,2017-09-23,1306,1147,NA,6,5,6,3604,0,0,0,NA,0,NA,OLEANDER AV,MERRILL AV,0,NA,Y,A,-,N,NA,NA,NA,NA,NA,NA,NA,NA,NA,Y,4,0,1,2,A,-,12,22450,A,N,D,C,A,A,H,-,A,A,0,NA,NA,NA,NA,Y,NA,D,22,0,0,1,0,0,0,0,0,0,-,-,NA,NA,SAN BERNARDINO,FONTANA,-117.44882013,34.09209006
84715445,2025,2025-06-06,3611,2025-04-21,1720,3622,NA,1,5,5,3611,0,0,0,NA,0,002,SAN ANTONIO AVE,8TH ST,388,S,N,A,-,N,NA,NA,NA,NA,NA,NA,NA,NA,NA,Y,3,0,1,2,A,-,08,22103,NA,N,D,C,A,A,H,-,A,D,0,NA,NA,NA,NA,Y,NA,A,01,0,1,0,0,0,0,0,0,0,-,-,34.09257125854492,-117.6606216430664,SAN BERNARDINO,UPLAND,-117.66072082519533,34.09139633178711
8471863,2017,2018-05-08,3600,2017-08-26,2335,A6870,RC055,6,5,6,3616,0,0,0,NA,0,RC4,VINEYARD AV,SAN BERNARDINO AV,0,NA,Y,A,-,N,NA,NA,NA,NA,NA,NA,NA,NA,NA,Y,4,0,1,1,A,-,01,23152,A,N,A,I,A,A,H,-,C,A,0,NA,NA,NA,NA,Y,Y,A,01,0,0,1,0,0,0,0,0,0,-,-,NA,NA,SAN BERNARDINO,RANCHO CUCAMONGA,-117.61111003,34.10902006
84720858,2025,2025-06-11,3602,2025-05-09,642,4190,NA,5,5,5,3602,0,0,0,NA,0,001,WALNUT AVE,YORBA AVENUE,370,W,N,A,-,N,NA,NA,NA,NA,NA,NA,NA,NA,NA,N,3,0,1,1,A,-,08,22107,NA,F,E,I,A,A,H,-,B,D,0,NA,NA,NA,NA,Y,Y,A,01,0,1,0,0,0,0,0,0,0,-,-,NA,NA,SAN BERNARDINO,CHINO,-117.70367431640624,34.02619171142578
84722681,2025,2025-06-12,3609,2025-05-31,1547,01932,NA,6,5,5,3609,0,0,0,NA,0,004,PALM AVE,1ST ST,0,NA,Y,A,-,N,NA,NA,NA,NA,NA,NA,NA,NA,NA,Y,3,0,2,2,A,-,01,23152,A,N,E,J,A,A,H,-,A,D,0,NA,NA,Y,NA,Y,Y,C,03,0,2,0,0,0,0,0,0,2,-,-,34.10049057006836,-117.37278747558594,SAN BERNARDINO,RIALTO,-117.37283325195313,34.10056686401367
84724277,2025,2025-06-13,3602,2025-05-29,1056,3978,NA,4,5,5,3602,0,0,0,NA,0,001,RIVERSIDE DRIVE (4600 BLOCK),YORBA AVENUE,0,NA,Y,A,-,N,NA,NA,NA,NA,NA,NA,NA,NA,NA,Y,3,0,2,2,A,-,09,21800,A,N,D,C,A,A,H,-,A,A,0,NA,NA,NA,NA,Y,NA,A,01,0,2,0,0,0,0,0,0,0,-,-,34.018959045410156,-117.7023696899414,SAN BERNARDINO,CHINO,-117.70237731933594,34.01898193359375
84733047,2025,2025-06-20,3607,2025-05-26,934,20072,NA,1,5,6,3607,0,0,0,NA,0,041,HAVEN AV,INLAND EMPIRE BL,0,NA,Y,A,-,N,NA,NA,NA,NA,NA,NA,NA,NA,NA,Y,3,0,2,2,A,-,12,21453,A,N,D,C,A,A,H,-,A,A,0,NA,NA,NA,NA,Y,NA,A,07,0,1,1,0,0,0,0,0,0,-,-,NA,NA,SAN BERNARDINO,ONTARIO,-117.57594299316406,34.07176971435547
8473325,2017,2017-11-03,3600,2017-10-14,1304,D6899,HE413,6,5,5,3619,0,0,0,NA,0,NA,I AV,BANGOR AV,169,N,N,A,-,N,NA,NA,NA,NA,NA,NA,NA,NA,NA,Y,4,0,2,2,A,-,09,21801,A,N,D,C,A,A,H,-,A,D,0,NA,NA,NA,NA,Y,NA,A,01,0,0,2,0,0,0,0,0,0,-,-,NA,NA,SAN BERNARDINO,HESPERIA,-117.284546,34.40160401
8473496,2017,2017-11-02,3600,2017-09-25,2024,C9261,HI003,1,5,4,3618,0,0,0,NA,0,001,BASELINE ST,MIRA VISTA AV,0,NA,Y,A,-,N,NA,NA,NA,NA,NA,NA,NA,NA,NA,N,4,0,1,2,A,-,17,21208,A,N,H,G,A,A,H,-,C,D,0,NA,Y,NA,NA,Y,NA,L,04,0,0,1,0,0,0,1,0,0,-,-,NA,NA,SAN BERNARDINO,HIGHLAND,-117.24511002,34.12131003
84740147,2025,2025-06-26,3607,2025-06-12,2300,21088,NA,4,5,6,3607,0,0,0,NA,0,061,EUCLID AV,MISSION BL,0,NA,Y,A,-,N,NA,NA,NA,NA,NA,NA,NA,NA,NA,Y,4,0,1,2,A,-,09,21453,C,N,D,C,A,A,H,-,C,A,0,NA,NA,NA,NA,Y,NA,A,01,0,0,1,0,0,0,0,0,0,-,-,NA,NA,SAN BERNARDINO,ONTARIO,-117.65113067626952,34.05488586425781
84741701,2025,2025-06-27,3607,2025-06-20,715,19993,NA,5,5,6,3607,0,0,0,NA,0,042,AIRPORT DR,WINEVILLE AV,2000,E,N,A,-,N,NA,NA,NA,NA,NA,NA,NA,NA,NA,N,3,0,1,2,A,-,08,22107,NA,N,D,C,A,A,H,-,A,A,0,NA,NA,NA,Y,Y,NA,-,31,0,1,0,0,0,0,0,0,0,-,-,NA,NA,SAN BERNARDINO,ONTARIO,-117.53392791748048,34.062660217285156
8474302,2017,2017-11-03,3605,2017-09-16,1444,396,NA,6,5,4,3605,0,0,0,NA,0,NA,HOLT BL,AMHERST AV,4,E,N,A,-,N,NA,NA,NA,NA,NA,NA,NA,NA,NA,Y,3,0,2,4,A,-,09,21801,A,N,D,C,A,A,H,-,A,A,0,NA,Y,NA,NA,Y,NA,D,22,0,1,1,0,0,0,1,0,0,-,-,NA,NA,SAN BERNARDINO,MONTCLAIR,-117.71201683,34.06326
84743102,2025,2025-06-30,3611,2025-05-06,1151,3024,NA,2,5,5,3611,0,0,0,NA,0,004,ARROW HWY,CAMPUS AVE,0,NA,Y,A,-,N,NA,NA,NA,NA,NA,NA,NA,NA,NA,N,4,0,1,2,A,-,09,21801,A,N,A,C,A,A,H,-,A,A,0,NA,NA,NA,NA,Y,NA,A,01,0,0,1,0,0,0,0,0,0,-,-,34.09994888305664,-117.64144134521484,SAN BERNARDINO,UPLAND,-117.6414794921875,34.09976577758789
84743103,2025,2025-06-30,3611,2025-05-07,2234,3418,NA,3,5,5,3611,0,0,0,NA,0,002,FOOTHILL BLVD,SAN ANTONIO AVE,150,W,N,A,-,N,NA,NA,NA,NA,NA,NA,NA,NA,NA,Y,3,0,1,1,C,-,18,NA,NA,N,E,J,A,A,H,-,C,A,0,NA,NA,NA,NA,Y,NA,-,-,0,1,0,0,0,0,0,0,0,-,-,34.106868743896484,-117.66069793701172,SAN BERNARDINO,UPLAND,-117.66128540039063,34.106971740722656
84750001,2025,2025-07-07,3611,2025-04-03,2319,3517,NA,4,5,5,3611,0,0,0,NA,0,002,ARROW HWY,MOUNTAIN AVE,0,NA,Y,A,-,N,NA,NA,NA,NA,NA,NA,NA,NA,NA,Y,4,0,1,2,A,-,09,21801,A,N,D,C,A,A,H,-,C,A,0,NA,NA,NA,NA,Y,NA,A,01,0,0,1,0,0,0,0,0,0,-,-,34.09965133666992,-117.67024230957033,SAN BERNARDINO,UPLAND,-117.67024993896484,34.099666595458984
84750058,2025,2025-07-07,3609,2025-06-01,537,02272,NA,7,5,5,3609,0,0,0,NA,0,002,SYCAMORE AVE,LURELANE ST,143,S,N,A,-,N,NA,NA,NA,NA,NA,NA,NA,NA,NA,Y,4,0,1,2,A,-,01,23152,A,N,C,E,A,A,H,-,A,D,0,NA,NA,NA,NA,Y,Y,A,01,0,0,1,0,0,0,0,0,0,-,-,34.13108825683594,-117.36612701416016,SAN BERNARDINO,RIALTO,-117.3660888671875,34.13046646118164
84750510,2025,2025-07-07,3604,2025-07-02,1510,1517,NA,3,5,6,3604,0,0,0,NA,0,002,CHERRY AVE,BAR HARBOR RD,0,N,-,A,-,N,NA,NA,NA,NA,NA,NA,NA,NA,NA,Y,4,0,2,3,A,-,12,21453,A,N,D,C,A,A,H,-,A,A,0,NA,NA,NA,NA,Y,NA,A,01,0,0,2,0,0,0,0,0,0,-,-,NA,NA,SAN BERNARDINO,FONTANA,-117.48863983154295,34.11983871459961
8475161,2017,2017-12-08,3609,2017-10-06,1451,8510,143,5,5,5,3609,0,0,0,NA,0,003,RIALTO AV,RIALTO AV 600,0,NA,N,A,-,N,NA,NA,NA,NA,NA,NA,NA,NA,NA,Y,4,0,1,3,A,-,03,22350,NA,M,C,E,A,A,H,-,A,D,0,NA,NA,NA,NA,Y,NA,A,01,0,0,1,0,0,0,0,0,0,-,-,34.0994,-117.40352,SAN BERNARDINO,RIALTO,NA,NA
84752596,2025,2025-07-08,3604,2025-07-04,1456,768,NA,5,5,6,3604,0,0,0,NA,0,NA,FOOTHILL BLVD,TAMARIND AVE,150,E,-,A,-,N,NA,NA,NA,NA,NA,NA,NA,NA,NA,N,4,0,2,2,A,-,03,22350,NA,N,C,C,A,A,H,-,A,A,0,NA,NA,NA,NA,Y,NA,A,07,0,0,2,0,0,0,0,0,0,-,-,NA,NA,SAN BERNARDINO,FONTANA,-117.42223358154295,34.10668182373047
84754613,2025,2025-07-10,3607,2025-07-03,1236,80548,NA,4,5,6,3607,0,0,0,NA,0,021,VIRGINIA AV,PRINCETON ST,0,NA,Y,A,-,N,NA,NA,NA,NA,NA,NA,NA,NA,NA,Y,2,0,1,2,A,-,12,22450,A,N,B,G,A,A,H,-,A,D,0,NA,Y,NA,NA,Y,NA,L,04,1,0,0,0,0,0,1,0,0,-,-,NA,NA,SAN BERNARDINO,ONTARIO,-117.63076019287108,34.079776763916016
84757553,2025,2025-07-11,3611,2025-05-27,559,3395,NA,2,5,5,3611,0,0,0,NA,0,004,ARROW HWY,CAMPUS AVE,0,NA,Y,A,-,N,NA,NA,NA,NA,NA,NA,NA,NA,NA,Y,3,0,3,2,A,-,12,21453,A,N,D,C,A,A,H,-,A,A,0,NA,NA,NA,NA,Y,NA,A,01,0,2,1,0,0,0,0,0,0,-,-,34.099910736083984,-117.64144134521484,SAN BERNARDINO,UPLAND,-117.6414794921875,34.09976577758789
84757701,2025,2025-07-11,3607,2025-07-10,533,80428,NA,4,5,6,3607,0,0,0,NA,0,082,BAKER AV,MERRILL AV,0,NA,Y,A,-,N,NA,NA,NA,NA,NA,NA,NA,NA,NA,Y,4,0,1,2,A,-,09,21801,A,N,D,C,A,A,H,-,B,A,0,NA,NA,NA,NA,Y,NA,A,07,0,0,1,0,0,0,0,0,0,-,-,NA,NA,SAN BERNARDINO,ONTARIO,-117.61493682861328,33.983272552490234
84767352,2025,2025-07-18,3604,2025-07-16,320,1518,NA,3,5,6,3604,0,0,0,NA,0,002,BASELINE AVE,SOUTH HERITAGE CIRCLE,0,N,-,A,-,N,NA,NA,NA,NA,NA,NA,NA,NA,NA,Y,3,0,1,1,A,-,03,22350,NA,N,E,I,A,A,H,-,C,A,0,NA,NA,NA,NA,Y,NA,A,01,0,1,0,0,0,0,0,0,0,-,-,NA,NA,SAN BERNARDINO,FONTANA,-117.50497436523438,34.12135696411133
84767445,2025,2025-07-18,3602,2025-06-25,1255,3368,NA,3,5,5,3602,0,0,0,NA,0,001,SPECTRUM WEST,GRAND AVENUE,0,NA,Y,A,-,N,NA,NA,NA,NA,NA,NA,NA,NA,NA,Y,3,0,2,3,A,-,12,21453,A,N,D,C,A,A,H,-,A,A,0,NA,NA,NA,NA,Y,NA,D,22,0,2,0,0,0,0,0,0,0,-,-,33.999420166015625,-117.72017669677734,SAN BERNARDINO,CHINO,-117.72013092041016,33.99933624267578
84773172,2025,2025-07-23,3604,2025-07-21,1327,1139,NA,1,5,6,3604,0,0,0,NA,0,NA,NIAGARA DR,MESA DR,0,N,-,A,-,N,NA,NA,NA,NA,NA,NA,NA,NA,NA,N,4,0,1,2,A,-,08,22107,NA,N,B,C,A,A,H,-,A,D,0,NA,NA,NA,NA,Y,NA,D,22,0,0,1,0,0,0,0,0,0,-,-,NA,NA,SAN BERNARDINO,FONTANA,-117.4595947265625,34.12080764770508
84776545,2025,2025-07-25,3607,2025-07-10,231,21615,NA,4,5,6,3607,0,0,0,NA,0,032,FOURTH ST,CALAVERAS AV,0,NA,Y,A,-,N,NA,NA,NA,NA,NA,NA,NA,NA,NA,N,4,0,1,2,A,-,11,21954,A,N,G,B,D,A,H,-,D,D,0,Y,NA,NA,NA,Y,NA,N,60,0,0,1,0,1,0,0,0,0,-,-,NA,NA,SAN BERNARDINO,ONTARIO,-117.62681579589844,34.07766342163086
84792496,2025,2025-08-07,3604,2025-08-03,1211,1312,NA,7,5,6,3604,0,0,0,NA,0,003,OLEANDER AVE,ATHOL ST,0,N,-,A,-,N,NA,NA,NA,NA,NA,NA,NA,NA,NA,Y,4,0,1,2,A,-,12,22450,A,N,D,C,A,A,H,-,A,D,0,NA,NA,NA,NA,Y,NA,A,01,0,0,1,0,0,0,0,0,0,-,-,NA,NA,SAN BERNARDINO,FONTANA,-117.44879150390624,34.088497161865234
84795846,2025,2025-08-11,3609,2025-07-14,147,02418,NA,1,5,5,3609,0,0,0,NA,0,003,MERRILL AVE,CACTUS AVE,0,NA,Y,A,-,N,NA,NA,NA,NA,NA,NA,NA,NA,NA,Y,3,0,1,2,A,-,01,23152,A,N,C,C,A,A,H,-,C,A,0,NA,NA,NA,Y,Y,Y,A,01,0,1,0,0,0,0,0,0,0,-,-,34.092281341552734,-117.38346862792967,SAN BERNARDINO,RIALTO,-117.38343811035156,34.09225082397461
84805106,2025,2025-08-18,3602,2025-07-25,1549,4419,NA,5,5,5,3602,0,0,0,NA,0,003,PINE AVENUE (7500 BLOCK),RINCON MEADOWS AVENUE,345,W,N,A,-,N,NA,NA,NA,NA,NA,NA,NA,NA,NA,N,3,0,1,2,A,-,03,22350,NA,N,C,C,A,A,H,-,A,D,0,NA,NA,NA,NA,Y,NA,A,01,0,1,0,0,0,0,0,0,0,-,-,33.95674133300781,-117.63764190673828,SAN BERNARDINO,CHINO,-117.63490295410156,33.9572868347168
84805680,2025,2025-08-18,3602,2025-07-30,1020,2798,NA,3,5,5,3602,0,0,0,NA,0,001,SCHAEFER AVE,3RD ST,0,NA,Y,A,-,N,NA,NA,NA,NA,NA,NA,NA,NA,NA,N,3,0,1,2,A,-,09,21802,A,N,D,C,A,A,H,-,A,A,0,NA,NA,Y,NA,Y,NA,D,22,0,1,0,0,0,0,0,0,1,-,-,34.004478454589844,-117.69615173339844,SAN BERNARDINO,CHINO,-117.69602966308594,34.00448226928711