CASE_ID,ACCIDENT_YEAR,PROC_DATE,JURIS,COLLISION_DATE,COLLISION_TIME,OFFICER_ID,REPORTING_DISTRICT,DAY_OF_WEEK,CHP_SHIFT,POPULATION,CNTY_CITY_LOC,SPECIAL_COND,BEAT_TYPE,CHP_BEAT_TYPE,CITY_DIVISION_LAPD,CHP_BEAT_CLASS,BEAT_NUMBER,PRIMARY_RD,SECONDARY_RD,DISTANCE,DIRECTION,INTERSECTION,WEATHER_1,WEATHER_2,STATE_HWY_IND,CALTRANS_COUNTY,CALTRANS_DISTRICT,STATE_ROUTE,ROUTE_SUFFIX,POSTMILE_PREFIX,POSTMILE,LOCATION_TYPE,RAMP_INTERSECTION,SIDE_OF_HWY,TOW_AWAY,COLLISION_SEVERITY,NUMBER_KILLED,NUMBER_INJURED,PARTY_COUNT,PRIMARY_COLL_FACTOR,PCF_CODE_OF_VIOL,PCF_VIOL_CATEGORY,PCF_VIOLATION,PCF_VIOL_SUBSECTION,HIT_AND_RUN,TYPE_OF_COLLISION,MVIW,PED_ACTION,ROAD_SURFACE,ROAD_COND_1,ROAD_COND_2,LIGHTING,CONTROL_DEVICE,CHP_ROAD_TYPE,PEDESTRIAN_ACCIDENT,BICYCLE_ACCIDENT,MOTORCYCLE_ACCIDENT,TRUCK_ACCIDENT,NOT_PRIVATE_PROPERTY,ALCOHOL_INVOLVED,STWD_VEHTYPE_AT_FAULT,CHP_VEHTYPE_AT_FAULT,COUNT_SEVERE_INJ,COUNT_VISIBLE_INJ,COUNT_COMPLAINT_PAIN,COUNT_PED_KILLED,COUNT_PED_INJURED,COUNT_BICYCLIST_KILLED,COUNT_BICYCLIST_INJURED,COUNT_MC_KILLED,COUNT_MC_INJURED,PRIMARY_RAMP,SECONDARY_RAMP,LATITUDE,LONGITUDE,COUNTY,CITY,POINT_X,POINT_Y
8689615,2018,2018-09-07,3601,2018-08-02,1256,P70,BARST,4,5,3,3601,0,0,0,NA,0,001,N 2ND AV,E MAIN ST,35,N,N,A,-,N,NA,NA,NA,NA,NA,NA,NA,NA,NA,Y,4,0,2,2,A,-,03,22350,NA,N,C,C,A,A,H,-,A,A,0,NA,NA,NA,NA,Y,NA,A,07,0,0,2,0,0,0,0,0,0,-,-,NA,NA,SAN BERNARDINO,BARSTOW,-117.02617645263672,34.89884567260742
8689752,2018,2018-09-12,3610,2018-08-04,1807,50986,NA,6,5,6,3610,0,0,0,NA,0,POLICE,N STERLING AV,E 6TH ST,0,NA,Y,A,-,N,NA,NA,NA,NA,NA,NA,NA,NA,NA,N,3,0,1,2,A,-,09,21803,A,N,D,C,A,A,H,-,A,D,0,NA,NA,Y,NA,Y,NA,A,01,0,1,0,0,0,0,0,0,1,-,-,34.110191345214844,-117.24368286132813,SAN BERNARDINO,SAN BERNARDINO,-117.24369049072266,34.11017990112305
8690038,2018,2018-09-28,3604,2018-08-04,0038,1097,3604,6,5,6,3604,0,0,0,NA,0,004,JUNIPER AV,SLOVER AV,30,S,N,A,-,N,NA,NA,NA,NA,NA,NA,NA,NA,NA,Y,3,0,1,1,A,-,03,22350,NA,M,A,I,A,A,H,-,C,D,0,NA,NA,NA,NA,Y,Y,A,01,0,1,0,0,0,0,0,0,0,-,-,NA,NA,SAN BERNARDINO,FONTANA,-117.4399871826172,34.06296920776367
8690064,2018,2018-09-07,3600,2018-07-04,2227,E8923,HI014,3,5,4,3618,0,0,0,NA,0,HI2,PALM AV,CYPRESS ST,0,NA,Y,A,-,N,NA,NA,NA,NA,NA,NA,NA,NA,NA,N,3,0,1,2,A,-,10,21954,NA,N,A,B,D,A,H,-,C,D,0,Y,NA,NA,NA,Y,Y,-,NA,0,1,0,0,1,0,0,0,0,-,-,NA,NA,SAN BERNARDINO,HIGHLAND,-117.20877075195313,34.1132698059082
8690322,2018,2018-09-04,3600,2018-07-31,2332,G6198,VC062,2,5,5,3612,0,0,0,NA,0,VC2,7TH ST,MOJAVE DR,638,S,N,A,-,N,NA,NA,NA,NA,NA,NA,NA,NA,NA,Y,4,0,1,2,A,-,01,23152,A,N,C,C,A,A,H,-,C,D,0,NA,NA,NA,NA,Y,Y,A,01,0,0,1,0,0,0,0,0,0,-,-,NA,NA,SAN BERNARDINO,VICTORVILLE,-117.30181884765624,34.526512145996094
8690323,2018,2018-09-18,3602,2018-07-27,1619,3805,NA,5,5,5,3602,0,0,0,NA,0,001,RIVERSIDE DR,3RD ST,0,NA,Y,A,-,N,NA,NA,NA,NA,NA,NA,NA,NA,NA,N,4,0,1,2,A,-,03,22350,NA,N,C,C,A,A,H,-,A,A,0,NA,NA,NA,NA,Y,NA,J,41,0,0,1,0,0,0,0,0,0,-,-,NA,NA,SAN BERNARDINO,CHINO,-117.69587707519533,34.019039154052734
8691273,2018,2018-09-18,3600,2018-08-11,1203,G9448,VC057,6,5,5,3612,0,0,0,NA,0,VC5,PALMDALE RD,EL EVADO RD,0,NA,Y,A,-,N,NA,NA,NA,NA,NA,NA,NA,NA,NA,N,4,0,1,3,A,-,03,22350,NA,N,B,B,E,A,H,-,A,A,0,Y,NA,NA,NA,Y,NA,A,01,0,0,1,0,1,0,0,0,0,-,-,NA,NA,SAN BERNARDINO,VICTORVILLE,-117.34674835205078,34.50672149658203
8693701,2018,2018-10-08,3604,2018-08-03,0425,1286,NA,5,5,6,3604,0,0,0,NA,0,004,MULBERRY AV,JURUPA AV,0,NA,Y,A,-,N,NA,NA,NA,NA,NA,NA,NA,NA,NA,N,4,0,1,2,A,-,03,22350,NA,F,C,E,A,A,H,-,C,A,0,NA,NA,NA,NA,Y,NA,-,99,0,0,1,0,0,0,0,0,0,-,-,NA,NA,SAN BERNARDINO,FONTANA,-117.50698852539063,34.04819869995117
8697337,2018,2018-10-01,3600,2018-08-03,1603,F4485,AD314,5,5,3,3613,0,0,0,NA,0,002,MOJAVE DR,DAISY RD,0,NA,Y,A,-,N,NA,NA,NA,NA,NA,NA,NA,NA,NA,N,4,0,2,2,A,-,09,21801,A,N,D,C,A,A,H,-,A,D,0,NA,NA,NA,NA,Y,NA,A,01,0,0,2,0,0,0,0,0,0,-,-,NA,NA,SAN BERNARDINO,ADELANTO,-117.43034362792967,34.528419494628906
8697532,2018,2018-09-26,3610,2018-09-03,1410,50965,NA,1,5,6,3610,0,0,0,NA,0,POLICE,N PIEDMONT CT,EAST HIGHLAND AV,0,NA,Y,A,-,N,NA,NA,NA,NA,NA,NA,NA,NA,NA,Y,3,0,2,2,A,-,12,21453,A,N,A,C,A,A,H,-,A,A,0,NA,NA,NA,NA,Y,NA,A,01,0,1,1,0,0,0,0,0,0,-,-,34.13576126098633,-117.20010375976563,SAN BERNARDINO,SAN BERNARDINO,-117.20010375976563,34.13576126098633
8697691,2018,2018-10-15,3604,2018-09-09,1431,925,NA,7,5,6,3604,0,0,0,NA,0,NA,BASELINE AV,ALMERIA AV,0,NA,Y,A,-,N,NA,NA,NA,NA,NA,NA,NA,NA,NA,Y,4,0,1,3,A,-,12,21453,A,N,D,C,A,A,H,-,A,A,0,NA,NA,NA,NA,Y,NA,A,01,0,0,1,0,0,0,0,0,0,-,-,NA,NA,SAN BERNARDINO,FONTANA,-117.46021270751952,34.121429443359375
8698107,2018,2018-10-04,3608,2018-08-28,1506,4279,CENTR,2,5,5,3608,0,0,0,NA,0,NA,CITRUS AV,LINCOLN ST,0,NA,Y,A,-,N,NA,NA,NA,NA,NA,NA,NA,NA,NA,Y,4,0,2,2,A,-,12,22450,A,N,D,C,A,A,H,-,A,D,0,NA,NA,NA,NA,Y,NA,A,01,0,0,2,0,0,0,0,0,0,-,-,NA,NA,SAN BERNARDINO,REDLANDS,-117.15203857421876,34.055599212646484
8698572,2018,2018-09-21,3600,2018-08-04,1555,G3596,HE207,6,5,5,3619,0,0,0,NA,0,HE2,SANTA FE AV EAST,HERCULES ST,54,S,N,A,-,N,NA,NA,NA,NA,NA,NA,NA,NA,NA,N,3,0,2,1,A,-,03,22350,NA,N,F,A,A,A,H,-,A,A,0,NA,NA,NA,NA,Y,NA,D,22,0,2,0,0,0,0,0,0,0,-,-,NA,NA,SAN BERNARDINO,HESPERIA,-117.299072265625,34.4324951171875
8700757,2018,2019-01-02,3608,2018-09-05,0810,4027,NA,3,5,5,3608,0,0,0,NA,0,NA,E LUGONIA AV,N GROVE ST,0,NA,Y,A,-,Y,SBD,8,38,-,-,1.82,I,5,W,Y,4,0,1,2,A,-,09,21804,NA,N,D,C,A,A,H,-,A,A,0,NA,NA,NA,NA,Y,NA,A,01,0,0,1,0,0,0,0,0,0,-,-,NA,NA,SAN BERNARDINO,REDLANDS,-117.16068267822266,34.070091247558594
8704320,2018,2018-10-09,3610,2018-09-03,1354,51104,NA,1,5,6,3610,0,0,0,NA,0,NA,E PARKDALE DR,NORTH WATERMAN AV,0,NA,Y,A,-,N,NA,NA,NA,NA,NA,NA,NA,NA,NA,Y,4,0,3,2,D,-,00,NA,NA,N,A,C,A,A,H,-,A,A,0,NA,NA,NA,NA,Y,NA,-,-,0,0,3,0,0,0,0,0,0,-,-,34.15874099731445,-117.27870178222656,SAN BERNARDINO,SAN BERNARDINO,-117.27867889404295,34.158748626708984
8707722,2018,2018-10-10,3604,2018-09-22,0903,1127,NA,6,5,6,3604,0,0,0,NA,0,NA,JUNIPER AV,FILBERT ST,0,NA,Y,A,-,N,NA,NA,NA,NA,NA,NA,NA,NA,NA,Y,4,0,1,3,A,-,09,21802,A,N,D,C,A,A,H,-,A,A,0,NA,NA,NA,NA,Y,NA,A,08,0,0,1,0,0,0,0,0,0,-,-,34.45574951171875,-117.26241302490234,SAN BERNARDINO,FONTANA,-117.44007873535156,34.08209991455078
8707843,2018,2018-11-09,3600,2018-09-03,2019,E9849,VC055,1,5,5,3612,0,0,0,NA,0,VC5,KIMBERLY DR,ARLETTE DR,0,NA,Y,A,-,N,NA,NA,NA,NA,NA,NA,NA,NA,NA,N,3,0,1,2,A,-,14,21201,D,N,D,G,A,A,H,-,C,A,0,NA,Y,NA,NA,Y,NA,L,04,0,1,0,0,0,0,1,0,0,-,-,NA,NA,SAN BERNARDINO,VICTORVILLE,-117.3347625732422,34.51974868774414
8710876,2018,2018-10-19,3610,2018-09-25,1710,50965,NA,2,5,6,3610,0,0,0,NA,0,CHARLI,EAST HIGHLAND AV,N VALENCIA AV,0,NA,Y,A,-,N,NA,NA,NA,NA,NA,NA,NA,NA,NA,Y,4,0,1,1,A,-,08,22107,NA,N,E,I,A,A,H,-,A,A,0,NA,NA,NA,NA,Y,NA,A,07,0,0,1,0,0,0,0,0,0,-,-,34.13589859008789,-117.27249145507813,SAN BERNARDINO,SAN BERNARDINO,-117.27252197265624,34.13589859008789
8711213,2018,2018-10-25,3610,2018-10-03,2039,50928,NA,3,5,6,3610,0,0,0,NA,0,POLICE,W 8TH ST,N MT VERNON AV,228,E,N,B,-,N,NA,NA,NA,NA,NA,NA,NA,NA,NA,N,4,0,1,3,A,-,08,22107,1,N,A,E,A,A,H,-,C,A,0,NA,NA,NA,NA,Y,NA,A,01,0,0,1,0,0,0,0,0,0,-,-,34.113651275634766,-117.31301879882813,SAN BERNARDINO,SAN BERNARDINO,-117.31310272216795,34.11389923095703
8711224,2018,2018-10-25,3610,2018-09-13,0840,51119,NA,4,5,6,3610,0,0,0,NA,0,POLICE,WEST HIGHLAND AV,NORTH ARROWHEAD AV,0,NA,Y,A,-,N,NA,NA,NA,NA,NA,NA,NA,NA,NA,N,4,0,1,2,A,-,11,21954,A,N,G,G,A,A,H,-,A,A,0,NA,Y,NA,NA,Y,NA,L,04,0,0,1,0,0,0,1,0,0,-,-,34.13597106933594,-117.28964233398438,SAN BERNARDINO,SAN BERNARDINO,-117.28964996337892,34.13597106933594
8711225,2018,2018-10-29,3610,2018-10-04,1726,50700,NA,4,5,6,3610,0,0,0,NA,0,POLICE,N LITTLE MOUNTAIN DR,MIRAMONTE DR,0,NA,Y,A,-,N,NA,NA,NA,NA,NA,NA,NA,NA,NA,Y,4,0,1,2,A,-,09,21801,A,N,D,C,A,A,H,-,A,D,0,NA,NA,NA,NA,Y,NA,A,07,0,0,1,0,0,0,0,0,0,-,-,34.140708923339844,-117.31504058837892,SAN BERNARDINO,SAN BERNARDINO,-117.31427001953124,34.142269134521484
8711521,2018,2018-11-06,3604,2018-10-13,1907,1154,NA,6,5,6,3604,0,0,0,NA,0,NA,DATE ST,ATHOL ST,0,NA,Y,A,-,N,NA,NA,NA,NA,NA,NA,NA,NA,NA,Y,4,0,2,2,A,-,09,21801,A,N,D,C,A,A,H,-,C,A,0,NA,NA,NA,NA,Y,NA,A,01,0,0,2,0,0,0,0,0,0,-,-,NA,NA,SAN BERNARDINO,FONTANA,-117.44663238525392,34.08852005004883
8712254,2018,2018-10-19,3610,2018-09-22,0214,51068,NA,6,5,6,3610,0,0,0,NA,0,DAVID,W 9TH ST,CRESCENT AV,105,W,N,A,-,N,NA,NA,NA,NA,NA,NA,NA,NA,NA,Y,4,0,1,2,A,-,03,22350,NA,N,C,C,A,A,H,-,C,D,0,NA,NA,NA,NA,Y,NA,A,01,0,0,1,0,0,0,0,0,0,-,-,34.11526107788086,-117.30010223388672,SAN BERNARDINO,SAN BERNARDINO,-117.30013275146484,34.115779876708984
8712437,2018,2018-10-18,3608,2018-09-25,1434,4298,NA,2,5,5,3608,0,0,0,NA,0,NA,CITRUS AV,CENTRAL AV,524,W,N,A,-,N,NA,NA,NA,NA,NA,NA,NA,NA,NA,N,3,0,1,2,A,-,11,21955,NA,N,G,B,D,A,H,-,A,D,0,Y,NA,NA,NA,Y,NA,N,60,0,1,0,0,1,0,0,0,0,-,-,NA,NA,SAN BERNARDINO,REDLANDS,-117.17057800292967,34.05554962158203
8715454,2018,2018-11-14,3600,2018-10-28,2250,G8602,VC034,7,5,5,3612,0,0,0,NA,0,VC1,11TH ST,C ST,0,NA,-,A,-,N,NA,NA,NA,NA,NA,NA,NA,NA,NA,Y,4,0,2,2,A,-,03,22350,NA,N,F,A,A,A,H,-,D,D,0,NA,NA,NA,NA,Y,NA,A,01,0,0,2,0,0,0,0,0,0,-,-,NA,NA,SAN BERNARDINO,VICTORVILLE,-117.2903289794922,34.532798767089844
8715466,2018,2018-11-14,3600,2018-10-08,2246,D3381,VC060,1,5,5,3612,0,0,0,NA,0,VC4,MONTE VISTA RD,LA MESA RD,0,NA,Y,A,-,N,NA,NA,NA,NA,NA,NA,NA,NA,NA,Y,4,0,1,1,A,-,03,22350,NA,N,F,J,A,A,H,-,A,A,0,NA,NA,NA,NA,Y,NA,A,01,0,0,1,0,0,0,0,0,0,-,-,NA,NA,SAN BERNARDINO,VICTORVILLE,-117.43480682373048,34.48480987548828
8715607,2018,2018-11-16,3602,2018-10-11,1745,3805,NA,4,5,5,3602,0,0,0,NA,0,001,PHILADELPHIA ST,MONTE VISTA AV,0,NA,Y,A,-,N,NA,NA,NA,NA,NA,NA,NA,NA,NA,Y,3,0,1,3,A,-,09,21801,A,N,D,C,A,A,H,-,A,A,0,NA,NA,NA,NA,Y,NA,A,01,0,1,0,0,0,0,0,0,0,-,-,NA,NA,SAN BERNARDINO,CHINO,-117.69815063476563,34.03351974487305
8715650,2018,2018-11-15,3602,2018-10-19,0453,3079,125,5,5,5,3602,0,0,0,NA,0,005,EL PRADO RD,GATES ST,12,E,N,A,-,N,NA,NA,NA,NA,NA,NA,NA,NA,NA,Y,4,0,3,3,A,-,03,22350,NA,N,C,C,A,A,H,-,C,D,0,NA,NA,NA,NA,Y,NA,A,01,0,0,3,0,0,0,0,0,0,-,-,NA,NA,SAN BERNARDINO,CHINO,-117.68171691894533,33.96965408325195
8715818,2018,2018-10-12,3600,2018-09-21,0656,F4772,VC051,5,5,5,3612,0,0,0,NA,0,VC6,VILLAGE CT,CLOVIS ST,12,N,N,A,-,N,NA,NA,NA,NA,NA,NA,NA,NA,NA,Y,4,0,1,2,A,-,08,22107,NA,N,-,C,A,A,H,-,-,A,0,NA,NA,NA,NA,Y,NA,A,01,0,0,1,0,0,0,0,0,0,-,-,NA,NA,SAN BERNARDINO,VICTORVILLE,-117.33876800537108,34.550453186035156
8719615,2018,2018-11-09,3610,2018-09-23,1710,50965,NA,7,5,6,3610,0,0,0,NA,0,CHARLI,EAST HIGHLAND AV,N VALENCIA AV,0,NA,Y,A,-,N,NA,NA,NA,NA,NA,NA,NA,NA,NA,Y,4,0,1,1,A,-,08,22107,NA,N,E,I,A,A,H,-,A,A,0,NA,NA,NA,NA,Y,NA,A,07,0,0,1,0,0,0,0,0,0,-,-,34.13589859008789,-117.27249145507813,SAN BERNARDINO,SAN BERNARDINO,-117.27252197265624,34.13589859008789
8719864,2018,2018-10-23,3600,2018-09-29,1849,D6180,HE214,6,5,5,3619,0,0,0,NA,0,HE2,PEACH AV,YUCCA ST,0,NA,Y,A,-,N,NA,NA,NA,NA,NA,NA,NA,NA,NA,Y,3,0,1,2,A,-,09,21802,A,N,D,C,A,A,H,-,B,A,0,NA,NA,NA,NA,Y,NA,A,01,0,1,0,0,0,0,0,0,0,-,-,NA,NA,SAN BERNARDINO,HESPERIA,-117.26084899902344,34.4168701171875
8719957,2018,2018-10-26,3608,2018-09-12,1317,3675,NA,3,5,5,3608,0,0,0,NA,0,NA,LASSEN ST,PENNSYLVANIA AV,0,NA,Y,A,-,N,NA,NA,NA,NA,NA,NA,NA,NA,NA,NA,4,0,1,2,A,-,11,21954,A,N,G,B,E,A,H,-,A,D,0,Y,NA,NA,NA,Y,NA,N,60,0,0,1,0,1,0,0,0,0,-,-,NA,NA,SAN BERNARDINO,REDLANDS,-117.1797103881836,34.073638916015625
8720121,2018,2018-12-07,3600,2018-08-12,1859,D3983,RC020,7,5,6,3616,0,0,0,NA,0,005,BASE LINE RD,MILLIKEN AV,252,E,N,A,-,N,NA,NA,NA,NA,NA,NA,NA,NA,NA,Y,4,0,1,2,A,-,03,22350,NA,N,C,D,A,A,H,-,B,A,0,NA,NA,NA,NA,Y,NA,A,07,0,0,1,0,0,0,0,0,0,-,-,NA,NA,SAN BERNARDINO,RANCHO CUCAMONGA,-117.55782318115234,34.1215705871582
8721026,2018,2018-11-05,3600,2018-09-24,1450,D3381,VC021,1,5,5,3612,0,0,0,NA,0,VC3,NISQUALLI RD,HESPERIA RD,0,NA,Y,A,-,N,NA,NA,NA,NA,NA,NA,NA,NA,NA,N,4,0,1,2,A,-,09,21804,A,N,B,C,A,A,H,-,A,A,0,NA,NA,NA,NA,Y,NA,D,22,0,0,1,0,0,0,0,0,0,-,-,NA,NA,SAN BERNARDINO,VICTORVILLE,-117.29015350341795,34.48550033569336
8722468,2018,2018-12-28,3600,2018-09-19,1202,G6193,RC059,3,5,6,3616,0,0,0,NA,0,006,FOOTHILL BL,RT 15,0,NA,Y,A,-,Y,SBD,8,15,-,-,5.294,R,4,N,N,4,0,1,2,A,-,03,22350,NA,N,C,C,A,A,H,-,A,A,0,NA,NA,NA,NA,Y,NA,A,01,0,0,1,0,0,0,0,0,0,-,NO,NA,NA,SAN BERNARDINO,RANCHO CUCAMONGA,-117.53204345703124,34.106231689453125
8723017,2018,2018-12-10,3611,2018-07-09,1351,2297,3611,1,5,5,3611,0,0,0,NA,0,004,FOOTHILL BL,W ALTA AV,0,NA,Y,A,-,N,NA,NA,NA,NA,NA,NA,NA,NA,NA,Y,4,0,1,3,A,-,03,22350,NA,M,B,D,A,A,H,-,A,A,0,NA,NA,NA,NA,Y,NA,A,01,0,0,1,0,0,0,0,0,0,-,-,NA,NA,SAN BERNARDINO,UPLAND,-117.63224029541016,34.10723876953125
8723062,2018,2018-11-02,3600,2018-09-07,0023,G7673,VC031,5,5,5,3612,0,0,0,NA,0,VC1,CULLEY ST,JOSHUA ST,127,N,N,A,-,N,NA,NA,NA,NA,NA,NA,NA,NA,NA,Y,3,0,1,2,A,-,03,22350,NA,F,G,B,E,A,H,-,D,D,0,Y,NA,NA,NA,Y,NA,A,01,0,1,0,0,1,0,0,0,0,-,-,NA,NA,SAN BERNARDINO,VICTORVILLE,-117.30184936523438,34.52473449707031
8723475,2018,2018-11-07,3611,2018-06-01,1342,2488,3611,5,5,5,3611,0,0,0,NA,0,004,CAMPUS AV,7TH ST,0,NA,Y,A,-,N,NA,NA,NA,NA,NA,NA,NA,NA,NA,N,3,0,1,2,A,-,05,21650,1,N,D,G,A,A,H,-,A,A,0,NA,Y,NA,NA,Y,NA,L,04,0,1,0,0,0,0,1,0,0,-,-,NA,NA,SAN BERNARDINO,UPLAND,-117.64144134521484,34.08884048461914
8723491,2018,2018-11-06,3611,2018-06-25,1320,3046,3611,1,5,5,3611,0,0,0,NA,0,003,EUCLID AV,16TH ST,177,N,N,A,-,N,NA,NA,NA,NA,NA,NA,NA,NA,NA,Y,3,0,1,1,A,-,01,23152,NA,N,B,J,A,A,H,-,A,A,0,NA,NA,NA,NA,Y,Y,A,01,0,1,0,0,0,0,0,0,0,-,-,NA,NA,SAN BERNARDINO,UPLAND,-117.65139770507813,34.12203598022461
8723516,2018,2018-11-07,3611,2018-07-04,0310,3191,3611,3,5,5,3611,0,0,0,NA,0,001,16TH ST,REDDING WY,0,NA,Y,A,-,N,NA,NA,NA,NA,NA,NA,NA,NA,NA,Y,3,0,1,3,A,-,01,23152,NA,N,B,E,A,A,H,-,C,A,0,NA,NA,NA,NA,Y,Y,A,01,0,1,0,0,0,0,0,0,0,-,-,NA,NA,SAN BERNARDINO,UPLAND,-117.65679168701172,34.12152099609375
8725973,2018,2018-11-07,3609,2018-09-18,0120,5491,RI151,2,5,5,3609,0,0,0,NA,0,004,RIALTO AV,DATE AV,0,NA,Y,A,-,N,NA,NA,NA,NA,NA,NA,NA,NA,NA,Y,3,0,1,1,A,-,01,23152,A,N,E,J,A,A,H,-,C,D,0,NA,NA,NA,NA,Y,Y,D,22,0,1,0,0,0,0,0,0,0,-,-,34.09885025024414,-117.36750030517578,SAN BERNARDINO,RIALTO,-117.3678970336914,34.09872055053711
8725982,2018,2018-11-07,3609,2018-09-29,0040,1514,RI091,6,5,5,3609,0,0,0,NA,0,001,N LINDEN AV,W CASMALIA ST,0,NA,Y,A,-,N,NA,NA,NA,NA,NA,NA,NA,NA,NA,Y,2,0,2,2,A,-,01,23152,A,N,D,C,A,A,H,-,C,A,0,NA,NA,NA,NA,Y,Y,A,01,1,0,1,0,0,0,0,0,0,-,-,NA,NA,SAN BERNARDINO,RIALTO,-117.4010009765625,34.13759994506836
8726516,2018,2018-11-08,3610,2018-10-10,1640,50700,NA,3,5,6,3610,0,0,0,NA,0,POLICE,E BASELINE ST,WATERMAN AV,175,E,N,A,-,N,NA,NA,NA,NA,NA,NA,NA,NA,NA,Y,4,0,3,2,A,-,03,22350,NA,N,C,C,A,A,H,-,A,D,0,NA,NA,NA,NA,Y,NA,A,01,0,0,3,0,0,0,0,0,0,-,-,34.12133026123047,-117.2788314819336,SAN BERNARDINO,SAN BERNARDINO,-117.27821350097656,34.12133026123047
8726544,2018,2018-11-08,3610,2018-10-08,2500,51055,NA,1,5,6,3610,0,0,0,NA,0,POLICE,W 20TH ST,N MEDICAL CENTER DR,0,NA,Y,A,-,N,NA,NA,NA,NA,NA,NA,NA,NA,NA,Y,4,0,1,2,A,-,09,21804,A,N,D,C,A,A,H,-,A,D,0,NA,NA,NA,NA,Y,NA,A,01,0,0,1,0,0,0,0,0,0,-,-,34.13328170776367,-117.32259368896484,SAN BERNARDINO,SAN BERNARDINO,-117.32257080078124,34.13383102416992
8726843,2018,2018-11-13,3602,2018-09-26,0723,1127,NA,3,5,5,3602,0,0,0,NA,0,NA,EUCLID AV,EDISON AV,0,NA,Y,A,-,N,NA,NA,NA,NA,NA,NA,NA,NA,NA,Y,4,0,1,2,A,-,09,21801,A,N,A,C,A,A,H,-,A,A,0,NA,NA,NA,Y,Y,NA,A,07,0,0,1,0,0,0,0,0,0,-,-,NA,NA,SAN BERNARDINO,CHINO,-117.65088653564452,33.99755096435547
8726851,2018,2018-11-13,3602,2018-09-24,1835,1127,NA,1,5,5,3602,0,0,0,NA,0,005,EUCLID AV,SCHAEFER AV,0,NA,Y,A,-,N,NA,NA,NA,NA,NA,NA,NA,NA,NA,Y,3,0,2,2,A,-,12,21453,A,N,D,C,A,A,H,-,B,A,0,NA,NA,NA,NA,Y,NA,A,01,0,1,1,0,0,0,0,0,0,-,-,NA,NA,SAN BERNARDINO,CHINO,-117.65091705322266,34.00476837158203
8727072,2018,2018-11-19,3600,2018-10-13,2027,C7143,RC020,6,5,6,3616,0,0,0,NA,0,005,HAVEN AV,CHURCH ST,0,NA,Y,A,-,N,NA,NA,NA,NA,NA,NA,NA,NA,NA,N,4,0,1,2,A,-,12,21453,A,N,D,C,A,A,H,-,C,A,0,NA,NA,NA,NA,Y,NA,A,01,0,0,1,0,0,0,0,0,0,-,-,NA,NA,SAN BERNARDINO,RANCHO CUCAMONGA,-117.57598876953124,34.114078521728516
8727793,2018,2018-11-02,3600,2018-10-05,1159,E7440,HI018,5,5,4,3618,0,0,0,NA,0,HI3,BASELINE ST,BOULDER AV,0,NA,Y,A,-,N,NA,NA,NA,NA,NA,NA,NA,NA,NA,N,4,0,1,2,A,-,12,21453,A,N,B,C,A,A,H,-,A,A,0,NA,NA,NA,NA,Y,NA,A,01,0,0,1,0,0,0,0,0,0,-,-,NA,NA,SAN BERNARDINO,HIGHLAND,-117.19562,34.12123
8728348,2018,2018-11-08,3600,2018-09-05,1153,C9389,LL013,3,5,3,3615,0,0,0,NA,0,LL1,BARTON RD,MOUNTAIN  VIEW AV,0,NA,Y,A,-,N,NA,NA,NA,NA,NA,NA,NA,NA,NA,N,4,0,1,2,A,-,09,21804,A,N,D,C,A,A,H,-,A,A,0,NA,NA,NA,NA,Y,NA,A,07,0,0,1,0,0,0,0,0,0,-,-,NA,NA,SAN BERNARDINO,LOMA LINDA,-117.24362182617188,34.04846954345703
8728909,2018,2018-11-09,3610,2018-10-14,1855,51141,NA,7,5,6,3610,0,0,0,NA,0,POLICE,E 9TH ST,BOBBETT DR,300,W,N,A,-,N,NA,NA,NA,NA,NA,NA,NA,NA,NA,Y,4,0,1,3,A,-,08,22107,NA,N,D,C,A,A,H,-,C,D,0,NA,NA,NA,NA,Y,NA,A,01,0,0,1,0,0,0,0,0,0,-,-,34.115699768066406,-117.27018737792967,SAN BERNARDINO,SAN BERNARDINO,-117.26911926269533,34.115760803222656
8729515,2018,2018-11-19,3610,2018-10-21,1456,50789,NA,7,5,6,3610,0,0,0,NA,0,POLICE,W 14TH ST,N E ST,0,NA,Y,A,-,N,NA,NA,NA,NA,NA,NA,NA,NA,NA,NA,3,0,1,2,A,-,09,21802,A,N,D,C,A,A,H,-,A,A,0,NA,NA,NA,NA,Y,NA,A,01,0,1,0,0,0,0,0,0,0,-,-,34.125770568847656,-117.29415130615234,SAN BERNARDINO,SAN BERNARDINO,-117.29418182373048,34.12575149536133
8729536,2018,2018-11-19,3610,2018-10-16,1743,50709,NA,2,5,6,3610,0,0,0,NA,0,ADAM,N J ST,W RIALTO AV,0,NA,Y,A,-,N,NA,NA,NA,NA,NA,NA,NA,NA,NA,N,4,0,1,2,A,-,09,21801,A,N,D,C,A,A,H,-,A,B,0,NA,NA,NA,Y,Y,NA,A,01,0,0,1,0,0,0,0,0,0,-,-,34.10081100463867,-117.3053970336914,SAN BERNARDINO,SAN BERNARDINO,-117.30541229248048,34.10084915161133
8729580,2018,2018-11-16,3610,2018-10-27,1124,50789,NA,6,5,6,3610,0,0,0,NA,0,BAKER,WEST HIGHLAND AV,NORTH ARROWHEAD AV,0,NA,Y,A,-,N,NA,NA,NA,NA,NA,NA,NA,NA,NA,Y,4,0,1,2,A,-,09,21801,A,N,D,C,A,-,H,-,A,A,0,NA,NA,NA,NA,Y,NA,A,01,0,0,1,0,0,0,0,0,0,-,-,34.13597106933594,-117.28964233398438,SAN BERNARDINO,SAN BERNARDINO,-117.28964996337892,34.13597106933594