CASE_ID,ACCIDENT_YEAR,PROC_DATE,JURIS,COLLISION_DATE,COLLISION_TIME,OFFICER_ID,REPORTING_DISTRICT,DAY_OF_WEEK,CHP_SHIFT,POPULATION,CNTY_CITY_LOC,SPECIAL_COND,BEAT_TYPE,CHP_BEAT_TYPE,CITY_DIVISION_LAPD,CHP_BEAT_CLASS,BEAT_NUMBER,PRIMARY_RD,SECONDARY_RD,DISTANCE,DIRECTION,INTERSECTION,WEATHER_1,WEATHER_2,STATE_HWY_IND,CALTRANS_COUNTY,CALTRANS_DISTRICT,STATE_ROUTE,ROUTE_SUFFIX,POSTMILE_PREFIX,POSTMILE,LOCATION_TYPE,RAMP_INTERSECTION,SIDE_OF_HWY,TOW_AWAY,COLLISION_SEVERITY,NUMBER_KILLED,NUMBER_INJURED,PARTY_COUNT,PRIMARY_COLL_FACTOR,PCF_CODE_OF_VIOL,PCF_VIOL_CATEGORY,PCF_VIOLATION,PCF_VIOL_SUBSECTION,HIT_AND_RUN,TYPE_OF_COLLISION,MVIW,PED_ACTION,ROAD_SURFACE,ROAD_COND_1,ROAD_COND_2,LIGHTING,CONTROL_DEVICE,CHP_ROAD_TYPE,PEDESTRIAN_ACCIDENT,BICYCLE_ACCIDENT,MOTORCYCLE_ACCIDENT,TRUCK_ACCIDENT,NOT_PRIVATE_PROPERTY,ALCOHOL_INVOLVED,STWD_VEHTYPE_AT_FAULT,CHP_VEHTYPE_AT_FAULT,COUNT_SEVERE_INJ,COUNT_VISIBLE_INJ,COUNT_COMPLAINT_PAIN,COUNT_PED_KILLED,COUNT_PED_INJURED,COUNT_BICYCLIST_KILLED,COUNT_BICYCLIST_INJURED,COUNT_MC_KILLED,COUNT_MC_INJURED,PRIMARY_RAMP,SECONDARY_RAMP,LATITUDE,LONGITUDE,COUNTY,CITY,POINT_X,POINT_Y
90564068,2017,2017-10-05,9865,2017-10-02,1207,013542,NA,1,1,9,3600,0,1,3,NA,1,034,SR-18,PARADISE WAY,14256,N,N,A,-,Y,NA,NA,18,NA,NA,NA,NA,NA,NA,Y,4,0,1,1,A,-,08,22107,NA,N,E,I,A,A,H,-,A,D,0,NA,NA,NA,NA,Y,NA,A,07,0,0,1,0,0,0,0,0,0,-,-,34.28868,-116.82076,SAN BERNARDINO,UNINCORPORATED,-116.82074541,34.2886959
90522109,2017,2017-08-14,9865,2017-08-04,1900,021064,NA,5,2,9,3600,0,3,5,NA,2,002,LIVE OAK DRIVE,FERNDALE DRIVE,1584,S,N,A,-,N,NA,NA,NA,NA,NA,NA,NA,NA,NA,Y,2,0,1,1,A,-,08,22107,NA,N,E,I,A,A,H,-,B,D,0,NA,NA,NA,NA,Y,NA,B,08,1,0,0,0,0,0,0,0,0,-,-,34.20527,-117.13937,SAN BERNARDINO,UNINCORPORATED,-117.13928511,34.20528657
90524377,2017,2017-08-16,9865,2017-08-09,1717,014696,NA,3,2,9,3600,0,1,3,NA,1,039,SR-38,BUFFLEHEAD DR,0,NA,Y,A,-,Y,NA,NA,38,NA,NA,NA,NA,NA,NA,N,4,0,2,2,A,-,09,21802,A,M,D,C,A,A,H,-,A,A,0,NA,NA,NA,NA,Y,NA,A,01,0,0,2,0,0,0,0,0,0,-,-,34.26121,-116.8276,SAN BERNARDINO,UNINCORPORATED,-116.82759985,34.26126933
90525473,2017,2017-08-17,9834,2017-08-12,0748,016267,NA,6,1,9,3600,0,1,1,NA,2,042,I-40 E/B,WATER RD,3010,W,N,A,-,Y,NA,NA,40,NA,NA,NA,NA,NA,E,Y,2,0,2,1,A,-,08,22107,NA,N,F,A,A,A,H,-,A,D,0,NA,NA,NA,NA,Y,NA,A,07,1,1,0,0,0,0,0,0,0,-,-,34.84259,-114.97908,SAN BERNARDINO,UNINCORPORATED,-114.97907045,34.84255568
90566106,2017,2017-11-27,9860,2017-08-20,1959,020596,NA,7,2,9,3600,0,3,5,NA,2,003,WATERMAN AVENUE,5TH STREET,103,S,N,A,-,N,NA,NA,NA,NA,NA,NA,NA,NA,NA,N,1,1,0,2,A,-,11,21954,A,F,G,B,D,A,H,-,B,A,0,Y,NA,NA,NA,Y,NA,N,60,0,0,0,1,0,0,0,0,0,-,-,34.10796,-117.27871,SAN BERNARDINO,UNINCORPORATED,-117.27877,34.10804783
90542994,2017,2017-09-07,9835,2017-08-29,1415,016787,NA,2,2,9,3600,0,1,1,NA,2,047,I-40 E/B,BRISTOL MOUNTAIN WASH,650,W,N,A,-,Y,NA,NA,40,NA,NA,NA,NA,NA,E,Y,4,0,1,2,A,-,07,21658,A,N,C,C,A,A,H,-,A,D,0,NA,NA,NA,Y,Y,NA,A,01,0,0,1,0,0,0,0,0,0,-,-,34.71924,-116.01106,SAN BERNARDINO,UNINCORPORATED,-116.01106682,34.71926512
9052663,2019,2020-10-27,3607,2019-02-27,1634,20169,450,3,5,6,3607,0,0,0,NA,0,071,RIVERSIDE DR,ARCHIBALD AV,0,NA,Y,A,-,N,NA,NA,NA,NA,NA,NA,NA,NA,NA,NA,4,0,1,2,A,-,21,22106,NA,N,C,C,A,-,H,-,A,A,0,NA,NA,NA,NA,Y,NA,A,01,0,0,1,0,0,0,0,0,0,-,-,NA,NA,SAN BERNARDINO,ONTARIO,-117.59319305419922,34.01913070678711
90534679,2017,2017-08-28,9860,2017-08-17,1835,021169,NA,4,2,6,3610,0,1,1,NA,2,214,I-215 S/B,I-10,2870,N,N,A,-,Y,NA,NA,215,NA,NA,NA,NA,NA,S,Y,3,0,1,5,A,-,07,21658,A,N,B,C,A,A,H,-,A,D,0,NA,NA,NA,NA,Y,NA,D,22,0,1,0,0,0,0,0,0,0,-,-,34.07225,-117.29574,SAN BERNARDINO,SAN BERNARDINO,-117.29576171,34.07225081
90569089,2017,2017-10-12,9835,2017-10-03,1520,017180,NA,2,2,9,3600,0,3,5,NA,2,034,YERMO RD,MULE CANYON RD,390,W,N,A,-,N,NA,NA,NA,NA,NA,NA,NA,NA,NA,N,3,0,1,1,A,-,08,22107,NA,N,F,A,A,A,H,-,A,D,0,NA,NA,NA,NA,Y,NA,D,22,0,1,0,0,0,0,0,0,0,-,-,34.90104,-116.86381,SAN BERNARDINO,UNINCORPORATED,-116.86517596,34.90104503
90555474,2017,2017-09-26,9860,2017-09-20,1750,016821,NA,3,2,9,3600,0,1,1,NA,2,102,I-10 E/B,SIERRA AVENUE,5280,E,N,A,-,Y,NA,NA,10,NA,NA,NA,NA,NA,E,Y,4,0,2,4,A,-,03,22350,NA,N,C,C,A,A,A,-,A,D,0,NA,NA,NA,NA,Y,NA,D,22,0,0,2,0,0,0,0,0,0,-,-,34.0675,-117.41842,SAN BERNARDINO,UNINCORPORATED,-117.4184177,34.06739854
90555628,2017,2017-09-26,9870,2017-09-14,0100,021782,NA,4,3,9,3600,0,1,3,NA,1,031,SR-62 (TWENTYNINE PALMS HIGHWAY),OUTPOST ROAD,147,E,N,A,-,Y,NA,NA,62,NA,NA,NA,NA,NA,NA,Y,3,0,1,1,A,-,08,22107,NA,N,E,I,A,A,H,-,C,D,0,NA,NA,NA,NA,Y,NA,A,01,0,1,0,0,0,0,0,0,0,-,-,34.13478,-116.32599,SAN BERNARDINO,UNINCORPORATED,-116.32599179,34.13496804
90572395,2017,2017-10-18,9855,2017-10-12,1245,017649,NA,4,1,5,3602,0,1,3,NA,2,603,SR-60 W/B (POMONA FWY),RESERVOIR DR.,900,E,N,A,-,Y,NA,NA,60,NA,NA,NA,NA,NA,W,Y,4,0,2,4,A,-,03,22350,NA,N,C,C,A,A,H,-,A,D,0,NA,NA,NA,Y,Y,NA,G,25,0,0,2,0,0,0,0,0,0,-,-,34.02495,-117.73026,SAN BERNARDINO,CHINO,-117.73026786,34.02521636
90572406,2017,2017-10-18,9860,2017-10-16,0815,017875,NA,1,1,6,3610,0,1,1,NA,2,214,I-215 S/B,5TH ST,528,S,N,A,-,Y,NA,NA,215,NA,NA,NA,NA,NA,S,N,4,0,1,2,A,-,03,22350,NA,N,C,C,A,A,H,-,A,D,0,NA,NA,NA,NA,Y,NA,A,01,0,0,1,0,0,0,0,0,0,-,-,34.10766,-117.30261,SAN BERNARDINO,SAN BERNARDINO,-117.30298603,34.10763548
90573088,2017,2017-10-18,9850,2017-10-16,0025,017775,NA,1,3,5,3612,0,1,1,NA,2,084,I-15 S/B,STODDARD WELLS ROAD,2640,N,N,A,-,Y,NA,NA,15,NA,NA,NA,NA,NA,S,Y,4,0,1,2,A,-,03,22350,NA,N,C,C,A,A,C,D,A,D,0,NA,NA,NA,NA,Y,NA,A,01,0,0,1,0,0,0,0,0,0,-,-,34.56724,-117.28079,SAN BERNARDINO,VICTORVILLE,-117.28082015,34.56726783
90537017,2017,2017-08-30,9860,2017-08-24,1005,012530,NA,4,1,5,3609,0,1,1,NA,2,201,SR-210 W/B,RIVERSIDE AVENUE O/C.,2533,E,N,A,-,Y,NA,NA,210,NA,NA,NA,NA,NA,W,N,4,0,2,2,A,-,07,21658,A,N,B,C,A,A,H,-,A,D,0,NA,NA,NA,NA,Y,NA,A,07,0,0,2,0,0,0,0,0,0,-,-,34.1364,-117.36182,SAN BERNARDINO,RIALTO,-117.36183042,34.13630584
90538307,2017,2017-08-31,9855,2017-08-23,1750,018727,NA,3,2,6,3607,0,1,1,NA,2,103,I-10 W/B (SAN BERNARDINO FWY),HAVEN AVE.,400,W,N,A,-,Y,NA,NA,10,NA,NA,NA,NA,NA,W,Y,4,0,1,2,A,-,03,22350,NA,N,C,C,A,A,H,-,A,D,0,NA,NA,NA,NA,Y,NA,A,01,0,0,1,0,0,0,0,0,0,-,-,34.06781,-117.57715,SAN BERNARDINO,ONTARIO,-117.57715302,34.06762105
90575032,2017,2017-10-20,9855,2017-10-15,1500,020367,NA,7,2,6,3607,0,1,1,NA,2,103,I-10 E/B (SAN BERNARDINO FWY),HAVEN AVE.,500,W,N,A,-,Y,NA,NA,10,NA,NA,NA,NA,NA,E,Y,3,0,1,2,A,-,08,22107,NA,N,B,C,A,A,H,-,A,D,0,NA,NA,NA,NA,Y,NA,A,01,0,1,0,0,0,0,0,0,0,-,-,34.06733,-117.58339,SAN BERNARDINO,ONTARIO,-117.58338884,34.06748661
90575429,2017,2017-10-23,9860,2017-10-14,2047,021138,NA,6,2,4,3640,0,1,1,NA,2,106,I-10 E/B TO LIVE OAK CANYON RD,LIVE OAK CANYON RD,40,W,N,A,-,Y,NA,NA,10,NA,NA,NA,R,NA,E,Y,3,0,1,2,C,-,18,NA,NA,N,G,J,E,A,H,-,C,D,0,Y,NA,NA,NA,Y,NA,-,-,0,1,0,0,1,0,0,0,0,-,-,34.01655,-117.09772,SAN BERNARDINO,YUCAIPA,-117.09772,34.01655
90578357,2017,2017-10-25,9860,2017-10-19,0950,017919,NA,4,1,9,3600,0,3,5,NA,2,004,SLOVER AVE,LOCUST AVE,715,W,N,A,-,N,NA,NA,NA,NA,NA,NA,NA,NA,NA,Y,4,0,1,1,A,-,08,22107,NA,N,E,I,A,A,H,-,A,D,0,NA,NA,NA,NA,Y,NA,A,08,0,0,1,0,0,0,0,0,0,-,-,34.06324,-117.41194,SAN BERNARDINO,UNINCORPORATED,-117.41186387,34.06314025
90538735,2017,2017-09-01,9855,2017-08-29,1705,016051,NA,2,2,5,3602,0,1,3,NA,2,603,SR-60 W/B (POMONA FWY),MOUNTAIN AVE.,2264,W,N,A,-,Y,NA,NA,60,NA,NA,NA,NA,NA,W,Y,4,0,1,2,A,-,08,22107,NA,N,E,I,A,A,H,-,A,D,0,NA,NA,NA,NA,Y,NA,D,22,0,0,1,0,0,0,0,0,0,-,-,34.03057,-117.67526,SAN BERNARDINO,CHINO,-117.67526008,34.03044848
90540846,2017,2017-09-05,9860,2017-09-02,0145,019269,NA,6,3,3,3615,0,1,1,NA,2,104,INTERSTATE 10 EASTBOUND,MOUNTAIN VIEW AVENUE,1100,W,N,A,-,Y,NA,NA,10,NA,NA,NA,NA,NA,E,Y,3,0,1,2,A,-,01,23152,A,N,C,C,A,A,H,-,D,D,0,NA,NA,NA,Y,Y,Y,A,01,0,1,0,0,0,0,0,0,0,-,-,34.06652,-117.24782,SAN BERNARDINO,LOMA LINDA,-117.24782015,34.06650126
90542074,2017,2017-09-06,9850,2017-08-31,1405,019908,NA,4,2,9,3600,0,1,3,NA,2,046,SR-247,HOLMES RD,630,N,N,A,-,Y,NA,NA,247,NA,NA,NA,NA,NA,NA,Y,4,0,1,1,A,-,08,22107,NA,N,F,A,A,A,H,-,A,D,0,NA,NA,NA,NA,Y,NA,A,01,0,0,1,0,0,0,0,0,0,-,-,34.47374,-116.94567,SAN BERNARDINO,UNINCORPORATED,-116.94552771,34.47373843
9055086,2020,2020-03-02,3600,2020-01-16,1704,F8535,YC403,4,5,4,3640,0,0,0,NA,0,003,14TH ST,AVE D,10,N,N,A,-,N,NA,NA,NA,NA,NA,NA,NA,NA,NA,Y,4,0,1,2,A,-,08,22107,NA,N,A,C,A,A,H,-,C,D,0,NA,NA,NA,NA,Y,NA,A,01,0,0,1,0,0,0,0,0,0,-,-,NA,NA,SAN BERNARDINO,YUCAIPA,-117.09545135498048,34.03026580810547
90586299,2017,2017-11-02,9855,2017-10-24,1500,016889,NA,2,2,6,3607,0,1,3,NA,2,601,SR-60 E/B (POMONA FWY),CAMPUS AVE.,50,E,N,A,-,Y,NA,NA,60,NA,NA,NA,NA,NA,E,Y,4,0,1,5,A,-,03,22350,NA,F,C,C,A,A,H,-,A,D,0,NA,NA,NA,NA,Y,NA,D,22,0,0,1,0,0,0,0,0,0,-,-,34.03028,-117.64121,SAN BERNARDINO,ONTARIO,-117.64121033,34.03034867
90550983,2017,2017-09-19,9855,2017-09-05,0920,020110,NA,2,1,6,3607,0,1,1,NA,2,101,I-10 W/B (SAN BERNARDINO FWY),ARCHIBALD AVE.,1200,E,N,A,-,Y,NA,NA,NA,NA,NA,NA,NA,NA,NA,Y,4,0,2,3,A,-,07,21658,A,N,B,C,A,A,H,-,A,D,0,NA,NA,NA,Y,Y,NA,-,31,0,0,2,0,0,0,0,0,0,-,-,34.45277,-117.3515,SAN BERNARDINO,ONTARIO,-117.58953851,34.06768296
90587278,2017,2017-11-06,9860,2017-10-31,0735,013945,NA,2,1,6,3610,0,1,1,NA,2,103,I-10 E/B,WATERMAN AVE,1320,W,N,B,-,Y,NA,NA,10,NA,NA,NA,NA,NA,E,Y,4,0,1,3,A,-,08,22107,NA,N,B,C,A,A,H,-,A,D,0,NA,NA,Y,NA,Y,NA,C,02,0,0,1,0,0,0,0,0,1,-,-,34.06409,-117.28255,SAN BERNARDINO,SAN BERNARDINO,-117.28253196,34.06386176
9055212,2020,2020-03-04,3602,2020-01-17,0017,3837,NA,5,5,5,3602,0,0,0,NA,0,002,PHILADELPHIA ST,BENSON AV,124,W,N,C,-,N,NA,NA,NA,NA,NA,NA,NA,NA,NA,Y,3,0,1,1,A,-,03,22350,NA,N,E,I,A,B,H,-,C,A,0,NA,NA,NA,NA,Y,NA,A,07,0,1,0,0,0,0,0,0,0,-,-,NA,NA,SAN BERNARDINO,CHINO,-117.68113708496094,34.03356170654297
90555392,2017,2017-09-25,9860,2017-09-20,0740,012530,NA,3,1,6,3610,0,1,1,NA,2,216,I-215 S/B,NINTH STREET O/C.,310,S,N,B,-,Y,NA,NA,215,NA,NA,NA,NA,NA,S,Y,3,0,2,3,A,-,08,22107,NA,N,B,C,A,A,H,-,A,D,0,NA,NA,NA,NA,Y,NA,A,01,0,1,1,0,0,0,0,0,0,-,-,34.11479,-117.30293,SAN BERNARDINO,SAN BERNARDINO,-117.30296764,34.1147899
90557859,2017,2017-09-28,9835,2017-09-27,0625,015842,NA,3,1,9,3600,0,1,1,NA,2,076,I-15 N/B,HALLORAN SUMMIT ROAD,1622,N,N,A,-,Y,NA,NA,15,NA,NA,NA,NA,NA,N,Y,3,0,1,1,A,-,08,22107,NA,N,E,I,A,A,H,-,A,D,0,NA,NA,NA,NA,Y,NA,A,01,0,1,0,0,0,0,0,0,0,-,-,35.40414,-115.78655,SAN BERNARDINO,UNINCORPORATED,-115.78658876,35.40424974
90558081,2017,2017-09-28,9855,2017-09-20,0057,020006,NA,3,3,6,3604,0,1,1,NA,2,153,I-15 N/B (ONTARIO FWY),SIERRA AVE.,1584,S,N,A,-,Y,NA,NA,15,NA,NA,NA,NA,NA,N,Y,3,0,1,2,A,-,03,22350,NA,N,C,C,A,A,H,-,D,D,0,NA,NA,NA,Y,Y,NA,A,01,0,1,0,0,0,0,0,0,0,-,-,34.17669,-117.44334,SAN BERNARDINO,FONTANA,-117.44334868,34.17670518
90561326,2017,2017-10-02,9860,2017-09-22,1205,021675,NA,5,1,9,3600,0,1,1,NA,2,152,I-15 S/B,OAK HILL RD,10560,S,N,A,-,Y,NA,NA,15,NA,NA,NA,NA,NA,S,Y,4,0,1,3,A,-,03,22350,NA,N,C,C,A,A,H,-,A,D,0,NA,NA,NA,NA,Y,NA,A,08,0,0,1,0,0,0,0,0,0,-,-,34.34416,-117.45814,SAN BERNARDINO,UNINCORPORATED,-117.45806659,34.34372622
90562638,2017,2017-10-04,9855,2017-09-26,1224,019732,NA,2,1,6,3616,0,1,1,NA,2,152,I-15 N/B TO BASELINE RD.,BASELINE RD.,15,S,N,A,-,Y,NA,NA,15,NA,NA,NA,R,NA,N,N,4,0,1,2,A,-,03,22350,NA,N,C,C,A,A,H,-,A,D,0,NA,NA,NA,NA,Y,NA,A,01,0,0,1,0,0,0,0,0,0,-,-,34.12118,-117.51289,SAN BERNARDINO,RANCHO CUCAMONGA,-117.51289,34.12118
90563925,2017,2017-10-05,9855,2017-09-29,0655,018313,NA,5,1,6,3604,0,1,1,NA,2,101,I-10 EB TO SIERRA AVE,SIERRA AVE.,200,W,N,A,-,Y,NA,NA,10,NA,NA,NA,R,NA,E,Y,4,0,3,3,A,-,03,22350,NA,N,C,C,A,A,H,-,A,D,0,NA,NA,NA,NA,Y,NA,A,01,0,0,3,0,0,0,0,0,0,-,-,34.06727,-117.43721,SAN BERNARDINO,FONTANA,-117.43721,34.06727
90564532,2017,2017-10-06,9855,2017-09-28,1654,017808,NA,4,2,6,3607,0,1,3,NA,2,601,SR-60 E/B (POMONA FWY),GROVE AVE.,1547,W,N,A,-,Y,NA,NA,60,NA,NA,NA,NA,NA,E,N,4,0,1,2,A,-,07,21658,A,N,C,C,A,A,H,-,A,D,0,NA,NA,Y,NA,Y,NA,A,01,0,0,1,0,0,0,0,0,1,-,-,34.03032,-117.63365,SAN BERNARDINO,ONTARIO,-117.63365003,34.03039315
90564543,2017,2017-10-06,9855,2017-09-26,0420,016215,NA,2,3,6,3604,0,1,1,NA,2,101,I-10 (W/B) FROM VALLEY BLVD,ETIWANDA AVE.,66,E,N,A,-,Y,NA,NA,10,NA,NA,NA,R,NA,NA,N,4,0,2,1,A,-,08,22107,NA,N,E,I,A,A,H,-,D,D,0,NA,NA,NA,NA,Y,NA,A,01,0,0,2,0,0,0,0,0,0,-,-,34.06784,-117.52378,SAN BERNARDINO,FONTANA,-117.52378,34.06784
90564550,2017,2017-10-06,9860,2017-09-26,2110,020518,NA,2,2,4,3618,0,1,1,NA,2,203,SR-210 E/B,PACIFIC ST. PED OVERCROSS,500,E,N,A,-,Y,NA,NA,210,NA,NA,NA,NA,NA,E,Y,3,0,1,2,A,-,03,22350,NA,F,C,C,A,A,H,-,C,D,0,NA,NA,NA,NA,Y,NA,A,07,0,1,0,0,0,0,0,0,0,-,-,34.1268,-117.20201,SAN BERNARDINO,HIGHLAND,-117.20210932,34.12674115
9056630,2020,2020-03-23,3605,2020-03-02,0541,401,NA,1,5,4,3605,0,0,0,NA,0,NA,FREMONT AV,EDISON POLE #4713603E,62,N,N,A,-,N,NA,NA,NA,NA,NA,NA,NA,NA,NA,Y,4,0,1,2,A,-,09,21804,A,N,D,C,A,B,H,-,B,D,0,NA,NA,NA,NA,Y,NA,A,01,0,0,1,0,0,0,0,0,0,-,-,NA,NA,SAN BERNARDINO,MONTCLAIR,NA,NA
9054337,2020,2020-03-09,3602,2020-01-25,1758,3800,NA,6,5,5,3602,0,0,0,NA,0,003,CENTRAL AV,BELL CT,34,S,N,A,-,N,NA,NA,NA,NA,NA,NA,NA,NA,NA,N,4,0,1,2,C,-,18,NA,NA,N,C,C,A,A,H,-,A,A,0,NA,NA,NA,NA,Y,NA,-,-,0,0,1,0,0,0,0,0,0,-,-,33.994998931884766,-117.68910217285156,SAN BERNARDINO,CHINO,-117.6890869140625,33.99488830566406
90555127,2017,2017-09-25,9860,2017-09-20,1923,020766,NA,3,2,9,3600,0,3,5,NA,2,003,3RD ST,PEDLEY RD,550,E,N,A,-,N,NA,NA,NA,NA,NA,NA,NA,NA,NA,Y,3,0,1,2,A,-,08,22107,NA,N,D,C,A,A,H,-,D,D,0,NA,NA,NA,NA,Y,NA,A,01,0,1,0,0,0,0,0,0,0,-,-,34.10441,-117.26523,SAN BERNARDINO,UNINCORPORATED,-117.26498872,34.10430001
9059861,2020,2020-03-04,3600,2020-01-03,1225,G6919,VC021,5,5,5,3612,0,0,0,NA,0,VC3,SILICA DR,HESPERIA RD,242,E,N,A,-,N,NA,NA,NA,NA,NA,NA,NA,NA,NA,Y,4,0,2,2,A,-,09,21804,NA,N,D,C,A,A,H,-,A,D,0,NA,NA,NA,NA,Y,NA,A,01,0,0,2,0,0,0,0,0,0,-,-,NA,NA,SAN BERNARDINO,VICTORVILLE,-117.29025268554688,34.478233337402344
90599420,2017,2017-11-21,9850,2017-11-03,0740,019176,NA,5,1,9,3600,0,1,3,NA,2,046,SR-247 S/B,HAYNES RD.,11088,N,N,A,-,Y,NA,NA,247,NA,NA,NA,NA,NA,S,Y,2,0,2,1,A,-,08,22107,NA,N,E,I,A,A,H,-,A,D,0,NA,NA,NA,NA,Y,NA,A,01,1,1,0,0,0,0,0,0,0,-,-,34.54844,-116.94896,SAN BERNARDINO,UNINCORPORATED,-116.94893147,34.54845843
90599638,2017,2017-11-21,9855,2017-11-11,1702,020006,NA,6,2,6,3607,0,1,1,NA,2,152,I-15 S/B (ONTARIO FWY),JURUPA ST.,500,S,N,A,-,Y,NA,NA,15,NA,NA,NA,NA,NA,S,Y,3,0,3,2,A,-,03,22350,NA,N,C,C,A,A,H,-,C,D,0,NA,NA,NA,NA,Y,NA,A,07,0,3,0,0,0,0,0,0,0,-,-,34.04518,-117.55037,SAN BERNARDINO,ONTARIO,-117.55040396,34.04518039
90601831,2017,2017-11-27,9860,2017-11-12,0325,021149,NA,7,3,3,3615,0,1,1,NA,2,104,I-10 W/B,MOUNTAIN VIEW AVE,360,W,N,A,-,Y,NA,NA,10,NA,NA,NA,NA,NA,W,Y,4,0,6,2,A,-,03,22350,NA,N,D,C,A,A,H,-,C,D,0,NA,NA,NA,NA,Y,NA,D,22,0,0,6,0,0,0,0,0,0,-,-,34.06667,-117.24509,SAN BERNARDINO,LOMA LINDA,-117.24509019,34.06673383
90601850,2017,2017-11-27,9860,2017-11-16,1710,020518,NA,4,2,6,3610,0,1,1,NA,2,214,I-215 S/B TO MILL ST.,MILL ST,20,N,N,A,-,Y,NA,NA,215,NA,NA,NA,R,NA,S,N,4,0,1,2,A,-,03,22350,NA,N,C,C,A,A,H,-,B,D,0,NA,NA,NA,NA,Y,NA,A,01,0,0,1,0,0,0,0,0,0,-,-,34.09232,-117.30362,SAN BERNARDINO,SAN BERNARDINO,-117.30362,34.09232
90601993,2017,2017-11-27,9860,2017-11-20,1815,020346,NA,1,2,6,3610,0,1,1,NA,2,103,I-10 E/B,WATERMAN AVE,300,W,N,A,-,Y,NA,NA,10,NA,NA,NA,NA,NA,E,N,3,0,1,2,A,-,03,22350,NA,N,C,C,A,A,H,-,A,D,0,NA,NA,NA,NA,Y,NA,A,01,0,1,0,0,0,0,0,0,0,-,-,34.06404,-117.28153,SAN BERNARDINO,SAN BERNARDINO,-117.28152222,34.06394158
90602027,2017,2017-11-27,9860,2017-11-20,1205,017919,NA,1,1,3,3690,0,1,1,NA,2,214,I-215 S/B,IOWA AVE,1425,N,N,A,-,Y,NA,NA,215,NA,NA,NA,NA,NA,S,Y,4,0,1,4,A,-,03,22350,NA,N,C,C,A,A,H,-,A,D,0,NA,NA,NA,NA,Y,NA,A,01,0,0,1,0,0,0,0,0,0,-,-,34.0273,-117.33245,SAN BERNARDINO,GRAND TERRACE,-117.33247695,34.02732954
90602382,2017,2017-11-27,9855,2017-11-14,2157,017570,NA,2,2,6,3607,0,1,1,NA,2,152,I-15 S/B (ONTARIO FWY),JURUPA ST.,2112,N,N,A,-,Y,NA,NA,15,NA,NA,NA,NA,NA,S,Y,4,0,3,2,A,-,03,22350,NA,N,C,C,A,A,H,-,C,D,0,NA,NA,NA,NA,Y,NA,A,01,0,0,3,0,0,0,0,0,0,-,-,34.05413,-117.54735,SAN BERNARDINO,ONTARIO,-117.54754355,34.05421944
90589128,2017,2017-11-07,9850,2017-10-31,0545,021758,NA,2,3,9,3600,0,3,5,NA,2,005,DUNCAN RD,WILSON RANCH RD,450,E,N,B,-,N,NA,NA,NA,NA,NA,NA,NA,NA,NA,Y,4,0,1,1,A,-,03,22350,NA,N,F,A,A,A,H,-,D,D,0,NA,NA,Y,NA,Y,NA,C,02,0,0,1,0,0,0,0,0,1,-,-,34.47043,-117.51943,SAN BERNARDINO,UNINCORPORATED,-117.51989128,34.47042831
90571360,2017,2017-10-16,9860,2017-10-08,1312,016646,NA,7,1,4,3603,0,1,1,NA,2,214,I-215 S/B,WASHINGTON STREET,107,S,N,A,-,Y,NA,NA,215,NA,NA,NA,NA,NA,S,Y,3,0,1,2,A,-,07,21658,A,N,B,C,A,A,H,-,A,D,0,NA,NA,NA,Y,Y,NA,F,25,0,1,0,0,0,0,0,0,0,-,-,34.04755,-117.30784,SAN BERNARDINO,COLTON,-117.307842,34.04755288
90573359,2017,2017-10-18,9855,2017-10-12,1510,016983,NA,4,2,5,3602,0,1,3,NA,2,603,SR-60 W/B (POMONA FWY),MOUNTAIN AVE.,1056,W,N,A,-,Y,NA,NA,60,NA,NA,NA,NA,NA,W,Y,4,0,1,4,A,-,03,22350,NA,N,C,C,A,A,H,-,A,D,0,NA,NA,NA,NA,Y,NA,A,01,0,0,1,0,0,0,0,0,0,-,-,34.03061,-117.67389,SAN BERNARDINO,CHINO,-117.6738901,34.03044763
90589616,2017,2017-11-07,9860,2017-10-25,0920,016821,NA,3,1,9,3600,0,1,1,NA,2,151,I-15 S/B,SYCAMORE CREEK DRIVE U/C,282,N,N,A,-,Y,NA,NA,15,NA,NA,NA,NA,NA,S,Y,2,0,1,3,A,-,03,22350,NA,N,C,E,E,A,H,-,A,D,0,Y,NA,NA,NA,Y,NA,A,01,1,0,0,0,1,0,0,0,0,-,-,34.18856,-117.42877,SAN BERNARDINO,UNINCORPORATED,-117.42872689,34.18849758
90574918,2017,2017-10-20,9855,2017-10-13,1043,016220,NA,5,1,6,3604,0,1,1,NA,2,101,I-10 W/B (SAN BERNARDINO FWY),CHERRY AVE.,350,E,N,A,-,Y,NA,NA,10,NA,NA,NA,NA,NA,W,N,4,0,2,2,A,-,03,22350,NA,N,C,C,A,A,H,-,A,D,0,NA,NA,NA,NA,Y,NA,A,01,0,0,2,0,0,0,0,0,0,-,-,34.06628,-117.48698,SAN BERNARDINO,FONTANA,-117.48698463,34.06616988
90611920,2017,2017-12-07,9860,2017-11-28,1410,016821,NA,2,2,9,3600,0,3,5,NA,2,004,LINDEN AVENUE,11TH STREET,0,NA,Y,A,-,Y,NA,NA,NA,NA,NA,NA,NA,NA,NA,Y,4,0,1,2,A,-,09,21802,A,N,D,C,A,A,H,-,A,A,0,NA,NA,NA,NA,Y,NA,A,01,0,0,1,0,0,0,0,0,0,-,-,34.04456,-117.40075,SAN BERNARDINO,UNINCORPORATED,-117.40074002,34.04452011
90578593,2017,2017-10-25,9865,2017-10-20,1530,021725,NA,5,2,9,3600,0,1,3,NA,2,015,SR-189,HWY SPUR,131,E,N,B,E,Y,NA,NA,189,NA,NA,NA,NA,NA,NA,Y,4,0,1,2,A,-,09,21804,A,N,D,C,A,B,H,-,A,D,0,NA,NA,NA,NA,Y,NA,A,01,0,0,1,0,0,0,0,0,0,-,-,34.24113,-117.22783,SAN BERNARDINO,UNINCORPORATED,-117.22784084,34.24109884