CASE_ID,ACCIDENT_YEAR,PROC_DATE,JURIS,COLLISION_DATE,COLLISION_TIME,OFFICER_ID,REPORTING_DISTRICT,DAY_OF_WEEK,CHP_SHIFT,POPULATION,CNTY_CITY_LOC,SPECIAL_COND,BEAT_TYPE,CHP_BEAT_TYPE,CITY_DIVISION_LAPD,CHP_BEAT_CLASS,BEAT_NUMBER,PRIMARY_RD,SECONDARY_RD,DISTANCE,DIRECTION,INTERSECTION,WEATHER_1,WEATHER_2,STATE_HWY_IND,CALTRANS_COUNTY,CALTRANS_DISTRICT,STATE_ROUTE,ROUTE_SUFFIX,POSTMILE_PREFIX,POSTMILE,LOCATION_TYPE,RAMP_INTERSECTION,SIDE_OF_HWY,TOW_AWAY,COLLISION_SEVERITY,NUMBER_KILLED,NUMBER_INJURED,PARTY_COUNT,PRIMARY_COLL_FACTOR,PCF_CODE_OF_VIOL,PCF_VIOL_CATEGORY,PCF_VIOLATION,PCF_VIOL_SUBSECTION,HIT_AND_RUN,TYPE_OF_COLLISION,MVIW,PED_ACTION,ROAD_SURFACE,ROAD_COND_1,ROAD_COND_2,LIGHTING,CONTROL_DEVICE,CHP_ROAD_TYPE,PEDESTRIAN_ACCIDENT,BICYCLE_ACCIDENT,MOTORCYCLE_ACCIDENT,TRUCK_ACCIDENT,NOT_PRIVATE_PROPERTY,ALCOHOL_INVOLVED,STWD_VEHTYPE_AT_FAULT,CHP_VEHTYPE_AT_FAULT,COUNT_SEVERE_INJ,COUNT_VISIBLE_INJ,COUNT_COMPLAINT_PAIN,COUNT_PED_KILLED,COUNT_PED_INJURED,COUNT_BICYCLIST_KILLED,COUNT_BICYCLIST_INJURED,COUNT_MC_KILLED,COUNT_MC_INJURED,PRIMARY_RAMP,SECONDARY_RAMP,LATITUDE,LONGITUDE,COUNTY,CITY,POINT_X,POINT_Y
90593264,2017,2017-11-13,9870,2017-11-05,1620,019709,NA,7,2,9,3600,0,3,5,NA,2,003,SUNBURST ST.,CHOLLITA RD.,1,S,N,A,-,N,NA,NA,NA,NA,NA,NA,NA,NA,NA,N,4,0,1,1,A,-,08,22107,NA,N,F,A,A,A,H,-,A,D,0,NA,NA,Y,NA,Y,NA,C,02,0,0,1,0,0,0,0,0,1,-,-,34.13744,-116.30866,SAN BERNARDINO,UNINCORPORATED,-116.3086,34.13746726
90614060,2017,2018-01-19,9835,2017-09-30,2010,21113,NA,6,2,9,3600,0,1,3,NA,1,019,SR-247 N/B,STODDARD WELLS RD,2.06,N,N,A,-,Y,NA,NA,247,NA,NA,NA,NA,NA,N,Y,1,1,0,2,A,-,11,21954,A,N,G,B,E,A,H,-,D,D,0,Y,NA,NA,NA,Y,Y,N,60,0,0,0,1,0,0,0,0,0,-,-,34.846,-117.0152,SAN BERNARDINO,UNINCORPORATED,-117.01531808,34.84607712
9058107,2019,2020-09-17,3600,2019-10-10,1057,F9714,YV015,4,5,3,3631,0,0,0,NA,0,YV1,RT 62,WARREN VISTA DR,355,W,N,A,-,Y,SBD,8,62,-,-,12.9,H,-,E,Y,4,0,1,3,A,-,03,22350,NA,N,C,C,A,A,H,-,A,A,0,NA,NA,NA,Y,Y,NA,F,26,0,0,1,0,0,0,0,0,0,-,-,34.12588119506836,-116.40619659423828,SAN BERNARDINO,YUCCA VALLEY,-116.40589141845705,34.125980377197266
90581674,2017,2017-10-30,9850,2017-10-18,2241,021422,NA,3,3,9,3600,0,3,5,NA,2,003,OCTILLO WAY,VALLEY VISTA AVENUE,695,E,N,A,-,N,NA,NA,NA,NA,NA,NA,NA,NA,NA,Y,2,0,1,1,A,-,01,23152,A,N,E,I,A,A,H,-,D,D,0,NA,NA,NA,NA,Y,Y,A,01,1,0,0,0,0,0,0,0,0,-,-,34.42836,-117.14343,SAN BERNARDINO,UNINCORPORATED,-117.14400269,34.4283655
90582895,2017,2017-10-30,9855,2017-10-22,0740,017313,NA,7,1,6,3604,0,1,1,NA,2,201,SR-210 W/B TO CHERRY AVENUE,CHERRY AVE.,575,E,N,A,-,Y,NA,NA,210,NA,NA,NA,R,NA,W,Y,4,0,1,1,A,-,08,22107,NA,N,F,A,A,A,H,-,A,D,0,NA,NA,NA,NA,Y,NA,A,01,0,0,1,0,0,0,0,0,0,-,-,34.13703,-117.48724,SAN BERNARDINO,FONTANA,-117.48724,34.13703
90568624,2017,2017-10-12,9850,2017-10-10,2135,020648,NA,2,2,9,3600,0,3,5,NA,2,005,RIDGECREST ROAD,CHINQUAPIN DRIVE,315,N,N,A,-,N,NA,NA,NA,NA,NA,NA,NA,NA,NA,Y,3,0,3,2,A,-,01,23152,A,N,A,C,A,A,H,-,D,D,0,NA,NA,NA,NA,Y,Y,A,01,0,3,0,0,0,0,0,0,0,-,-,34.50148,-117.27737,SAN BERNARDINO,UNINCORPORATED,-117.27732872,34.50151288
90616895,2017,2017-12-13,9855,2017-12-05,0636,015919,NA,2,1,6,3604,0,1,1,NA,2,201,SR-210 W/B TO I-15 S/B,CHERRY AVE.,1000,W,N,A,G,Y,NA,NA,210,NA,NA,NA,R,NA,W,Y,3,0,1,1,A,-,03,22350,NA,N,F,A,A,A,H,-,A,D,0,NA,NA,NA,Y,Y,NA,G,25,0,1,0,0,0,0,0,0,0,-,-,34.13812,-117.49054,SAN BERNARDINO,FONTANA,-117.49054,34.13812
90568976,2017,2017-10-12,9855,2017-10-11,1010,012480,NA,3,1,5,3611,0,1,1,NA,2,203,SR-210 W/B (FOOTHILL FWY),SR-83 (EUCLID AVE.),1056,E,N,A,-,Y,NA,NA,210,NA,NA,NA,NA,NA,W,N,4,0,1,1,A,-,08,22107,NA,N,E,I,A,A,H,-,A,A,0,NA,NA,NA,NA,Y,NA,A,01,0,0,1,0,0,0,0,0,0,-,-,34.13479,-117.64917,SAN BERNARDINO,UPLAND,-117.64917101,34.13487448
90587238,2017,2017-11-06,9850,2017-10-26,1155,017730,NA,4,1,5,3612,0,1,1,NA,2,083,1-15 N/B TO D STREET,D STREET,13,S,N,A,-,Y,NA,NA,NA,NA,NA,NA,NA,NA,NA,N,4,0,1,2,A,-,21,22106,NA,N,C,C,A,A,H,-,A,A,0,NA,NA,NA,NA,Y,NA,A,01,0,0,1,0,0,0,0,0,0,-,-,34.54434,-117.30045,SAN BERNARDINO,VICTORVILLE,NA,NA
90618956,2017,2017-12-18,9860,2017-12-16,1150,019429,NA,6,1,9,3600,0,1,1,NA,2,152,I-15 S/B,SR-138,1584,S,N,A,-,Y,NA,NA,15,NA,NA,NA,NA,NA,S,Y,3,0,3,2,A,-,03,22350,NA,N,C,C,A,A,H,-,A,D,0,NA,NA,NA,NA,Y,NA,A,07,0,1,2,0,0,0,0,0,0,-,-,34.30898,-117.47162,SAN BERNARDINO,UNINCORPORATED,-117.47164198,34.30895307
90619021,2017,2017-12-18,9860,2017-12-16,1415,020654,NA,6,2,5,3608,0,1,1,NA,2,105,I-10 E/B TO EUREKA ST.,EUREKA ST,520,W,N,A,-,Y,NA,NA,10,NA,NA,NA,R,NA,E,Y,4,0,1,3,A,-,03,22350,NA,N,C,C,A,A,H,-,A,D,0,NA,NA,NA,NA,Y,NA,D,22,0,0,1,0,0,0,0,0,0,-,-,34.06146,-117.18835,SAN BERNARDINO,REDLANDS,-117.18835,34.06146
90620024,2017,2017-12-19,9835,2017-12-14,0250,017111,NA,4,3,9,3600,0,1,1,NA,2,072,I-15 N/B,FIRST ST.,528,S,N,A,-,Y,NA,NA,NA,NA,NA,NA,NA,NA,NA,Y,2,0,2,1,A,-,01,23152,A,N,E,I,A,A,H,-,D,D,0,NA,NA,NA,NA,Y,Y,A,01,2,0,0,0,0,0,0,0,0,-,-,34.544200000000004,-116.4914,SAN BERNARDINO,UNINCORPORATED,-116.8205,34.91099
90588501,2017,2017-11-06,9860,2017-10-31,0750,014777,NA,2,1,5,3608,0,1,1,NA,2,203,SR-210 W/B,SAN BERNARDINO AVENUE,1238,W,N,B,-,Y,NA,NA,210,NA,NA,NA,NA,NA,W,Y,4,0,1,2,A,-,07,21658,A,N,B,C,A,A,H,-,A,D,0,NA,NA,Y,NA,Y,NA,A,01,0,0,1,0,0,0,0,0,1,-,-,34.08482,-117.2005,SAN BERNARDINO,REDLANDS,-117.20052987,34.08482009
90570311,2017,2017-10-13,9860,2017-10-06,1130,020654,NA,5,1,5,3608,0,1,1,NA,2,104,I-10 E/B,CALIFORNIA ST,2112,W,N,A,-,Y,NA,NA,10,NA,NA,NA,NA,NA,E,Y,4,0,2,2,A,-,03,22350,NA,N,C,C,A,A,H,-,A,D,0,NA,NA,NA,NA,Y,NA,A,01,0,0,2,0,0,0,0,0,0,-,-,34.06647,-117.23416,SAN BERNARDINO,REDLANDS,-117.23415996,34.06650703
90588722,2017,2017-11-07,9850,2017-10-17,1918,021516,NA,2,2,9,3600,0,2,4,NA,2,066,PHELAN RD,BEEKLEY RD,550,W,N,A,-,N,NA,NA,NA,NA,NA,NA,NA,NA,NA,N,3,0,1,1,A,-,08,22107,NA,N,F,A,A,A,H,-,D,D,0,NA,NA,Y,NA,Y,NA,C,02,0,1,0,0,0,0,0,0,1,-,-,34.42638,-117.59207,SAN BERNARDINO,UNINCORPORATED,-117.59185884,34.42637
90605456,2017,2017-11-29,9855,2017-11-19,2225,020664,NA,7,3,5,3611,0,1,1,NA,2,203,SR-210 W/B (FOOTHILL FWY),BENSON AVE.,2000,W,N,B,-,Y,NA,NA,210,NA,NA,NA,NA,NA,W,Y,3,0,1,1,A,-,01,23152,A,N,F,I,A,A,H,-,C,D,0,NA,NA,NA,NA,Y,Y,A,07,0,1,0,0,0,0,0,0,0,-,-,34.1292,-117.6861,SAN BERNARDINO,UPLAND,-117.68604564,34.12912303
90590172,2017,2017-11-08,9855,2017-10-31,0710,013860,NA,2,1,9,3600,0,1,3,NA,1,011,COTTONWOOD AVE.,IVY AVE.,0,NA,Y,B,-,N,NA,NA,NA,NA,NA,NA,NA,NA,NA,N,4,0,1,2,A,-,09,21801,A,N,D,C,A,A,H,-,A,D,0,NA,NA,NA,NA,Y,NA,D,22,0,0,1,0,0,0,0,0,0,-,-,34.1032,-117.5105,SAN BERNARDINO,UNINCORPORATED,-117.51058006,34.10321006
9062890,2020,2020-10-13,3604,2020-04-24,1241,1346,NA,5,5,6,3604,0,0,0,NA,0,NA,SIERRA,RANDALL,850,S,N,A,-,N,NA,NA,NA,NA,NA,NA,NA,NA,NA,N,3,0,1,2,A,-,08,22102,NA,N,D,C,A,A,H,-,A,D,0,NA,NA,NA,NA,Y,NA,D,22,0,1,0,0,0,0,0,0,0,-,-,NA,NA,SAN BERNARDINO,FONTANA,-117.43569183349608,34.08251953125
90591761,2017,2017-11-09,9860,2017-11-03,0550,018262,NA,5,3,6,3610,0,1,1,NA,2,214,I-215 S/B TO 2ND ST,3RD ST,65,S,N,B,-,Y,NA,NA,215,NA,NA,NA,R,NA,S,N,4,0,2,2,A,-,07,21658,A,N,B,C,A,A,H,-,C,A,0,NA,NA,NA,NA,Y,NA,J,48,0,0,2,0,0,0,0,0,0,-,-,34.10429,-117.30264,SAN BERNARDINO,SAN BERNARDINO,-117.30264,34.10429
90613496,2017,2017-12-11,9850,2017-11-23,1200,020817,NA,4,1,9,3600,0,3,5,NA,2,001,CASPIAN DR.,COUNTRY CLUB DR.,315,S,N,A,-,N,NA,NA,NA,NA,NA,NA,NA,NA,NA,N,4,0,1,2,A,-,03,22350,NA,N,C,C,A,A,H,-,A,D,0,NA,NA,NA,NA,Y,NA,A,07,0,0,1,0,0,0,0,0,0,-,-,34.49002,-117.2603,SAN BERNARDINO,UNINCORPORATED,-117.26031497,34.49010235
90593844,2017,2017-11-14,9860,2017-11-09,1330,020614,NA,4,1,6,3610,0,1,1,NA,2,214,INTERSTATE 215 SOUTHBOUND,MILL STREET,190,S,N,A,-,Y,NA,NA,215,NA,NA,NA,NA,NA,S,Y,3,0,1,3,A,-,03,22350,NA,N,C,C,A,A,H,-,A,D,0,NA,NA,NA,NA,Y,NA,A,08,0,1,0,0,0,0,0,0,0,-,-,34.09147,-117.30199,SAN BERNARDINO,SAN BERNARDINO,-117.3019989,34.09147019
90596529,2017,2017-11-17,9855,2017-11-08,1555,016889,NA,3,2,6,3604,0,1,1,NA,2,101,I-10 E/B (SAN BERNARDINO FWY),CYPRESS AVE.,100,E,N,B,-,Y,NA,NA,10,NA,NA,NA,NA,NA,E,N,4,0,1,2,A,-,03,22350,NA,N,C,C,A,A,H,-,A,D,0,NA,NA,NA,NA,Y,NA,A,01,0,0,1,0,0,0,0,0,0,-,-,34.06686,-117.44386,SAN BERNARDINO,FONTANA,-117.44385839,34.06680082
90630194,2017,2018-01-01,9860,2017-12-21,1240,019725,NA,4,1,9,3600,0,1,3,NA,1,380,SR-38,LINDA AVE,386,E,N,A,G,N,NA,NA,38,NA,NA,NA,NA,NA,NA,Y,4,0,1,1,A,-,08,22107,NA,N,E,I,A,A,H,-,A,D,0,NA,NA,NA,NA,Y,NA,A,01,0,0,1,0,0,0,0,0,0,-,-,34.06978,-117.10775,SAN BERNARDINO,UNINCORPORATED,-117.10775227,34.0696423
90596572,2017,2017-11-17,9855,2017-11-08,0535,016375,NA,3,3,6,3607,0,1,3,NA,2,601,SR-60 W/B (POMONA FWY),GROVE AVE.,400,E,N,A,-,Y,NA,NA,60,NA,NA,NA,NA,NA,W,N,4,0,1,2,A,-,03,22350,NA,N,C,C,A,A,H,-,B,D,0,NA,NA,NA,Y,Y,NA,D,22,0,0,1,0,0,0,0,0,0,-,-,34.03067,-117.62425,SAN BERNARDINO,ONTARIO,-117.62424982,34.03058996
90596686,2017,2017-11-17,9855,2017-11-08,1722,017808,NA,3,2,6,3616,0,1,1,NA,2,201,SR-210 W/B (FOOTHILL FWY),MILLIKEN AVE.,528,W,N,B,-,Y,NA,NA,210,NA,NA,NA,NA,NA,W,Y,3,0,2,2,A,-,03,22350,NA,N,C,C,A,A,H,-,D,D,0,NA,NA,NA,NA,Y,NA,A,01,0,1,1,0,0,0,0,0,0,-,-,34.13684,-117.5627,SAN BERNARDINO,RANCHO CUCAMONGA,-117.56270173,34.1367787
90597176,2017,2017-11-17,9855,2017-11-08,1350,019732,NA,3,1,6,3607,0,1,1,NA,2,103,I-10 E/B (SAN BERNARDINO FWY),HAVEN AVE.,550,W,N,B,-,Y,NA,NA,10,NA,NA,NA,NA,NA,E,Y,3,0,1,2,A,-,03,22350,NA,N,C,C,A,A,H,-,A,D,0,NA,NA,Y,NA,Y,NA,C,02,0,1,0,0,0,0,0,0,1,-,-,34.06748,-117.57956,SAN BERNARDINO,ONTARIO,-117.57956001,34.06747877
90597704,2017,2017-11-20,9835,2017-11-08,0705,17180,NA,3,1,9,3600,0,2,4,NA,1,018,FORT IRWIN RD,PARADISE VIEW RD,12672,N,N,A,-,N,NA,NA,NA,NA,NA,NA,NA,NA,NA,Y,2,0,1,1,A,-,06,21755,NA,N,E,I,A,A,H,-,A,D,0,NA,NA,NA,NA,Y,NA,A,01,1,0,0,0,0,0,0,0,0,-,-,35.13629,-116.78732,SAN BERNARDINO,UNINCORPORATED,-116.76105005,35.16810713
90634970,2017,2018-01-08,9855,2017-12-29,1520,020006,NA,5,2,6,3604,0,1,1,NA,2,101,I-10 W/B FROM SIERRA AVE,SIERRA AVE.,800,W,N,A,-,Y,NA,NA,10,NA,NA,NA,R,NA,W,Y,3,0,1,1,A,-,08,22107,NA,N,E,I,A,A,H,-,A,D,0,NA,NA,NA,NA,Y,NA,A,01,0,1,0,0,0,0,0,0,0,-,-,34.06726,-117.44059,SAN BERNARDINO,FONTANA,-117.44059,34.06726
90603106,2017,2017-11-27,9860,2017-11-23,1255,019321,NA,4,1,4,3640,0,1,1,NA,2,106,I-10 E/B,YUCAIPA BLVD,3696,W,N,A,-,Y,NA,NA,NA,NA,NA,NA,NA,NA,NA,Y,4,0,1,3,A,-,03,22350,NA,N,C,C,A,A,H,-,A,D,0,NA,NA,NA,NA,Y,NA,A,01,0,0,1,0,0,0,0,0,0,-,-,34.02992,-117.13118,SAN BERNARDINO,YUCAIPA,-117.13083606,34.02977719
9063607,2020,2021-08-03,3600,2020-02-15,1819,F8556,RC040,6,5,6,3616,0,0,0,NA,0,001,MONTE VISTA ST,AMETHYST AV,181,NA,N,A,-,N,NA,NA,NA,NA,NA,NA,NA,NA,NA,Y,3,0,1,3,A,-,01,23152,A,M,B,E,A,A,H,-,C,D,0,NA,NA,NA,NA,Y,Y,A,01,0,1,0,0,0,0,0,0,0,-,-,NA,NA,SAN BERNARDINO,RANCHO CUCAMONGA,-117.59822845458984,34.12757873535156
90606274,2017,2017-11-30,9855,2017-11-21,1328,019121,NA,2,1,5,3611,0,1,1,NA,2,103,I-10 W/B (SAN BERNARDINO FWY),EUCLID AVENUE,450,W,N,A,-,Y,NA,NA,10,NA,NA,NA,NA,NA,W,Y,4,0,1,4,A,-,03,22350,NA,N,C,C,A,A,H,-,A,D,0,NA,NA,NA,NA,Y,NA,A,01,0,0,1,0,0,0,0,0,0,-,-,34.08739,-117.65422,SAN BERNARDINO,UPLAND,-117.65422065999999,34.08743789
90606286,2017,2017-11-30,9855,2017-11-22,1810,019121,NA,3,2,6,3607,0,1,1,NA,2,101,I-10 E/B (SAN BERNARDINO FWY),ETIWANDA AVENUE,1584,W,N,A,-,Y,NA,NA,10,NA,NA,NA,NA,NA,E,N,4,0,4,2,A,-,03,22350,NA,N,C,C,A,A,H,-,A,D,0,NA,NA,NA,NA,Y,NA,A,07,0,0,4,0,0,0,0,0,0,-,-,34.06723,-117.5331,SAN BERNARDINO,ONTARIO,-117.53309996,34.0672477
90610694,2017,2017-12-05,9855,2017-11-27,1802,017808,NA,1,2,5,3611,0,1,1,NA,2,203,SR-210 E/B FROM MOUNTAIN AVE.,MOUNTAIN AVE.,384,E,N,B,-,Y,NA,NA,210,NA,NA,NA,R,NA,E,Y,4,0,2,2,A,-,03,22350,NA,N,C,C,A,A,H,-,D,A,0,NA,NA,NA,NA,Y,NA,A,01,0,0,2,0,0,0,0,0,0,-,-,34.1342,-117.66895,SAN BERNARDINO,UPLAND,-117.66895,34.1342
90638553,2018,2018-01-11,9860,2018-01-11,0822,016575,NA,4,1,6,3604,0,1,1,NA,2,102,I-10 W/B,SIERRA AVE. O/C,1550,E,N,A,-,Y,NA,NA,10,NA,NA,NA,NA,NA,W,Y,3,0,4,4,A,-,03,22350,NA,N,C,C,A,A,H,-,A,D,0,NA,NA,NA,NA,Y,NA,A,01,0,1,3,0,0,0,0,0,0,-,-,34.067378997802734,-117.42783355712892,SAN BERNARDINO,FONTANA,-117.42783355712892,34.06742858886719
90613191,2017,2017-12-08,9860,2017-11-29,1035,016821,NA,3,1,5,3609,0,1,1,NA,2,201,SR-210 E/B,PEPPER AVENUE,1070,E,N,B,-,Y,NA,NA,210,NA,NA,NA,NA,NA,E,Y,3,0,1,1,A,-,08,22107,NA,N,E,I,A,A,H,-,A,D,0,NA,NA,NA,NA,Y,NA,A,01,0,1,0,0,0,0,0,0,0,-,-,34.13426,-117.35201,SAN BERNARDINO,RIALTO,-117.35201079,34.13424162
90640752,2018,2018-01-16,9855,2018-01-09,0351,019732,NA,2,3,5,3611,0,1,1,NA,2,203,SR-210 W/B (FOOTHILL FWY),MOUNTAIN AVE.,1700,W,N,C,-,Y,NA,NA,210,NA,NA,NA,NA,NA,W,Y,3,0,3,2,A,-,03,22350,NA,N,C,C,A,B,H,-,C,D,0,NA,NA,NA,NA,Y,NA,A,01,0,2,1,0,0,0,0,0,0,-,-,34.13410949707031,-117.6767578125,SAN BERNARDINO,UPLAND,-117.67676544189452,34.134132385253906
90614497,2017,2017-12-11,9855,2017-11-30,1758,019121,NA,4,2,6,3607,0,1,1,NA,2,152,I-15 S/B (ONTARIO FWY),JURUPA STREET,400,S,N,A,-,Y,NA,NA,15,NA,NA,NA,NA,NA,S,N,4,0,1,2,A,-,03,22350,NA,N,F,A,A,A,H,-,C,D,0,NA,NA,Y,NA,Y,NA,C,02,0,0,1,0,0,0,0,0,1,-,-,34.04441,-117.55041,SAN BERNARDINO,ONTARIO,-117.55041271,34.04441003
90641869,2018,2018-01-17,9865,2018-01-09,0645,015271,NA,2,1,9,3600,0,1,3,NA,1,039,SR-38,LAKE WILLIAMS DR.,12672,W,N,D,-,Y,NA,NA,38,NA,NA,NA,NA,NA,NA,Y,3,0,1,1,A,-,03,22350,NA,N,E,I,A,C,H,-,B,A,0,NA,NA,NA,NA,Y,NA,D,22,0,1,0,0,0,0,0,0,0,-,-,34.215911865234375,-116.74996948242188,SAN BERNARDINO,UNINCORPORATED,-116.74994659423828,34.215946197509766
90616343,2017,2017-12-13,9855,2017-12-04,1925,018335,NA,1,2,6,3607,0,1,1,NA,2,152,I-15 N/B (ONTARIO FWY),JURUPA ST.,2640,S,N,G,-,Y,NA,NA,15,NA,NA,NA,NA,NA,N,Y,4,0,1,1,A,-,08,22107,NA,N,E,I,A,A,H,-,C,D,0,NA,NA,NA,NA,Y,NA,A,01,0,0,1,0,0,0,0,0,0,-,-,34.04146,-117.55009,SAN BERNARDINO,ONTARIO,-117.5500229,34.04146029
9061648,2020,2020-05-19,3608,2020-02-26,1005,4027,NA,3,5,5,3608,0,0,0,NA,0,NA,TEXAS ST,LUGONIA AV,450,W,N,A,-,N,NA,NA,NA,NA,NA,NA,NA,NA,NA,Y,3,0,1,2,A,-,08,22103,NA,N,D,A,A,A,H,-,A,D,0,NA,NA,NA,NA,Y,NA,A,07,0,1,0,0,0,0,0,0,0,-,-,NA,NA,SAN BERNARDINO,REDLANDS,-117.19116973876952,34.0700798034668
90642881,2018,2018-01-18,9855,2018-01-07,1735,020006,NA,7,2,6,3616,0,1,1,NA,2,152,I-15 N/B (ONTARIO FWY),FOOTHILL BLVD,1740,S,N,A,-,Y,NA,NA,15,NA,NA,NA,NA,NA,N,Y,2,0,3,2,A,-,03,22350,NA,N,C,C,A,A,H,-,D,D,0,NA,NA,NA,NA,Y,NA,A,01,1,1,1,0,0,0,0,0,0,-,-,34.10287094116211,-117.53604125976563,SAN BERNARDINO,RANCHO CUCAMONGA,-117.53607177734376,34.102909088134766
90618454,2017,2017-12-15,9855,2017-12-03,1303,020231,NA,7,1,6,3604,0,1,1,NA,2,101,I-10 W/B (SAN BERNARDINO FWY),CITRUS AVE.,200,E,N,A,-,Y,NA,NA,10,NA,NA,NA,NA,NA,W,Y,4,0,1,3,A,-,03,22350,NA,N,C,C,A,A,H,-,A,D,0,NA,NA,NA,NA,Y,NA,A,01,0,0,1,0,0,0,0,0,0,-,-,34.06696,-117.45199,SAN BERNARDINO,FONTANA,-117.45198864,34.06703042
90618800,2017,2017-12-18,9860,2017-12-07,0919,019251,NA,4,1,6,3610,0,1,1,NA,2,216,I-215 S/B,LITTLE LEAGUE DR,1584,S,N,A,G,Y,NA,NA,215,NA,NA,NA,NA,NA,S,Y,3,0,1,2,A,-,03,22350,NA,N,C,C,A,A,H,-,A,D,0,NA,NA,NA,NA,Y,NA,A,01,0,1,0,0,0,0,0,0,0,-,-,34.19567,-117.36797,SAN BERNARDINO,SAN BERNARDINO,-117.36789332,34.19576884
90625644,2017,2017-12-22,9860,2017-12-16,0208,021138,NA,6,3,5,3608,0,1,1,NA,2,105,I-10 E/B,WABASH AVE,300,W,N,A,-,Y,NA,NA,10,NA,NA,NA,NA,NA,E,Y,3,0,1,2,A,-,01,23152,A,N,C,C,A,A,H,-,D,D,0,NA,NA,NA,Y,Y,Y,A,01,0,1,0,0,0,0,0,0,0,-,-,34.03338,-117.13975,SAN BERNARDINO,REDLANDS,-117.13973235,34.03343235
90627785,2017,2017-12-27,9855,2017-12-19,1149,013860,NA,2,1,6,3607,0,1,1,NA,2,103,I-10 E/B (SAN BERNARDINO FWY),HAVEN AVE.,2000,W,N,A,-,Y,NA,NA,10,NA,NA,NA,NA,NA,E,Y,4,0,1,3,C,-,18,NA,NA,N,B,C,A,A,H,-,A,D,0,NA,NA,NA,Y,Y,NA,-,-,0,0,1,0,0,0,0,0,0,-,-,34.0674,-117.5826,SAN BERNARDINO,ONTARIO,-117.5825994,34.06748079
90629155,2017,2017-12-28,9855,2017-12-21,1840,020659,NA,4,2,6,3604,0,1,1,NA,2,101,I-10 E/B (SAN BERNARDINO FWY),I-15,1050,W,N,A,-,Y,NA,NA,NA,NA,NA,NA,NA,NA,NA,N,4,0,1,3,A,-,03,22350,NA,N,C,C,A,A,H,-,C,D,0,NA,NA,Y,NA,Y,NA,C,02,0,0,1,0,0,0,0,0,1,-,-,34.06731,-117.5411,SAN BERNARDINO,FONTANA,-117.54847506,34.06719069
90629181,2017,2017-12-28,9860,2017-12-18,1330,016821,NA,1,1,9,3600,0,3,5,NA,2,004,LINDEN AVENUE,SAN BERNARDINO AVENUE,10,S,N,A,-,N,NA,NA,NA,NA,NA,NA,NA,NA,NA,N,4,0,1,2,A,-,21,22106,NA,N,C,C,A,A,H,-,A,A,0,NA,NA,NA,NA,Y,NA,A,01,0,0,1,0,0,0,0,0,0,-,-,34.07768,-117.40083,SAN BERNARDINO,UNINCORPORATED,-117.40081968,34.0776526
9064547,2020,2020-03-24,3610,2020-01-26,1138,NA,NA,7,5,6,3610,0,0,0,NA,0,DAVID,E 6TH ST,SIERRA WY,138,W,N,B,-,N,NA,NA,NA,NA,NA,NA,NA,NA,NA,N,3,0,1,1,A,-,03,22350,NA,N,H,A,A,A,A,-,A,D,0,NA,NA,Y,NA,Y,NA,C,03,0,1,0,0,0,0,0,0,1,-,-,34.110191345214844,-117.28515625,SAN BERNARDINO,SAN BERNARDINO,-117.28514099121094,34.11017990112305
90629261,2017,2017-12-29,9860,2017-12-27,1310,016821,NA,3,1,4,3640,0,1,1,NA,2,106,I-10 E/B,YUCAIPA BOULEVARD,500,W,N,A,-,Y,NA,NA,10,NA,NA,NA,NA,NA,E,Y,4,0,1,3,A,-,03,22350,NA,N,C,C,A,A,H,-,A,D,0,NA,NA,NA,Y,Y,NA,F,26,0,0,1,0,0,0,0,0,0,-,-,34.02751,-117.12308,SAN BERNARDINO,YUCAIPA,-117.12308404,34.02748877
90614237,2017,2017-12-11,9855,2017-11-29,0725,016375,NA,3,1,6,3616,0,1,1,NA,2,203,SR-210 W/B (FOOTHILL FWY),ARCHIBALD AVE.,1056,E,N,A,-,Y,NA,NA,210,NA,NA,NA,NA,NA,W,N,4,0,1,2,A,-,03,22350,NA,N,C,C,A,A,H,-,A,D,0,NA,NA,NA,NA,Y,NA,A,01,0,0,1,0,0,0,0,0,0,-,-,34.135980000000004,-117.59305,SAN BERNARDINO,RANCHO CUCAMONGA,-117.59301853,34.13526357
9062987,2020,2020-07-07,3600,2020-03-02,0828,E6889,HE421,1,5,5,3619,0,0,0,NA,0,HE4,OXFORD ST,RANCHERO RD,3,S,N,A,-,N,NA,NA,NA,NA,NA,NA,NA,NA,NA,N,4,0,1,2,A,-,11,21950,B,N,G,B,B,A,H,-,A,D,0,Y,NA,NA,NA,Y,NA,N,60,0,0,1,0,1,0,0,0,0,-,-,NA,NA,SAN BERNARDINO,HESPERIA,-117.27703857421876,34.38380813598633
90633316,2018,2018-01-04,9855,2018-01-02,1429,017808,NA,2,2,6,3607,0,1,1,NA,2,103,I-10 E/B (SAN BERNARDINO FWY),ARCHIBALD AVE.,1320,E,N,A,-,Y,NA,NA,10,NA,NA,NA,NA,NA,E,Y,4,0,2,2,A,-,03,22350,NA,N,C,C,A,A,H,-,A,D,0,NA,NA,NA,NA,Y,NA,A,01,0,0,2,0,0,0,0,0,0,-,-,34.06739044189453,-117.58492279052734,SAN BERNARDINO,ONTARIO,-117.58492279052734,34.06749725341797