CASE_ID,ACCIDENT_YEAR,PROC_DATE,JURIS,COLLISION_DATE,COLLISION_TIME,OFFICER_ID,REPORTING_DISTRICT,DAY_OF_WEEK,CHP_SHIFT,POPULATION,CNTY_CITY_LOC,SPECIAL_COND,BEAT_TYPE,CHP_BEAT_TYPE,CITY_DIVISION_LAPD,CHP_BEAT_CLASS,BEAT_NUMBER,PRIMARY_RD,SECONDARY_RD,DISTANCE,DIRECTION,INTERSECTION,WEATHER_1,WEATHER_2,STATE_HWY_IND,CALTRANS_COUNTY,CALTRANS_DISTRICT,STATE_ROUTE,ROUTE_SUFFIX,POSTMILE_PREFIX,POSTMILE,LOCATION_TYPE,RAMP_INTERSECTION,SIDE_OF_HWY,TOW_AWAY,COLLISION_SEVERITY,NUMBER_KILLED,NUMBER_INJURED,PARTY_COUNT,PRIMARY_COLL_FACTOR,PCF_CODE_OF_VIOL,PCF_VIOL_CATEGORY,PCF_VIOLATION,PCF_VIOL_SUBSECTION,HIT_AND_RUN,TYPE_OF_COLLISION,MVIW,PED_ACTION,ROAD_SURFACE,ROAD_COND_1,ROAD_COND_2,LIGHTING,CONTROL_DEVICE,CHP_ROAD_TYPE,PEDESTRIAN_ACCIDENT,BICYCLE_ACCIDENT,MOTORCYCLE_ACCIDENT,TRUCK_ACCIDENT,NOT_PRIVATE_PROPERTY,ALCOHOL_INVOLVED,STWD_VEHTYPE_AT_FAULT,CHP_VEHTYPE_AT_FAULT,COUNT_SEVERE_INJ,COUNT_VISIBLE_INJ,COUNT_COMPLAINT_PAIN,COUNT_PED_KILLED,COUNT_PED_INJURED,COUNT_BICYCLIST_KILLED,COUNT_BICYCLIST_INJURED,COUNT_MC_KILLED,COUNT_MC_INJURED,PRIMARY_RAMP,SECONDARY_RAMP,LATITUDE,LONGITUDE,COUNTY,CITY,POINT_X,POINT_Y
9074599,2020,2020-07-20,3609,2020-04-05,1526,9826,RI093,7,5,5,3609,0,0,0,NA,0,001,BASELINE RD,LINDEN AV,0,NA,Y,B,-,N,NA,NA,NA,NA,NA,NA,NA,NA,NA,N,4,0,1,2,A,-,12,21453,NA,N,D,C,A,A,H,-,A,A,0,NA,NA,NA,NA,Y,NA,A,01,0,0,1,0,0,0,0,0,0,-,-,34.121421813964844,-117.40096282958984,SAN BERNARDINO,RIALTO,-117.62241363525392,34.1215705871582
9074616,2020,2020-07-17,3608,2020-04-13,1049,4707,3608,1,5,5,3608,0,0,0,NA,0,NA,SAN TIMOTEO CANYON RD,POLE #2162026E,42,W,N,B,-,N,NA,NA,NA,NA,NA,NA,NA,NA,NA,N,3,0,1,1,A,-,08,22107,NA,N,H,A,A,A,H,-,A,D,0,NA,NA,NA,NA,Y,NA,-,NA,0,1,0,0,0,0,0,0,0,-,-,NA,NA,SAN BERNARDINO,REDLANDS,NA,NA
90747507,2018,2018-06-13,9855,2018-06-05,0806,015919,NA,2,1,5,3611,0,1,1,NA,2,103,I-10 W/B FROM EUCLID AVENUE,SAN ANTONIO AVE.,1250,E,N,B,-,Y,NA,NA,10,NA,NA,NA,R,NA,W,Y,2,0,1,4,A,-,08,22107,NA,N,B,C,A,A,H,-,A,D,0,NA,NA,NA,Y,Y,NA,A,01,1,0,0,0,0,0,0,0,0,-,-,34.08747100830078,-117.65634155273438,SAN BERNARDINO,UPLAND,-117.65634155273438,34.08747100830078
90749601,2018,2018-08-02,9860,2018-06-07,0755,018858,NA,4,1,4,3603,0,1,1,NA,2,214,I-215 N/B,WASHINGTON ST,200,N,N,A,-,Y,NA,NA,215,NA,NA,NA,NA,NA,N,Y,4,0,1,3,A,-,03,22350,NA,N,C,C,A,A,H,-,A,D,0,NA,NA,NA,NA,Y,NA,A,01,0,0,1,0,0,0,0,0,0,-,-,34.048011779785156,-117.30686950683594,SAN BERNARDINO,COLTON,-117.3068618774414,34.04800033569336
90749853,2018,2018-06-18,9850,2018-06-12,0206,#19552,NA,2,3,9,3600,0,2,4,NA,2,055,NATIONAL TRAILS HIGHWAY,WILDERNESS CT.,1585,S,N,A,-,N,NA,NA,NA,NA,NA,NA,NA,NA,NA,Y,2,0,1,1,A,-,08,22107,NA,N,E,I,A,A,H,-,D,D,0,NA,NA,NA,NA,Y,NA,A,07,1,0,0,0,0,0,0,0,0,-,-,34.58509826660156,-117.33206176757813,SAN BERNARDINO,UNINCORPORATED,-117.33192443847656,34.5850715637207
90751806,2018,2018-06-20,9835,2018-06-06,0025,020150,NA,3,3,9,3600,0,1,1,NA,2,074,I-15 N/B,ZZYZX RD,7920,S,N,A,-,Y,NA,NA,15,NA,NA,NA,NA,NA,N,Y,3,0,1,1,A,-,08,22107,NA,N,E,I,A,A,H,-,D,D,0,NA,NA,NA,NA,Y,NA,A,01,0,1,0,0,0,0,0,0,0,-,-,35.18659973144531,-116.16230010986328,SAN BERNARDINO,UNINCORPORATED,-116.16230010986328,35.18660354614258
90752027,2018,2018-08-03,9855,2018-06-06,1805,019303,NA,3,2,6,3607,0,1,1,NA,2,103,I-10 E/B (SAN BERNARDINO FWY),HAVEN AVE.,5,W,N,A,-,Y,NA,NA,10,NA,NA,NA,NA,NA,E,N,3,0,1,2,A,-,03,22350,NA,F,C,C,A,A,H,-,A,D,0,NA,NA,NA,NA,Y,NA,-,99,0,1,0,0,0,0,0,0,0,-,-,34.06732177734375,-117.57556915283205,SAN BERNARDINO,ONTARIO,-117.57556915283205,34.06745910644531
90752653,2018,2018-06-21,9860,2018-06-12,2210,021392,NA,2,3,3,3615,0,1,1,NA,2,105,I-10 E/B,ALABAMA ST,1584,W,N,A,-,Y,NA,NA,NA,NA,NA,NA,NA,NA,NA,Y,3,0,1,3,A,-,07,21658,A,F,B,C,A,A,H,-,D,D,0,NA,NA,NA,Y,Y,NA,D,22,0,1,0,0,0,0,0,0,0,-,-,34.06647872924805,-117.2185516357422,SAN BERNARDINO,LOMA LINDA,-117.21396636962892,34.06650924682617
90752778,2018,2018-06-21,9860,2018-06-04,1630,016821,NA,1,2,6,3610,0,1,1,NA,2,103,I-10 W/B TO I-215,HUNTS LANE,500,E,N,A,-,Y,NA,NA,10,NA,NA,NA,R,NA,W,N,3,0,1,2,A,-,03,22350,NA,M,F,A,A,A,H,-,A,D,0,NA,NA,Y,NA,Y,NA,C,02,0,1,0,0,0,0,0,0,1,-,-,34.06394958496094,-117.28650665283205,SAN BERNARDINO,SAN BERNARDINO,-117.28650665283205,34.06394958496094
90753290,2018,2018-06-21,9835,2018-06-08,2020,020327,NA,5,2,9,3600,0,1,1,NA,2,073,I-15 S/B,FIELD RD.,2693,N,N,A,-,Y,NA,NA,15,NA,NA,NA,NA,NA,S,Y,3,0,3,2,A,-,01,23152,F,N,D,C,A,A,H,-,C,D,0,NA,NA,NA,Y,Y,NA,A,07,0,3,0,0,0,0,0,0,0,-,-,35.020118713378906,-116.50607299804688,SAN BERNARDINO,UNINCORPORATED,-116.50611877441406,35.02024841308594
90753609,2018,2018-06-22,9860,2018-06-01,1905,019725,NA,5,2,9,3600,0,1,3,NA,1,010,SR-138,SR-173,1575,W,N,A,-,Y,NA,NA,138,NA,NA,NA,NA,NA,NA,Y,3,0,1,1,A,-,08,22107,NA,N,F,A,A,A,H,-,A,D,0,NA,NA,NA,NA,Y,NA,A,07,0,1,0,0,0,0,0,0,0,-,-,34.314178466796875,-117.35105895996094,SAN BERNARDINO,UNINCORPORATED,-117.35102081298828,34.31438064575195
90753835,2018,2018-06-22,9860,2018-06-10,1230,018858,NA,7,1,9,3600,0,1,3,NA,1,380,SR-38,BRYANT ST,5280,W,N,A,-,Y,NA,NA,38,NA,NA,NA,NA,NA,NA,Y,4,0,1,1,A,-,08,22107,NA,N,F,A,A,A,H,-,A,D,0,NA,NA,Y,NA,Y,NA,C,02,0,0,1,0,0,0,0,0,1,-,-,34.076080322265625,-117.0651397705078,SAN BERNARDINO,UNINCORPORATED,-117.0651397705078,34.0760498046875
90753960,2018,2018-06-22,9860,2018-06-15,1450,019429,NA,5,2,6,3610,0,1,1,NA,2,202,SR-210 E/B,STERLING AVE,300,E,N,A,-,Y,NA,NA,210,NA,NA,NA,NA,NA,E,Y,4,0,1,2,A,-,03,22350,NA,N,C,C,A,A,H,-,A,D,0,NA,NA,NA,NA,Y,NA,D,22,0,0,1,0,0,0,0,0,0,-,-,34.13848114013672,-117.24266052246094,SAN BERNARDINO,SAN BERNARDINO,-117.24267578125,34.13844680786133
90756155,2018,2018-06-26,9835,2018-06-20,0205,017111,NA,3,3,9,3600,0,1,1,NA,2,047,I-40 W/B,CRUCERO RD,38544,E,N,A,-,Y,NA,NA,NA,NA,NA,NA,NA,NA,NA,Y,2,0,1,1,A,-,08,22107,NA,N,F,A,A,A,H,-,D,D,0,NA,NA,NA,Y,Y,NA,G,25,1,0,0,0,0,0,0,0,0,-,-,34.42580032348633,-116.23300170898438,SAN BERNARDINO,UNINCORPORATED,-116.03853607177734,34.71689987182617
90756875,2018,2018-06-27,9855,2018-06-15,1440,020110,NA,5,2,6,3616,0,1,1,NA,2,203,SR-210 E/B (FOOTHILL FWY),SAPPHIRE ST.,800,W,N,A,-,Y,NA,NA,210,NA,NA,NA,NA,NA,E,Y,4,0,1,3,A,-,03,22350,NA,N,C,C,A,A,H,-,A,D,0,NA,NA,NA,NA,Y,NA,A,01,0,0,1,0,0,0,0,0,0,-,-,34.13473892211914,-117.6260986328125,SAN BERNARDINO,RANCHO CUCAMONGA,-117.6260986328125,34.134765625
9075747,2020,2020-05-16,3605,2020-02-21,1258,431,NA,5,5,4,3605,0,0,0,NA,0,NA,MONTE VISTA AV,HOLT BL,48,N,N,A,-,N,NA,NA,NA,NA,NA,NA,NA,NA,NA,Y,4,0,1,2,A,-,08,22107,NA,N,D,C,A,A,H,-,A,A,0,NA,NA,NA,NA,Y,NA,A,01,0,0,1,0,0,0,0,0,0,-,-,NA,NA,SAN BERNARDINO,MONTCLAIR,-117.6982879638672,34.0633430480957
90707616,2018,2018-04-17,9870,2018-04-05,1800,021650,NA,4,2,9,3600,0,2,4,NA,2,042,AMBOY ROAD,MERIWETHER ROAD,27,W,N,A,-,N,NA,NA,NA,NA,NA,NA,NA,NA,NA,Y,2,0,1,2,A,-,03,22350,NA,N,C,C,A,A,H,-,A,D,0,NA,NA,NA,NA,Y,NA,A,01,1,0,0,0,0,0,0,0,0,-,-,34.16542053222656,-115.8523406982422,SAN BERNARDINO,UNINCORPORATED,-115.85230255126952,34.16545104980469
90708224,2018,2018-04-18,9855,2018-04-09,0740,15763,NA,1,1,5,3602,0,1,3,NA,2,603,SR-60 W/B (POMONA FWY),RESERVOIR STREET,2112,E,N,A,-,Y,NA,NA,60,NA,NA,NA,NA,NA,W,N,4,0,1,3,A,-,03,22350,NA,N,C,C,A,A,H,-,A,D,0,NA,NA,NA,NA,Y,NA,A,07,0,0,1,0,0,0,0,0,0,-,-,34.02585983276367,-117.72393798828124,SAN BERNARDINO,CHINO,-117.72394561767578,34.02588653564453
90759724,2018,2018-06-29,9860,2018-06-21,1640,020654,NA,4,2,6,3610,0,1,1,NA,2,103,I-10 W/B,WATERMAN AVE,1056,W,N,A,-,Y,NA,NA,10,NA,NA,NA,NA,NA,W,N,4,0,1,2,A,-,03,22350,NA,N,C,C,A,A,H,-,A,D,0,NA,NA,NA,NA,Y,NA,D,22,0,0,1,0,0,0,0,0,0,-,-,34.06415939331055,-117.2822265625,SAN BERNARDINO,SAN BERNARDINO,-117.2822265625,34.06417465209961
90760085,2018,2018-06-29,9865,2018-06-24,0915,020725,NA,7,1,9,3600,0,1,3,NA,1,022,SR-18,GREEN VALLEY LAKE RD,2112,N,N,A,-,Y,NA,NA,18,NA,NA,NA,NA,NA,NA,N,2,0,1,1,A,-,03,22350,NA,N,F,A,A,A,H,-,A,D,0,NA,NA,Y,NA,Y,NA,C,02,1,0,0,0,0,0,0,0,1,-,-,34.22515869140625,-117.05911254882813,SAN BERNARDINO,UNINCORPORATED,-117.05912017822266,34.225181579589844
90760342,2018,2018-07-02,9860,2018-06-24,0230,020626,NA,7,3,4,3618,0,1,1,NA,2,203,SR-210 W/B,PACIFIC ST. PEDESTRIAN O/C,65,E,N,A,-,Y,NA,NA,210,NA,NA,NA,NA,NA,W,Y,4,0,1,1,A,-,01,23152,A,N,E,I,A,A,H,-,C,D,0,NA,NA,NA,NA,Y,Y,A,01,0,0,1,0,0,0,0,0,0,-,-,34.12900161743164,-117.2035903930664,SAN BERNARDINO,HIGHLAND,-117.2035903930664,34.128997802734375
90763394,2018,2018-07-05,9855,2018-06-28,0740,014980,NA,4,1,6,3604,0,1,1,NA,2,101,I-10 W/B (SAN BERNARDINO FWY),ETIWANDA AVE.,10,W,N,A,-,Y,NA,NA,10,NA,NA,NA,NA,NA,W,N,4,0,1,2,A,-,07,21658,NA,N,B,C,A,A,H,-,A,D,0,NA,NA,Y,NA,Y,NA,A,01,0,0,1,0,0,0,0,0,1,-,-,34.06760025024414,-117.52442932128906,SAN BERNARDINO,FONTANA,-117.52442932128906,34.067684173583984
90764702,2018,2018-07-09,9860,2018-07-02,1345,020346,NA,1,1,5,3608,0,1,1,NA,2,106,I-10 E/B,WABASH AVE,200,E,N,A,-,Y,NA,NA,10,NA,NA,NA,NA,NA,E,Y,4,0,2,2,A,-,03,22350,NA,N,B,C,A,A,H,-,A,D,0,NA,NA,NA,NA,Y,NA,A,01,0,0,2,0,0,0,0,0,0,-,-,34.032108306884766,-117.13651275634766,SAN BERNARDINO,REDLANDS,-117.1364974975586,34.03214645385742
90765569,2018,2018-07-09,9860,2018-06-27,0415,021587,NA,3,3,5,3608,0,1,1,NA,2,104,I-10 W/B TO SR-210 W/B,NEW YORK ST,425,E,N,A,-,Y,NA,NA,10,NA,NA,NA,R,NA,W,Y,4,0,2,2,A,-,08,22107,NA,N,D,C,A,A,H,-,D,D,0,NA,NA,NA,NA,Y,NA,A,07,0,0,2,0,0,0,0,0,0,-,-,34.06258010864258,-117.19436645507813,SAN BERNARDINO,REDLANDS,-117.19436645507813,34.06258010864258
90769835,2018,2018-07-16,9860,2018-07-04,1510,020282,NA,3,2,4,3618,0,1,1,NA,2,202,SR-210 E/B,STERLING AVE,102,W,N,A,-,Y,NA,NA,NA,NA,NA,NA,NA,NA,NA,Y,3,0,1,4,A,-,03,22350,NA,N,C,C,A,A,H,-,A,D,0,NA,NA,NA,NA,Y,NA,A,07,0,1,0,0,0,0,0,0,0,-,-,34.13898849487305,-117.24407196044922,SAN BERNARDINO,HIGHLAND,-117.24397277832033,34.138973236083984
90772024,2018,2018-07-18,9855,2018-07-12,1745,018212,NA,4,2,6,3607,0,1,1,NA,2,152,I-15 S/B (ONTARIO FWY),JURUPA AVE,1056,N,N,A,-,Y,NA,NA,15,NA,NA,NA,NA,NA,S,N,4,0,1,2,A,-,03,22350,NA,N,C,C,A,A,H,-,A,D,0,NA,NA,NA,Y,Y,NA,G,25,0,0,1,0,0,0,0,0,0,-,-,34.05160140991211,-117.54891204833984,SAN BERNARDINO,ONTARIO,-117.54882049560548,34.05155944824219
90774609,2018,2018-07-23,9855,2018-07-14,0910,019303,NA,6,1,6,3604,0,1,1,NA,2,201,SR-210 E/B (FOOTHILL FWY),ETIWANDA AVE.,610,W,N,A,-,Y,NA,NA,NA,NA,NA,NA,NA,NA,NA,Y,3,0,3,3,A,-,08,22107,NA,N,C,E,A,A,H,-,A,D,0,NA,NA,NA,NA,Y,NA,D,22,0,3,0,0,0,0,0,0,0,-,-,34.136329650878906,-117.52973175048828,SAN BERNARDINO,FONTANA,-117.52549743652344,34.13625717163086
90778560,2018,2018-07-27,9860,2018-07-18,0705,016800,NA,3,1,4,3603,0,1,1,NA,2,214,I-215 SOUTHBOUND,IOWA AVE,1200,N,N,B,-,Y,NA,NA,215,NA,NA,NA,NA,NA,S,Y,3,0,1,3,A,-,03,22350,NA,N,C,C,A,A,D,-,A,D,0,NA,NA,NA,NA,Y,NA,D,22,0,1,0,0,0,0,0,0,0,-,-,34.02553939819336,-117.33419799804688,SAN BERNARDINO,COLTON,-117.33419036865234,34.02553176879883
90779380,2018,2018-07-30,9855,2018-07-22,1625,019947,NA,7,2,6,3607,0,1,1,NA,2,103,I-10 E/B (SAN BERNARDINO FWY),HAVEN AVE.,700,W,N,A,-,Y,NA,NA,10,NA,NA,NA,NA,NA,E,Y,4,0,1,3,A,-,03,22350,NA,N,C,C,A,A,H,-,A,D,0,NA,NA,NA,NA,Y,NA,A,01,0,0,1,0,0,0,0,0,0,-,-,34.0672492980957,-117.56710815429688,SAN BERNARDINO,ONTARIO,-117.56710815429688,34.06740951538086
90779571,2018,2018-07-30,9860,2018-07-22,0445,020572,NA,7,3,6,3610,0,1,1,NA,2,201,SR-210 E/B TO I-215,I-215,500,W,N,A,-,Y,NA,NA,210,NA,NA,NA,R,NA,E,Y,3,0,1,1,A,-,01,23152,A,N,E,I,A,A,H,-,C,D,0,NA,NA,NA,NA,Y,Y,A,01,0,1,0,0,0,0,0,0,0,-,-,34.138919830322266,-117.32554626464844,SAN BERNARDINO,SAN BERNARDINO,-117.32554626464844,34.138919830322266
90780635,2018,2018-07-31,9860,2018-07-24,1725,020346,NA,2,2,3,3615,0,1,1,NA,2,104,I-10 W/B,MOUNTAIN VIEW AVE,2500,E,N,A,-,Y,NA,NA,10,NA,NA,NA,NA,NA,W,N,4,0,1,2,A,-,03,22350,NA,N,C,C,A,A,H,-,A,D,0,NA,NA,NA,NA,Y,NA,D,22,0,0,1,0,0,0,0,0,0,-,-,34.06671142578125,-117.23760986328124,SAN BERNARDINO,LOMA LINDA,-117.23760986328124,34.06673812866211
90781895,2018,2018-08-01,9835,2018-06-05,2316,015807,NA,2,3,9,3600,0,1,1,NA,2,073,INTERSTATE 15 SOUTHBOUND,FIELD RD.,9926,S,N,A,-,Y,NA,NA,NA,NA,NA,NA,NA,NA,NA,Y,1,1,3,1,A,-,08,22107,NA,N,F,A,A,A,H,-,D,D,0,NA,NA,NA,NA,Y,NA,A,01,1,1,1,0,0,0,0,0,0,-,-,35.59450149536133,-116.34169769287108,SAN BERNARDINO,UNINCORPORATED,NA,NA
90783615,2018,2018-08-03,9855,2018-07-27,1615,020151,NA,5,2,9,3600,0,3,5,NA,2,001,MERRILL AVE.,GUAVA CT.,75,E,N,A,-,N,NA,NA,NA,NA,NA,NA,NA,NA,NA,N,4,0,1,2,A,-,03,22350,NA,N,C,C,A,A,H,-,A,D,0,NA,NA,NA,NA,Y,NA,A,01,0,0,1,0,0,0,0,0,0,-,-,34.092041015625,-117.46347808837892,SAN BERNARDINO,UNINCORPORATED,-117.46367645263672,34.09204864501953
90784134,2018,2018-08-03,9860,2018-07-26,0840,017018,NA,4,1,3,3690,0,1,1,NA,2,214,I-215 SOUTHBOUND,NEWPORT AVE,40,S,N,A,-,Y,NA,NA,215,NA,NA,NA,NA,NA,S,Y,3,0,1,2,A,-,08,22107,NA,N,C,C,A,A,D,E,A,D,0,NA,NA,NA,NA,Y,NA,A,01,0,1,0,0,0,0,0,0,0,-,-,34.03876876831055,-117.3194580078125,SAN BERNARDINO,GRAND TERRACE,-117.31951141357422,34.0388298034668
90784218,2018,2018-08-06,9860,2018-07-27,2115,021587,NA,5,2,9,3600,0,1,1,NA,2,151,I-15 N/B,CLEGHORN RD,10,S,N,A,-,Y,NA,NA,15,NA,NA,NA,NA,NA,N,N,4,0,2,3,A,-,03,22350,NA,N,C,C,A,A,H,-,D,D,0,NA,NA,NA,NA,Y,NA,A,07,0,0,2,0,0,0,0,0,0,-,-,34.299041748046875,-117.45741271972656,SAN BERNARDINO,UNINCORPORATED,-117.45748901367188,34.298980712890625
90784470,2018,2018-08-06,9835,2018-07-24,1237,020883,NA,2,1,9,3600,0,1,1,NA,2,077,I-15 N/B,NIPTON RD,10613,N,N,B,C,Y,NA,NA,15,NA,NA,NA,NA,NA,N,Y,3,0,3,1,A,-,03,22350,NA,N,F,A,A,B,H,-,A,D,0,NA,NA,NA,NA,Y,NA,A,01,0,2,1,0,0,0,0,0,0,-,-,35.463661193847656,-115.48072052001952,SAN BERNARDINO,UNINCORPORATED,-115.48068237304688,35.463741302490234
90787830,2018,2018-08-09,9855,2018-08-03,1545,017903,NA,5,2,5,3611,0,1,1,NA,2,203,SR-210 E/B (FOOTHILL FWY),MOUNTAIN AVE.,500,E,N,A,-,Y,NA,NA,NA,NA,NA,NA,NA,NA,NA,Y,3,0,1,2,A,-,07,21658,A,F,F,A,A,A,H,-,A,D,0,NA,NA,Y,NA,Y,NA,-,99,0,1,0,0,0,0,0,0,1,-,-,34.13650131225586,-117.52065277099608,SAN BERNARDINO,UPLAND,-117.66879272460938,34.13451385498047
90787886,2018,2018-08-09,9855,2018-07-31,1615,016889,NA,2,2,6,3607,0,1,1,NA,2,101,I-10 E/B (SAN BERNARDINO FWY),I-15 S/B (ONTARIO FWY),1900,W,N,B,-,Y,NA,NA,10,NA,NA,NA,NA,NA,E,N,3,0,1,1,A,-,08,22107,NA,N,F,A,A,A,H,-,A,D,0,NA,NA,Y,NA,Y,NA,C,02,0,1,0,0,0,0,0,0,1,-,-,34.06724166870117,-117.55166625976563,SAN BERNARDINO,ONTARIO,-117.55166625976563,34.06733703613281
90788892,2018,2018-08-13,9860,2018-08-09,1508,020654,NA,4,2,6,3610,0,1,1,NA,2,104,I-10 W/B,TIPPECANOE AVE,1056,W,N,B,-,Y,NA,NA,10,NA,NA,NA,NA,NA,W,Y,4,0,1,4,A,-,07,21658,A,N,B,C,A,A,H,-,A,D,0,NA,NA,NA,Y,Y,NA,A,07,0,0,1,0,0,0,0,0,0,-,-,34.064109802246094,-117.26477813720705,SAN BERNARDINO,SAN BERNARDINO,-117.26477813720705,34.064090728759766
90789504,2018,2018-08-13,9855,2018-08-01,1515,016889,NA,3,2,6,3607,0,1,1,NA,2,101,I-10 E/B (SAN BERNARDINO FWY),ETIWANDA AVE.,800,E,N,A,-,Y,NA,NA,10,NA,NA,NA,NA,NA,E,Y,3,0,1,3,A,-,03,22350,NA,N,C,C,A,A,H,-,A,D,0,NA,NA,NA,NA,Y,NA,A,01,0,1,0,0,0,0,0,0,0,-,-,34.0672492980957,-117.55558776855467,SAN BERNARDINO,ONTARIO,-117.55558776855467,34.06736373901367
90789793,2018,2018-08-13,9855,2018-08-04,0745,019303,NA,6,1,6,3607,0,1,1,NA,2,101,I-10 W/B (SAN BERNARDINO FWY),MILLIKEN AVE.,100,E,N,A,-,Y,NA,NA,10,NA,NA,NA,NA,NA,W,Y,4,0,1,2,A,-,03,22350,NA,N,C,C,A,A,H,-,A,D,0,NA,NA,NA,NA,Y,NA,D,22,0,0,1,0,0,0,0,0,0,-,-,34.06760025024414,-117.5575714111328,SAN BERNARDINO,ONTARIO,-117.5575714111328,34.067562103271484
90789831,2018,2018-08-13,9860,2018-08-06,0810,012530,NA,1,1,9,3600,0,3,5,NA,2,002,CAJON BLVD.,STATE STREET O/C.,293,S,N,A,-,N,NA,NA,NA,NA,NA,NA,NA,NA,NA,N,3,0,1,1,A,-,08,22107,NA,N,E,I,A,A,H,-,A,D,0,NA,NA,NA,NA,Y,NA,A,01,0,1,0,0,0,0,0,0,0,-,-,34.156070709228516,-117.33409881591795,SAN BERNARDINO,UNINCORPORATED,-117.3342514038086,34.15614318847656
90792317,2018,2018-08-16,9850,2018-08-11,1304,020758,NA,6,1,9,3600,0,2,4,NA,2,050,BALDY MESA RD,MESA ST,310,S,N,A,-,N,NA,NA,NA,NA,NA,NA,NA,NA,NA,Y,4,0,1,2,A,-,03,22350,NA,N,C,C,A,A,H,-,A,D,0,NA,NA,NA,NA,Y,NA,A,01,0,0,1,0,0,0,0,0,0,-,-,34.447479248046875,-117.45101165771484,SAN BERNARDINO,UNINCORPORATED,-117.45101928710938,34.447479248046875
90793253,2018,2018-09-12,9835,2018-05-29,1512,016227,NA,2,2,9,3600,0,3,5,NA,2,037,AMBOY RD.,NATIONAL TRAILS HWY,45936,S,N,A,-,N,NA,NA,NA,NA,NA,NA,NA,NA,NA,Y,1,1,3,2,A,-,06,21751,NA,N,A,C,A,A,H,-,A,D,0,NA,NA,NA,NA,Y,NA,A,01,1,2,0,0,0,0,0,0,0,-,-,34.43928909301758,-115.72577667236328,SAN BERNARDINO,UNINCORPORATED,-115.74346160888672,34.47827911376953
90793444,2018,2018-08-20,9860,2018-08-08,1758,016646,NA,3,2,4,3603,0,1,1,NA,2,214,I-215 N/B FROM WASHINGTON AVENUE,WASHINGTON STREET,350,N,N,A,-,Y,NA,NA,215,NA,NA,NA,R,NA,N,Y,4,0,1,2,A,-,03,22350,NA,N,C,C,A,A,H,-,A,A,0,NA,NA,NA,NA,Y,NA,A,01,0,0,1,0,0,0,0,0,0,-,-,34.04927062988281,-117.30458831787108,SAN BERNARDINO,COLTON,-117.30458831787108,34.04927062988281
90793449,2018,2018-08-20,9860,2018-08-11,2150,020856,NA,6,2,5,3608,0,1,1,NA,2,104,I-10 W/B,TENNESSEE ST,1800,E,N,A,-,Y,NA,NA,10,NA,NA,NA,NA,NA,W,Y,3,0,1,1,A,-,01,23152,A,N,E,I,A,A,H,-,C,D,0,NA,NA,NA,NA,Y,Y,A,01,0,1,0,0,0,0,0,0,0,-,-,34.062461853027344,-117.19423675537108,SAN BERNARDINO,REDLANDS,-117.19425201416016,34.06241226196289
90793453,2018,2018-08-20,9860,2018-08-11,0553,015207,NA,6,3,9,3600,0,3,5,NA,2,002,GOLONDRINA DR.,EUREKA ST.,80,N,N,A,-,N,NA,NA,NA,NA,NA,NA,NA,NA,NA,Y,3,0,1,3,A,-,01,23152,A,N,C,E,A,A,H,-,A,D,0,NA,NA,NA,NA,Y,Y,A,01,0,1,0,0,0,0,0,0,0,-,-,34.15262985229492,-117.24636840820313,SAN BERNARDINO,UNINCORPORATED,-117.24623870849608,34.15235900878906
90794224,2018,2018-08-20,9865,2018-08-14,1400,016179,NA,2,2,9,3600,0,1,3,NA,2,045,SR-38,JENKS LAKE RD WEST,11616,W,N,A,-,Y,NA,NA,38,NA,NA,NA,NA,NA,NA,Y,4,0,2,2,A,-,03,22350,NA,N,C,C,A,A,H,-,A,D,0,NA,NA,NA,NA,Y,NA,D,22,0,0,2,0,0,0,0,0,0,-,-,34.1597900390625,-116.9367904663086,SAN BERNARDINO,UNINCORPORATED,-116.93680572509766,34.15974044799805
90794663,2018,2018-08-21,9860,2018-08-13,0425,021169,NA,1,3,9,3600,0,1,1,NA,2,152,I-15 S/B,OAK HILL RD,10560,S,N,A,-,Y,NA,NA,15,NA,NA,NA,NA,NA,S,Y,4,0,1,2,A,-,03,22350,NA,N,C,C,A,A,H,-,D,D,0,NA,NA,NA,NA,Y,NA,A,01,0,0,1,0,0,0,0,0,0,-,-,34.344398498535156,-117.45654296875,SAN BERNARDINO,UNINCORPORATED,-117.45646667480467,34.34406661987305