CASE_ID,ACCIDENT_YEAR,PROC_DATE,JURIS,COLLISION_DATE,COLLISION_TIME,OFFICER_ID,REPORTING_DISTRICT,DAY_OF_WEEK,CHP_SHIFT,POPULATION,CNTY_CITY_LOC,SPECIAL_COND,BEAT_TYPE,CHP_BEAT_TYPE,CITY_DIVISION_LAPD,CHP_BEAT_CLASS,BEAT_NUMBER,PRIMARY_RD,SECONDARY_RD,DISTANCE,DIRECTION,INTERSECTION,WEATHER_1,WEATHER_2,STATE_HWY_IND,CALTRANS_COUNTY,CALTRANS_DISTRICT,STATE_ROUTE,ROUTE_SUFFIX,POSTMILE_PREFIX,POSTMILE,LOCATION_TYPE,RAMP_INTERSECTION,SIDE_OF_HWY,TOW_AWAY,COLLISION_SEVERITY,NUMBER_KILLED,NUMBER_INJURED,PARTY_COUNT,PRIMARY_COLL_FACTOR,PCF_CODE_OF_VIOL,PCF_VIOL_CATEGORY,PCF_VIOLATION,PCF_VIOL_SUBSECTION,HIT_AND_RUN,TYPE_OF_COLLISION,MVIW,PED_ACTION,ROAD_SURFACE,ROAD_COND_1,ROAD_COND_2,LIGHTING,CONTROL_DEVICE,CHP_ROAD_TYPE,PEDESTRIAN_ACCIDENT,BICYCLE_ACCIDENT,MOTORCYCLE_ACCIDENT,TRUCK_ACCIDENT,NOT_PRIVATE_PROPERTY,ALCOHOL_INVOLVED,STWD_VEHTYPE_AT_FAULT,CHP_VEHTYPE_AT_FAULT,COUNT_SEVERE_INJ,COUNT_VISIBLE_INJ,COUNT_COMPLAINT_PAIN,COUNT_PED_KILLED,COUNT_PED_INJURED,COUNT_BICYCLIST_KILLED,COUNT_BICYCLIST_INJURED,COUNT_MC_KILLED,COUNT_MC_INJURED,PRIMARY_RAMP,SECONDARY_RAMP,LATITUDE,LONGITUDE,COUNTY,CITY,POINT_X,POINT_Y
91756147,2022,2022-04-26,9860,2022-04-18,1455,020346,NA,1,2,5,3608,0,1,1,NA,2,106,I-10 E/B,WABASH AVE,100,E,N,A,-,Y,SBD,NA,10,NA,NA,34.305,H,NA,R,Y,4,0,1,2,A,-,03,22350,NA,N,C,C,A,A,H,-,A,D,0,NA,NA,NA,Y,Y,NA,D,22,0,0,1,0,0,0,0,0,0,-,-,34.03300094604492,-117.13858032226563,SAN BERNARDINO,REDLANDS,-117.13857269287108,34.03302001953125
91757617,2022,2022-04-27,9855,2022-03-31,2045,019183,NA,4,2,4,3605,0,3,5,NA,2,004,CENTRAL PLACE,CENTRAL AVENUE,6,E,N,A,-,N,NA,NA,NA,NA,NA,NA,NA,NA,NA,N,2,0,1,2,A,-,05,21650,NA,F,D,G,A,A,H,-,C,D,0,NA,Y,NA,NA,Y,NA,L,04,1,0,0,0,0,0,1,0,0,-,-,34.0577392578125,-117.68924713134766,SAN BERNARDINO,MONTCLAIR,-117.68932342529295,34.05794143676758
91760755,2022,2022-04-29,9860,2022-04-22,0050,020387,NA,5,3,9,3600,0,1,1,NA,2,151,I-15 SOUTHBOUND,KENWOOD AVENUE,3300,N,N,B,C,Y,SBD,NA,15,NA,R,15.635,H,NA,L,N,4,0,1,1,A,-,08,22107,NA,N,E,J,A,B,H,-,D,D,0,NA,NA,NA,NA,Y,NA,A,07,0,0,1,0,0,0,0,0,0,-,-,34.24290084838867,-117.43325042724608,SAN BERNARDINO,UNINCORPORATED,-117.43334197998048,34.242835998535156
91763779,2022,2022-05-04,9860,2022-04-22,2030,019062,NA,5,2,9,3600,0,3,5,NA,2,004,ASH ST (19200 BLOCK),CACTUS AVE,127,W,N,B,-,N,NA,NA,NA,NA,NA,NA,NA,NA,NA,Y,3,0,3,2,A,-,08,22107,NA,N,A,E,A,A,H,-,D,D,0,NA,NA,NA,NA,Y,NA,D,22,0,1,2,0,0,0,0,0,0,-,-,34.058921813964844,-117.38388061523438,SAN BERNARDINO,UNINCORPORATED,-117.38378143310548,34.05891799926758
91765030,2022,2022-05-05,9860,2022-04-27,1754,021363,NA,3,2,4,3603,0,1,1,NA,2,214,I-215 N/B,WASHINGTON ST,1300,N,N,A,-,Y,SBD,NA,215,NA,NA,2.95,H,NA,R,Y,4,0,1,2,A,-,08,22107,NA,N,B,C,A,A,H,-,A,D,0,NA,NA,NA,NA,Y,NA,D,22,0,0,1,0,0,0,0,0,0,-,-,34.04999923706055,-117.3039321899414,SAN BERNARDINO,COLTON,-117.30396270751952,34.05003356933594
91765273,2022,2022-05-05,9850,2022-04-25,1153,019176,NA,1,1,9,3600,0,2,4,NA,2,053,SR-247 (BARSTOW RD.),NORTHSIDE RD.,15,N,N,A,-,N,NA,NA,NA,NA,NA,NA,NA,NA,NA,Y,3,0,3,3,A,-,03,22350,NA,N,C,C,A,A,H,-,A,D,0,NA,NA,NA,NA,Y,NA,I,12,0,1,2,0,0,0,0,0,0,-,-,34.53118896484375,-116.94521331787108,SAN BERNARDINO,UNINCORPORATED,-116.9451904296875,34.53118896484375
91766396,2022,2022-05-06,9860,2022-04-28,1511,022539,NA,4,2,4,3603,0,1,1,NA,2,103,I-10 W/B,I-215,2640,E,N,A,-,Y,SBD,NA,10,NA,NA,24.823,H,NA,L,Y,4,0,1,2,A,-,03,22350,NA,N,C,C,A,A,H,-,A,D,0,NA,NA,NA,NA,Y,NA,D,22,0,0,1,0,0,0,0,0,0,-,-,34.06377029418945,-117.28659057617188,SAN BERNARDINO,COLTON,-117.2865982055664,34.063819885253906
91768143,2022,2022-05-09,9850,2022-05-02,1244,020648,NA,1,1,9,3600,0,2,4,NA,2,057,SHEEP CREEK ROAD,PHELAN ROAD,203,N,N,A,-,N,NA,NA,NA,NA,NA,NA,NA,NA,NA,Y,3,0,1,2,A,-,03,22350,NA,N,C,C,A,A,H,-,A,D,0,NA,NA,Y,NA,Y,NA,C,02,0,1,0,0,0,0,0,0,1,-,-,34.426998138427734,-117.57266998291016,SAN BERNARDINO,UNINCORPORATED,-117.57257080078124,34.42686462402344
9176951,2020,2020-11-03,3600,2020-05-22,2303,C9499,YC201,5,5,4,3640,0,0,0,NA,0,YC1,IVY ST,IVY CT,796,W,N,A,-,N,NA,NA,NA,NA,NA,NA,NA,NA,NA,N,3,0,1,1,C,-,18,NA,NA,N,H,A,A,A,H,-,D,A,0,NA,NA,NA,NA,Y,NA,-,-,0,1,0,0,0,0,0,0,0,-,-,NA,NA,SAN BERNARDINO,YUCAIPA,-117.03157806396484,34.07017135620117
91770468,2022,2022-05-12,9835,2022-05-01,1310,022619,NA,7,1,9,3600,0,1,1,NA,2,073,I-15,MINNEOLA ROAD,106,N,N,A,-,Y,SBD,NA,15,NA,R,89.541,H,NA,R,Y,3,0,6,3,A,-,07,21658,A,N,B,C,A,A,H,-,A,D,0,NA,NA,NA,NA,Y,NA,A,01,0,5,1,0,0,0,0,0,0,-,-,34.921478271484375,-116.75370025634766,SAN BERNARDINO,UNINCORPORATED,-116.75371551513672,34.9215202331543
9177097,2020,2020-11-13,3610,2020-09-15,1226,51277,NA,2,5,6,3610,0,0,0,NA,0,BAKER,N E ST,W 16TH ST,141,N,N,A,-,N,NA,NA,NA,NA,NA,NA,NA,NA,NA,Y,4,0,3,2,A,-,09,21804,A,N,D,C,A,A,H,-,A,D,0,NA,NA,NA,NA,Y,NA,A,01,0,0,3,0,0,0,0,0,0,-,-,NA,NA,SAN BERNARDINO,SAN BERNARDINO,-117.2941665649414,34.129127502441406
91771142,2022,2022-05-13,9865,2022-05-11,0320,021375,NA,3,3,9,3600,0,1,3,NA,1,034,STATE ROUTE 18,3N61,475,N,N,A,-,Y,SBD,NA,18,NA,NA,62.475,H,NA,R,N,1,1,1,1,A,-,01,23152,A,F,E,I,A,A,H,-,D,D,0,NA,NA,NA,NA,Y,Y,A,07,0,1,0,0,0,0,0,0,0,-,-,34.32600021362305,-116.82276153564452,SAN BERNARDINO,UNINCORPORATED,-116.82272338867188,34.326045989990234
91771163,2022,2022-09-15,9855,2022-05-01,0025,022450,NA,7,3,9,3600,0,3,5,NA,2,001,CHERRY AVE.,ARROW RTE.,0,NA,Y,A,-,N,NA,NA,NA,NA,NA,NA,NA,NA,NA,Y,4,0,2,3,A,-,03,22350,NA,N,D,C,A,A,H,-,C,A,0,NA,NA,NA,NA,Y,NA,D,22,0,0,2,0,0,0,0,0,0,-,-,34.09925842285156,-117.48869323730467,SAN BERNARDINO,UNINCORPORATED,-117.4887924194336,34.099308013916016
91771231,2022,2022-05-13,9860,2022-05-12,1420,022539,NA,4,2,9,3600,0,3,5,NA,2,003,SAN BERNARDINO AVE (WESTBOUND),ALABAMA STREET,25,E,N,A,-,N,NA,NA,NA,NA,NA,NA,NA,NA,NA,N,4,0,1,2,A,-,21,22106,NA,N,C,C,A,A,H,-,A,A,0,NA,NA,NA,NA,Y,NA,A,01,0,0,1,0,0,0,0,0,0,-,-,34.07754898071289,-117.20851135253906,SAN BERNARDINO,UNINCORPORATED,-117.20880889892578,34.077537536621094
91772995,2022,2022-05-16,9860,2022-05-10,0237,022103,NA,2,3,6,3610,0,1,1,NA,2,202,SR-210 E/B,GOLDEN AVENUE,95,E,N,A,-,Y,SBD,NA,210,NA,R,25.248,H,NA,R,Y,3,0,1,2,A,-,01,23152,A,N,B,C,A,A,D,E,D,D,0,NA,NA,NA,NA,Y,Y,A,01,0,1,0,0,0,0,0,0,0,-,-,34.143741607666016,-117.2607421875,SAN BERNARDINO,SAN BERNARDINO,-117.26073455810548,34.14378356933594
91773141,2022,2022-06-07,9850,2022-05-09,0008,022386,NA,1,3,5,3619,0,1,1,NA,2,082,I-15 N/B,MAIN ST,5808,N,N,A,-,Y,SBD,NA,15,NA,NA,35.112,H,NA,R,Y,1,1,0,1,A,-,08,22107,NA,N,E,A,A,A,D,-,D,D,0,NA,NA,NA,NA,Y,NA,A,07,0,0,0,0,0,0,0,0,0,-,-,34.440128326416016,-117.36963653564452,SAN BERNARDINO,HESPERIA,-117.36972808837892,34.44017791748047
91773169,2022,2022-05-16,9855,2022-02-25,2356,021233,NA,5,3,9,3600,0,2,4,NA,2,031,MT. BALDY ROAD.,IRON GATE ROAD,1000,N,N,A,-,N,NA,NA,NA,NA,NA,NA,NA,NA,NA,Y,3,0,2,1,A,-,01,23152,A,N,E,I,A,A,H,-,D,D,0,NA,NA,NA,NA,Y,Y,A,01,0,2,0,0,0,0,0,0,0,-,-,34.25714874267578,-117.63703155517578,SAN BERNARDINO,UNINCORPORATED,-117.63951110839844,34.25675964355469
91774372,2022,2022-05-17,9855,2022-05-05,2140,021543,NA,4,2,5,3611,0,1,1,NA,2,103,I-10 WESTBOUND (SAN BERNARDINO FREEWAY),MOUNTAIN AVE.,528,E,N,A,-,Y,SBD,NA,10,NA,NA,2.614,H,NA,L,N,3,0,1,3,A,-,03,22350,NA,F,C,C,A,A,H,-,C,D,0,NA,NA,NA,NA,Y,NA,-,99,0,1,0,0,0,0,0,0,0,-,-,34.08749008178711,-117.66609191894533,SAN BERNARDINO,UPLAND,-117.66609191894533,34.08741760253906
91776239,2022,2022-05-19,9870,2022-05-14,2255,022177,NA,6,3,9,3600,0,1,3,NA,1,031,STATE ROUTE 62 (TWENTYNINE PALMS HWY),TORRES AVENUE,100,W,N,A,-,Y,SBD,NA,62,NA,NA,16.96,H,NA,R,Y,3,0,1,1,A,-,08,22107,NA,N,E,8,A,A,H,-,D,D,0,NA,NA,NA,NA,Y,NA,A,01,0,1,0,0,0,0,0,0,0,-,-,34.13481140136719,-116.33795928955078,SAN BERNARDINO,UNINCORPORATED,-116.33795928955078,34.13490676879883
91776252,2022,2022-05-19,9855,2022-05-05,0857,014637,NA,4,1,6,3616,0,1,1,NA,2,201,SR-210 W/B (FOOTHILL FWY),MILLIKEN AVE,2620,E,N,A,-,Y,SBD,NA,210,NA,NA,8.37,H,NA,L,Y,3,0,1,2,A,-,07,21658,A,N,B,C,A,A,H,-,A,D,0,NA,NA,Y,NA,Y,NA,A,01,0,1,0,0,0,0,0,0,1,-,-,34.13658142089844,-117.55049896240234,SAN BERNARDINO,RANCHO CUCAMONGA,-117.55049896240234,34.13667678833008
9177773,2020,2021-01-12,3603,2020-10-15,1418,4546,CPD,4,5,4,3603,0,0,0,NA,0,001,RANCHO AV,MILL ST,500,S,N,A,-,N,NA,NA,NA,NA,NA,NA,NA,NA,NA,Y,4,0,2,2,A,-,09,21803,A,N,B,C,A,A,H,-,A,D,0,NA,NA,NA,NA,Y,NA,A,07,0,0,2,0,0,0,0,0,0,-,-,NA,NA,SAN BERNARDINO,COLTON,-117.33377838134766,34.09093475341797
91777990,2022,2022-05-23,9850,2022-05-13,0349,022734,NA,5,3,5,3619,0,1,1,NA,2,082,I-15 N/B,MAIN ST,1426,S,N,A,-,Y,SBD,NA,15,NA,NA,33.729,H,NA,R,Y,3,0,1,2,A,-,08,22107,NA,N,E,I,A,A,D,-,C,D,0,NA,NA,NA,NA,Y,NA,A,07,0,1,0,0,0,0,0,0,0,-,-,34.423439025878906,-117.38285064697266,SAN BERNARDINO,HESPERIA,-117.38282775878906,34.42342758178711
91778491,2022,2022-05-24,9860,2022-05-19,1832,020654,NA,4,2,9,3600,0,1,3,NA,1,382,SR-38,VALLEY OF THE FALLS DR.,528,W,N,A,-,Y,SBD,NA,38,NA,R,14.478,H,NA,R,Y,3,0,2,2,A,-,05,21460,A,N,A,C,A,A,H,-,A,D,0,NA,NA,NA,NA,Y,NA,A,01,0,1,1,0,0,0,0,0,0,-,-,34.09640884399414,-116.96116638183594,SAN BERNARDINO,UNINCORPORATED,-116.96128082275392,34.09624481201172
91779027,2022,2022-05-24,9850,2022-05-14,2150,022386,NA,6,2,9,3600,0,1,3,NA,2,060,SR-138,PINE TREE RD,121,W,N,A,-,N,NA,NA,NA,NA,NA,NA,NA,NA,NA,Y,4,0,1,1,A,-,08,22107,NA,N,E,I,A,A,H,-,D,D,0,NA,NA,NA,NA,Y,NA,A,01,0,0,1,0,0,0,0,0,0,-,-,34.431209564208984,-117.62837982177734,SAN BERNARDINO,UNINCORPORATED,-117.6283950805664,34.43118667602539
91780393,2022,2022-05-25,9855,2022-05-17,1715,021156,NA,2,2,5,3611,0,1,1,NA,2,203,SR-210 E/B (FOOTHILL FWY),MOUNTAIN AVE.,1200,E,N,A,-,Y,SBD,NA,210,NA,NA,1.855,H,NA,R,Y,4,0,1,2,A,-,03,22350,NA,N,C,C,A,A,H,-,A,D,0,NA,NA,NA,NA,Y,NA,D,22,0,0,1,0,0,0,0,0,0,-,-,34.134639739990234,-117.66413116455078,SAN BERNARDINO,UPLAND,-117.66413116455078,34.134552001953125
91784365,2022,2022-05-31,9860,2022-05-19,1535,020002,NA,4,2,6,3610,0,1,1,NA,2,216,I-215 S/B,16TH ST,1500,N,N,A,-,Y,SBD,NA,215,NA,NA,8.71,H,NA,L,N,4,0,1,2,A,-,07,21658,A,N,B,C,A,A,H,-,A,D,0,NA,NA,NA,NA,Y,NA,A,01,0,0,1,0,0,0,0,0,0,-,-,34.12997055053711,-117.30457305908205,SAN BERNARDINO,SAN BERNARDINO,-117.30455017089844,34.129981994628906
91784614,2022,2022-05-31,9860,2022-05-21,1511,022539,NA,6,2,9,3600,0,3,5,NA,2,002,CAJON BLVD,OGDEN STREET,0,NA,Y,A,-,N,NA,NA,NA,NA,NA,NA,NA,NA,NA,Y,2,0,1,2,A,-,09,21801,A,N,D,C,A,A,H,-,A,D,0,NA,NA,Y,NA,Y,NA,A,01,1,0,0,0,0,0,0,0,1,-,-,34.15943145751953,-117.33744049072266,SAN BERNARDINO,UNINCORPORATED,-117.33737182617188,34.1594352722168
91785217,2022,2022-05-31,9835,2022-05-20,0745,021160,NA,5,1,9,3600,0,1,1,NA,2,043,INTERSTATE 40 WESTBOUND,FORT CADY RD,21754,W,N,A,-,Y,SBD,NA,40,NA,R,27.379,H,NA,L,Y,4,0,1,1,A,-,03,22350,NA,N,F,A,A,A,H,-,A,D,0,NA,NA,NA,NA,Y,NA,D,22,0,0,1,0,0,0,0,0,0,-,-,34.804161071777344,-116.54071044921876,SAN BERNARDINO,UNINCORPORATED,-116.5407257080078,34.80410385131836
91785895,2022,2022-06-01,9865,2022-05-19,1030,018392,NA,4,1,9,3600,0,1,3,NA,1,010,SR-18,MORMON RD,2112,S,N,A,-,Y,SBD,NA,18,NA,R,16.737,H,NA,R,Y,4,0,1,1,A,-,03,22350,NA,N,E,I,A,A,H,-,A,D,0,NA,NA,NA,NA,Y,NA,A,01,0,0,1,0,0,0,0,0,0,-,-,34.22932052612305,-117.29808807373048,SAN BERNARDINO,UNINCORPORATED,-117.298095703125,34.22918701171875
91785986,2022,2022-06-23,9850,2022-05-22,1635,022510,NA,7,2,9,3600,0,1,3,NA,2,044,SR-247,PEFFER LN,0,NA,Y,A,-,Y,SBD,NA,247,NA,NA,35.975,H,NA,R,Y,4,0,2,2,A,-,05,21752,D,N,C,C,A,A,H,-,A,D,0,NA,NA,NA,NA,Y,NA,D,22,0,0,2,0,0,0,0,0,0,-,-,34.42955017089844,-116.79712677001952,SAN BERNARDINO,UNINCORPORATED,-116.79712677001952,34.4295654296875
91788189,2022,2022-06-03,9850,2022-05-27,1150,017377,NA,5,1,5,3619,0,1,1,NA,2,082,INTERSTATE 15 NORTHBOUND,BEAR VALLEY ROAD,8923,S,N,A,-,Y,SBD,NA,15,NA,NA,35.896,H,NA,R,N,4,0,1,2,A,-,03,22350,NA,N,C,C,A,A,D,-,A,D,0,NA,NA,NA,NA,Y,NA,A,01,0,0,1,0,0,0,0,0,0,-,-,34.44974899291992,-117.36222839355467,SAN BERNARDINO,HESPERIA,-117.36222839355467,34.44974899291992
91788827,2022,2022-06-06,9850,2022-05-27,2040,022510,NA,5,2,9,3600,0,1,3,NA,2,040,SR-18,RABBIT SPRINGS RD,525,W,N,A,-,Y,SBD,NA,18,NA,NA,77.134,H,NA,R,Y,3,0,1,1,A,-,03,22350,NA,N,F,A,A,A,H,-,D,D,0,NA,NA,Y,NA,Y,NA,C,02,0,1,0,0,0,0,0,0,1,-,-,34.45098876953125,-117.00753784179688,SAN BERNARDINO,UNINCORPORATED,-117.0075454711914,34.450828552246094
91789220,2022,2022-06-06,9855,2022-04-19,0845,017213,NA,2,1,6,3607,0,1,3,NA,2,601,SR-60 W/B (POMONA FWY),HAVEN AVENUE,800,W,N,A,-,Y,SBD,NA,60,NA,R,8.459,H,NA,L,Y,3,0,1,3,A,-,07,21658,A,N,C,C,A,A,H,-,A,D,0,NA,NA,NA,NA,Y,NA,A,01,0,1,0,0,0,0,0,0,0,-,-,34.03059005737305,-117.58329010009766,SAN BERNARDINO,ONTARIO,-117.58328247070313,34.03063201904297
91790665,2022,2022-06-08,9860,2022-05-31,1650,022439,NA,2,2,9,3600,0,1,1,NA,2,103,I-10 E/B,CEDAR AVE,1100,E,N,A,-,Y,SBD,NA,10,NA,R,18.734,H,NA,R,Y,3,0,1,1,A,-,08,22107,NA,N,E,I,A,A,H,-,A,D,0,NA,NA,NA,NA,Y,NA,A,07,0,1,0,0,0,0,0,0,0,-,-,34.06829071044922,-117.3918914794922,SAN BERNARDINO,UNINCORPORATED,-117.3918914794922,34.06829833984375
91791858,2022,2022-06-09,9850,2022-05-14,2335,018211,NA,6,3,9,3600,0,3,5,NA,2,003,ODEN DR,OLD MINE RD,120,S,N,A,-,N,NA,NA,NA,NA,NA,NA,NA,NA,NA,N,2,0,1,2,A,-,03,22350,NA,F,G,B,E,A,H,-,D,D,0,Y,NA,NA,NA,Y,NA,-,99,1,0,0,0,1,0,0,0,0,-,-,34.526039123535156,-117.12947845458984,SAN BERNARDINO,UNINCORPORATED,-117.12949371337892,34.52607345581055
91791863,2022,2022-06-09,9855,2022-05-28,1135,019675,NA,6,1,6,3607,0,1,3,NA,2,601,SR-60 E/B (POMONA FWY),MILLIKEN AVENUE,2000,W,N,B,-,Y,SBD,NA,60,NA,R,9.576,H,NA,R,Y,4,0,4,2,A,-,03,22350,NA,N,C,C,A,B,D,-,A,D,0,NA,NA,NA,NA,Y,NA,A,01,0,0,4,0,0,0,0,0,0,-,-,34.025611877441406,-117.5647201538086,SAN BERNARDINO,ONTARIO,-117.5646743774414,34.02572250366211
91793019,2022,2022-06-10,9860,2022-05-31,0750,016536,NA,2,1,4,3640,0,1,1,NA,2,106,I-10 WESTBOUND,COUNTY LINE ROAD,5280,W,N,A,-,Y,SBD,NA,10,NA,R,38.216,H,NA,L,Y,4,0,1,2,A,-,03,22350,NA,N,C,C,A,A,H,-,A,D,0,NA,NA,NA,NA,Y,NA,D,22,0,0,1,0,0,0,0,0,0,-,-,34.012969970703125,-117.07575988769533,SAN BERNARDINO,YUCAIPA,-117.07575225830078,34.013004302978516
91795609,2022,2022-06-15,9860,2022-06-07,2312,020387,NA,2,3,9,3600,0,1,1,NA,2,152,I-15 SOUTHBOUND,SR-138,5808,N,N,A,-,Y,SBD,NA,15,NA,R,22.51,H,NA,L,Y,4,0,1,3,A,-,08,22107,NA,F,B,C,A,A,H,-,D,D,0,NA,NA,NA,Y,Y,NA,A,07,0,0,1,0,0,0,0,0,0,-,-,34.326358795166016,-117.48249053955078,SAN BERNARDINO,UNINCORPORATED,-117.4823989868164,34.326358795166016
91796187,2022,2022-06-15,9855,2022-06-03,1442,019183,NA,5,2,6,3607,0,1,1,NA,2,101,I-10 E/B FROM MILLIKEN AVE,MILLIKEN AVE.,278,W,N,A,-,Y,NA,NA,NA,NA,NA,NA,NA,NA,NA,Y,4,0,1,1,A,-,08,22107,NA,N,F,J,A,A,D,-,A,D,0,NA,NA,NA,Y,Y,NA,G,25,0,0,1,0,0,0,0,0,0,-,-,34.066810607910156,-117.55943298339844,SAN BERNARDINO,ONTARIO,-117.55943298339844,34.066810607910156
91796480,2022,2022-06-16,9870,2022-06-14,0535,016935,NA,2,3,9,3600,0,3,5,NA,2,003,RECHE ROAD,BORDER AVENUE,0,NA,Y,A,-,N,NA,NA,NA,NA,NA,NA,NA,NA,NA,Y,4,0,1,1,A,-,03,22350,NA,N,E,J,A,A,H,-,B,D,0,NA,NA,NA,NA,Y,NA,A,01,0,0,1,0,0,0,0,0,0,-,-,34.26544952392578,-116.29885864257813,SAN BERNARDINO,UNINCORPORATED,-116.29891967773438,34.265987396240234
91797846,2022,2022-06-17,9850,2022-06-08,1415,021675,NA,3,2,9,3600,0,1,3,NA,2,060,SR-138 W/B,GRAMERCY RD,1584,W,N,A,-,Y,SBD,NA,138,NA,NA,7.832,H,NA,L,Y,3,0,1,2,A,-,03,22350,NA,N,C,C,A,A,H,-,A,D,0,NA,NA,NA,Y,Y,NA,D,22,0,1,0,0,0,0,0,0,0,-,-,34.379451751708984,-117.56224060058594,SAN BERNARDINO,UNINCORPORATED,-117.56227111816406,34.3794059753418
91799548,2022,2022-06-21,9860,2022-06-11,0150,020387,NA,6,3,6,3610,0,1,1,NA,2,201,SR-210 WESTBOUND,MUSCOY RAILROAD UNDERPASS,125,W,N,A,-,Y,SBD,NA,210,NA,NA,20.166,H,NA,L,Y,4,0,2,3,A,-,08,22107,NA,F,C,C,A,A,H,-,D,D,0,NA,NA,NA,NA,Y,NA,A,01,0,0,2,0,0,0,0,0,0,-,-,34.13507080078125,-117.34500885009766,SAN BERNARDINO,SAN BERNARDINO,-117.34500122070313,34.13500213623047
9180015,2020,2020-11-30,3601,2020-09-24,1334,P88,BARST,4,5,3,3601,0,0,0,NA,0,NA,W MAIN ST,L ST,33,W,N,A,-,N,NA,NA,NA,NA,NA,NA,NA,NA,NA,Y,4,0,1,3,A,-,03,22350,NA,N,C,C,A,A,H,-,A,A,0,NA,NA,Y,NA,Y,NA,A,01,0,0,1,0,0,0,0,0,1,-,-,NA,NA,SAN BERNARDINO,BARSTOW,-117.0576171875,34.891502380371094
91801940,2022,2022-06-23,9855,2022-06-16,0705,016375,NA,4,1,6,3616,0,1,1,NA,2,152,I-15 S/B (ONTARIO FWY),BASELINE RD.,1056,S,N,A,-,Y,SBD,NA,15,NA,NA,6.568,H,NA,L,Y,4,0,1,3,A,-,03,22350,NA,N,C,C,A,A,H,-,A,D,0,NA,NA,NA,NA,Y,NA,A,01,0,0,1,0,0,0,0,0,0,-,-,34.11949920654297,-117.51658630371094,SAN BERNARDINO,RANCHO CUCAMONGA,-117.5166015625,34.1195068359375
9180375,2020,2021-01-02,3604,2020-10-26,2001,1356,NA,1,5,6,3604,0,0,0,NA,0,NA,MULBERRY,PHILADELPHIA,0,NA,Y,G,-,N,NA,NA,NA,NA,NA,NA,NA,NA,NA,Y,4,0,2,2,A,-,09,21800,D,N,D,C,A,A,H,-,E,B,0,NA,NA,NA,NA,Y,NA,D,22,0,0,2,0,0,0,0,0,0,-,-,NA,NA,SAN BERNARDINO,FONTANA,-117.50689697265624,34.0334587097168
91804460,2022,2022-06-28,9860,2022-06-26,1347,022723,NA,7,1,9,3600,0,1,3,NA,1,010,SR-138,WAGON TRAIN RD,7128,E,N,A,-,Y,SBD,NA,138,NA,R,17.258,H,NA,R,Y,2,0,3,4,A,-,01,23152,A,N,C,C,A,A,H,-,A,D,0,NA,NA,NA,NA,Y,Y,D,22,1,0,2,0,0,0,0,0,0,-,-,34.324668884277344,-117.45587921142578,SAN BERNARDINO,UNINCORPORATED,-117.45574188232422,34.324581146240234
91808344,2022,2022-07-01,9860,2022-06-25,1255,022843,NA,6,1,4,3603,0,1,1,NA,2,214,I-215 S/B,WASHINGTON ST,95,N,N,A,-,Y,SBD,NA,215,NA,NA,2.71,H,NA,L,N,4,0,1,2,A,-,03,22350,NA,N,E,J,A,A,H,-,A,D,0,NA,NA,NA,NA,Y,NA,A,01,0,0,1,0,0,0,0,0,0,-,-,34.04793167114258,-117.30742645263672,SAN BERNARDINO,COLTON,-117.307373046875,34.047874450683594
91809190,2022,2022-07-01,9870,2022-06-24,0230,020213,NA,5,3,9,3600,0,1,3,NA,1,011,SR-62 (TWENTYNINE PALMS HWY),BELLA VISTA AVENUE,98,E,N,A,-,Y,SBD,NA,62,NA,NA,4.512,H,NA,R,Y,2,0,1,1,A,-,01,23152,A,N,E,8,A,A,H,-,C,A,0,NA,NA,NA,NA,Y,Y,A,01,1,0,0,0,0,0,0,0,0,-,-,34.07892990112305,-116.5380630493164,SAN BERNARDINO,UNINCORPORATED,-116.53794097900392,34.07880783081055
9180934,2020,2020-12-15,3604,2020-10-21,1414,473,NA,3,5,6,3604,0,0,0,NA,0,NA,SAN BERNARDINO AV,CATAWBA AV,0,NA,Y,A,-,N,NA,NA,NA,NA,NA,NA,NA,NA,NA,Y,3,0,2,2,A,-,12,22450,A,N,D,C,A,A,H,-,A,A,0,NA,NA,NA,NA,Y,NA,A,01,0,1,1,0,0,0,0,0,0,-,-,NA,NA,SAN BERNARDINO,FONTANA,-117.45809173583984,34.077510833740234