CASE_ID,ACCIDENT_YEAR,PROC_DATE,JURIS,COLLISION_DATE,COLLISION_TIME,OFFICER_ID,REPORTING_DISTRICT,DAY_OF_WEEK,CHP_SHIFT,POPULATION,CNTY_CITY_LOC,SPECIAL_COND,BEAT_TYPE,CHP_BEAT_TYPE,CITY_DIVISION_LAPD,CHP_BEAT_CLASS,BEAT_NUMBER,PRIMARY_RD,SECONDARY_RD,DISTANCE,DIRECTION,INTERSECTION,WEATHER_1,WEATHER_2,STATE_HWY_IND,CALTRANS_COUNTY,CALTRANS_DISTRICT,STATE_ROUTE,ROUTE_SUFFIX,POSTMILE_PREFIX,POSTMILE,LOCATION_TYPE,RAMP_INTERSECTION,SIDE_OF_HWY,TOW_AWAY,COLLISION_SEVERITY,NUMBER_KILLED,NUMBER_INJURED,PARTY_COUNT,PRIMARY_COLL_FACTOR,PCF_CODE_OF_VIOL,PCF_VIOL_CATEGORY,PCF_VIOLATION,PCF_VIOL_SUBSECTION,HIT_AND_RUN,TYPE_OF_COLLISION,MVIW,PED_ACTION,ROAD_SURFACE,ROAD_COND_1,ROAD_COND_2,LIGHTING,CONTROL_DEVICE,CHP_ROAD_TYPE,PEDESTRIAN_ACCIDENT,BICYCLE_ACCIDENT,MOTORCYCLE_ACCIDENT,TRUCK_ACCIDENT,NOT_PRIVATE_PROPERTY,ALCOHOL_INVOLVED,STWD_VEHTYPE_AT_FAULT,CHP_VEHTYPE_AT_FAULT,COUNT_SEVERE_INJ,COUNT_VISIBLE_INJ,COUNT_COMPLAINT_PAIN,COUNT_PED_KILLED,COUNT_PED_INJURED,COUNT_BICYCLIST_KILLED,COUNT_BICYCLIST_INJURED,COUNT_MC_KILLED,COUNT_MC_INJURED,PRIMARY_RAMP,SECONDARY_RAMP,LATITUDE,LONGITUDE,COUNTY,CITY,POINT_X,POINT_Y
91811132,2022,2022-07-06,9850,2022-06-26,1150,019278,NA,7,1,9,3600,0,1,3,NA,2,025,SR-173,RT 138,21120,N,N,A,-,Y,SBD,NA,173,NA,L,4.187,H,NA,R,Y,4,0,1,2,A,-,05,21460,NA,N,A,C,A,A,H,-,A,D,0,NA,NA,Y,NA,Y,NA,C,02,0,0,1,0,0,0,0,0,1,-,-,34.30826950073242,-117.28077697753906,SAN BERNARDINO,UNINCORPORATED,-117.2807846069336,34.30827713012695
91811951,2022,2022-07-07,9860,2022-06-30,0455,021980,NA,4,3,9,3600,0,2,4,NA,2,411,CEDAR AVE,ORANGE ST,150,N,N,A,-,N,NA,NA,NA,NA,NA,NA,NA,NA,NA,N,4,0,1,2,A,-,21,22106,NA,N,C,C,A,A,H,-,C,A,0,NA,NA,NA,NA,Y,NA,A,01,0,0,1,0,0,0,0,0,0,-,-,34.06549072265625,-117.3964385986328,SAN BERNARDINO,UNINCORPORATED,-117.39640045166016,34.065399169921875
9181201,2020,2020-11-19,3608,2020-09-21,2154,4623,PATRO,1,5,5,3608,0,0,0,NA,0,NA,GARDEN HILL DR,EDISON POLE #315466E,25,S,N,A,-,N,NA,NA,NA,NA,NA,NA,NA,NA,NA,Y,4,0,1,1,A,-,01,23152,A,N,A,J,A,A,H,-,C,D,0,NA,NA,NA,NA,Y,Y,A,01,0,0,1,0,0,0,0,0,0,-,-,NA,NA,SAN BERNARDINO,REDLANDS,NA,NA
91812678,2022,2022-07-08,9855,2022-06-25,0120,018000,NA,6,3,6,3607,0,1,1,NA,2,103,I-10 W/B (SAN BERNARDINO FWY),VINEYARD AVENUE,1150,E,N,A,-,Y,SBD,NA,10,NA,NA,6.312,H,NA,L,Y,4,0,1,1,A,-,08,22107,NA,N,E,I,A,A,D,-,C,D,0,NA,NA,NA,NA,Y,NA,A,01,0,0,1,0,0,0,0,0,0,-,-,34.0694694519043,-117.60774230957033,SAN BERNARDINO,ONTARIO,-117.60777282714844,34.069400787353516
91813790,2022,2022-07-11,9860,2022-06-25,2055,022439,NA,6,2,9,3600,0,3,5,NA,2,003,ALABAMA ST,CITRUS PLAZA,0,NA,Y,A,-,N,NA,NA,NA,NA,NA,NA,NA,NA,NA,Y,4,0,1,2,A,-,12,21453,A,N,D,C,A,A,H,-,C,A,0,NA,NA,NA,NA,Y,NA,A,01,0,0,1,0,0,0,0,0,0,-,-,34.0718994140625,-117.20877838134766,SAN BERNARDINO,UNINCORPORATED,-117.20874786376952,34.071903228759766
91813994,2022,2022-07-11,9865,2022-06-28,1800,021840,NA,2,2,9,3600,0,1,3,NA,1,010,SR-18 S/B,OLD WATERMAN CANYON RD,85,N,N,A,-,Y,SBD,NA,18,NA,R,13.314,H,NA,L,N,3,0,1,2,A,-,08,22107,NA,N,E,I,A,A,H,-,A,D,0,NA,NA,NA,NA,Y,NA,A,01,0,1,0,0,0,0,0,0,0,-,-,34.21736145019531,-117.29107666015624,SAN BERNARDINO,UNINCORPORATED,-117.29109191894533,34.21738052368164
91814138,2022,2022-07-11,9850,2022-07-02,0355,022148,NA,6,3,9,3600,0,3,5,NA,2,002,RANCHERO RD,OUTPOST RD,724,E,N,A,-,N,NA,NA,NA,NA,NA,NA,NA,NA,NA,Y,3,0,1,2,A,-,05,21460,A,N,A,C,A,A,D,-,D,D,0,NA,NA,NA,NA,Y,NA,A,08,0,1,0,0,0,0,0,0,0,-,-,34.383140563964844,-117.39643096923828,SAN BERNARDINO,UNINCORPORATED,-117.39624786376952,34.38310241699219
91814287,2022,2022-07-11,9860,2022-06-08,0030,021149,NA,3,3,5,3608,0,1,1,NA,2,105,I-10 W/B TO SR-210 W/B,TENNESSEE ST,600,E,N,A,-,Y,NA,NA,NA,NA,NA,NA,NA,NA,NA,Y,4,0,1,1,A,-,08,22107,NA,M,E,I,A,A,H,-,D,D,0,NA,NA,NA,NA,Y,NA,A,01,0,0,1,0,0,0,0,0,0,-,-,34.06476974487305,-117.19774627685548,SAN BERNARDINO,REDLANDS,-117.19774627685548,34.06476974487305
91816120,2022,2022-07-13,9860,2022-07-05,0330,020856,NA,2,3,9,3600,0,1,1,NA,2,151,I-15 N/B,CLEGHORN ROAD,1500,S,N,A,-,Y,SBD,NA,15,NA,R,19.602,H,NA,R,Y,4,0,1,1,A,-,01,23152,A,N,E,J,A,A,H,-,D,D,0,NA,NA,NA,NA,Y,Y,A,01,0,0,1,0,0,0,0,0,0,-,-,34.29399871826172,-117.45339965820313,SAN BERNARDINO,UNINCORPORATED,-117.45346832275392,34.29396438598633
91816501,2022,2022-07-13,9835,2022-07-03,1714,022612,NA,7,2,9,3600,0,1,1,NA,2,072,INTERSTATE 15 NORTHBOUND,FORT IRWIN RD,2587,S,N,A,-,Y,NA,NA,NA,NA,NA,NA,NA,NA,NA,Y,3,0,1,1,A,-,08,22107,NA,N,E,I,A,A,H,-,A,D,0,NA,NA,NA,NA,Y,NA,A,07,0,1,0,0,0,0,0,0,0,-,-,34.54119873046875,-116.56500244140624,SAN BERNARDINO,UNINCORPORATED,-116.9239501953125,34.90135955810547
91817624,2022,2022-07-15,9855,2022-07-04,0425,020664,NA,1,3,6,3604,0,1,1,NA,2,101,I-10 E/B (SAN BERNARDINO FWY),CITRUS AVE.,3600,W,N,B,-,Y,SBD,NA,10,NA,NA,14.476,H,NA,R,Y,3,0,1,1,A,-,08,22107,NA,N,E,I,A,A,H,-,B,D,0,NA,NA,NA,NA,Y,NA,A,01,0,1,0,0,0,0,0,0,0,-,-,34.066131591796875,-117.4660415649414,SAN BERNARDINO,FONTANA,-117.46604919433594,34.066287994384766
91818726,2022,2022-07-18,9860,2022-07-10,1635,020533,NA,7,2,9,3600,0,3,5,NA,2,004,JURUPA AVE,CACTUS AVE,400,E,N,A,-,Y,NA,NA,NA,NA,NA,NA,NA,NA,NA,N,4,0,1,2,A,-,09,21801,A,M,A,C,A,A,H,-,A,D,0,NA,NA,NA,NA,Y,NA,D,22,0,0,1,0,0,0,0,0,0,-,-,34.048309326171875,-117.38195037841795,SAN BERNARDINO,UNINCORPORATED,-117.38200378417967,34.04824447631836
91822457,2022,2022-07-21,9860,2022-07-14,1125,016536,NA,4,1,5,3608,0,1,1,NA,2,105,I-10 EASTBOUND,WABASH AVE.,1500,E,N,A,-,Y,SBD,NA,10,NA,NA,34.579,H,NA,R,Y,4,0,1,2,A,-,03,22350,NA,N,C,C,A,A,H,-,A,D,0,NA,NA,NA,Y,Y,NA,A,01,0,0,1,0,0,0,0,0,0,-,-,34.031150817871094,-117.13436889648438,SAN BERNARDINO,REDLANDS,-117.13434600830078,34.031192779541016
91823414,2022,2022-07-22,9860,2022-06-23,0601,019009,NA,4,1,6,3610,0,2,4,NA,2,066,CAJON BLVD.,MATTHEWS RANCH RD.,41,S,N,A,-,N,NA,NA,NA,NA,NA,NA,NA,NA,NA,Y,3,0,1,2,A,-,05,21460,C,N,B,C,A,A,H,-,A,D,0,NA,NA,NA,NA,Y,NA,D,22,0,1,0,0,0,0,0,0,0,-,-,34.243778228759766,-117.44103240966795,SAN BERNARDINO,SAN BERNARDINO,-117.44116973876952,34.24387741088867
91823606,2022,2022-07-25,9860,2022-07-15,1728,020774,NA,5,2,6,3610,0,1,1,NA,2,214,I-215 N/B,INLAND CENTER DR,10,S,N,A,-,Y,SBD,NA,215,NA,NA,5.567,H,NA,R,Y,4,0,1,2,A,-,03,22350,NA,N,C,C,A,A,H,-,A,D,0,NA,NA,NA,NA,Y,NA,A,01,0,0,1,0,0,0,0,0,0,-,-,34.08510971069336,-117.30087280273438,SAN BERNARDINO,SAN BERNARDINO,-117.30087280273438,34.08510971069336
91823973,2022,2022-08-26,9855,2022-07-14,1800,021978,NA,4,2,6,3616,0,1,1,NA,2,152,I-15 N/B (ONTARIO FWY),FOURTH STREET,310,N,N,A,-,Y,SBD,NA,15,NA,NA,3.135,H,NA,R,Y,4,0,3,3,A,-,03,22350,NA,N,C,C,A,A,H,-,A,D,0,NA,NA,NA,NA,Y,NA,A,08,0,0,3,0,0,0,0,0,0,-,-,34.078250885009766,-117.54459381103516,SAN BERNARDINO,RANCHO CUCAMONGA,-117.54473876953124,34.078250885009766
91825266,2022,2022-07-26,9850,2022-07-17,0340,021562,NA,7,3,5,3619,0,1,1,NA,2,081,I-15 N/B,JOSHUA ST,1970,N,N,A,-,Y,SBD,NA,15,NA,NA,32.691,H,NA,R,Y,3,0,1,2,A,-,08,22107,NA,F,B,2,A,A,D,-,D,D,0,NA,NA,NA,NA,Y,Y,-,99,0,1,0,0,0,0,0,0,0,-,-,34.41067886352539,-117.39273834228516,SAN BERNARDINO,HESPERIA,-117.3927764892578,34.41069793701172
91829556,2022,2022-08-01,9835,2022-07-20,2110,022308,NA,3,2,9,3600,0,3,5,NA,2,032,NATIONAL TRAILS HIGHWAY,HODGE ROAD,581,E,N,A,-,N,NA,NA,NA,NA,NA,NA,NA,NA,NA,Y,2,0,1,2,A,-,03,22350,NA,N,C,C,A,A,H,-,C,D,0,NA,NA,NA,NA,Y,NA,A,01,1,0,0,0,0,0,0,0,0,-,-,34.799339294433594,-117.21778106689452,SAN BERNARDINO,UNINCORPORATED,-117.21787261962892,34.799312591552734
91830495,2022,2022-08-01,9865,2022-07-24,1421,021720,NA,7,2,9,3600,0,1,3,NA,1,010,SR-18,SR-138,4224,N,N,A,-,Y,SBD,NA,18,NA,NA,18.526,H,NA,R,Y,4,0,2,2,A,-,08,22107,NA,N,A,C,A,A,H,-,A,D,0,NA,NA,NA,NA,Y,NA,A,01,0,0,2,0,0,0,0,0,0,-,-,34.229820251464844,-117.28024291992188,SAN BERNARDINO,UNINCORPORATED,-117.28024291992188,34.22984313964844
91832043,2022,2022-08-03,9835,2022-07-25,1605,022782,NA,1,2,9,3600,0,1,1,NA,2,073,I-15 N/B,FIELD RD,8765,S,N,B,-,Y,SBD,NA,15,NA,R,101.971,H,NA,R,Y,3,0,1,1,A,-,08,22107,NA,N,F,I,A,A,H,-,A,D,0,NA,NA,NA,NA,Y,NA,A,01,0,1,0,0,0,0,0,0,0,-,-,35.00114059448242,-116.55800628662108,SAN BERNARDINO,UNINCORPORATED,-116.55803680419922,35.001197814941406
91832316,2022,2022-08-03,9855,2022-06-11,0400,020664,NA,6,3,6,3604,0,1,1,NA,2,201,SR-210 E/B FROM CHERRY AVE.,CHERRY AVE.,25,E,N,A,-,Y,NA,NA,NA,NA,NA,NA,NA,NA,NA,Y,3,0,1,1,A,-,01,23152,A,N,E,8,A,A,H,-,C,A,0,NA,NA,NA,NA,Y,Y,A,01,0,1,0,0,0,0,0,0,0,-,-,34.13563919067383,-117.48821258544922,SAN BERNARDINO,FONTANA,-117.48821258544922,34.13563919067383
91832388,2022,2022-08-03,9855,2022-07-04,2305,020664,NA,1,3,6,3604,0,1,1,NA,2,201,SR-210 W/B (FOOTHILL FWY),CHERRY AVE.,1700,E,N,B,-,Y,SBD,NA,210,NA,NA,12.26,H,NA,L,Y,3,0,2,4,A,-,07,21658,A,F,B,C,A,A,H,-,C,D,0,NA,NA,NA,NA,Y,NA,-,99,0,1,1,0,0,0,0,0,0,-,-,34.13655090332031,-117.48262786865234,SAN BERNARDINO,FONTANA,-117.48262786865234,34.1365852355957
91833305,2022,2022-08-04,9860,2022-07-30,2035,021980,NA,6,2,4,3618,0,1,1,NA,2,202,SR-210 W/B,ARDEN AVE,1954,E,N,A,-,Y,SBD,NA,210,NA,R,27.233,H,NA,L,N,4,0,1,1,C,-,18,NA,NA,N,E,J,A,A,D,-,D,D,0,NA,NA,NA,NA,Y,NA,-,-,0,0,1,0,0,0,0,0,0,-,-,34.1331787109375,-117.22908020019533,SAN BERNARDINO,HIGHLAND,-117.22908020019533,34.1331787109375
91833551,2022,2022-08-05,9860,2022-07-24,1220,022931,NA,7,1,4,3603,0,1,1,NA,2,103,I-10 E/B,RANCHO AVENUE,620,W,N,A,-,Y,SBD,NA,10,NA,R,21.883,H,NA,R,Y,3,0,1,1,A,-,08,22107,NA,N,E,I,A,A,H,-,A,D,0,NA,NA,NA,NA,Y,NA,D,22,0,1,0,0,0,0,0,0,0,-,-,34.06787109375,-117.33705139160156,SAN BERNARDINO,COLTON,-117.33708953857422,34.067787170410156
91834961,2022,2022-08-08,9850,2022-07-28,2110,022734,NA,4,2,9,3600,0,3,5,NA,2,001,ROLLING RIDGE DR,COUNTRY CLUB DR,22,S,N,A,-,N,NA,NA,NA,NA,NA,NA,NA,NA,NA,Y,4,0,1,2,A,-,01,23152,A,N,C,C,A,A,H,-,C,A,0,NA,NA,NA,NA,Y,Y,A,07,0,0,1,0,0,0,0,0,0,-,-,34.49079895019531,-117.26145935058594,SAN BERNARDINO,UNINCORPORATED,-117.2614974975586,34.49087905883789
9183532,2020,2020-12-22,3600,2020-11-02,0732,H7621,AP024,1,5,5,3621,0,0,0,NA,0,AP1,RT 18,BASS HILL RD,0,NA,Y,A,-,Y,SBD,8,18,-,-,91.234,I,5,S,Y,4,0,1,2,A,-,12,21453,A,N,D,C,A,A,H,-,A,A,0,NA,NA,NA,NA,Y,NA,D,22,0,0,1,0,0,0,0,0,0,-,-,NA,NA,SAN BERNARDINO,APPLE VALLEY,-117.22111511230467,34.52649688720703
91835425,2022,2022-08-08,9834,2022-07-31,1635,018163,NA,7,2,9,3600,0,1,1,NA,2,044,I-40 EASTBOUND,US-95,21120,W,N,C,-,Y,SBD,NA,40,NA,R,129.312,H,NA,R,Y,2,0,1,1,A,-,03,22350,NA,N,F,A,A,B,H,-,A,D,0,NA,NA,NA,NA,Y,NA,A,07,1,0,0,0,0,0,0,0,0,-,-,34.8743782043457,-114.8132095336914,SAN BERNARDINO,UNINCORPORATED,-114.81314086914063,34.87423324584961
91836066,2022,2022-08-09,9860,2022-08-01,1145,016575,NA,1,1,6,3610,0,1,1,NA,2,103,I-10 E/B,HUNTS LANE U/C,600,E,N,A,-,Y,SBD,NA,10,NA,NA,24.902,H,NA,R,Y,4,0,2,4,A,-,07,21658,A,N,B,C,A,A,H,-,A,D,0,NA,NA,NA,Y,Y,NA,A,01,0,0,2,0,0,0,0,0,0,-,-,34.06357955932617,-117.28520965576172,SAN BERNARDINO,SAN BERNARDINO,-117.28521728515624,34.06365203857422
91836699,2022,2022-08-09,9835,2022-08-01,1237,015354,NA,1,1,9,3600,0,1,1,NA,2,077,INTERSTATE 15 NORTHBOUND,NIPTON RD.,7973,S,N,B,C,Y,SBD,NA,15,NA,NA,174.929,H,NA,R,N,3,0,2,1,A,-,03,22350,NA,N,E,I,A,B,H,-,A,D,0,NA,NA,NA,NA,Y,NA,D,22,0,2,0,0,0,0,0,0,0,-,-,35.4610481262207,-115.4706573486328,SAN BERNARDINO,UNINCORPORATED,-115.47064971923828,35.46097946166992
91837839,2022,2022-08-11,9855,2022-07-29,2045,022021,NA,5,2,9,3600,0,3,5,NA,2,001,BEECH AVE S/B (8600 BLOCK),WHITTRAM AVE,463,S,N,A,-,N,NA,NA,NA,NA,NA,NA,NA,NA,NA,N,2,0,1,1,A,-,08,22107,NA,N,E,I,A,A,H,-,D,A,0,NA,NA,NA,NA,Y,NA,A,01,1,0,0,0,0,0,0,0,0,-,-,34.0943489074707,-117.47128295898438,SAN BERNARDINO,UNINCORPORATED,-117.4712142944336,34.09443283081055
91840461,2022,2022-08-15,9855,2022-07-26,0910,015033,NA,2,1,5,3611,0,1,1,NA,2,203,SR-210 E/B (FOOTHILL FWY),CAMPUS AVE,800,W,N,A,-,Y,SBD,NA,210,NA,NA,2.541,H,NA,R,N,4,0,1,1,A,-,08,22107,NA,N,E,I,A,A,H,-,A,D,0,NA,NA,NA,NA,Y,NA,A,01,0,0,1,0,0,0,0,0,0,-,-,34.134578704833984,-117.65216827392578,SAN BERNARDINO,UPLAND,-117.65216827392578,34.13458251953125
91840752,2022,2022-08-15,9834,2022-08-14,1455,016564,NA,7,2,9,3600,0,1,1,NA,2,044,I-40 W/B,WATER ROAD,10032,E,N,C,-,Y,SBD,NA,40,NA,R,122.969,H,NA,L,Y,4,0,3,2,A,-,03,22350,NA,N,B,C,A,B,H,-,A,D,0,NA,NA,NA,NA,Y,NA,A,01,0,0,3,0,0,0,0,0,0,-,-,34.85829162597656,-114.92017364501952,SAN BERNARDINO,UNINCORPORATED,-114.920166015625,34.85835266113281
91841343,2022,2022-08-16,9860,2022-08-08,0910,019429,NA,1,1,6,3604,0,1,1,NA,2,201,SR-210 E/B,SIERRA AVE.,1584,E,N,A,-,Y,SBD,NA,210,NA,NA,15.265,H,NA,R,N,4,0,1,2,A,-,07,21658,A,N,B,C,A,A,H,-,A,D,0,NA,NA,NA,NA,Y,NA,A,01,0,0,1,0,0,0,0,0,0,-,-,34.13624954223633,-117.4302215576172,SAN BERNARDINO,FONTANA,-117.4302215576172,34.136268615722656
91841453,2022,2022-08-16,9865,2022-08-11,1648,020725,NA,4,2,9,3600,0,1,3,NA,1,034,SR-18,FOREST ROAD 3N03,6336,N,N,A,-,Y,SBD,NA,18,NA,NA,62.679,H,NA,R,Y,3,0,1,1,A,-,01,23152,A,N,E,I,A,A,H,-,A,D,0,NA,NA,NA,NA,Y,Y,E,22,0,1,0,0,0,0,0,0,0,-,-,34.32720184326172,-116.82556915283205,SAN BERNARDINO,UNINCORPORATED,-116.82556915283205,34.32719039916992
91842576,2022,2022-08-17,9855,2022-08-10,2203,016215,NA,3,3,6,3607,0,1,3,NA,2,601,SR-60 E/B (POMONA FWY),MILLIKEN AVE.,2058,W,N,A,-,Y,SBD,NA,60,NA,R,9.56,H,NA,R,Y,3,0,1,2,A,-,03,22350,NA,N,C,C,A,A,D,-,C,D,0,NA,NA,NA,NA,Y,NA,A,07,0,1,0,0,0,0,0,0,0,-,-,34.025760650634766,-117.56494903564452,SAN BERNARDINO,ONTARIO,-117.56493377685548,34.025794982910156
91843154,2022,2022-08-18,9835,2022-08-10,1535,022428,NA,3,2,9,3600,0,1,1,NA,2,077,I-15 N/B,NIPTON RD,3696,S,N,C,-,Y,SBD,NA,15,NA,NA,175.77,H,NA,R,Y,2,0,2,1,A,-,08,22107,NA,N,E,I,A,B,H,-,B,D,0,NA,NA,NA,NA,Y,NA,A,07,1,1,0,0,0,0,0,0,0,-,-,35.466400146484375,-115.4574737548828,SAN BERNARDINO,UNINCORPORATED,-115.45751953125,35.46645736694336
91847432,2022,2022-08-24,9855,2022-08-12,1000,021543,NA,5,1,9,3600,0,3,5,NA,2,001,BEECH AVE,CERES AVE.,0,NA,Y,A,-,N,NA,NA,NA,NA,NA,NA,NA,NA,NA,Y,4,0,1,3,A,-,09,21802,A,N,D,C,A,A,H,-,A,A,0,NA,NA,NA,NA,Y,NA,D,22,0,0,1,0,0,0,0,0,0,-,-,34.09299087524414,-117.47116088867188,SAN BERNARDINO,UNINCORPORATED,-117.4711685180664,34.09297180175781
91848794,2022,2022-08-25,9855,2022-05-27,0845,015299,NA,5,1,6,3607,0,1,1,NA,2,103,I-10 W/B (SAN BERNARDINO FWY),VINEYARD AVE.,1500,E,N,A,-,Y,SBD,NA,10,NA,NA,6.376,H,NA,L,N,4,0,1,3,A,-,07,21658,A,F,B,C,A,A,H,-,A,D,0,NA,NA,NA,NA,Y,NA,A,01,0,0,1,0,0,0,0,0,0,-,-,34.0690803527832,-117.60672760009766,SAN BERNARDINO,ONTARIO,-117.60672760009766,34.069087982177734
91849096,2022,2022-08-25,9860,2022-08-15,2014,020002,NA,1,2,9,3600,0,3,5,NA,2,002,48TH ST,MOUNTAIN DR.,0,NA,Y,A,-,N,NA,NA,NA,NA,NA,NA,NA,NA,NA,N,2,0,2,2,A,-,09,21802,A,N,D,C,A,A,H,-,C,A,0,NA,NA,NA,NA,Y,NA,A,01,1,0,1,0,0,0,0,0,0,-,-,34.17185974121094,-117.30709838867188,SAN BERNARDINO,UNINCORPORATED,-117.30706787109376,34.171775817871094
91851869,2022,2022-08-29,9855,2022-08-22,1003,014637,NA,1,1,6,3616,0,1,1,NA,2,152,I-15 S/B (ONTARIO FWY),SR-66 W/B (FOOTHILL BLVD),750,N,N,A,-,Y,SBD,NA,15,NA,NA,5.672,H,NA,L,Y,4,0,1,4,A,-,03,22350,NA,N,C,C,A,B,H,-,A,D,0,NA,NA,NA,NA,Y,NA,A,01,0,0,1,0,0,0,0,0,0,-,-,34.11030960083008,-117.52780151367188,SAN BERNARDINO,RANCHO CUCAMONGA,-117.52771759033205,34.1102409362793
9185451,2020,2020-12-31,3600,2020-10-30,1449,D3381,VC067,5,5,5,3612,0,0,0,NA,0,VC6,AIR EXPWY,GEORGE BL,0,NA,Y,A,-,N,NA,NA,NA,NA,NA,NA,NA,NA,NA,Y,4,0,1,2,A,-,12,21453,A,N,D,C,A,A,H,-,A,A,0,NA,NA,NA,NA,Y,NA,A,01,0,0,1,0,0,0,0,0,0,-,-,NA,NA,SAN BERNARDINO,VICTORVILLE,-117.36053,34.57222
91856417,2022,2022-09-02,9860,2022-08-24,0705,019495,NA,3,1,6,3610,0,1,1,NA,2,214,I-215 S/B,I-10,2112,N,N,B,-,Y,SBD,NA,215,NA,NA,4.478,H,NA,L,N,3,0,1,2,A,-,07,21658,A,N,B,C,A,A,H,-,A,D,0,NA,NA,Y,NA,Y,NA,A,01,0,1,0,0,0,0,0,0,1,-,-,34.07027053833008,-117.2959213256836,SAN BERNARDINO,SAN BERNARDINO,-117.2958755493164,34.07026672363281
91857777,2022,2022-09-06,9855,2022-08-25,2340,021403,NA,4,3,6,3607,0,1,3,NA,2,601,SR-60 E/B (POMONA FWY),VINEYARD AVE.,1056,E,N,A,-,Y,SBD,NA,60,NA,R,7.045,H,NA,R,Y,4,0,1,2,A,-,01,23152,A,N,C,C,A,A,D,E,C,A,0,NA,NA,NA,NA,Y,Y,A,01,0,0,1,0,0,0,0,0,0,-,-,34.03044891357422,-117.60791778564452,SAN BERNARDINO,ONTARIO,-117.60791778564452,34.0305061340332
91858139,2022,2022-09-06,9850,2022-08-28,1230,021205,NA,7,1,9,3600,0,3,5,NA,2,002,COLERIDGE RD,LANTRY LN,0,NA,Y,A,-,N,NA,NA,NA,NA,NA,NA,NA,NA,NA,Y,4,0,1,1,A,-,12,22450,A,N,E,I,A,A,H,-,A,A,0,NA,NA,NA,NA,Y,NA,A,01,0,0,1,0,0,0,0,0,0,-,-,34.36819076538086,-117.42285919189452,SAN BERNARDINO,UNINCORPORATED,-117.42272186279295,34.367977142333984
91859087,2022,2022-10-10,9850,2022-08-26,1340,023055,NA,5,1,9,3600,0,1,3,NA,2,052,SR-18,BUTTONWOOD ST,225,W,N,A,-,Y,SBD,NA,18,NA,NA,109.195,H,NA,R,Y,4,0,3,2,A,-,03,22350,NA,N,C,C,A,A,H,-,A,D,0,NA,NA,NA,NA,Y,NA,A,01,0,0,3,0,0,0,0,0,0,-,-,34.506629943847656,-117.54398345947266,SAN BERNARDINO,UNINCORPORATED,-117.54398345947266,34.50661087036133
91861443,2022,2022-09-12,9860,2022-08-31,1440,020654,NA,3,2,6,3610,0,1,1,NA,2,103,I-10 W/B,WATERMAN AVE,1056,W,N,A,-,Y,SBD,NA,10,NA,NA,25.087,H,NA,L,Y,3,0,1,2,A,-,03,22350,NA,N,C,C,A,A,H,-,A,D,0,NA,NA,Y,NA,Y,NA,C,02,0,1,0,0,0,0,0,0,1,-,-,34.0642204284668,-117.2820281982422,SAN BERNARDINO,SAN BERNARDINO,-117.2820281982422,34.06418991088867
91861704,2022,2022-09-12,9860,2022-09-01,0700,022890,NA,4,1,6,3610,0,1,1,NA,2,214,I-215 S/B,AUTO CENTER DR,792,N,N,A,-,Y,SBD,NA,215,NA,NA,5.183,H,NA,L,Y,4,0,2,3,A,-,07,21658,A,N,B,C,A,A,H,-,A,D,0,NA,NA,NA,Y,Y,NA,G,25,0,0,2,0,0,0,0,0,0,-,-,34.08005142211914,-117.2978286743164,SAN BERNARDINO,SAN BERNARDINO,-117.2978057861328,34.08005905151367
91861861,2022,2022-09-12,9860,2022-08-28,2132,022583,NA,7,2,9,3600,0,1,3,NA,1,010,SR-138,WAGON TRAIN ROAD,12672,E,N,A,-,Y,SBD,NA,138,NA,R,18.245,H,NA,R,Y,2,0,1,2,A,-,08,22107,NA,N,D,C,A,A,H,-,D,D,0,NA,NA,Y,NA,Y,NA,A,07,1,0,0,0,0,0,0,0,1,-,-,34.3296012878418,-117.4414291381836,SAN BERNARDINO,UNINCORPORATED,-117.44143676757813,34.32958984375