CASE_ID,ACCIDENT_YEAR,PROC_DATE,JURIS,COLLISION_DATE,COLLISION_TIME,OFFICER_ID,REPORTING_DISTRICT,DAY_OF_WEEK,CHP_SHIFT,POPULATION,CNTY_CITY_LOC,SPECIAL_COND,BEAT_TYPE,CHP_BEAT_TYPE,CITY_DIVISION_LAPD,CHP_BEAT_CLASS,BEAT_NUMBER,PRIMARY_RD,SECONDARY_RD,DISTANCE,DIRECTION,INTERSECTION,WEATHER_1,WEATHER_2,STATE_HWY_IND,CALTRANS_COUNTY,CALTRANS_DISTRICT,STATE_ROUTE,ROUTE_SUFFIX,POSTMILE_PREFIX,POSTMILE,LOCATION_TYPE,RAMP_INTERSECTION,SIDE_OF_HWY,TOW_AWAY,COLLISION_SEVERITY,NUMBER_KILLED,NUMBER_INJURED,PARTY_COUNT,PRIMARY_COLL_FACTOR,PCF_CODE_OF_VIOL,PCF_VIOL_CATEGORY,PCF_VIOLATION,PCF_VIOL_SUBSECTION,HIT_AND_RUN,TYPE_OF_COLLISION,MVIW,PED_ACTION,ROAD_SURFACE,ROAD_COND_1,ROAD_COND_2,LIGHTING,CONTROL_DEVICE,CHP_ROAD_TYPE,PEDESTRIAN_ACCIDENT,BICYCLE_ACCIDENT,MOTORCYCLE_ACCIDENT,TRUCK_ACCIDENT,NOT_PRIVATE_PROPERTY,ALCOHOL_INVOLVED,STWD_VEHTYPE_AT_FAULT,CHP_VEHTYPE_AT_FAULT,COUNT_SEVERE_INJ,COUNT_VISIBLE_INJ,COUNT_COMPLAINT_PAIN,COUNT_PED_KILLED,COUNT_PED_INJURED,COUNT_BICYCLIST_KILLED,COUNT_BICYCLIST_INJURED,COUNT_MC_KILLED,COUNT_MC_INJURED,PRIMARY_RAMP,SECONDARY_RAMP,LATITUDE,LONGITUDE,COUNTY,CITY,POINT_X,POINT_Y
9267258,2021,2021-06-07,3601,2021-05-07,2052,C6,3601,5,5,3,3601,0,0,0,NA,0,PATROL,RIMROCK RD,BARSTOW RD,0,NA,Y,A,-,N,NA,NA,NA,NA,NA,NA,NA,NA,NA,Y,4,0,2,2,-,-,-,NA,A,N,D,C,A,A,H,-,C,A,0,NA,NA,NA,NA,Y,NA,A,01,0,0,2,0,0,0,0,0,0,-,-,34.876800537109375,-117.02329254150392,SAN BERNARDINO,BARSTOW,-117.02288818359376,34.876853942871094
9267455,2021,2022-08-23,3610,2021-03-31,2348,51237,NA,3,5,6,3610,0,0,0,NA,0,NA,NORTH WATERMAN AV,E 17TH ST,120,N,N,A,-,N,NA,NA,NA,NA,NA,NA,NA,NA,NA,Y,4,0,2,3,A,-,03,22350,NA,N,C,C,A,A,A,H,C,D,0,NA,NA,NA,NA,Y,NA,D,22,0,0,2,0,0,0,0,0,0,-,-,34.130828857421875,-117.27838134765624,SAN BERNARDINO,SAN BERNARDINO,-117.27877807617188,34.13039779663086
9267965,2021,2021-05-26,3610,2021-03-20,1855,50789,NA,6,5,6,3610,0,0,0,NA,0,POLICE,N E ST,W 16TH ST,0,NA,Y,A,-,N,NA,NA,NA,NA,NA,NA,NA,NA,NA,Y,4,0,1,2,A,-,12,22450,A,N,D,C,A,A,H,-,B,A,0,NA,NA,NA,NA,Y,NA,A,01,0,0,1,0,0,0,0,0,0,-,-,NA,NA,SAN BERNARDINO,SAN BERNARDINO,-117.2941665649414,34.12854766845703
9267972,2021,2021-05-26,3610,2021-03-21,0439,51204,NA,7,5,6,3610,0,0,0,NA,0,POLICE,W BASELINE ST,N DAVIDSON AV,0,NA,Y,A,-,N,NA,NA,NA,NA,NA,NA,NA,NA,NA,Y,4,0,1,2,A,-,09,21801,A,N,D,C,A,A,H,-,C,A,0,NA,NA,NA,NA,Y,NA,A,01,0,0,1,0,0,0,0,0,0,-,-,34.12133026123047,-117.30976104736328,SAN BERNARDINO,SAN BERNARDINO,-117.30977630615234,34.12133026123047
9268716,2021,2021-05-27,3608,2021-05-03,1807,4024,NA,1,5,5,3608,0,0,0,NA,0,NA,GROVE ST,COLLEGE AV,0,NA,Y,A,-,N,NA,NA,NA,NA,NA,NA,NA,NA,NA,N,4,0,1,2,A,-,05,21651,B,N,D,C,A,A,H,-,A,D,0,NA,NA,NA,NA,Y,NA,-,NA,0,0,1,0,0,0,0,0,0,-,-,34.063690185546875,-117.16040802001952,SAN BERNARDINO,REDLANDS,-117.16043090820313,34.06371307373047
9269383,2021,2021-06-03,3604,2021-05-08,1330,1302,FONTA,6,5,6,3604,0,0,0,NA,0,004,CHERRY AV,SLOVER AV,43,N,N,A,-,N,NA,NA,NA,NA,NA,NA,NA,NA,NA,N,4,0,1,2,A,-,08,22107,NA,N,B,C,A,A,H,-,A,D,0,NA,NA,NA,NA,Y,NA,-,-,0,0,1,0,0,0,0,0,0,-,-,NA,NA,SAN BERNARDINO,FONTANA,-117.48896026611328,34.06298828125
9270048,2021,2021-06-14,3610,2021-03-25,0810,51281,NA,4,5,6,3610,0,0,0,NA,0,POLICE,WEST HIGHLAND AV,N MEDICAL CENTER DR,1056,W,N,A,-,N,NA,NA,NA,NA,NA,NA,NA,NA,NA,Y,4,0,1,2,A,-,08,22107,1,N,D,C,A,A,H,-,A,D,0,NA,NA,NA,NA,Y,NA,A,01,0,0,1,0,0,0,0,0,0,-,-,34.13576889038086,-117.32672119140624,SAN BERNARDINO,SAN BERNARDINO,-117.3260498046875,34.1361198425293
9270406,2021,2021-06-08,3600,2021-05-08,1919,G3874,HE102,6,5,5,3619,0,0,0,NA,0,HE1,MAPLE AV,SYCAMORE ST,0,NA,Y,A,-,N,NA,NA,NA,NA,NA,NA,NA,NA,NA,Y,3,0,2,2,A,-,01,23152,A,N,D,C,A,A,H,-,D,D,0,NA,NA,NA,NA,Y,Y,A,01,0,1,1,0,0,0,0,0,0,-,-,NA,NA,SAN BERNARDINO,HESPERIA,-117.34666442871094,34.46316146850586
9273314,2021,2021-07-06,3608,2021-05-09,0028,4707,3608,7,5,5,3608,0,0,0,NA,0,NA,ORANGE ST,EAST PEARL AV,0,NA,Y,A,-,N,NA,NA,NA,NA,NA,NA,NA,NA,NA,N,4,0,1,2,A,-,12,21453,NA,N,-,C,A,A,H,-,C,A,0,NA,NA,NA,NA,Y,NA,A,01,0,0,1,0,0,0,0,0,0,-,-,NA,NA,SAN BERNARDINO,REDLANDS,-117.18254852294922,34.06132888793945
9274446,2021,2021-07-06,3602,2021-06-04,1717,4009,NA,5,5,5,3602,0,0,0,NA,0,001,RIVERSIDE DR,YORBA AV,219,W,N,A,-,N,NA,NA,NA,NA,NA,NA,NA,NA,NA,N,3,0,2,2,A,-,09,21804,A,N,D,C,A,A,H,-,A,D,0,NA,NA,Y,NA,Y,NA,A,01,0,2,0,0,0,0,0,0,2,-,-,34.018951416015625,-117.70156860351563,SAN BERNARDINO,CHINO,-117.7031021118164,34.018978118896484
9274632,2021,2021-06-29,3610,2021-04-30,2048,51155,NA,5,5,6,3610,0,0,0,NA,0,ADAM,W 16TH ST,N CABRERA AV,0,NA,Y,A,-,N,NA,NA,NA,NA,NA,NA,NA,NA,NA,N,2,0,1,2,A,-,08,22107,NA,F,B,C,A,A,H,-,D,D,0,NA,NA,Y,NA,Y,NA,-,NA,1,0,0,0,0,0,0,0,1,-,-,34.12849044799805,-117.32041931152344,SAN BERNARDINO,SAN BERNARDINO,-117.32032012939452,34.1287727355957
9274693,2021,2021-06-29,3605,2021-05-20,1217,446,NA,4,5,4,3605,0,0,0,NA,0,NA,KADOTA AV,MISSION BL,0,NA,Y,A,-,N,NA,NA,NA,NA,NA,NA,NA,NA,NA,Y,3,0,3,3,A,-,08,22107,NA,N,C,C,A,A,H,-,A,D,0,NA,NA,NA,NA,Y,NA,A,07,0,1,2,0,0,0,0,0,0,-,-,NA,NA,SAN BERNARDINO,MONTCLAIR,-117.71768951416016,34.056007385253906
9275190,2021,2021-07-15,3600,2021-06-12,2226,G9821,HI004,6,5,4,3618,0,0,0,NA,0,HI1,PACIFIC ST,DEL ROSA AV,0,NA,Y,A,-,N,NA,NA,NA,NA,NA,NA,NA,NA,NA,N,4,0,1,2,A,-,10,21950,A,N,G,G,B,A,H,-,D,D,0,Y,NA,NA,NA,Y,NA,A,01,0,0,1,0,1,0,0,0,0,-,-,NA,NA,SAN BERNARDINO,HIGHLAND,-117.25020599365234,34.12857437133789
9276267,2021,2021-09-28,3600,2021-04-28,1800,F7786,RC001,3,5,6,3616,0,0,0,NA,0,006,ETIWANDA AVE,4TH ST,1600,N,N,A,-,N,NA,NA,NA,NA,NA,NA,NA,NA,NA,Y,4,0,1,2,C,-,18,NA,NA,N,E,J,A,A,H,-,B,D,0,NA,NA,NA,NA,Y,NA,-,-,0,0,1,0,0,0,0,0,0,-,-,NA,NA,SAN BERNARDINO,RANCHO CUCAMONGA,-117.5239715576172,34.08153533935547
9276424,2021,2021-09-16,3600,2021-08-16,1523,H6883,HE304,1,5,5,3619,0,0,0,NA,0,HE3,MAPLE AV,EDISON POLE 3668645,4,S,N,A,-,N,NA,NA,NA,NA,NA,NA,NA,NA,NA,Y,3,0,1,2,A,-,09,21804,A,N,D,C,A,A,H,-,A,D,0,NA,NA,Y,NA,Y,NA,C,02,0,1,0,0,0,0,0,0,1,-,-,NA,NA,SAN BERNARDINO,HESPERIA,NA,NA
9276543,2021,2021-09-30,3604,2021-09-05,0824,1322,NA,7,5,6,3604,0,0,0,NA,0,NA,CITRUS AV,RT 10,0,NA,Y,A,-,Y,SBD,8,10,-,-,15.343,R,4,W,N,3,0,1,2,A,-,12,21453,A,N,D,C,A,A,H,-,A,A,0,NA,NA,NA,NA,Y,NA,A,07,0,1,0,0,0,0,0,0,0,-,WF,NA,NA,SAN BERNARDINO,FONTANA,-117.45093536376952,34.066978454589844
9276982,2021,2022-08-23,3610,2021-03-17,0737,50851,NA,3,5,6,3610,0,0,0,NA,0,NA,NORTH WATERMAN AV,E PARKDALE DR,0,NA,Y,A,-,N,NA,NA,NA,NA,NA,NA,NA,NA,NA,Y,4,0,1,2,A,-,12,21453,A,F,B,C,A,A,H,-,A,A,0,NA,NA,NA,NA,Y,NA,A,01,0,0,1,0,0,0,0,0,0,-,-,34.15874099731445,-117.27866363525392,SAN BERNARDINO,SAN BERNARDINO,-117.27867889404295,34.15875244140625
9277186,2021,2021-06-10,3610,2021-04-05,0456,51272,NA,1,5,6,3610,0,0,0,NA,0,CHARLI,E GILBERT ST,N PACIFIC ST,0,NA,Y,A,-,N,NA,NA,NA,NA,NA,NA,NA,NA,NA,Y,4,0,1,1,A,-,03,22350,NA,N,E,I,A,-,H,-,D,D,0,NA,NA,NA,NA,Y,NA,A,01,0,0,1,0,0,0,0,0,0,-,-,34.1268196105957,-117.26625823974608,SAN BERNARDINO,SAN BERNARDINO,NA,NA
9277208,2021,2022-07-29,3610,2021-04-14,1800,51280,NA,3,5,6,3610,0,0,0,NA,0,ADAM,W FOOTHILL BL,W 4TH ST,0,NA,Y,A,-,N,NA,NA,NA,NA,NA,NA,NA,NA,NA,Y,4,0,1,1,A,-,08,22107,NA,N,E,I,A,A,H,-,A,A,0,NA,NA,NA,NA,Y,NA,A,01,0,0,1,0,0,0,0,0,0,-,-,34.10654067993164,-117.33229064941406,SAN BERNARDINO,SAN BERNARDINO,-117.33223724365234,34.1065788269043
9277347,2021,2021-06-09,3600,2021-05-26,1204,F3800,YC102,3,5,4,3640,0,0,0,NA,0,YC1,OAK GLEN RD,STONEWOOD DR,45,E,N,A,-,N,NA,NA,NA,NA,NA,NA,NA,NA,NA,N,4,0,1,1,A,-,03,22350,A,N,E,I,A,A,H,-,A,A,0,NA,NA,NA,NA,Y,NA,A,01,0,0,1,0,0,0,0,0,0,-,-,NA,NA,SAN BERNARDINO,YUCAIPA,-117.04908752441406,34.0483512878418
9277767,2021,2021-06-10,3610,2021-03-29,1751,50709,NA,1,5,6,3610,0,0,0,NA,0,BAKER,N UNIVERSITY PKWY,W NORTHPARK AV,291,S,N,A,-,N,NA,NA,NA,NA,NA,NA,NA,NA,NA,N,3,0,1,2,A,-,07,21658,A,N,G,G,A,A,H,-,A,D,0,NA,Y,NA,NA,Y,NA,L,04,0,1,0,0,0,0,1,0,0,-,-,34.1788215637207,-117.32694244384766,SAN BERNARDINO,SAN BERNARDINO,-117.3278579711914,34.17820358276367
9277946,2021,2021-06-30,3600,2021-05-30,1151,G6203,HE118,7,5,5,3619,0,0,0,NA,0,HE3,MAIN ST,MARIPOSA RD,0,NA,Y,A,-,N,NA,NA,NA,NA,NA,NA,NA,NA,NA,N,3,0,5,2,D,-,00,NA,NA,N,D,C,A,A,H,-,A,A,0,NA,NA,NA,NA,Y,NA,-,-,0,1,4,0,0,0,0,0,0,-,-,NA,NA,SAN BERNARDINO,HESPERIA,-117.37757110595705,34.42677307128906
9277960,2021,2021-06-18,3600,2021-05-23,1426,H8985,HE413,7,5,5,3619,0,0,0,NA,0,HE4,I AV,BUCKHORN AV,222,N,N,A,-,N,NA,NA,NA,NA,NA,NA,NA,NA,NA,Y,4,0,2,2,A,-,05,21460,A,N,A,C,A,A,H,-,A,D,0,NA,NA,NA,NA,Y,NA,A,01,0,0,2,0,0,0,0,0,0,-,-,NA,NA,SAN BERNARDINO,HESPERIA,-117.28588104248048,34.405277252197266
9278089,2021,2021-06-25,3604,2021-05-06,0017,1163,NA,4,5,6,3604,0,0,0,NA,0,NA,SIERRA AV,RT 210,0,NA,Y,A,-,Y,SBD,8,210,-,-,14.668,R,4,E,Y,3,0,1,2,A,-,03,22350,NA,N,H,A,A,A,H,-,C,A,0,NA,NA,Y,NA,Y,NA,C,02,0,1,0,0,0,0,0,0,1,-,EF,NA,NA,SAN BERNARDINO,FONTANA,-117.4406280517578,34.136260986328125
9278307,2021,2021-06-29,3602,2021-05-27,1510,38005,NA,4,5,5,3602,0,0,0,NA,0,001,RAMONA AV,RT 60,96,S,N,A,-,Y,SBD,8,60,-,R,1.494,R,4,E,Y,3,0,2,2,A,-,09,21804,A,N,D,D,A,A,H,-,A,D,0,NA,NA,NA,NA,Y,NA,D,22,0,1,1,0,0,0,0,0,0,-,-,34.01430130004883,-117.41999816894533,SAN BERNARDINO,CHINO,-117.70462036132813,34.03006362915039
9278950,2021,2021-07-08,3608,2021-05-19,2359,4623,PATRO,3,5,5,3608,0,0,0,NA,0,NA,LUGONIA AV,HOME DEPOT DR,0,NA,Y,A,-,N,NA,NA,NA,NA,NA,NA,NA,NA,NA,Y,4,0,2,2,A,-,03,22350,NA,N,C,C,A,A,H,-,C,A,0,NA,NA,NA,NA,Y,NA,A,01,0,0,2,0,0,0,0,0,0,-,-,NA,NA,SAN BERNARDINO,REDLANDS,NA,NA
9278981,2021,2021-07-12,3603,2021-06-11,2046,4920,CPD,5,5,4,3603,0,0,0,NA,0,001,W MILL ST,N PENNSYLVANIA AV,0,NA,Y,A,-,N,NA,NA,NA,NA,NA,NA,NA,NA,NA,N,4,0,1,2,A,-,09,21801,A,M,D,C,A,A,H,-,C,D,0,NA,NA,NA,NA,Y,Y,A,01,0,0,1,0,0,0,0,0,0,-,-,34.09331130981445,-117.32917022705078,SAN BERNARDINO,COLTON,-117.3291473388672,34.0921516418457
9279565,2021,2021-06-18,3603,2021-05-28,0248,4920,CPD,5,5,4,3603,0,0,0,NA,0,004,E WASHINGTON ST,S BLUFF RD,70,E,N,A,-,N,NA,NA,NA,NA,NA,NA,NA,NA,NA,Y,3,0,1,1,A,-,05,21650,NA,N,A,I,A,A,H,-,C,A,0,NA,NA,NA,NA,Y,NA,A,01,0,1,0,0,0,0,0,0,0,-,-,34.04793930053711,-117.30513763427734,SAN BERNARDINO,COLTON,-117.30498504638672,34.048038482666016
92799834,2024,2024-07-26,9860,2024-06-28,1637,022553,NA,5,2,9,3600,0,2,4,NA,2,411,CEDAR AVE,I-10 E/B,0,NA,Y,A,-,Y,NA,NA,NA,NA,NA,NA,NA,NA,NA,Y,3,0,1,3,A,-,12,21453,A,F,D,C,A,A,D,-,A,A,0,NA,NA,NA,NA,Y,NA,A,07,0,1,0,0,0,0,0,0,0,-,-,34.06789016723633,-117.39617919921876,SAN BERNARDINO,UNINCORPORATED,-117.39609527587892,34.06836700439453
92800198,2024,2024-07-29,9860,2024-07-27,610,021169,NA,6,1,6,3610,0,1,1,NA,2,214,I-215 S/B,I-10,2640,N,N,A,-,Y,SBD,NA,215,NA,NA,4.789,H,NA,L,N,4,0,1,1,A,-,08,22107,NA,N,E,I,A,A,H,-,A,D,0,NA,NA,NA,NA,Y,NA,A,01,0,0,1,0,0,0,0,0,0,-,-,34.07474899291992,-117.2955322265625,SAN BERNARDINO,SAN BERNARDINO,-117.29569244384766,34.07474136352539
92800217,2024,2024-07-29,9860,2024-05-30,222,023503,NA,4,3,6,3610,0,1,1,NA,2,214,I-215 N/B,ORANGE SHOW RD,845,S,N,A,-,Y,SBD,NA,215,NA,NA,4.847,H,NA,R,N,2,0,1,1,A,-,08,22107,NA,N,E,I,A,A,H,-,C,D,0,NA,NA,NA,NA,Y,NA,A,01,1,0,0,0,0,0,0,0,0,-,-,34.07569885253906,-117.29527282714844,SAN BERNARDINO,SAN BERNARDINO,-117.2954559326172,34.075679779052734
9281567,2021,2021-08-03,3605,2021-06-20,1032,446,NA,7,5,4,3605,0,0,0,NA,0,NA,BENSON AV,KINGSLEY ST,0,NA,Y,A,-,N,NA,NA,NA,NA,NA,NA,NA,NA,NA,N,4,0,3,2,A,-,12,22450,A,F,C,C,A,A,H,-,A,A,0,NA,NA,NA,NA,Y,NA,A,01,0,0,3,0,0,0,0,0,0,-,-,NA,NA,SAN BERNARDINO,MONTCLAIR,-117.68080902099608,34.06674575805664
9281748,2021,2021-07-09,3600,2021-05-07,1044,A9600,YV013,5,5,3,3631,0,0,0,NA,0,YV1,ONAGA TRL,JOSHUA VIEW DR,0,NA,Y,A,-,N,NA,NA,NA,NA,NA,NA,NA,NA,NA,Y,3,0,3,2,A,-,09,21802,A,N,D,C,A,A,H,-,A,A,0,NA,NA,NA,NA,Y,NA,A,07,0,1,2,0,0,0,0,0,0,-,-,NA,NA,SAN BERNARDINO,YUCCA VALLEY,-116.41082763671876,34.11227798461914
9282473,2021,2021-07-07,3610,2021-04-28,1555,50977,NA,3,5,6,3610,0,0,0,NA,0,COURTE,N DEL ROSA AV,HIGHLAND AV,618,N,N,A,-,N,NA,NA,NA,NA,NA,NA,NA,NA,NA,Y,3,0,1,1,A,-,08,22107,NA,N,A,I,A,A,H,-,-,D,0,NA,NA,NA,NA,Y,Y,A,01,0,1,0,0,0,0,0,0,0,-,-,34.135860443115234,-117.25238037109376,SAN BERNARDINO,SAN BERNARDINO,-117.25240325927734,34.13755416870117
9282523,2021,2021-07-07,3610,2021-05-15,1500,51271,NA,6,5,6,3610,0,0,0,NA,0,BAKER,E 11TH ST,NORTH SIERRA WY,0,NA,Y,A,-,N,NA,NA,NA,NA,NA,NA,NA,NA,NA,N,4,0,1,2,A,-,09,21801,B,N,D,C,A,A,H,-,A,A,0,NA,NA,NA,NA,Y,NA,A,01,0,0,1,0,0,0,0,0,0,-,-,34.119510650634766,-117.28514862060548,SAN BERNARDINO,SAN BERNARDINO,-117.28512573242188,34.119503021240234
9283722,2021,2021-08-09,3600,2021-06-29,1738,G8588,AP008,2,5,5,3621,0,0,0,NA,0,AP4,BEAR VALLEY RD,KIOWA RD,1320,S,N,A,-,N,NA,NA,NA,NA,NA,NA,NA,NA,NA,Y,4,0,1,2,-,-,-,NA,NA,N,B,C,A,A,H,-,A,D,0,NA,NA,NA,NA,Y,NA,A,01,0,0,1,0,0,0,0,0,0,-,-,NA,NA,SAN BERNARDINO,APPLE VALLEY,-117.20773315429688,34.471439361572266
9283726,2021,2021-08-02,3609,2021-06-24,0844,01002,RI139,4,5,5,3609,0,0,0,NA,0,004,RIVERSIDE,3RD ST,0,NA,Y,A,-,N,NA,NA,NA,NA,NA,NA,NA,NA,NA,Y,4,0,1,2,A,-,09,21802,A,N,D,C,A,A,H,-,A,A,0,NA,NA,NA,NA,Y,NA,A,01,0,0,1,0,0,0,0,0,0,-,-,34.104270935058594,-117.3702392578125,SAN BERNARDINO,RIALTO,-117.37027740478516,34.10422134399414
9283985,2021,2021-12-02,3600,2021-10-27,1629,F3800,YC403,3,5,4,3640,0,0,0,NA,0,YC3,LIVE OAK CANYON RD,OUTER HWY 10 S,0,NA,Y,A,-,N,NA,NA,NA,NA,NA,NA,NA,NA,NA,Y,3,0,1,2,A,-,09,21802,A,N,D,C,A,A,H,-,A,A,0,NA,NA,NA,NA,Y,NA,E,22,0,1,0,0,0,0,0,0,0,-,-,NA,NA,SAN BERNARDINO,YUCAIPA,-117.09609222412108,34.01664352416992
9284508,2021,2021-09-01,3600,2021-06-09,1224,BB9547,HE218,3,5,5,3619,0,0,0,NA,0,HE2,MAIN ST,G AV,265,W,N,A,-,N,NA,NA,NA,NA,NA,NA,NA,NA,NA,Y,3,0,3,2,A,-,09,21804,A,N,D,C,A,A,H,-,A,D,0,NA,NA,NA,NA,Y,NA,A,07,0,1,2,0,0,0,0,0,0,-,-,NA,NA,SAN BERNARDINO,HESPERIA,-117.28867340087892,34.41965103149414
9284974,2021,2021-06-23,3600,2021-05-24,1949,H6883,HE305,1,5,5,3619,0,0,0,NA,0,HE3,ESCONDIDO AV,PALM ST,0,NA,Y,A,-,N,NA,NA,NA,NA,NA,NA,NA,NA,NA,Y,4,0,2,2,A,-,08,22103,NA,N,D,C,A,A,H,-,B,D,0,NA,NA,NA,NA,Y,NA,A,01,0,0,2,0,0,0,0,0,0,-,-,NA,NA,SAN BERNARDINO,HESPERIA,-117.37281799316406,34.408531188964844
9287685,2021,2021-07-30,3608,2021-06-12,0902,3372,NA,6,5,5,3608,0,0,0,NA,0,NA,E LUGONIA AV,HERALD ST,138,W,N,A,-,Y,SBD,8,38,-,-,0.73,H,-,E,Y,3,0,1,1,A,-,01,23152,A,N,E,I,A,A,H,-,A,D,0,NA,NA,NA,NA,Y,Y,A,01,0,1,0,0,0,0,0,0,0,-,-,NA,NA,SAN BERNARDINO,REDLANDS,-117.17971801757813,34.070045471191406
92877309,2024,2024-07-29,9870,2024-07-23,430,019709,NA,2,3,9,3600,0,2,4,NA,2,032,ALTA LOMA,OLYMPIC ROAD,200,W,N,A,-,N,NA,NA,NA,NA,NA,NA,NA,NA,NA,N,4,0,1,1,A,-,08,22107,NA,N,E,I,A,A,H,-,D,D,0,NA,NA,NA,NA,Y,NA,A,07,0,0,1,0,0,0,0,0,0,-,-,34.12052917480469,-116.35272979736328,SAN BERNARDINO,UNINCORPORATED,-116.35238647460938,34.120487213134766
92877815,2024,2024-07-29,9860,2024-07-29,1100,016590,NA,1,1,6,3610,0,1,1,NA,2,202,SR-210 E/B,VALENCIA AVE.,49,E,N,A,-,Y,SBD,NA,210,NA,R,24.587,H,NA,R,Y,4,0,1,2,A,-,03,22350,NA,N,C,C,A,A,H,-,A,D,0,NA,NA,NA,NA,Y,NA,A,01,0,0,1,0,0,0,0,0,0,-,-,34.144691467285156,-117.27220916748048,SAN BERNARDINO,SAN BERNARDINO,-117.27220916748048,34.144744873046875
9289086,2021,2021-07-23,3600,2021-06-15,1803,G7659,VC017,2,5,5,3612,0,0,0,NA,0,VC2,7TH ST,LORENE DR,325,N,N,A,-,N,NA,NA,NA,NA,NA,NA,NA,NA,NA,N,4,0,1,2,A,-,08,22107,NA,N,-,C,A,A,H,-,A,A,0,NA,NA,NA,NA,Y,NA,A,01,0,0,1,0,0,0,0,0,0,-,-,NA,NA,SAN BERNARDINO,VICTORVILLE,-117.31492614746094,34.51463317871094
9290595,2021,2021-08-06,3609,2021-06-20,1127,02334,RI155,7,5,5,3609,0,0,0,NA,0,003,LINDEN AV,JAMES AV,0,NA,Y,A,-,N,NA,NA,NA,NA,NA,NA,NA,NA,NA,Y,4,0,1,3,A,-,08,22107,NA,N,A,E,A,A,H,-,A,A,0,NA,NA,NA,NA,Y,NA,A,01,0,0,1,0,0,0,0,0,0,-,-,34.097801208496094,-117.3927001953125,SAN BERNARDINO,RIALTO,-117.40084838867188,34.088958740234375
9291670,2021,2021-08-02,3608,2021-06-14,2139,3372,NA,1,5,5,3608,0,0,0,NA,0,REDLAN,ALESSANDRA RD,CREEKSIDE DR,344,N,N,A,-,N,NA,NA,NA,NA,NA,NA,NA,NA,NA,Y,3,0,3,3,A,-,01,23153,A,N,A,C,A,A,H,-,D,D,0,NA,NA,NA,NA,Y,Y,A,01,0,1,2,0,0,0,0,0,0,-,-,NA,NA,SAN BERNARDINO,REDLANDS,-117.17903900146484,34.01576232910156
9291820,2021,2021-08-25,3608,2021-07-06,1845,2916,NA,2,5,5,3608,0,0,0,NA,0,NA,PALM AVE,CAJON ST,0,NA,Y,A,-,N,NA,NA,NA,NA,NA,NA,NA,NA,NA,Y,3,0,3,2,A,-,12,22450,A,N,D,C,A,A,H,-,A,A,0,NA,NA,NA,NA,Y,NA,A,01,0,2,1,0,0,0,0,0,0,-,-,NA,NA,SAN BERNARDINO,REDLANDS,-117.1740493774414,34.04431915283203
9293433,2021,2021-08-17,3600,2021-07-21,1348,G3926,HE218,3,5,5,3619,0,0,0,NA,0,HE2,MAIN ST,E AV,483,E,N,A,-,N,NA,NA,NA,NA,NA,NA,NA,NA,NA,N,4,0,1,2,A,-,09,21804,A,N,D,C,A,A,H,-,A,D,0,NA,NA,NA,NA,Y,NA,A,01,0,0,1,0,0,0,0,0,0,-,-,NA,NA,SAN BERNARDINO,HESPERIA,-117.2909698486328,34.419986724853516
9293629,2021,2021-10-18,3600,2021-02-11,0510,D3983,RC018,4,5,6,3616,0,0,0,NA,0,RC5,FOOTHILL BL,MILLIKEN AV,0,NA,Y,A,-,N,NA,NA,NA,NA,NA,NA,NA,NA,NA,Y,4,0,1,2,A,-,09,21453,C,N,D,C,A,A,H,-,C,A,0,NA,NA,NA,Y,Y,NA,F,26,0,0,1,0,0,0,0,0,0,-,-,NA,NA,SAN BERNARDINO,RANCHO CUCAMONGA,-117.5571060180664,34.1063117980957
9293891,2021,2021-08-16,3600,2021-07-07,1212,G6198,VC069,3,5,5,3612,0,0,0,NA,0,VC5,RT 395,DOS PALMAS RD,163,N,N,A,-,Y,SBD,8,395,-,-,10.71,H,-,S,Y,4,0,1,8,A,-,03,22350,NA,N,C,C,A,A,H,-,A,A,0,NA,NA,NA,NA,Y,NA,D,22,0,0,1,0,0,0,0,0,0,-,-,NA,NA,SAN BERNARDINO,VICTORVILLE,-117.39954376220705,34.500099182128906
9293957,2021,2021-07-26,3600,2021-05-09,1652,D3381,VC059,7,5,5,3612,0,0,0,NA,0,VC4,LA MESA RD,PACOIMA RD,0,W,N,A,-,N,NA,NA,NA,NA,NA,NA,NA,NA,NA,Y,3,0,1,2,A,-,03,22350,NA,N,C,C,A,A,H,-,A,A,0,NA,NA,Y,NA,Y,NA,C,02,0,1,0,0,0,0,0,0,1,-,-,NA,NA,SAN BERNARDINO,VICTORVILLE,-117.3555908203125,34.48493957519531
9294116,2021,2021-08-25,3604,2021-07-03,1010,1134,NA,6,5,6,3604,0,0,0,NA,0,NA,MERRILL AV,PEPPER AV,73,E,N,A,-,N,NA,NA,NA,NA,NA,NA,NA,NA,NA,Y,3,0,1,2,A,-,09,21804,A,N,D,C,A,A,H,-,A,D,0,NA,NA,Y,NA,Y,NA,D,22,0,1,0,0,0,0,0,0,1,-,-,NA,NA,SAN BERNARDINO,FONTANA,-117.44204711914063,34.09212875366211
9295918,2021,2021-08-05,3609,2021-05-14,2046,5149,RI133,5,5,5,3609,0,0,0,NA,0,001,FOOTHILL BL,LARCH AV,0,NA,Y,A,-,N,NA,NA,NA,NA,NA,NA,NA,NA,NA,N,4,0,1,2,A,-,09,21802,A,N,D,C,A,A,H,-,C,A,0,NA,NA,NA,NA,Y,NA,A,01,0,0,1,0,0,0,0,0,0,-,-,34.10599899291992,-117.39199829101563,SAN BERNARDINO,RIALTO,-117.39218139648438,34.10674285888672