CASE_ID,ACCIDENT_YEAR,PROC_DATE,JURIS,COLLISION_DATE,COLLISION_TIME,OFFICER_ID,REPORTING_DISTRICT,DAY_OF_WEEK,CHP_SHIFT,POPULATION,CNTY_CITY_LOC,SPECIAL_COND,BEAT_TYPE,CHP_BEAT_TYPE,CITY_DIVISION_LAPD,CHP_BEAT_CLASS,BEAT_NUMBER,PRIMARY_RD,SECONDARY_RD,DISTANCE,DIRECTION,INTERSECTION,WEATHER_1,WEATHER_2,STATE_HWY_IND,CALTRANS_COUNTY,CALTRANS_DISTRICT,STATE_ROUTE,ROUTE_SUFFIX,POSTMILE_PREFIX,POSTMILE,LOCATION_TYPE,RAMP_INTERSECTION,SIDE_OF_HWY,TOW_AWAY,COLLISION_SEVERITY,NUMBER_KILLED,NUMBER_INJURED,PARTY_COUNT,PRIMARY_COLL_FACTOR,PCF_CODE_OF_VIOL,PCF_VIOL_CATEGORY,PCF_VIOLATION,PCF_VIOL_SUBSECTION,HIT_AND_RUN,TYPE_OF_COLLISION,MVIW,PED_ACTION,ROAD_SURFACE,ROAD_COND_1,ROAD_COND_2,LIGHTING,CONTROL_DEVICE,CHP_ROAD_TYPE,PEDESTRIAN_ACCIDENT,BICYCLE_ACCIDENT,MOTORCYCLE_ACCIDENT,TRUCK_ACCIDENT,NOT_PRIVATE_PROPERTY,ALCOHOL_INVOLVED,STWD_VEHTYPE_AT_FAULT,CHP_VEHTYPE_AT_FAULT,COUNT_SEVERE_INJ,COUNT_VISIBLE_INJ,COUNT_COMPLAINT_PAIN,COUNT_PED_KILLED,COUNT_PED_INJURED,COUNT_BICYCLIST_KILLED,COUNT_BICYCLIST_INJURED,COUNT_MC_KILLED,COUNT_MC_INJURED,PRIMARY_RAMP,SECONDARY_RAMP,LATITUDE,LONGITUDE,COUNTY,CITY,POINT_X,POINT_Y
9297259,2021,2021-10-08,3600,2021-08-02,1318,F8247,JE121,1,5,5,3619,0,0,0,NA,0,HE1,COTTONWOOD AV,CASHEW ST,0,NA,Y,A,-,N,NA,NA,NA,NA,NA,NA,NA,NA,NA,Y,3,0,1,2,A,-,06,21755,A,N,F,A,A,A,H,-,A,D,0,NA,NA,Y,NA,Y,NA,C,02,0,1,0,0,0,0,0,0,1,-,-,NA,NA,SAN BERNARDINO,HESPERIA,-117.33847045898438,34.43600845336914
9297308,2021,2021-08-25,3610,2021-07-03,1237,51159,NA,6,5,6,3610,0,0,0,NA,0,DAVID,N D ST,W 5TH ST,0,NA,Y,A,-,N,NA,NA,NA,NA,NA,NA,NA,NA,NA,N,4,0,2,2,A,-,08,22107,NA,N,A,C,A,A,H,-,A,A,0,NA,NA,NA,NA,Y,NA,D,22,0,0,2,0,0,0,0,0,0,-,-,34.10831069946289,-117.29189300537108,SAN BERNARDINO,SAN BERNARDINO,-117.29188537597656,34.108306884765625
9298202,2021,2021-08-19,3605,2021-07-22,1413,382,NA,4,5,4,3605,0,0,0,NA,0,NA,HOLT AV,OAKGLEN AV,131,E,N,A,-,N,NA,NA,NA,NA,NA,NA,NA,NA,NA,Y,4,0,1,2,A,-,08,22107,NA,N,C,C,A,A,H,-,A,D,0,NA,NA,NA,Y,Y,NA,F,26,0,0,1,0,0,0,0,0,0,-,-,NA,NA,SAN BERNARDINO,MONTCLAIR,-117.71604919433594,34.06317138671875
9298204,2021,2021-08-19,3605,2021-07-20,2009,406,NA,2,5,4,3605,0,0,0,NA,0,NA,MORENO ST,TARGET LN,0,NA,Y,A,-,N,NA,NA,NA,NA,NA,NA,NA,NA,NA,Y,4,0,1,3,A,-,03,22350,NA,N,D,C,A,A,H,-,C,A,0,NA,NA,NA,NA,Y,NA,A,01,0,0,1,0,0,0,0,0,0,-,-,NA,NA,SAN BERNARDINO,MONTCLAIR,-117.69110107421876,34.0887336730957
9298350,2021,2021-08-24,3600,2021-04-20,0032,F6913,BL209,2,5,2,3680,0,0,0,NA,0,002,STARVATION FLATS RD,SCANDIA RD,0,NA,Y,A,-,N,NA,NA,NA,NA,NA,NA,NA,NA,NA,Y,3,0,2,1,A,-,03,22350,NA,N,F,C,A,A,H,-,D,D,0,NA,NA,NA,NA,Y,NA,A,01,0,2,0,0,0,0,0,0,0,-,-,NA,NA,SAN BERNARDINO,BIG BEAR LAKE,-116.87794494628906,34.24932861328125
9298689,2021,2021-08-13,3608,2021-07-18,2000,4202,3608,7,5,5,3608,0,0,0,NA,0,NA,BARTON RD,NEVADA ST,3,W,N,A,-,N,NA,NA,NA,NA,NA,NA,NA,NA,NA,N,3,0,1,2,A,-,05,21650,1,N,D,G,A,A,H,-,B,D,0,NA,Y,NA,NA,Y,NA,L,04,0,1,0,0,0,0,1,0,0,-,-,NA,NA,SAN BERNARDINO,REDLANDS,-117.21743011474608,34.04827117919922
9299780,2021,2021-09-02,3600,2021-07-14,1900,F8172,HE220,3,5,5,3619,0,0,0,NA,0,HE2,MAIN ST,SULTANA ST,0,NA,Y,A,-,N,NA,NA,NA,NA,NA,NA,NA,NA,NA,Y,4,0,2,2,A,-,09,21802,A,N,-,C,A,A,H,-,A,A,0,NA,NA,NA,NA,Y,NA,A,01,0,0,2,0,0,0,0,0,0,-,-,NA,NA,SAN BERNARDINO,HESPERIA,-117.27395629882813,34.41746520996094
9299874,2021,2021-09-20,3600,2021-07-27,0705,8247,417,2,5,5,3619,0,0,0,NA,0,004,RANCHERO RD,MONTROSE AV,20,E,N,A,-,N,NA,NA,NA,NA,NA,NA,NA,NA,NA,Y,4,0,1,2,A,-,03,22350,NA,N,C,C,A,A,H,-,A,D,0,NA,NA,NA,NA,Y,NA,A,01,0,0,1,0,0,0,0,0,0,-,-,NA,NA,SAN BERNARDINO,HESPERIA,-117.28001403808594,34.38378143310547
9300355,2021,2021-08-04,3610,2021-05-26,1845,51279,NA,3,5,6,3610,0,0,0,NA,0,CHARLI,N BOBBETT DR,E OLIVE ST,0,NA,Y,A,-,N,NA,NA,NA,NA,NA,NA,NA,NA,NA,N,4,0,1,2,A,-,12,22450,A,F,D,C,A,A,H,-,B,D,0,NA,NA,NA,NA,Y,NA,A,01,0,0,1,0,0,0,0,0,0,-,-,NA,NA,SAN BERNARDINO,SAN BERNARDINO,-117.2681121826172,34.11846923828125
9300692,2021,2021-08-18,3603,2021-07-08,1814,4435,CPD,4,5,4,3603,0,0,0,NA,0,003,VALLEY BL,PENNSYLVANIA AV,0,NA,Y,A,-,N,NA,NA,NA,NA,NA,NA,NA,NA,NA,N,4,0,3,2,A,-,09,21801,A,N,D,C,A,A,H,-,A,D,0,NA,NA,NA,NA,Y,NA,A,07,0,0,3,0,0,0,0,0,0,-,-,34.06761169433594,-117.32901000976563,SAN BERNARDINO,COLTON,-117.32902526855467,34.06761169433594
9301003,2021,2021-08-24,3610,2021-06-09,1855,51235,NA,3,5,6,3610,0,0,0,NA,0,POLICE,E 40TH ST,N SEPULVEDA,0,NA,Y,A,-,Y,NA,NA,NA,NA,NA,NA,NA,NA,NA,Y,4,0,1,2,A,-,03,22350,NA,N,A,C,A,A,H,-,A,A,0,NA,NA,NA,Y,Y,NA,A,07,0,0,1,0,0,0,0,0,0,-,-,34.164878845214844,-117.28282165527344,SAN BERNARDINO,SAN BERNARDINO,-117.28285980224608,34.16487121582031
9301143,2021,2021-08-16,3600,2021-07-07,1140,F8945,VC068,3,5,5,3612,0,0,0,NA,0,VC4,LA PAZ DR,RT 15,112,E,N,A,-,Y,SBD,8,15,-,-,41.386,R,4,N,Y,3,0,1,2,A,-,08,22107,NA,N,B,C,A,A,H,-,A,D,0,NA,NA,Y,NA,Y,NA,A,07,0,1,0,0,0,0,0,0,1,-,NO,NA,NA,SAN BERNARDINO,VICTORVILLE,-117.31938934326172,34.52030944824219
9301428,2021,2021-08-30,3600,2021-07-04,2201,F7808,BL102,7,5,2,3680,0,0,0,NA,0,BL1,BIG BEAR BL,TALMADGE RD,17,E,N,A,-,Y,SBD,8,18,-,-,48.08,H,-,S,Y,4,0,3,2,A,-,03,22350,NA,M,D,D,A,A,G,-,C,D,0,NA,NA,NA,NA,Y,NA,A,07,0,0,3,0,0,0,0,0,0,-,-,NA,NA,SAN BERNARDINO,BIG BEAR LAKE,-116.92270660400392,34.23853302001953
9301540,2021,2021-09-15,3610,2021-07-13,1745,51323,NA,2,5,6,3610,0,0,0,NA,0,CHARLI,E BASELINE ST,N GARDEN DR,31,E,N,A,-,N,NA,NA,NA,NA,NA,NA,NA,NA,NA,Y,3,0,1,1,A,-,08,22107,NA,N,E,I,A,A,H,-,A,D,0,NA,NA,NA,NA,Y,NA,A,01,0,1,0,0,0,0,0,0,0,-,-,34.12131118774414,-117.26180267333984,SAN BERNARDINO,SAN BERNARDINO,-117.26026153564452,34.12131881713867
9301637,2021,2021-09-27,3602,2021-08-16,1718,4009,NA,1,5,5,3602,0,0,0,NA,0,001,ROSWELL AV,SCHAEFER AV,518,S,N,A,-,N,NA,NA,NA,NA,NA,NA,NA,NA,NA,N,3,0,1,2,A,-,09,21804,A,N,D,C,A,A,H,-,A,D,0,NA,NA,NA,NA,Y,NA,A,01,0,1,0,0,0,0,0,0,0,-,-,34.00284957885742,-117.72186279296876,SAN BERNARDINO,CHINO,-117.72183990478516,34.00292205810547
9301707,2021,2021-10-07,3600,2021-03-11,2038,F7786,RC070,4,5,6,3616,0,0,0,NA,0,003,BANYAN ST,EAST AV,0,NA,Y,C,-,N,NA,NA,NA,NA,NA,NA,NA,NA,NA,Y,1,1,0,2,A,-,09,21801,B,N,A,C,A,B,H,-,C,A,0,NA,NA,Y,NA,Y,NA,C,02,0,0,0,0,0,0,0,1,0,-,-,NA,NA,SAN BERNARDINO,RANCHO CUCAMONGA,-117.5146484375,34.143226623535156
9302429,2021,2021-08-18,3610,2021-06-01,0100,50600,NA,2,5,6,3610,0,0,0,NA,0,ADAM,W 5TH ST,N CABRERA AV,0,NA,Y,A,-,N,NA,NA,NA,NA,NA,NA,NA,NA,NA,Y,2,0,2,4,A,-,12,21453,A,N,D,C,A,A,H,-,C,A,0,NA,NA,NA,NA,Y,Y,A,01,2,0,0,0,0,0,0,0,0,-,-,NA,NA,SAN BERNARDINO,SAN BERNARDINO,-117.31971740722656,34.10835266113281
9302435,2021,2021-08-17,3610,2021-06-05,1650,51245,NA,6,5,6,3610,0,0,0,NA,0,CHARLI,N VALENCIA AV,EAST HIGHLAND AV,0,NA,Y,A,-,N,NA,NA,NA,NA,NA,NA,NA,NA,NA,Y,2,0,1,3,A,-,00,21720,NA,N,A,C,A,A,H,-,A,A,0,NA,NA,NA,NA,Y,Y,-,NA,1,0,0,0,0,0,0,0,0,-,-,34.13589859008789,-117.27249908447266,SAN BERNARDINO,SAN BERNARDINO,-117.27252197265624,34.135902404785156
9302607,2021,2021-08-31,3603,2021-07-23,1155,4902,CPD,5,5,4,3603,0,0,0,NA,0,002,N MT VERNON AV,PALM DR,0,NA,Y,A,-,N,NA,NA,NA,NA,NA,NA,NA,NA,NA,Y,3,0,1,2,A,-,09,21801,A,N,B,C,A,A,H,-,A,A,0,NA,NA,NA,NA,Y,NA,A,01,0,1,0,0,0,0,0,0,0,-,-,34.07529067993164,-117.31385803222656,SAN BERNARDINO,COLTON,-117.3138427734375,34.075286865234375
9302668,2021,2022-08-23,3610,2021-05-30,2026,51247,NA,7,5,6,3610,0,0,0,NA,0,NA,EAST HIGHLAND AV,N WALL AV,0,NA,Y,A,-,N,NA,NA,NA,NA,NA,NA,NA,NA,NA,Y,4,0,2,2,A,-,08,22107,NA,N,A,C,A,A,H,-,C,A,0,NA,NA,NA,NA,Y,NA,A,01,0,0,2,0,0,0,0,0,0,-,-,34.135929107666016,-117.28134155273438,SAN BERNARDINO,SAN BERNARDINO,-117.28133392333984,34.13593673706055
9302982,2021,2021-08-24,3600,2021-07-07,0401,G8526,HE206,3,5,5,3619,0,0,0,NA,0,HE2,LEMON ST,ORCHID AV,48,S,N,A,-,N,NA,NA,NA,NA,NA,NA,NA,NA,NA,Y,3,0,1,2,A,-,12,22450,A,N,E,E,A,A,H,-,C,D,0,NA,NA,NA,NA,Y,NA,A,07,0,1,0,0,0,0,0,0,0,-,-,NA,NA,SAN BERNARDINO,HESPERIA,-117.25946807861328,34.44200897216797
93051056,2024,2024-07-31,9850,2024-07-21,1348,021675,NA,7,1,5,3619,0,1,1,NA,2,082,I-15 S/B,MAIN ST,1584,N,N,A,-,Y,SBD,NA,15,NA,NA,34.339,H,NA,L,N,3,0,1,2,A,-,03,22350,NA,F,C,C,A,A,D,-,A,D,0,NA,NA,NA,NA,Y,NA,-,99,0,1,0,0,0,0,0,0,0,-,-,34.43083953857422,-117.37738037109376,SAN BERNARDINO,HESPERIA,-117.37734222412108,34.43082046508789
9307468,2021,2021-09-20,3600,2021-08-11,1447,H5152,YV013,3,5,3,3631,0,0,0,NA,0,YV1,ONAGA TRL,CHURCH ST,0,NA,Y,A,-,N,NA,NA,NA,NA,NA,NA,NA,NA,NA,Y,4,0,1,2,A,-,03,22350,NA,N,B,C,A,A,H,-,A,D,0,NA,NA,NA,NA,Y,NA,A,07,0,0,1,0,0,0,0,0,0,-,-,34.11207962036133,-116.43585205078124,SAN BERNARDINO,YUCCA VALLEY,-116.43600463867188,34.112098693847656
9310443,2021,2021-10-08,3600,2021-08-03,0829,F8247,HE322,2,5,5,3619,0,0,0,NA,0,HE5,RANCHERO RD,11TH AV,28,W,N,A,-,N,NA,NA,NA,NA,NA,NA,NA,NA,NA,Y,3,0,1,1,A,-,08,22107,NA,N,E,I,A,A,H,-,A,D,0,NA,NA,NA,NA,Y,NA,A,01,0,1,0,0,0,0,0,0,0,-,-,NA,NA,SAN BERNARDINO,HESPERIA,-117.32871246337892,34.38330078125
9310687,2021,2021-09-20,3602,2021-07-26,1734,3955,NA,1,5,5,3602,0,0,0,NA,0,002,C ST,CENTRAL AV,159,E,N,A,-,N,NA,NA,NA,NA,NA,NA,NA,NA,NA,N,4,0,1,2,D,-,00,NA,NA,N,D,C,A,A,H,-,A,D,0,NA,NA,NA,NA,Y,NA,-,-,0,0,1,0,0,0,0,0,0,-,-,34.0154914855957,-117.68863677978516,SAN BERNARDINO,CHINO,-117.68883514404295,34.01551818847656
9312202,2021,2021-09-03,3610,2021-07-11,1305,51350,NA,7,5,6,3610,0,0,0,NA,0,POLICE,W BASELINE ST,H ST,300,W,N,A,-,Y,SBD,8,215,-,-,8.672,R,4,N,Y,4,0,1,2,A,-,12,21453,A,N,D,C,A,A,H,-,A,A,0,NA,NA,NA,NA,Y,Y,-,-,0,0,1,0,0,0,0,0,0,-,-,34.121341705322266,-117.3009033203125,SAN BERNARDINO,SAN BERNARDINO,-117.30371856689452,34.129756927490234
9315386,2021,2021-09-03,3600,2021-05-10,1838,E3370,RC011,1,5,6,3616,0,0,0,NA,0,003,ATWOOD ST,WALCOTT PL,1,E,N,A,-,N,NA,NA,NA,NA,NA,NA,NA,NA,NA,N,3,0,1,2,A,-,11,21950,B,N,G,B,B,A,H,-,A,A,0,Y,NA,NA,NA,Y,NA,N,60,0,1,0,0,1,0,0,0,0,-,-,NA,NA,SAN BERNARDINO,RANCHO CUCAMONGA,-117.52922821044922,34.12376022338867
9315391,2021,2022-03-11,3600,2021-05-14,1546,H6840,RC067,5,5,6,3616,0,0,0,NA,0,005,TOWN CENTER DR,HAVEN AV,500,E,N,A,-,N,NA,NA,NA,NA,NA,NA,NA,NA,NA,Y,4,0,1,2,A,-,09,21804,A,N,D,C,A,A,H,-,A,D,0,NA,NA,Y,NA,Y,NA,A,01,0,0,1,0,0,0,0,0,1,-,-,NA,NA,SAN BERNARDINO,RANCHO CUCAMONGA,-117.57443237304688,34.11080551147461
9315392,2021,2021-09-03,3600,2021-05-19,1500,C9389,RC029,3,5,6,3616,0,0,0,NA,0,RC5,HAVEN AV,BASELINE RD,0,NA,Y,A,-,N,NA,NA,NA,NA,NA,NA,NA,NA,NA,Y,3,0,1,1,A,-,03,22350,NA,N,F,A,A,A,H,-,A,A,0,NA,NA,Y,NA,Y,NA,C,02,0,1,0,0,0,0,0,0,1,-,-,NA,NA,SAN BERNARDINO,RANCHO CUCAMONGA,-117.57601165771484,34.12152099609375
9315764,2021,2021-09-03,3600,2021-05-28,1801,G8525,VC024,5,5,5,3612,0,0,0,NA,0,VC3,GREEN TREE BL,6TH AV,280,E,N,A,-,N,NA,NA,NA,NA,NA,NA,NA,NA,NA,Y,4,0,2,2,A,-,08,22107,NA,N,D,C,A,A,H,-,A,D,0,NA,NA,NA,NA,Y,NA,A,01,0,0,2,0,0,0,0,0,0,-,-,NA,NA,SAN BERNARDINO,VICTORVILLE,-117.30718231201172,34.49991989135742
9316297,2021,2021-09-21,3609,2021-08-30,0600,01865,FIRST,1,5,5,3609,0,0,0,NA,0,001,ALDER AV,CASA GRANDE DR,0,NA,Y,B,-,N,NA,NA,NA,NA,NA,NA,NA,NA,NA,N,4,0,1,2,A,-,08,22107,NA,N,D,C,A,A,H,-,A,A,0,NA,NA,NA,NA,Y,NA,A,01,0,0,1,0,0,0,0,0,0,-,-,34.157779693603516,-117.4184799194336,SAN BERNARDINO,RIALTO,-117.41855621337892,34.157772064208984
9316421,2021,2021-09-16,3600,2021-08-12,1352,B9547,HE304,4,5,5,3619,0,0,0,NA,0,HE3,MAIN ST,ESCONDIDO AV,250,E,N,A,-,N,NA,NA,NA,NA,NA,NA,NA,NA,NA,N,4,0,1,2,A,-,03,22350,NA,N,C,C,A,A,H,-,A,A,0,NA,NA,NA,NA,Y,NA,A,08,0,0,1,0,0,0,0,0,0,-,-,NA,NA,SAN BERNARDINO,HESPERIA,-117.37216186523438,34.42665481567383
9316422,2021,2021-09-16,3600,2021-08-03,2022,G8585,HE129,2,5,5,3619,0,0,0,NA,0,HE5,11TH AV,SMOKE TREE ST,0,NA,Y,A,-,N,NA,NA,NA,NA,NA,NA,NA,NA,NA,Y,4,0,2,2,A,-,09,21801,A,N,D,C,A,A,H,-,C,D,0,NA,NA,NA,NA,Y,NA,A,01,0,0,2,0,0,0,0,0,0,-,-,NA,NA,SAN BERNARDINO,HESPERIA,-117.32424926757813,34.42878723144531
9318153,2021,2021-10-02,3605,2021-08-10,0806,457,NA,2,5,4,3605,0,0,0,NA,0,NA,RAMONA AV,BENITO ST,0,NA,Y,A,-,N,NA,NA,NA,NA,NA,NA,NA,NA,NA,N,3,0,1,2,A,-,10,21950,A,N,G,B,B,A,H,-,A,A,0,Y,NA,NA,NA,Y,NA,A,01,0,1,0,0,1,0,0,0,0,-,-,NA,NA,SAN BERNARDINO,MONTCLAIR,-117.7070083618164,34.074127197265625
9318157,2021,2021-10-02,3600,2021-08-30,0742,G6918,VC051,1,5,5,3612,0,0,0,NA,0,VC6,VILLAGE DR,VASQUEZ AV,0,NA,Y,A,-,N,NA,NA,NA,NA,NA,NA,NA,NA,NA,Y,4,0,1,2,A,-,09,21802,A,N,D,C,A,A,H,-,A,A,0,NA,NA,NA,NA,Y,NA,A,01,0,0,1,0,0,0,0,0,0,-,-,NA,NA,SAN BERNARDINO,VICTORVILLE,-117.33676910400392,34.5477409362793
9318312,2021,2021-11-09,3600,2021-09-02,1246,E8923,HI018,4,5,4,3618,0,0,0,NA,0,HI3,BASELINE ST,RT 210,0,NA,Y,A,-,N,NA,NA,210,NA,NA,NA,NA,NA,NA,N,3,0,1,2,A,-,04,21703,NA,F,C,C,A,A,H,-,A,A,0,NA,NA,NA,NA,Y,NA,A,01,0,1,0,0,0,0,0,0,0,-,EF,34.12118148803711,-117.20015716552734,SAN BERNARDINO,HIGHLAND,-117.20058441162108,34.121177673339844
9318562,2021,2021-09-14,3600,2021-07-10,1819,G6721,AP005,6,5,5,3621,0,0,0,NA,0,AP1,APPLE VALLEY RD,SENECA RD,0,NA,Y,A,-,N,NA,NA,NA,NA,NA,NA,NA,NA,NA,Y,4,0,8,3,A,-,03,22350,NA,N,C,C,A,A,H,-,A,A,0,NA,NA,NA,NA,Y,NA,A,07,0,0,8,0,0,0,0,0,0,-,-,NA,NA,SAN BERNARDINO,APPLE VALLEY,-117.2432098388672,34.514766693115234
9320194,2021,2021-12-24,3600,2021-05-29,1424,H6891,AD108,6,5,3,3613,0,0,0,NA,0,AD02,RT 395,ADELANTO RD,0,NA,Y,A,-,Y,SBD,8,395,-,-,13.633,I,5,N,Y,1,2,2,2,A,-,17,21461,A,N,D,C,A,A,H,-,A,A,0,NA,NA,NA,NA,Y,Y,D,22,2,0,0,0,0,0,0,0,0,-,-,34.55718994140625,-117.39997100830078,SAN BERNARDINO,ADELANTO,-117.39983367919922,34.54320526123047
9320351,2021,2023-06-24,3600,2021-07-22,0700,H6883,HE216,4,5,5,3619,0,0,0,NA,0,HE2,CHOICEANA AV,YUCCA ST,0,NA,Y,A,-,N,NA,NA,NA,NA,NA,NA,NA,NA,NA,Y,1,1,2,3,A,-,12,22450,A,F,D,C,A,A,H,-,A,A,0,NA,NA,NA,NA,Y,NA,A,07,1,1,0,0,0,0,0,0,0,-,-,34.415191650390625,-117.25518035888672,SAN BERNARDINO,HESPERIA,-117.25521850585938,34.415191650390625
9320373,2021,2022-02-09,3600,2021-11-25,2330,G5408,AP008,4,5,5,3621,0,0,0,NA,0,AP3,KIOWA RD,SIOUX RD,219,S,N,A,-,N,NA,NA,NA,NA,NA,NA,NA,NA,NA,N,1,1,0,2,A,-,11,21954,A,N,G,B,D,A,H,-,D,D,0,Y,NA,NA,NA,Y,NA,N,60,0,0,0,1,0,0,0,0,0,-,-,NA,NA,SAN BERNARDINO,APPLE VALLEY,-117.2077407836914,34.47492980957031
9320624,2022,2022-05-03,3608,2022-01-07,0326,3675,NA,5,5,5,3608,0,0,0,NA,0,NA,SAN BERNARDINO AV,CALIFORNIA ST,0,NA,N,A,-,N,NA,NA,NA,NA,NA,NA,NA,NA,NA,Y,1,1,0,2,A,-,00,21856,NA,N,G,B,E,A,H,-,C,D,0,Y,NA,NA,NA,Y,NA,N,60,0,0,0,1,0,0,0,0,0,-,-,34.439998626708984,-117.14109802246094,SAN BERNARDINO,REDLANDS,-117.22618865966795,34.077571868896484
9320739,2021,2022-05-27,3604,2021-07-18,2147,E8738,FC004,7,5,6,3604,0,0,0,NA,0,NA,VALLEY BL,PALMETTO AV,0,NA,Y,A,-,N,NA,NA,NA,NA,NA,NA,NA,NA,NA,Y,1,1,2,2,A,-,12,21453,A,N,A,C,A,A,H,-,C,A,0,NA,NA,Y,NA,Y,NA,C,02,0,0,2,0,0,0,0,1,0,-,-,NA,NA,SAN BERNARDINO,FONTANA,-117.42694091796876,34.07041931152344
9320765,2022,2022-06-10,3605,2022-02-22,1305,460,NA,2,5,4,3605,0,0,0,NA,0,NA,CENTRAL AV,EL MORADO ST,294,N,N,B,-,N,NA,NA,NA,NA,NA,NA,NA,NA,NA,Y,1,1,0,1,-,C,-,NA,NA,N,E,I,A,A,H,-,A,D,0,NA,NA,NA,NA,Y,Y,-,-,0,0,0,0,0,0,0,0,0,-,-,NA,NA,SAN BERNARDINO,MONTCLAIR,-117.68962097167967,34.07258605957031
9321216,2022,2022-07-20,3600,2022-05-25,1204,G6721,AP023,3,5,5,3621,0,0,0,NA,0,AP1,RT 18,DALE EVANS PKWY,0,NA,Y,A,-,Y,SBD,8,18,-,-,94.45,H,-,S,Y,4,0,1,2,A,-,03,22350,NA,N,C,C,A,A,H,-,A,A,0,NA,NA,NA,NA,Y,NA,A,01,0,0,1,0,0,0,0,0,0,-,-,NA,NA,SAN BERNARDINO,APPLE VALLEY,-117.2734603881836,34.53989028930664
9321828,2021,2021-09-29,3600,2021-08-16,1305,H3883,HE218,1,5,5,3619,0,0,0,NA,0,HE2,I AV,YUCCA ST,0,NA,Y,A,-,N,NA,NA,NA,NA,NA,NA,NA,NA,NA,Y,4,0,1,3,A,-,09,21802,A,N,D,C,A,A,H,-,A,A,0,NA,NA,NA,NA,Y,NA,A,07,0,0,1,0,0,0,0,0,0,-,-,NA,NA,SAN BERNARDINO,HESPERIA,-117.28282165527344,34.42013168334961
9322157,2021,2021-10-18,3600,2021-09-13,0854,F5717,HE116,1,5,5,3619,0,0,0,NA,0,HE1,1ST AV,EUCALYPTUS ST,0,NA,Y,A,-,N,NA,NA,NA,NA,NA,NA,NA,NA,NA,N,4,0,2,3,A,-,12,22450,A,N,D,C,A,A,H,-,A,A,0,NA,NA,NA,NA,Y,NA,A,01,0,0,2,0,0,0,0,0,0,-,-,NA,NA,SAN BERNARDINO,HESPERIA,-117.29711151123048,34.45615005493164
9322236,2021,2021-09-16,3600,2021-07-16,2047,G7659,VC027,5,5,5,3612,0,0,0,NA,0,VC5,PALMDALE RD,RT 15,0,NA,Y,A,-,Y,SBD,8,18,-,R,96.713,I,5,N,Y,4,0,1,2,A,-,12,21453,A,N,-,C,A,A,G,-,A,A,0,NA,NA,NA,NA,Y,NA,-,-,0,0,1,0,0,0,0,0,0,-,SF,NA,NA,SAN BERNARDINO,VICTORVILLE,-117.32514190673828,34.50724792480469
9322302,2021,2021-09-14,3609,2021-08-26,1445,02272,R1130,4,5,5,3609,0,0,0,NA,0,004,PEPPER AV,FOOTHILL BL,0,NA,Y,A,-,N,NA,NA,NA,NA,NA,NA,NA,NA,NA,Y,3,0,2,2,A,-,09,21801,NA,N,D,C,A,A,H,-,A,A,0,NA,NA,NA,NA,Y,NA,-,NA,0,2,0,0,0,0,0,0,0,-,-,NA,NA,SAN BERNARDINO,RIALTO,-117.3529052734375,34.10676956176758
9322740,2021,2021-10-05,3600,2021-08-24,1157,I5451,AP006,2,5,5,3621,0,0,0,NA,0,AP1,RT 18,FLATHEAD RD,0,NA,Y,A,-,Y,SBD,8,18,-,-,90.235,I,5,N,Y,3,0,2,2,A,-,12,21453,A,N,D,C,A,A,H,-,A,A,0,NA,NA,NA,NA,Y,NA,A,01,0,1,1,0,0,0,0,0,0,-,-,NA,NA,SAN BERNARDINO,APPLE VALLEY,-117.206787109375,34.51450729370117
9323660,2021,2021-09-25,3608,2021-08-11,0656,3821,NA,3,5,5,3608,0,0,0,NA,0,NA,PALM AV,BANYAN DR,102,W,N,A,-,N,NA,NA,NA,NA,NA,NA,NA,NA,NA,Y,3,0,2,1,A,-,01,23152,A,N,E,I,A,A,H,-,A,A,0,NA,NA,NA,NA,Y,NA,A,01,0,2,0,0,0,0,0,0,0,-,-,NA,NA,SAN BERNARDINO,REDLANDS,-117.17523193359376,34.04366683959961
9324129,2021,2021-10-09,3600,2021-08-28,1946,D3381,VC071,6,5,5,3612,0,0,0,NA,0,VC4,LUNA RD,PACOIMA RD,0,NA,Y,A,-,N,NA,NA,NA,NA,NA,NA,NA,NA,NA,Y,4,0,2,2,A,-,09,21802,A,N,D,C,A,A,H,-,C,A,0,NA,NA,NA,NA,Y,NA,D,22,0,0,2,0,0,0,0,0,0,-,-,NA,NA,SAN BERNARDINO,VICTORVILLE,-117.3555145263672,34.49220275878906
9324758,2021,2021-09-29,3610,2021-08-01,1055,50733,NA,7,5,6,3610,0,0,0,NA,0,ADAM,W HALLMARK PKWY,LEXINGTON WY,528,E,N,A,-,N,NA,NA,NA,NA,NA,NA,NA,NA,NA,Y,3,0,2,1,A,-,08,22107,NA,N,F,I,A,A,H,-,A,D,0,NA,NA,NA,NA,Y,NA,A,01,0,1,1,0,0,0,0,0,0,-,-,34.162418365478516,-117.3344268798828,SAN BERNARDINO,SAN BERNARDINO,-117.34490966796876,34.17538833618164
9324777,2021,2022-07-19,3610,2021-07-27,2146,51323,NA,2,5,6,3610,0,0,0,NA,0,CHARLI,N STERLING AV,EAST HIGHLAND AV,0,NA,Y,A,-,N,NA,NA,NA,NA,NA,NA,NA,NA,NA,Y,4,0,1,3,A,-,01,23152,A,F,D,C,A,A,H,-,C,A,0,NA,NA,NA,NA,Y,Y,A,01,0,0,1,0,0,0,0,0,0,-,-,34.13584899902344,-117.24365997314452,SAN BERNARDINO,SAN BERNARDINO,-117.24365997314452,34.13582229614258