CASE_ID,ACCIDENT_YEAR,PROC_DATE,JURIS,COLLISION_DATE,COLLISION_TIME,OFFICER_ID,REPORTING_DISTRICT,DAY_OF_WEEK,CHP_SHIFT,POPULATION,CNTY_CITY_LOC,SPECIAL_COND,BEAT_TYPE,CHP_BEAT_TYPE,CITY_DIVISION_LAPD,CHP_BEAT_CLASS,BEAT_NUMBER,PRIMARY_RD,SECONDARY_RD,DISTANCE,DIRECTION,INTERSECTION,WEATHER_1,WEATHER_2,STATE_HWY_IND,CALTRANS_COUNTY,CALTRANS_DISTRICT,STATE_ROUTE,ROUTE_SUFFIX,POSTMILE_PREFIX,POSTMILE,LOCATION_TYPE,RAMP_INTERSECTION,SIDE_OF_HWY,TOW_AWAY,COLLISION_SEVERITY,NUMBER_KILLED,NUMBER_INJURED,PARTY_COUNT,PRIMARY_COLL_FACTOR,PCF_CODE_OF_VIOL,PCF_VIOL_CATEGORY,PCF_VIOLATION,PCF_VIOL_SUBSECTION,HIT_AND_RUN,TYPE_OF_COLLISION,MVIW,PED_ACTION,ROAD_SURFACE,ROAD_COND_1,ROAD_COND_2,LIGHTING,CONTROL_DEVICE,CHP_ROAD_TYPE,PEDESTRIAN_ACCIDENT,BICYCLE_ACCIDENT,MOTORCYCLE_ACCIDENT,TRUCK_ACCIDENT,NOT_PRIVATE_PROPERTY,ALCOHOL_INVOLVED,STWD_VEHTYPE_AT_FAULT,CHP_VEHTYPE_AT_FAULT,COUNT_SEVERE_INJ,COUNT_VISIBLE_INJ,COUNT_COMPLAINT_PAIN,COUNT_PED_KILLED,COUNT_PED_INJURED,COUNT_BICYCLIST_KILLED,COUNT_BICYCLIST_INJURED,COUNT_MC_KILLED,COUNT_MC_INJURED,PRIMARY_RAMP,SECONDARY_RAMP,LATITUDE,LONGITUDE,COUNTY,CITY,POINT_X,POINT_Y
9366333,2021,2021-11-23,3608,2021-09-26,1543,4876,3600,7,5,5,3608,0,0,0,NA,0,NA,CALIFORNIA ST,ALMOND AV,0,NA,Y,A,-,N,NA,NA,NA,NA,NA,NA,NA,NA,NA,Y,3,0,4,2,A,-,12,21453,NA,N,D,D,A,A,H,-,A,A,0,NA,NA,NA,NA,Y,NA,-,-,0,1,3,0,0,0,0,0,0,-,-,NA,NA,SAN BERNARDINO,REDLANDS,-117.22630310058594,34.07394790649414
9366334,2021,2021-11-23,3608,2021-09-24,1227,4523,3608,5,5,5,3608,0,0,0,NA,0,NA,ORANGE ST,COLTON AV,0,NA,Y,A,-,N,NA,NA,NA,NA,NA,NA,NA,NA,NA,Y,3,0,3,3,A,-,12,21453,A,N,D,C,A,A,H,-,A,A,0,NA,NA,NA,NA,Y,NA,A,01,0,1,2,0,0,0,0,0,0,-,-,NA,NA,SAN BERNARDINO,REDLANDS,-117.18251800537108,34.06283187866211
9366337,2021,2021-11-24,3608,2021-09-24,1548,4027,NA,5,5,5,3608,0,0,0,NA,0,NA,W LUGONIA AV,HOME DEPOT,90,E,N,A,-,N,NA,NA,NA,NA,NA,NA,NA,NA,NA,N,4,0,1,2,A,-,03,22350,NA,F,C,C,A,A,H,-,A,A,0,NA,NA,NA,NA,Y,NA,A,01,0,0,1,0,0,0,0,0,0,-,-,NA,NA,SAN BERNARDINO,REDLANDS,-117.196468,34.070107
9368496,2021,2021-12-15,3605,2021-11-23,0505,401,NA,2,5,4,3605,0,0,0,NA,0,NA,HOLT BL,CENTRAL AV,40,E,N,A,-,N,NA,NA,NA,NA,NA,NA,NA,NA,NA,N,4,0,1,2,A,-,03,22350,NA,N,C,C,A,A,H,-,C,A,0,NA,NA,NA,NA,Y,NA,A,01,0,0,1,0,0,0,0,0,0,-,-,NA,NA,SAN BERNARDINO,MONTCLAIR,-117.68960571289063,34.063140869140625
93686192,2024,2024-08-05,9860,2024-07-24,2237,022539,NA,3,3,9,3600,0,1,1,NA,2,152,I-15 S/B,OAK HILL RD,5280,S,N,A,-,Y,SBD,NA,15,NA,R,26.155,H,NA,L,Y,4,0,2,3,A,-,03,22350,NA,N,C,C,A,A,D,-,D,D,0,NA,NA,NA,Y,Y,NA,A,01,0,0,2,0,0,0,0,0,0,-,-,34.35116958618164,-117.44393920898438,SAN BERNARDINO,UNINCORPORATED,-117.44390106201172,34.35111999511719
9369764,2021,2021-12-21,3600,2021-11-16,1926,F7786,RC020,2,5,6,3616,0,0,0,NA,0,005,SPRUCE AV,MOUNTAIN VIEW DR,0,NA,Y,A,-,N,NA,NA,NA,NA,NA,NA,NA,NA,NA,Y,3,0,1,2,A,-,09,21801,A,N,D,C,A,A,H,-,C,D,0,NA,NA,NA,NA,Y,NA,A,07,0,1,0,0,0,0,0,0,0,-,-,NA,NA,SAN BERNARDINO,RANCHO CUCAMONGA,-117.56736755371094,34.1155891418457
9369767,2021,2021-12-21,3600,2021-11-13,2143,D6683,RC003,6,5,6,3616,0,0,0,NA,0,006,FOOTHILL BL,EAST AV,148,W,N,A,-,N,NA,NA,NA,NA,NA,NA,NA,NA,NA,Y,4,0,1,2,A,-,03,22350,NA,N,C,D,A,A,H,-,C,D,0,NA,NA,NA,NA,Y,NA,A,08,0,0,1,0,0,0,0,0,0,-,-,NA,NA,SAN BERNARDINO,RANCHO CUCAMONGA,-117.51509857177734,34.10627365112305
9370536,2021,2021-12-27,3610,2021-11-25,0730,51300,NA,4,5,6,3610,0,0,0,NA,0,DAVID,E HOSPITALITY LN,SOUTH WATERMAN AV,0,NA,Y,A,-,N,NA,NA,NA,NA,NA,NA,NA,NA,NA,Y,4,0,1,2,A,-,12,21453,A,N,D,C,A,A,H,-,A,A,0,NA,NA,NA,NA,Y,NA,A,01,0,0,1,0,0,0,0,0,0,-,-,34.065860748291016,-117.27873229980467,SAN BERNARDINO,SAN BERNARDINO,-117.2788543701172,34.065826416015625
9372829,2021,2022-02-07,3610,2021-11-05,0609,50733,NA,5,5,6,3610,0,0,0,NA,0,POLICE,W 48TH ST,N LITTLE MOUNTAIN DR,0,NA,Y,A,-,N,NA,NA,NA,NA,NA,NA,NA,NA,NA,Y,4,0,2,2,A,-,09,21801,A,N,A,C,A,A,H,-,C,A,0,NA,NA,NA,NA,Y,NA,A,08,0,0,2,0,0,0,0,0,0,-,-,34.171791076660156,-117.31484222412108,SAN BERNARDINO,SAN BERNARDINO,-117.3148193359375,34.171749114990234
9373066,2021,2021-12-11,3600,2021-10-21,2155,F6910,HI003,4,5,4,3618,0,0,0,NA,0,HI1,STERLING AV,BASELINE ST,134,S,N,A,-,N,NA,NA,NA,NA,NA,NA,NA,NA,NA,Y,4,0,2,2,A,-,09,21804,A,N,A,C,A,A,D,-,C,D,0,NA,NA,NA,NA,Y,NA,A,01,0,0,2,0,0,0,0,0,0,-,-,34.120849609375,-117.24375915527344,SAN BERNARDINO,HIGHLAND,-117.24365997314452,34.120941162109375
9373891,2021,2021-12-30,3600,2021-11-17,1432,F6893,CH025,3,5,5,3630,0,0,0,NA,0,CH1,GRAND AV,VILLAGE CENTER DR,0,E,N,A,-,N,NA,NA,NA,NA,NA,NA,NA,NA,NA,Y,4,0,2,3,A,-,03,22350,NA,N,C,C,A,A,D,-,A,D,0,NA,NA,NA,NA,Y,NA,A,01,0,0,2,0,0,0,0,0,0,-,-,NA,NA,SAN BERNARDINO,CHINO HILLS,-117.75453948974608,33.999847412109375
9373912,2021,2021-12-30,3600,2021-11-30,1519,G3926,HE314,2,5,5,3619,0,0,0,NA,0,HE5,3RD AV,OLIVE ST,581,S,N,A,-,N,NA,NA,NA,NA,NA,NA,NA,NA,NA,NA,4,0,1,2,A,-,08,22102,NA,N,D,C,A,A,H,-,A,D,0,NA,NA,NA,NA,Y,NA,A,01,0,0,1,0,0,0,0,0,0,-,-,NA,NA,SAN BERNARDINO,HESPERIA,-117.30771636962892,34.417564392089844
9374010,2021,2021-12-13,3600,2021-10-28,1003,I6083,VC008,4,5,5,3612,0,0,0,NA,0,VC1,D ST,8TH ST,0,NA,Y,A,-,N,NA,NA,18,NA,NA,NA,NA,NA,NA,Y,3,0,2,2,A,-,09,21802,A,N,D,C,A,A,H,-,A,A,0,NA,NA,NA,NA,Y,NA,A,01,0,2,0,0,0,0,0,0,0,-,-,34.53565979003906,-117.29197692871094,SAN BERNARDINO,VICTORVILLE,-117.29196166992188,34.53567886352539
9374011,2021,2021-12-13,3600,2021-10-26,1703,F6893,CH012,2,5,5,3630,0,0,0,NA,0,002,GLEN RIDGE CT,ASHWOOD LN,140,W,N,A,-,N,NA,NA,NA,NA,NA,NA,NA,NA,NA,Y,4,0,1,1,A,-,03,22350,NA,N,A,I,A,A,H,-,A,A,0,NA,NA,NA,NA,Y,NA,A,07,0,0,1,0,0,0,0,0,0,-,-,NA,NA,SAN BERNARDINO,CHINO HILLS,-117.71713256835938,33.975440979003906
9374359,2021,2021-12-16,3608,2021-10-29,1934,4388,NA,5,5,5,3608,0,0,0,NA,0,NA,PARK AV,IOWA ST,0,NA,Y,A,-,N,NA,NA,NA,NA,NA,NA,NA,NA,NA,N,3,0,1,1,A,-,03,22350,NA,N,F,A,A,A,H,-,E,A,0,NA,NA,NA,NA,Y,NA,A,42,0,1,0,0,0,0,0,0,0,-,-,NA,NA,SAN BERNARDINO,REDLANDS,-117.213134765625,34.05924987792969
9375099,2021,2022-01-04,3605,2021-11-25,1217,443,NA,4,5,4,3605,0,0,0,NA,0,NA,CENTRAL AV,RT 10,0,NA,Y,A,-,N,NA,NA,NA,NA,NA,NA,NA,NA,NA,Y,4,0,4,2,A,-,09,21453,C,N,B,C,A,A,D,-,A,A,0,NA,NA,NA,NA,Y,NA,A,01,0,0,4,0,0,0,0,0,0,-,-,NA,NA,SAN BERNARDINO,MONTCLAIR,-117.68972778320313,34.085323333740234
9375400,2021,2021-12-23,3610,2021-11-16,0413,51346,NA,2,5,6,3610,0,0,0,NA,0,NA,W FOOTHILL BL,N MACY ST,66,W,N,A,-,N,NA,NA,NA,NA,NA,NA,NA,NA,NA,Y,4,0,1,2,A,-,08,22107,NA,N,E,E,A,A,H,-,C,D,0,NA,NA,NA,NA,Y,NA,A,01,0,0,1,0,0,0,0,0,0,-,-,NA,NA,SAN BERNARDINO,SAN BERNARDINO,-117.3415298461914,34.1068115234375
9375897,2021,2021-12-20,3600,2021-08-20,0658,C9389,RC002,5,5,6,3616,0,0,0,NA,0,RC6,WHITTRAM AV,HICKORY AV,0,NA,Y,A,-,N,NA,NA,NA,NA,NA,NA,NA,NA,NA,Y,3,0,1,2,A,-,08,22107,NA,N,B,C,A,A,H,-,A,D,0,NA,NA,NA,Y,Y,NA,A,01,0,1,0,0,0,0,0,0,0,-,-,NA,NA,SAN BERNARDINO,RANCHO CUCAMONGA,-117.51503753662108,34.09455490112305
9375901,2021,2021-12-20,3600,2021-08-12,1620,E3918,RC072,4,5,6,3616,0,0,0,NA,0,006,BASELINE RD,EAST AV,0,NA,Y,A,-,N,NA,NA,NA,NA,NA,NA,NA,NA,NA,Y,3,0,1,1,A,-,03,22350,NA,N,F,-,A,A,H,-,A,A,0,NA,NA,NA,Y,Y,NA,F,26,0,1,0,0,0,0,0,0,0,-,-,NA,NA,SAN BERNARDINO,RANCHO CUCAMONGA,-117.51467895507813,34.12131118774414
93768094,2024,2024-08-07,9855,2024-07-29,2253,023007,NA,1,3,6,3607,0,1,1,NA,2,152,I-15 N/B,AIRPORT DRIVE,2640,S,N,A,-,Y,SBD,NA,15,NA,NA,1.538,H,NA,R,Y,4,0,1,1,A,-,08,22107,NA,N,E,I,A,A,H,-,D,D,0,NA,NA,NA,NA,Y,NA,A,01,0,0,1,0,0,0,0,0,0,-,-,34.05527877807617,-117.54680633544922,SAN BERNARDINO,ONTARIO,-117.54664611816406,34.05522155761719
9377019,2021,2021-12-23,3600,2021-10-04,1415,G4514,RC036,1,5,6,3616,0,0,0,NA,0,RC4,ARCHIBALD AV,7TH ST,0,NA,Y,A,-,N,NA,NA,NA,NA,NA,NA,NA,NA,NA,Y,3,0,1,3,A,-,08,22107,NA,N,F,D,A,A,D,-,A,D,0,NA,NA,NA,NA,Y,NA,D,22,0,1,0,0,0,0,0,0,0,-,-,NA,NA,SAN BERNARDINO,RANCHO CUCAMONGA,-117.59349060058594,34.088401794433594
9377238,2021,2021-12-21,3600,2021-09-29,1033,C9389,RC068,3,5,6,3616,0,0,0,NA,0,RC6,CHURCH ST,MALAGA DR,0,NA,Y,A,-,N,NA,NA,NA,NA,NA,NA,NA,NA,NA,Y,3,0,1,2,A,-,09,21801,A,N,D,C,A,A,H,-,A,A,0,NA,NA,NA,NA,Y,NA,A,01,0,1,0,0,0,0,0,0,0,-,-,NA,NA,SAN BERNARDINO,RANCHO CUCAMONGA,-117.55059051513672,34.111610412597656
9377759,2021,2022-01-24,3604,2021-11-14,1336,1254,NA,7,5,6,3604,0,0,0,NA,0,NA,MERRILL AV,LAUREL,0,NA,Y,A,-,N,NA,NA,NA,NA,NA,NA,NA,NA,NA,Y,3,0,3,4,A,-,12,22450,A,N,D,C,A,A,H,-,A,A,0,NA,NA,NA,NA,Y,Y,A,01,0,2,1,0,0,0,0,0,0,-,-,NA,NA,SAN BERNARDINO,FONTANA,-117.41399383544922,34.09220886230469
9378142,2021,2022-01-13,3600,2021-12-15,1600,H8284,YV011,3,5,3,3631,0,0,0,NA,0,0YV,SAGE AV,YUCCA TRL,200,S,N,A,-,N,NA,NA,NA,NA,NA,NA,NA,NA,NA,N,4,0,1,2,A,-,08,22107,NA,N,D,C,A,A,H,-,A,D,0,NA,NA,NA,NA,Y,NA,A,01,0,0,1,0,0,0,0,0,0,-,-,34.11960983276367,-116.42288208007813,SAN BERNARDINO,YUCCA VALLEY,-116.42252349853516,34.120601654052734
9378313,2021,2022-01-19,3600,2021-12-02,1604,G7670,AP008,4,5,5,3621,0,0,0,NA,0,AP03,SITTING BULL RD,SHOLIC RD,0,NA,Y,A,-,N,NA,NA,NA,NA,NA,NA,NA,NA,NA,Y,3,0,1,2,A,-,12,22450,A,N,D,C,A,A,H,-,A,D,0,NA,NA,NA,NA,Y,NA,A,01,0,1,0,0,0,0,0,0,0,-,-,NA,NA,SAN BERNARDINO,APPLE VALLEY,-117.20964050292967,34.4853630065918
9378371,2021,2022-01-19,3600,2021-12-12,1900,I2318,VC056,7,5,5,3612,0,0,0,NA,0,VC5,AMARGOSA RD,LA MESA RD,0,NA,Y,A,-,N,NA,NA,NA,NA,NA,NA,NA,NA,NA,Y,4,0,1,3,A,-,12,21453,A,N,D,C,A,A,H,-,C,A,0,NA,NA,NA,NA,Y,NA,-,-,0,0,1,0,0,0,0,0,0,-,-,34.48537826538086,-117.33714294433594,SAN BERNARDINO,VICTORVILLE,-117.337158203125,34.485443115234375
9378378,2021,2022-01-31,3600,2021-12-05,1557,H5177,VC066,7,5,5,3612,0,0,0,NA,0,VC4,AMARGOSA RD,EUCALYPTUS ST,731,N,N,A,-,N,NA,NA,NA,NA,NA,NA,NA,NA,NA,Y,3,0,3,3,A,-,03,22350,NA,N,C,C,A,A,H,-,A,D,0,NA,NA,NA,NA,Y,NA,A,01,0,1,2,0,0,0,0,0,0,-,-,NA,NA,SAN BERNARDINO,VICTORVILLE,-117.35680389404295,34.45751190185547
9378380,2021,2022-01-19,3600,2021-12-02,0926,F4772,VC023,4,5,5,3612,0,0,0,NA,0,VC3,SILICA DR,HESPERIA RD,52,NA,N,A,-,N,NA,NA,NA,NA,NA,NA,NA,NA,NA,N,4,0,1,2,A,-,09,21804,A,N,D,C,A,A,H,-,A,D,0,NA,NA,NA,NA,Y,NA,A,01,0,0,1,0,0,0,0,0,0,-,-,NA,NA,SAN BERNARDINO,VICTORVILLE,-117.29105377197266,34.47822570800781
9378715,2021,2021-12-27,3600,2021-10-07,0811,C9389,RC038,4,5,6,3616,0,0,0,NA,0,RC4,SAN BERNARDINO RD,MALACHITE AV,0,NA,Y,B,-,N,NA,NA,NA,NA,NA,NA,NA,NA,NA,Y,4,0,1,2,A,-,09,21801,A,N,D,C,A,A,H,-,A,A,0,NA,NA,NA,NA,Y,NA,A,01,0,0,1,0,0,0,0,0,0,-,-,NA,NA,SAN BERNARDINO,RANCHO CUCAMONGA,-117.59737396240234,34.1086311340332
9379049,2021,2021-12-31,3610,2021-12-01,1754,51280,NA,3,5,6,3610,0,0,0,NA,0,POLICE,W FOOTHILL BL,MERIDIAN AV,174,W,N,A,-,Y,SBD,8,66,-,-,20.35,H,-,E,Y,3,0,4,2,A,-,09,21804,A,N,D,C,A,A,H,-,C,D,0,NA,NA,NA,NA,Y,NA,A,07,0,2,2,0,0,0,0,0,0,-,-,34.10731887817383,-117.35001373291016,SAN BERNARDINO,SAN BERNARDINO,-117.34925079345705,34.10673904418945
9379268,2021,2022-01-19,3600,2021-12-07,1824,H7621,AP023,2,5,5,3621,0,0,0,NA,0,AP1,RANCHERIAS RD,OUTER STATE HWY 18 N,0,NA,Y,A,-,Y,SBD,8,18,-,-,91.564,I,5,N,Y,2,0,1,2,A,-,09,21801,A,N,B,-,A,A,H,-,C,A,0,NA,NA,Y,NA,Y,NA,A,01,1,0,0,0,0,0,0,0,1,-,-,NA,NA,SAN BERNARDINO,APPLE VALLEY,-117.22560119628906,34.52937698364258
9379402,2021,2022-01-20,3600,2021-11-27,1724,I1568,VC5,6,5,5,3612,0,0,0,NA,0,VC058,RT 395,SENECA RD,60,S,N,A,-,Y,SBD,8,395,-,-,11.63,H,-,N,Y,3,0,1,3,A,-,03,22350,NA,N,C,C,A,A,H,-,C,A,0,NA,NA,NA,NA,Y,NA,A,01,0,1,0,0,0,0,0,0,0,-,-,34.51382827758789,-117.39942932128906,SAN BERNARDINO,VICTORVILLE,-117.39939880371094,34.51345443725586
9379435,2021,2022-01-21,3600,2021-11-23,1507,D3381,VC058,2,5,5,3612,0,0,0,NA,0,VC5,RT 395,PALMDALE RD,1286,N,N,A,-,Y,SBD,8,395,-,-,11.41,H,-,N,Y,3,0,1,2,A,-,09,21804,A,N,D,C,A,A,H,-,A,A,0,NA,NA,Y,NA,Y,NA,A,08,0,1,0,0,0,0,0,0,1,-,-,34.511558532714844,-117.39936065673828,SAN BERNARDINO,VICTORVILLE,-117.39951324462892,34.51014709472656
9379735,2021,2022-02-07,3600,2021-11-27,1319,I5410,BL202,6,5,2,3680,0,0,0,NA,0,BL2,BIG BEAR BL,WREN DR,100,E,N,A,-,Y,SBD,8,18,-,-,50,H,-,S,Y,3,0,1,2,A,-,09,21804,A,N,D,C,A,A,H,-,A,D,0,NA,NA,NA,NA,Y,NA,A,07,0,1,0,0,0,0,0,0,0,-,-,NA,NA,SAN BERNARDINO,BIG BEAR LAKE,-116.8958740234375,34.24347686767578
9381089,2022,2022-01-26,3610,2022-01-01,1715,50967,NA,6,5,6,3610,0,0,0,NA,0,POLICE,W RIALTO AV,S RIALTO AV,187,E,N,A,G,N,NA,NA,NA,NA,NA,NA,NA,NA,NA,Y,3,0,1,1,A,-,08,22107,NA,N,E,I,A,A,H,-,C,D,0,NA,NA,NA,NA,Y,NA,A,01,0,1,0,0,0,0,0,0,0,-,-,34.1008415222168,-117.28964233398438,SAN BERNARDINO,SAN BERNARDINO,-117.3546142578125,34.09952163696289
9381302,2022,2022-02-09,3608,2022-01-03,1402,3675,NA,1,5,5,3608,0,0,0,NA,0,NA,CALIFORNIA ST,LUGONIA AV,400,N,N,A,-,N,NA,NA,NA,NA,NA,NA,NA,NA,NA,Y,4,0,2,2,C,-,18,NA,NA,N,D,C,A,A,H,-,A,A,0,NA,NA,NA,NA,Y,NA,-,-,0,0,2,0,0,0,0,0,0,-,-,NA,NA,SAN BERNARDINO,REDLANDS,-117.22631072998048,34.07142639160156
9382170,2021,2021-12-21,3600,2021-09-02,1237,F6913,RC003,4,5,6,3616,0,0,0,NA,0,005,HAVEN AV,ARROW RT,0,NA,Y,A,-,N,NA,NA,NA,NA,NA,NA,NA,NA,NA,Y,3,0,2,2,A,-,09,21801,A,N,D,C,A,A,D,-,A,A,0,NA,NA,NA,NA,Y,NA,D,22,0,2,0,0,0,0,0,0,0,-,-,NA,NA,SAN BERNARDINO,RANCHO CUCAMONGA,-117.57594299316406,34.09920120239258
9382286,2021,2022-01-06,3600,2021-11-13,1527,H6885,AP008,6,5,5,3621,0,0,0,NA,0,AP3,RINCON RD,EYOTA RD,0,NA,Y,A,-,N,NA,NA,NA,NA,NA,NA,NA,NA,NA,Y,2,0,1,2,A,-,06,21750,NA,N,B,-,A,A,H,-,A,D,0,NA,NA,Y,NA,Y,NA,C,02,1,0,0,0,0,0,0,0,1,-,-,NA,NA,SAN BERNARDINO,APPLE VALLEY,-117.2253189086914,34.49601745605469
9382304,2021,2021-12-29,3608,2021-11-08,1707,3818,NA,1,5,5,3608,0,0,0,NA,0,NA,ORANGE ST,SAN BERNARDINO AV,0,NA,Y,A,-,N,NA,NA,NA,NA,NA,NA,NA,NA,NA,Y,4,0,2,2,A,-,08,22107,NA,N,D,C,A,A,H,-,B,A,0,NA,NA,NA,NA,Y,NA,A,01,0,0,2,0,0,0,0,0,0,-,-,NA,NA,SAN BERNARDINO,REDLANDS,-117.1823959350586,34.077266693115234
9384787,2021,2022-01-20,3600,2021-12-04,1248,D7727,YC303,6,5,4,3640,0,0,0,NA,0,YC2,BRYANT ST,MOUNTAIN VIEW ST,0,NA,Y,A,-,N,NA,NA,NA,NA,NA,NA,NA,NA,NA,Y,3,0,1,2,A,-,04,21703,NA,N,C,-,A,A,H,-,A,A,0,NA,NA,NA,NA,Y,NA,D,22,0,1,0,0,0,0,0,0,0,-,-,NA,NA,SAN BERNARDINO,YUCAIPA,-117.03448486328124,34.020233154296875
9385777,2021,2022-01-14,3610,2021-12-16,1712,50532,NA,4,5,6,3610,0,0,0,NA,0,POLICE,INLAND CENTER DR,ADELL ST,0,NA,Y,A,-,N,NA,NA,NA,NA,NA,NA,NA,NA,NA,Y,4,0,2,2,A,-,09,21801,A,N,D,C,A,A,H,-,C,A,0,NA,NA,Y,NA,Y,NA,C,02,0,0,2,0,0,0,0,0,1,-,-,34.08684158325195,-117.29942321777344,SAN BERNARDINO,SAN BERNARDINO,-117.29940032958984,34.08680725097656
9386711,2021,2022-01-13,3610,2021-12-01,1315,51285,NA,3,5,6,3610,0,0,0,NA,0,BAKER,N G ST,W 16TH ST,0,NA,Y,A,-,N,NA,NA,NA,NA,NA,NA,NA,NA,NA,Y,4,0,1,3,A,-,09,21801,A,N,D,C,A,A,H,-,A,D,0,NA,NA,NA,NA,Y,NA,A,01,0,0,1,0,0,0,0,0,0,-,-,34.12836837768555,-117.29904174804688,SAN BERNARDINO,SAN BERNARDINO,-117.29865264892578,34.12853240966797
9386943,2021,2022-01-10,3600,2021-07-30,0759,A8310,RC033,5,5,6,3616,0,0,0,NA,0,RC5,FERON BL,HERMOSA AV,770,W,N,A,-,N,NA,NA,NA,NA,NA,NA,NA,NA,NA,Y,3,0,1,2,A,-,09,21804,A,N,D,C,A,A,H,-,A,D,0,NA,NA,NA,NA,Y,NA,A,07,0,1,0,0,0,0,0,0,0,-,-,NA,NA,SAN BERNARDINO,RANCHO CUCAMONGA,-117.58717346191406,34.093807220458984
9389346,2021,2022-01-27,3610,2021-12-21,1714,51167,NA,2,5,6,3610,0,0,0,NA,0,POLICE,EAST HIGHLAND AV,N GOLDEN AV,94,E,N,A,-,N,NA,NA,NA,NA,NA,NA,NA,NA,NA,Y,3,0,1,1,A,-,08,22107,NA,N,F,J,A,A,H,-,B,A,0,NA,NA,NA,NA,Y,Y,A,01,0,1,0,0,0,0,0,0,0,-,-,NA,NA,SAN BERNARDINO,SAN BERNARDINO,-117.26081085205078,34.13587188720703
9389487,2021,2022-08-23,3610,2021-12-27,1221,51285,NA,1,5,6,3610,0,0,0,NA,0,NA,E 20TH ST,N GUTHRIE ST,150,E,N,B,-,N,NA,NA,NA,NA,NA,NA,NA,NA,NA,N,4,0,1,2,A,-,09,21801,A,N,D,C,A,A,H,-,A,D,0,NA,NA,NA,NA,Y,NA,A,01,0,0,1,0,0,0,0,0,0,-,-,34.13356018066406,-117.2392578125,SAN BERNARDINO,SAN BERNARDINO,-117.23878479003906,34.133541107177734
9389495,2021,2022-01-27,3610,2021-12-30,1707,51304,NA,4,5,6,3610,0,0,0,NA,0,POLICE,N D ST,9TH ST,134,S,N,B,-,N,NA,NA,NA,NA,NA,NA,NA,NA,NA,Y,4,0,3,2,A,-,09,21804,B,N,D,C,A,B,H,-,B,A,0,NA,NA,NA,NA,Y,NA,A,01,0,0,3,0,0,0,0,0,0,-,-,34.11579132080078,-117.29190826416016,SAN BERNARDINO,SAN BERNARDINO,-117.29189300537108,34.115394592285156
9390126,2021,2022-01-25,3600,2021-12-30,1029,H6883,HE121,4,5,5,3619,0,0,0,NA,0,HE1,BALSAM AV,MAUNA LOA ST,0,NA,Y,C,-,N,NA,NA,NA,NA,NA,NA,NA,NA,NA,Y,3,0,3,2,A,-,12,22450,A,N,D,C,A,B,H,-,A,A,0,NA,NA,NA,NA,Y,NA,A,01,0,3,0,0,0,0,0,0,0,-,-,NA,NA,SAN BERNARDINO,HESPERIA,-117.3296127319336,34.44275665283203
9390161,2021,2022-01-21,3600,2021-12-21,0630,H7585,HE423,2,5,5,3619,0,0,0,NA,0,HE4,RT 173,GOAT TRAIL RD,1550,S,N,C,G,Y,SBD,8,173,-,L,0.49,H,-,E,Y,3,0,1,2,A,-,03,22350,NA,N,B,C,A,B,H,-,A,D,0,NA,NA,NA,NA,Y,NA,A,01,0,1,0,0,0,0,0,0,0,-,-,NA,NA,SAN BERNARDINO,HESPERIA,-117.33846282958984,34.31112289428711
9390177,2021,2022-01-20,3600,2021-12-27,1758,H9013,HE102,1,5,5,3619,0,0,0,NA,0,HE1,OAKWOOD AV,SYCAMORE ST,0,NA,Y,C,-,N,NA,NA,NA,NA,NA,NA,NA,NA,NA,Y,3,0,2,2,A,-,12,22450,A,N,D,C,A,B,H,-,D,D,0,NA,NA,NA,NA,Y,NA,A,01,0,2,0,0,0,0,0,0,0,-,-,NA,NA,SAN BERNARDINO,HESPERIA,-117.34284210205078,34.46323013305664
9390570,2021,2022-01-28,3604,2021-12-01,1757,1086,NA,3,5,6,3604,0,0,0,NA,0,NA,SIERRA AV,SOUTH HIGHLAND AV,0,NA,Y,A,-,N,NA,NA,NA,NA,NA,NA,NA,NA,NA,N,4,0,1,2,A,-,12,21453,A,N,D,C,A,A,H,-,A,A,0,NA,NA,NA,NA,Y,NA,D,22,0,0,1,0,0,0,0,0,0,-,-,NA,NA,SAN BERNARDINO,FONTANA,-117.43614959716795,34.133426666259766
9390893,2021,2022-01-25,3604,2021-12-01,1420,1412,NA,3,5,6,3604,0,0,0,NA,0,NA,BASELINE AV,JUNIPER AV,0,NA,Y,A,-,N,NA,NA,NA,NA,NA,NA,NA,NA,NA,Y,4,0,1,2,A,-,12,21453,A,N,D,C,A,A,H,-,A,A,0,NA,NA,NA,NA,Y,NA,A,07,0,0,1,0,0,0,0,0,0,-,-,NA,NA,SAN BERNARDINO,FONTANA,-117.44023895263672,34.12130355834961
9390916,2021,2022-03-24,3604,2021-12-13,0543,1134,NA,1,5,6,3604,0,0,0,NA,0,003,SAN BERNARDINO AV,POPLAR AV,0,NA,Y,B,-,N,NA,NA,NA,NA,NA,NA,NA,NA,NA,N,3,0,1,2,A,-,03,22350,A,N,D,C,A,A,H,-,C,D,0,NA,NA,NA,NA,Y,NA,-,-,0,1,0,0,0,0,0,0,0,-,-,NA,NA,SAN BERNARDINO,FONTANA,-117.4624252319336,34.07749938964844
9395558,2022,2022-01-28,3600,2022-01-05,0942,F8172,HE420,3,5,5,3619,0,0,0,NA,0,HE4,RANCHERO RD,SUMMIT VALLEY RD,0,NA,Y,A,-,N,NA,NA,NA,NA,NA,NA,NA,NA,NA,Y,3,0,1,2,D,-,00,NA,NA,N,A,C,A,A,H,-,A,A,0,NA,NA,NA,NA,Y,NA,-,-,0,1,0,0,0,0,0,0,0,-,-,NA,NA,SAN BERNARDINO,HESPERIA,NA,NA