CASE_ID,ACCIDENT_YEAR,PROC_DATE,JURIS,COLLISION_DATE,COLLISION_TIME,OFFICER_ID,REPORTING_DISTRICT,DAY_OF_WEEK,CHP_SHIFT,POPULATION,CNTY_CITY_LOC,SPECIAL_COND,BEAT_TYPE,CHP_BEAT_TYPE,CITY_DIVISION_LAPD,CHP_BEAT_CLASS,BEAT_NUMBER,PRIMARY_RD,SECONDARY_RD,DISTANCE,DIRECTION,INTERSECTION,WEATHER_1,WEATHER_2,STATE_HWY_IND,CALTRANS_COUNTY,CALTRANS_DISTRICT,STATE_ROUTE,ROUTE_SUFFIX,POSTMILE_PREFIX,POSTMILE,LOCATION_TYPE,RAMP_INTERSECTION,SIDE_OF_HWY,TOW_AWAY,COLLISION_SEVERITY,NUMBER_KILLED,NUMBER_INJURED,PARTY_COUNT,PRIMARY_COLL_FACTOR,PCF_CODE_OF_VIOL,PCF_VIOL_CATEGORY,PCF_VIOLATION,PCF_VIOL_SUBSECTION,HIT_AND_RUN,TYPE_OF_COLLISION,MVIW,PED_ACTION,ROAD_SURFACE,ROAD_COND_1,ROAD_COND_2,LIGHTING,CONTROL_DEVICE,CHP_ROAD_TYPE,PEDESTRIAN_ACCIDENT,BICYCLE_ACCIDENT,MOTORCYCLE_ACCIDENT,TRUCK_ACCIDENT,NOT_PRIVATE_PROPERTY,ALCOHOL_INVOLVED,STWD_VEHTYPE_AT_FAULT,CHP_VEHTYPE_AT_FAULT,COUNT_SEVERE_INJ,COUNT_VISIBLE_INJ,COUNT_COMPLAINT_PAIN,COUNT_PED_KILLED,COUNT_PED_INJURED,COUNT_BICYCLIST_KILLED,COUNT_BICYCLIST_INJURED,COUNT_MC_KILLED,COUNT_MC_INJURED,PRIMARY_RAMP,SECONDARY_RAMP,LATITUDE,LONGITUDE,COUNTY,CITY,POINT_X,POINT_Y
9464273,2022,2023-04-14,3607,2022-06-19,0021,20729,308,7,5,6,3607,0,0,0,NA,0,MILL,ONTARIO MILLS PKWY,ROCHESTER AV,175,E,N,A,-,N,NA,NA,NA,NA,NA,NA,NA,NA,NA,Y,1,1,0,1,A,-,08,22107,NA,N,E,I,A,A,H,-,C,A,0,NA,NA,NA,Y,Y,Y,F,26,0,0,0,0,0,0,0,0,0,-,-,NA,NA,SAN BERNARDINO,ONTARIO,-117.54546356201172,34.069984436035156
9464281,2022,2023-04-20,3601,2022-08-07,1006,P23,BARST,7,5,3,3601,0,0,0,NA,0,1006,W. MAIN ST,W. MAIN ST 1200,0,NA,N,A,-,N,NA,NA,NA,NA,NA,NA,NA,NA,NA,Y,1,1,2,4,A,-,03,22350,NA,F,G,B,D,A,H,-,A,D,0,Y,NA,NA,NA,Y,NA,A,01,0,0,2,1,0,0,0,0,0,-,-,NA,NA,SAN BERNARDINO,BARSTOW,-117.09014892578124,34.883216857910156
9464299,2022,2023-04-27,3610,2022-10-09,1202,50367,NA,7,5,6,3610,0,0,0,NA,0,BAKER,W BASELINE AVE,SIERRA WY,30,E,N,A,-,N,NA,NA,NA,NA,NA,NA,NA,NA,NA,Y,1,1,2,2,A,-,01,23152,A,N,D,C,A,A,H,-,A,A,0,NA,NA,NA,NA,Y,Y,D,22,0,1,1,0,0,0,0,0,0,-,-,NA,NA,SAN BERNARDINO,SAN BERNARDINO,-117.28514862060548,34.121341705322266
94642995,2025,2025-04-09,9855,2025-04-04,1705,022607,NA,5,2,6,3607,0,1,3,NA,2,601,SR-60 E/B (POMONA FWY),GROVE AVENUE,0.4,E,N,A,-,Y,SBD,NA,60,NA,R,6.276,H,NA,R,N,4,0,1,2,A,-,03,22350,NA,F,C,C,A,A,H,-,A,D,0,NA,NA,NA,NA,Y,NA,A,01,0,0,1,0,0,0,0,0,0,-,-,34.03041076660156,-117.62132263183594,SAN BERNARDINO,ONTARIO,-117.62132263183594,34.0304069519043
94643089,2025,2025-04-09,9855,2025-04-05,1230,020620,NA,6,1,6,3607,0,1,1,NA,2,101,I-10 W/B (SAN BERNARDINO FWY),HAVEN AVE.,282,E,N,A,-,Y,SBD,NA,10,NA,NA,8.232,H,NA,L,N,4,0,1,2,A,-,03,22350,NA,N,C,C,A,A,H,-,A,D,0,NA,NA,NA,NA,Y,NA,A,01,0,0,1,0,0,0,0,0,0,-,-,34.0676383972168,-117.5746612548828,SAN BERNARDINO,ONTARIO,-117.5746612548828,34.0676155090332
94643109,2025,2025-04-09,9855,2025-04-05,1250,021006,NA,6,1,6,3607,0,1,1,NA,2,101,I-10 W/B (SAN BERNARDINO FWY),I-15 (ONTARIO FREEWAY),1000,W,N,A,-,Y,SBD,NA,10,NA,NA,9.813,H,NA,L,N,4,0,1,2,A,-,03,22350,NA,N,C,C,A,A,H,-,A,D,0,NA,NA,NA,NA,Y,NA,A,01,0,0,1,0,0,0,0,0,0,-,-,34.06753158569336,-117.54708099365234,SAN BERNARDINO,ONTARIO,-117.54708099365234,34.067501068115234
9464396,2021,2022-09-06,3609,2021-07-26,2225,01323,RI006,1,5,5,3609,0,0,0,NA,0,001,RIVERSIDE AV,CEDAR AV,70,N,N,A,-,N,NA,NA,NA,NA,NA,NA,NA,NA,NA,Y,1,1,0,1,A,-,03,22350,NA,N,E,I,A,A,H,-,C,D,0,NA,NA,NA,NA,Y,NA,A,07,0,0,0,0,0,0,0,0,0,-,-,34.154300689697266,-117.69339752197266,SAN BERNARDINO,RIALTO,-117.39651489257813,34.154361724853516
94646173,2025,2025-04-11,9855,2025-04-10,1610,021006,NA,4,2,6,3607,0,1,3,NA,2,602,SR-60 E/B (POMONA FWY),EUCLID AVENUE,500,E,N,A,-,Y,SBD,NA,60,NA,R,4.632,H,NA,R,Y,4,0,3,2,A,-,03,22350,NA,N,C,C,A,A,H,-,A,D,0,NA,NA,NA,NA,Y,NA,A,01,0,0,3,0,0,0,0,0,0,-,-,34.03038024902344,-117.65003204345705,SAN BERNARDINO,ONTARIO,-117.65003204345705,34.03030776977539
9464644,2022,2022-11-16,3604,2022-09-29,1622,1139,NA,4,5,6,3604,0,0,0,NA,0,NA,FOOTHILL BL,TAMARIND AV,315,W,N,A,-,N,NA,NA,NA,NA,NA,NA,NA,NA,NA,Y,4,0,1,1,A,-,08,22107,NA,N,E,I,A,A,H,-,A,D,0,NA,NA,NA,NA,Y,NA,A,08,0,0,1,0,0,0,0,0,0,-,-,NA,NA,SAN BERNARDINO,FONTANA,-117.42376708984376,34.1066780090332
9464752,2022,2022-12-07,3610,2022-09-25,1755,51315,NA,7,5,6,3610,0,0,0,NA,0,POLICE,N LINCOLN DR,WEST HIGHLAND AV,0,NA,Y,A,-,N,NA,NA,NA,NA,NA,NA,NA,NA,NA,N,3,0,1,2,A,-,08,22102,NA,N,B,C,A,A,H,-,D,D,0,NA,NA,NA,NA,Y,NA,A,08,0,1,0,0,0,0,0,0,0,-,-,34.136051177978516,-117.30541229248048,SAN BERNARDINO,SAN BERNARDINO,-117.3054428100586,34.13603591918945
94648017,2025,2025-04-14,9850,2025-04-04,735,021384,NA,5,1,9,3600,0,3,5,NA,2,002,RANCHERO RD,CATABA RD,0,NA,Y,A,-,N,NA,NA,NA,NA,NA,NA,NA,NA,NA,Y,3,0,2,2,A,-,03,22350,NA,N,C,C,A,A,H,-,A,A,0,NA,NA,NA,NA,Y,NA,A,01,0,1,1,0,0,0,0,0,0,-,-,34.38309860229492,-117.38648223876952,SAN BERNARDINO,UNINCORPORATED,-117.38626098632813,34.383094787597656
94648350,2025,2025-04-14,9835,2025-04-07,625,023107,NA,1,1,9,3600,0,1,1,NA,2,076,SOUTHBOUND INTERSTATE 15,CIMA RD,26400,N,N,A,-,Y,SBD,NA,15,NA,NA,166.807,H,NA,R,N,3,0,2,2,A,-,07,21658,A,N,C,C,A,A,H,-,A,D,0,NA,NA,NA,Y,Y,NA,A,01,0,2,0,0,0,0,0,0,0,-,-,35.46725082397461,-115.60855865478516,SAN BERNARDINO,UNINCORPORATED,-115.60845947265624,35.46705627441406
9465085,2022,2023-01-13,3604,2022-11-30,0806,1395,NA,3,5,6,3604,0,0,0,NA,0,NA,POSEY PL,SLEEPY CREEK AV,0,NA,Y,A,-,N,NA,NA,NA,NA,NA,NA,NA,NA,NA,N,3,0,1,2,A,-,08,22107,NA,N,G,B,B,A,H,-,A,A,0,Y,NA,NA,NA,Y,NA,A,01,0,1,0,0,1,0,0,0,0,-,-,NA,NA,SAN BERNARDINO,FONTANA,NA,NA
94651800,2025,2025-04-16,9855,2025-04-09,1607,015461,NA,3,2,6,3604,0,1,1,NA,2,153,I-15 N/B (ONTARIO FWY),SR-210 W/B (FOOTHILL FWY),2052,N,N,A,-,Y,SBD,NA,15,NA,NA,8.675,H,NA,R,Y,4,0,3,3,A,-,03,22350,NA,N,C,C,A,A,H,-,A,D,0,NA,NA,NA,NA,Y,NA,A,07,0,0,3,0,0,0,0,0,0,-,-,34.14065933227539,-117.49054718017578,SAN BERNARDINO,FONTANA,-117.4905014038086,34.14061737060547
94652254,2025,2025-04-16,9855,2025-04-14,1555,022450,NA,1,2,9,3600,0,3,5,NA,2,001,HEMLOCK AVENUE,ORCHID STREET,0,NA,Y,A,-,Y,NA,NA,NA,NA,NA,NA,NA,NA,NA,Y,3,0,2,2,A,-,09,21802,A,N,D,C,A,A,H,-,A,A,0,NA,NA,NA,NA,Y,NA,A,01,0,1,1,0,0,0,0,0,0,-,-,34.08979034423828,-117.4755630493164,SAN BERNARDINO,UNINCORPORATED,-117.47551727294922,34.08976745605469
94654968,2025,2025-04-18,9855,2025-03-18,1348,017213,NA,2,1,6,3616,0,1,1,NA,2,201,SR-210 W/B (FOOTHILL FWY),DAY CREEK BLVD,1000,E,N,A,-,Y,SBD,NA,210,NA,NA,9.693,H,NA,L,N,4,0,1,1,A,-,01,23152,F,N,E,I,A,A,H,-,A,D,0,NA,NA,NA,NA,Y,NA,D,22,0,0,1,0,0,0,0,0,0,-,-,34.136600494384766,-117.52742767333984,SAN BERNARDINO,RANCHO CUCAMONGA,-117.52742767333984,34.13654327392578
94655105,2025,2025-04-18,9860,2025-03-23,1820,022931,NA,7,2,9,3600,0,1,1,NA,2,151,I-15 N/B,CLEGHORN RD,9398,S,N,A,-,Y,SBD,NA,15,NA,R,18.181,H,NA,R,Y,4,0,1,3,A,-,03,22350,NA,N,B,2,A,A,H,-,B,A,0,NA,NA,NA,NA,Y,NA,A,01,0,0,1,0,0,0,0,0,0,-,-,34.27396011352539,-117.4494171142578,SAN BERNARDINO,UNINCORPORATED,-117.4494857788086,34.273948669433594
94655323,2025,2025-04-18,9860,2025-04-12,1340,020533,NA,6,1,9,3600,0,1,1,NA,2,102,I-10 E/B,CEDAR AVE,1690,W,N,A,-,Y,SBD,NA,10,NA,R,18.161,H,NA,R,Y,4,0,1,2,A,-,03,22350,NA,N,C,C,A,A,D,-,A,D,0,NA,NA,NA,NA,Y,NA,A,07,0,0,1,0,0,0,0,0,0,-,-,34.067909240722656,-117.4019012451172,SAN BERNARDINO,UNINCORPORATED,-117.4019012451172,34.06795120239258
94656743,2025,2025-04-21,9850,2025-04-11,2309,023055,NA,5,3,5,3619,0,1,1,NA,2,081,I-15 N/B,RANCHERO RD,2112,S,N,A,-,Y,SBD,NA,15,NA,NA,29.998,H,NA,R,N,4,0,3,2,A,-,03,22350,NA,M,C,C,A,A,D,-,C,D,0,NA,NA,NA,NA,Y,NA,A,01,0,0,3,0,0,0,0,0,0,-,-,34.37818908691406,-117.41890716552734,SAN BERNARDINO,HESPERIA,-117.41897583007813,34.37822723388672
94656811,2025,2025-04-21,9855,2025-04-18,1015,023630,NA,5,1,6,3616,0,1,1,NA,2,152,I-15 N/B (ONTARIO FWY),BASELINE RD.,1584,S,N,A,-,Y,SBD,NA,15,NA,NA,6.477,H,NA,R,Y,4,0,1,3,A,-,03,22350,NA,N,C,C,A,A,D,E,D,D,0,NA,NA,NA,NA,Y,NA,A,01,0,0,1,0,0,0,0,0,0,-,-,34.118141174316406,-117.51760864257813,SAN BERNARDINO,RANCHO CUCAMONGA,-117.5176239013672,34.1181526184082
9465768,2022,2022-12-30,3610,2022-11-29,1547,NA,NA,2,5,6,3610,0,0,0,NA,0,NA,S E ST,S HUNTS LN,0,NA,Y,A,-,N,NA,NA,NA,NA,NA,NA,NA,NA,NA,N,4,0,2,2,A,-,09,21801,A,N,D,C,A,A,H,-,A,A,0,NA,NA,NA,NA,Y,NA,A,01,0,0,2,0,0,0,0,0,0,-,-,NA,NA,SAN BERNARDINO,SAN BERNARDINO,-117.28758239746094,34.06449508666992
94658131,2025,2025-04-22,9855,2025-04-15,1440,020564,NA,2,2,6,3607,0,1,1,NA,2,103,I-10 W/B (SAN BERNARDINO FWY),THE EAST ROADWAY EDGE OF ARCHIBALD AVE,60,W,N,A,-,Y,SBD,NA,10,NA,NA,7.163,H,NA,L,Y,4,0,1,4,A,-,03,22350,NA,N,C,C,A,A,H,-,A,D,0,NA,NA,NA,NA,Y,NA,A,01,0,0,1,0,0,0,0,0,0,-,-,34.067691802978516,-117.59329223632813,SAN BERNARDINO,ONTARIO,-117.59329223632813,34.06772232055664
94658225,2024,2025-04-22,9850,2024-03-10,100,022591,NA,7,3,5,3612,0,3,5,NA,2,001,KALIN RANCH DRIVE,GOLF COURSE DRIVE,452,W,N,A,-,N,NA,NA,NA,NA,NA,NA,NA,NA,NA,Y,1,1,1,2,A,-,01,23152,G,N,G,B,E,A,H,-,C,D,0,Y,NA,NA,NA,Y,Y,A,01,0,1,0,1,0,0,0,0,0,-,-,34.48263168334961,-117.265380859375,SAN BERNARDINO,VICTORVILLE,-117.26525115966795,34.48270797729492
94663323,2025,2025-06-30,9865,2025-04-17,1307,021840,NA,4,1,9,3600,0,1,3,NA,2,011,SR-18,PINE AVE,1056,N,N,E,-,Y,SBD,NA,18,NA,NA,22.675,H,NA,R,Y,4,0,1,2,A,-,03,22350,NA,N,D,C,A,B,H,-,A,D,0,NA,NA,NA,Y,Y,NA,D,22,0,0,1,0,0,0,0,0,0,-,-,34.23003005981445,-117.22782135009766,SAN BERNARDINO,UNINCORPORATED,-117.22781372070313,34.23012924194336
94664245,2025,2025-04-25,9835,2025-04-13,1055,024405,NA,7,1,9,3600,0,1,1,NA,2,071,I-15 S/B AT LENWOOD OFF RAMP,LENWOOD RD,1003,N,N,A,-,Y,SBD,NA,15,NA,NA,68.998,H,NA,L,N,4,0,1,2,A,-,07,21658,A,N,B,C,A,A,H,-,A,D,0,NA,NA,NA,NA,Y,NA,A,07,0,0,1,0,0,0,0,0,0,-,-,34.85673141479492,-117.0844268798828,SAN BERNARDINO,UNINCORPORATED,-117.08431243896484,34.85670471191406
94664277,2025,2025-04-25,9835,2025-04-23,1225,020109,NA,3,1,9,3600,0,3,5,NA,2,034,GHOST TOWN ROAD,CEMETERY ROAD,0,NA,Y,A,-,N,NA,NA,NA,NA,NA,NA,NA,NA,NA,Y,3,0,1,2,A,-,03,22350,NA,N,F,A,A,A,H,-,A,D,0,NA,NA,Y,NA,Y,NA,C,02,0,1,0,0,0,0,0,0,1,-,-,34.94147872924805,-116.86701202392578,SAN BERNARDINO,UNINCORPORATED,NA,NA
94665798,2025,2025-04-28,9860,2025-03-23,810,023457,NA,7,1,9,3600,0,3,5,NA,2,002,MOUNTAIN DR,48TH ST,0,NA,Y,A,-,N,NA,NA,NA,NA,NA,NA,NA,NA,NA,Y,4,0,2,2,A,-,09,21802,A,N,D,2,A,A,H,-,A,A,0,NA,NA,NA,NA,Y,NA,A,01,0,0,2,0,0,0,0,0,0,-,-,34.17177963256836,-117.3070831298828,SAN BERNARDINO,UNINCORPORATED,-117.30706787109376,34.171775817871094
94666711,2025,2025-04-28,9855,2025-04-27,835,020564,NA,7,1,6,3616,0,1,1,NA,2,201,SR-210 W/B (FOOTHILL FWY),DAT CREEK BLVD,528,W,N,A,-,Y,SBD,NA,210,NA,NA,9.027,H,NA,L,Y,3,0,1,1,A,-,08,22107,NA,N,E,I,A,A,H,-,A,D,0,NA,NA,NA,NA,Y,NA,A,01,0,1,0,0,0,0,0,0,0,-,-,34.136749267578125,-117.53904724121094,SAN BERNARDINO,RANCHO CUCAMONGA,-117.53905487060548,34.13664245605469
94668456,2025,2025-04-29,9850,2025-04-18,2245,023006,NA,5,3,5,3612,0,1,1,NA,2,083,I-15 N/B,NISQUALLY RD,2376,S,N,A,-,Y,SBD,NA,15,NA,NA,38.319,H,NA,R,N,4,0,1,3,A,-,03,22350,NA,N,C,C,A,A,H,-,D,D,0,NA,NA,NA,Y,Y,NA,A,01,0,0,1,0,0,0,0,0,0,-,-,34.47922897338867,-117.3391571044922,SAN BERNARDINO,VICTORVILLE,-117.33918762207033,34.479244232177734
94668653,2025,2025-04-29,9850,2025-04-19,2155,023336,NA,6,2,5,3612,0,1,1,NA,2,083,I-15 N/B TO D STREET,D STREET,720,S,N,A,-,Y,NA,NA,NA,NA,NA,NA,NA,NA,NA,Y,2,0,1,1,A,-,03,22350,NA,N,F,0,A,A,H,-,C,D,0,NA,NA,NA,NA,Y,NA,A,01,1,0,0,0,0,0,0,0,0,-,-,34.543270111083984,-117.3025131225586,SAN BERNARDINO,VICTORVILLE,-117.30250549316406,34.5441780090332
94668682,2025,2025-04-29,9850,2025-04-20,225,023336,NA,7,3,9,3600,0,3,5,NA,2,004,MOJAVE RIVER,ARTISTIC ALLEY,0,NA,Y,A,-,N,NA,NA,NA,NA,NA,NA,NA,NA,NA,N,3,0,1,1,A,-,01,23152,A,N,F,0,A,A,H,-,D,D,0,NA,NA,Y,NA,Y,Y,C,06,0,1,0,0,0,0,0,0,1,-,-,34.369110107421875,-117.23941040039063,SAN BERNARDINO,UNINCORPORATED,NA,NA
94670027,2025,2025-04-30,9855,2025-04-22,1523,015461,NA,2,2,5,3611,0,1,1,NA,2,203,SR-210 E/B (FOOTHILL FWY),MOUNTAIN AVE,242,E,N,A,-,Y,SBD,NA,210,NA,NA,1.555,H,NA,R,Y,4,0,2,4,A,-,03,22350,NA,N,C,C,A,A,H,-,A,D,0,NA,NA,NA,Y,Y,NA,G,25,0,0,2,0,0,0,0,0,0,-,-,34.13446044921875,-117.66935729980467,SAN BERNARDINO,UPLAND,-117.66935729980467,34.13456726074219
94676586,2025,2025-05-06,9855,2025-04-24,1801,022510,NA,4,2,6,3604,0,1,1,NA,2,202,SR-210 E/B (FOOTHILL FWY),BEECH AVE,100,W,N,A,-,Y,SBD,NA,210,NA,NA,12.903,H,NA,R,N,3,0,1,2,A,-,07,21658,A,N,C,C,A,A,H,-,A,D,0,NA,NA,Y,NA,Y,NA,A,07,0,1,0,0,0,0,0,0,1,-,-,34.13624954223633,-117.47145080566406,SAN BERNARDINO,FONTANA,-117.47145080566406,34.1362419128418
9467822,2023,2024-02-15,3600,2023-10-24,1611,H5821,HE131,2,5,5,3619,0,0,0,NA,0,HE1,5TH AV,JUNIPER ST,0,NA,Y,A,-,N,NA,NA,NA,NA,NA,NA,NA,NA,NA,Y,4,0,1,2,A,-,12,22450,A,N,D,C,A,A,H,-,A,A,0,NA,NA,NA,NA,Y,NA,A,07,0,0,1,0,0,0,0,0,0,-,-,NA,NA,SAN BERNARDINO,HESPERIA,-117.310546875,34.42475509643555
9467827,2023,2024-02-15,3600,2023-10-04,1349,F5717,HE134,3,5,5,3619,0,0,0,NA,0,HE1,MAIN ST,MESA LINDA ST,511,E,N,A,-,N,NA,NA,NA,NA,NA,NA,NA,NA,NA,N,4,0,1,2,A,-,09,21804,A,N,D,C,A,A,H,-,A,A,0,NA,NA,NA,NA,Y,NA,A,01,0,0,1,0,0,0,0,0,0,-,-,34.426700592041016,-117.39051055908205,SAN BERNARDINO,HESPERIA,-117.38876342773438,34.426658630371094
94684045,2025,2025-05-12,9860,2025-03-24,230,022582,NA,1,3,5,3608,0,1,1,NA,2,105,I-10 WESTBOUND,6TH STREET,755,E,N,B,-,Y,SBD,NA,10,NA,NA,31.175,H,NA,L,Y,2,0,2,2,A,-,01,23152,A,F,C,2,A,A,H,-,C,D,0,NA,NA,NA,NA,Y,Y,A,01,1,1,0,0,0,0,0,0,0,-,-,34.061641693115234,-117.17780303955078,SAN BERNARDINO,REDLANDS,-117.17781066894533,34.06160354614258
94684104,2025,2025-05-12,9860,2025-04-30,855,014963,NA,3,1,9,3600,0,2,4,NA,2,411,CEDAR AVE.,I-10,230,N,N,A,-,N,NA,NA,NA,NA,NA,NA,NA,NA,NA,N,4,0,1,2,A,-,03,22350,NA,N,C,C,A,A,H,-,A,A,0,NA,NA,NA,Y,Y,NA,A,07,0,0,1,0,0,0,0,0,0,-,-,34.06935119628906,-117.39617919921876,SAN BERNARDINO,UNINCORPORATED,-117.39609527587892,34.0684814453125
94684902,2025,2025-05-13,9850,2025-05-04,1648,021639,NA,7,2,5,3619,0,1,1,NA,2,082,I-15 S/B,JOSHUA ST,4000,N,N,C,-,Y,SBD,NA,15,NA,NA,33.082,H,NA,L,Y,4,0,2,3,A,-,03,22350,NA,N,C,C,A,B,D,-,A,D,0,NA,NA,NA,NA,Y,NA,A,01,0,0,2,0,0,0,0,0,0,-,-,34.415531158447266,-117.38923645019533,SAN BERNARDINO,HESPERIA,-117.3892822265625,34.41555404663086
9468529,2023,2023-02-15,3600,2023-02-03,1443,F8247,HE306,5,5,5,3619,0,0,0,NA,0,HE3,MAIN ST,TOPAZ AVE,605,W,N,A,-,N,NA,NA,NA,NA,NA,NA,NA,NA,NA,N,4,0,1,2,A,-,03,22350,NA,N,C,C,A,A,H,-,A,A,0,NA,NA,NA,NA,Y,NA,J,48,0,0,1,0,0,0,0,0,0,-,-,34.426700592041016,-117.35749816894533,SAN BERNARDINO,HESPERIA,-117.35739135742188,34.426719665527344
9468626,2023,2023-09-13,3610,2023-07-27,2110,51521,NA,4,5,6,3610,0,0,0,NA,0,NA,N H ST,4TH ST,114,S,N,A,-,N,NA,NA,NA,NA,NA,NA,NA,NA,NA,N,3,0,1,2,A,-,03,22350,NA,N,B,E,A,A,H,-,C,A,0,NA,NA,Y,NA,Y,NA,C,02,0,1,0,0,0,0,0,0,1,-,-,34.10646057128906,-117.30087280273438,SAN BERNARDINO,SAN BERNARDINO,-117.30088043212892,34.10616683959961
94686896,2025,2025-05-14,9850,2025-04-28,2025,024269,NA,1,2,9,3600,0,3,5,NA,2,001,NIAGARA DR,SEA GULL DR,0,NA,Y,A,-,N,NA,NA,NA,NA,NA,NA,NA,NA,NA,N,3,0,1,2,A,-,09,21802,A,N,D,C,A,A,H,-,B,A,0,NA,NA,NA,NA,Y,NA,A,01,0,1,0,0,0,0,0,0,0,-,-,34.49462890625,-117.25871276855467,SAN BERNARDINO,UNINCORPORATED,-117.2587432861328,34.49458694458008
94692180,2025,2025-05-19,9865,2025-05-18,1435,018881,NA,7,2,9,3600,0,1,3,NA,1,022,SR-18,DEEP CREEK DRIVE,630,N,N,B,-,Y,SBD,NA,18,NA,NA,33.557,H,NA,R,Y,3,0,1,1,A,-,08,22107,NA,N,E,I,A,A,H,-,A,D,0,NA,NA,NA,NA,Y,NA,A,01,0,1,0,0,0,0,0,0,0,-,-,34.211158752441406,-117.08331298828124,SAN BERNARDINO,UNINCORPORATED,-117.08335876464844,34.2111930847168
94692737,2025,2025-05-19,9855,2025-04-13,530,021926,NA,7,3,5,3602,0,1,3,NA,2,603,SR-60 E/B (POMONA FWY),MOUNTAIN AVE,220,W,N,A,-,Y,SBD,NA,60,NA,R,3.566,H,NA,R,N,3,0,1,1,A,-,08,22107,NA,N,E,I,A,A,H,-,A,D,0,NA,NA,NA,NA,Y,Y,A,01,0,1,0,0,0,0,0,0,0,-,-,34.030208587646484,-117.66854095458984,SAN BERNARDINO,CHINO,-117.66854095458984,34.03025436401367
94695332,2025,2025-05-21,9860,2025-05-14,645,021934,NA,3,1,4,3640,0,1,1,NA,2,106,I-10 WESTBOUND,COUNTY LINE RD,6336,W,N,A,-,Y,SBD,NA,10,NA,R,38.308,H,NA,L,N,4,0,2,2,A,-,03,22350,NA,N,C,C,A,A,D,-,A,D,0,NA,NA,NA,NA,Y,NA,D,22,0,0,2,0,0,0,0,0,0,-,-,34.012611389160156,-117.07418823242188,SAN BERNARDINO,YUCAIPA,-117.0741729736328,34.012672424316406
94695734,2025,2025-05-21,9855,2025-05-20,1415,020216,NA,2,2,6,3607,0,1,1,NA,2,101,I-10 W/B (SAN BERNARDINO FWY),I-15,1056,W,N,A,-,Y,SBD,NA,10,NA,NA,9.772,H,NA,L,Y,4,0,1,2,A,-,03,22350,NA,N,C,C,A,A,H,-,A,D,0,NA,NA,NA,NA,Y,NA,A,07,0,0,1,0,0,0,0,0,0,-,-,34.06760025024414,-117.54779052734376,SAN BERNARDINO,ONTARIO,-117.54779052734376,34.0675048828125
9469626,2023,2023-09-14,3600,2023-08-01,1636,F6910,HI021,2,5,4,3618,0,0,0,NA,0,HI3,BOULDER AV,EUCALYPTUS AV,618,N,N,A,-,N,NA,NA,NA,NA,NA,NA,NA,NA,NA,Y,4,0,1,2,A,-,08,22107,A,N,F,I,A,A,H,-,A,D,0,NA,NA,NA,NA,Y,NA,A,NA,0,0,1,0,0,0,0,0,0,-,-,NA,NA,SAN BERNARDINO,HIGHLAND,-117.1910400390625,34.11491394042969
94698626,2025,2025-05-23,9850,2025-05-08,1710,023336,NA,4,2,9,3600,0,1,1,NA,2,083,I-15 S/B TO STODDARD WELLS ROAD,STODDARD WELLS RD,15,N,N,A,-,Y,SBD,NA,15,NA,NA,44.534,H,NA,L,Y,4,0,1,2,A,-,03,22350,NA,N,C,C,A,A,H,-,A,A,0,NA,NA,NA,Y,Y,Y,A,01,0,0,1,0,0,0,0,0,0,-,-,34.55628967285156,-117.28880310058594,SAN BERNARDINO,UNINCORPORATED,-117.28857421875,34.556209564208984
94701354,2025,2025-05-27,9855,2025-05-12,1210,020564,NA,1,1,9,3600,0,3,5,NA,2,001,CHERRY AVE (9300 BLOCK),RANDALL AVE,130,S,N,A,-,N,NA,NA,NA,NA,NA,NA,NA,NA,NA,Y,4,0,1,2,A,-,03,22350,NA,N,C,C,A,A,H,-,A,A,0,NA,NA,NA,NA,Y,NA,A,01,0,0,1,0,0,0,0,0,0,-,-,34.0842399597168,-117.48877716064452,SAN BERNARDINO,UNINCORPORATED,-117.48888397216795,34.084312438964844
94703895,2025,2025-05-28,9860,2025-05-20,1650,022539,NA,2,2,6,3604,0,1,1,NA,2,102,I-10 E/B,SIERRA AVE,528,E,N,A,-,Y,SBD,NA,10,NA,NA,16.35,H,NA,R,Y,4,0,3,4,A,-,03,22350,NA,N,C,C,A,A,H,-,A,D,0,NA,NA,NA,NA,Y,NA,A,07,0,0,3,0,0,0,0,0,0,-,-,34.067161560058594,-117.43344116210938,SAN BERNARDINO,FONTANA,-117.43343353271484,34.067230224609375
94706982,2025,2025-05-30,9835,2025-05-20,1710,024360,NA,2,2,9,3600,0,3,5,NA,2,032,GHOST TOWN ROAD,YERMO CUTOFF,0,NA,Y,A,-,N,NA,NA,NA,NA,NA,NA,NA,NA,NA,Y,2,0,2,2,A,-,09,21802,A,N,A,D,A,A,H,-,A,A,0,NA,NA,NA,NA,Y,NA,A,01,1,1,0,0,0,0,0,0,0,-,-,34.93587875366211,-116.88539123535156,SAN BERNARDINO,UNINCORPORATED,-116.88542175292967,34.93586730957031