CASE_ID,ACCIDENT_YEAR,PROC_DATE,JURIS,COLLISION_DATE,COLLISION_TIME,OFFICER_ID,REPORTING_DISTRICT,DAY_OF_WEEK,CHP_SHIFT,POPULATION,CNTY_CITY_LOC,SPECIAL_COND,BEAT_TYPE,CHP_BEAT_TYPE,CITY_DIVISION_LAPD,CHP_BEAT_CLASS,BEAT_NUMBER,PRIMARY_RD,SECONDARY_RD,DISTANCE,DIRECTION,INTERSECTION,WEATHER_1,WEATHER_2,STATE_HWY_IND,CALTRANS_COUNTY,CALTRANS_DISTRICT,STATE_ROUTE,ROUTE_SUFFIX,POSTMILE_PREFIX,POSTMILE,LOCATION_TYPE,RAMP_INTERSECTION,SIDE_OF_HWY,TOW_AWAY,COLLISION_SEVERITY,NUMBER_KILLED,NUMBER_INJURED,PARTY_COUNT,PRIMARY_COLL_FACTOR,PCF_CODE_OF_VIOL,PCF_VIOL_CATEGORY,PCF_VIOLATION,PCF_VIOL_SUBSECTION,HIT_AND_RUN,TYPE_OF_COLLISION,MVIW,PED_ACTION,ROAD_SURFACE,ROAD_COND_1,ROAD_COND_2,LIGHTING,CONTROL_DEVICE,CHP_ROAD_TYPE,PEDESTRIAN_ACCIDENT,BICYCLE_ACCIDENT,MOTORCYCLE_ACCIDENT,TRUCK_ACCIDENT,NOT_PRIVATE_PROPERTY,ALCOHOL_INVOLVED,STWD_VEHTYPE_AT_FAULT,CHP_VEHTYPE_AT_FAULT,COUNT_SEVERE_INJ,COUNT_VISIBLE_INJ,COUNT_COMPLAINT_PAIN,COUNT_PED_KILLED,COUNT_PED_INJURED,COUNT_BICYCLIST_KILLED,COUNT_BICYCLIST_INJURED,COUNT_MC_KILLED,COUNT_MC_INJURED,PRIMARY_RAMP,SECONDARY_RAMP,LATITUDE,LONGITUDE,COUNTY,CITY,POINT_X,POINT_Y
94793447,2025,2025-08-07,9860,2025-07-28,742,022539,NA,1,1,6,3610,0,1,1,NA,2,216,I-215 S/B,BASELINE ST,1584,S,N,A,-,Y,SBD,NA,215,NA,NA,7.795,H,NA,L,N,4,0,1,2,A,-,08,22107,NA,N,B,C,A,A,H,-,A,D,0,NA,NA,NA,NA,Y,NA,-,-,0,0,1,0,0,0,0,0,0,-,-,34.11724090576172,-117.30284118652344,SAN BERNARDINO,SAN BERNARDINO,-117.302734375,34.11723709106445
94793568,2025,2025-08-07,9850,2025-07-30,425,021342,NA,3,3,9,3600,0,3,5,NA,2,001,CAMELLIA RD,DIAMOND RD,290,E,N,A,-,N,NA,NA,NA,NA,NA,NA,NA,NA,NA,Y,4,0,1,2,A,-,09,21804,A,F,A,C,A,A,H,-,C,D,0,NA,NA,NA,NA,Y,NA,-,99,0,0,1,0,0,0,0,0,0,-,-,34.51218032836914,-117.37584686279295,SAN BERNARDINO,UNINCORPORATED,-117.37596893310548,34.51219940185547
94793806,2025,2025-08-07,9850,2025-04-08,15,021675,NA,2,3,9,3600,0,1,3,NA,2,060,SR-138,OASIS RD,160,E,N,A,-,Y,SBD,NA,138,NA,NA,1.269,H,NA,R,N,1,1,0,2,A,-,11,21954,A,F,G,B,E,A,H,-,C,A,0,Y,NA,NA,NA,Y,NA,N,60,0,0,0,1,0,0,0,0,0,-,-,34.439910888671875,-117.64170837402344,SAN BERNARDINO,UNINCORPORATED,-117.64174652099608,34.43986892700195
94797158,2025,2025-08-11,9860,2025-04-17,2055,023457,NA,4,2,6,3610,0,1,1,NA,2,216,I-215 S/B,DEVORE RD,1775,S,N,A,-,Y,SBD,NA,215,NA,NA,16.975,H,NA,L,Y,4,0,1,2,A,-,08,22107,NA,N,B,C,A,A,H,-,C,D,0,NA,NA,NA,Y,Y,NA,A,07,0,0,1,0,0,0,0,0,0,-,-,34.219051361083984,-117.39801788330078,SAN BERNARDINO,SAN BERNARDINO,-117.3979263305664,34.21913528442383
94797344,2025,2025-08-11,9865,2025-08-01,1512,024498,NA,5,2,9,3600,0,1,3,NA,2,020,SR-330,OLD CITY CREEK RD,328,N,N,A,-,Y,SBD,NA,330,NA,NA,35.866,H,NA,R,Y,3,0,1,1,A,-,01,23152,F,N,E,I,A,A,H,-,A,D,0,NA,NA,NA,NA,Y,NA,A,01,0,1,0,0,0,0,0,0,0,-,-,34.177581787109375,-117.15318298339844,SAN BERNARDINO,UNINCORPORATED,-117.15322113037108,34.1776008605957
94797448,2025,2025-08-11,9850,2025-08-02,710,024350,NA,6,1,9,3600,0,2,4,NA,2,053,EL MIRAGE RD,AUBURN AVE,0,NA,Y,A,-,N,NA,NA,NA,NA,NA,NA,NA,NA,NA,Y,4,0,1,2,A,-,03,22350,NA,N,C,C,A,A,H,-,A,D,0,NA,NA,NA,NA,Y,NA,A,01,0,0,1,0,0,0,0,0,0,-,-,34.60197830200195,-117.574951171875,SAN BERNARDINO,UNINCORPORATED,NA,NA
9480091,2022,2022-07-19,3605,2022-06-06,0006,401,NA,1,5,4,3605,0,0,0,NA,0,NA,KINGSLEY ST,MILLS AV,170,E,N,A,-,N,NA,NA,NA,NA,NA,NA,NA,NA,NA,N,4,0,1,4,A,-,01,23152,A,M,A,E,A,A,H,-,C,A,0,NA,NA,NA,NA,Y,Y,A,01,0,0,1,0,0,0,0,0,0,-,-,NA,NA,SAN BERNARDINO,MONTCLAIR,-117.71597290039063,34.06686019897461
94806761,2025,2025-08-18,9860,2025-08-08,2315,022679,NA,5,3,9,3600,0,1,1,NA,2,152,I-15 N/B,SR-138,6917,N,N,A,-,Y,SBD,NA,15,NA,R,22.674,H,NA,R,Y,4,0,1,2,A,-,03,22350,NA,N,C,C,A,A,H,-,D,D,0,NA,NA,NA,NA,Y,NA,A,01,0,0,1,0,0,0,0,0,0,-,-,34.32910919189453,-117.48200988769533,SAN BERNARDINO,UNINCORPORATED,-117.48207855224608,34.32910919189453
9480678,2022,2022-07-27,3608,2022-06-07,2258,5144,NA,2,5,5,3608,0,0,0,NA,0,NA,LUGONIA AV,ORANGE ST,37,E,N,A,-,N,NA,NA,NA,NA,NA,NA,NA,NA,NA,N,4,0,1,2,A,-,03,22350,NA,F,C,C,A,A,H,-,C,A,0,NA,NA,NA,NA,Y,NA,A,01,0,0,1,0,0,0,0,0,0,-,-,NA,NA,SAN BERNARDINO,REDLANDS,-117.18247985839844,34.070030212402344
9480727,2022,2022-09-21,3608,2022-06-20,2141,3458,NA,1,5,5,3608,0,0,0,NA,0,NA,PALM AV,LYTLE ST,0,NA,N,A,-,N,NA,NA,NA,NA,NA,NA,NA,NA,NA,Y,3,0,1,2,A,-,08,22103,NA,N,D,C,A,A,H,-,C,A,0,NA,NA,NA,NA,Y,NA,D,22,0,1,0,0,0,0,0,0,0,-,-,34.05086135864258,-117.16223907470705,SAN BERNARDINO,REDLANDS,-117.16461181640624,34.049537658691406
9480751,2022,2022-08-29,3608,2022-06-28,0754,3675,NA,2,5,5,3608,0,0,0,NA,0,NA,CALIFORNIA ST,RT 10,0,NA,Y,A,-,Y,SBD,8,10,-,-,27.983,R,4,W,N,4,0,2,2,D,-,00,NA,NA,N,C,C,A,A,H,-,A,D,0,NA,NA,NA,NA,Y,NA,-,-,0,0,2,0,0,0,0,0,0,-,WO,NA,NA,SAN BERNARDINO,REDLANDS,-117.2320556640625,34.06673049926758
94810241,2025,2025-08-20,9860,2025-08-12,650,022843,NA,2,1,9,3600,0,1,1,NA,2,152,I-15 S/B,OAK HILL RD,8448,S,N,A,-,Y,SBD,NA,15,NA,R,25.505,H,NA,L,N,4,0,1,2,A,-,03,22350,NA,N,C,C,A,A,H,-,A,D,0,NA,NA,NA,NA,Y,NA,D,22,0,0,1,0,0,0,0,0,0,-,-,34.345218658447266,-117.45266723632813,SAN BERNARDINO,UNINCORPORATED,-117.45269012451172,34.34526443481445
9481550,2022,2022-08-09,3600,2022-06-28,0829,E8923,HI019,2,5,4,3618,0,0,0,NA,0,HI3,GREENSPOT RD,RT 210,1129,E,N,A,-,N,NA,NA,NA,NA,NA,NA,NA,NA,NA,Y,4,0,1,2,A,-,03,22350,NA,N,C,C,A,A,H,-,A,A,0,NA,NA,NA,NA,Y,NA,A,01,0,0,1,0,0,0,0,0,0,-,WO,34.108428955078125,-117.19434356689452,SAN BERNARDINO,HIGHLAND,-117.19546508789063,34.1081428527832
94816568,2025,2025-08-25,9855,2025-08-10,8,023010,NA,7,3,5,3602,0,1,3,NA,2,603,SR-60 E/B (POMONA FWY),RESERVOIR STREET,1880,E,N,A,-,Y,SBD,NA,60,NA,R,0.239,H,NA,R,N,2,0,1,2,A,-,01,23152,A,N,B,A,A,A,H,-,D,D,0,NA,NA,NA,NA,Y,NA,D,22,1,0,0,0,0,0,0,0,0,-,-,34.02534866333008,-117.725341796875,SAN BERNARDINO,CHINO,-117.725341796875,34.025352478027344
9481904,2022,2022-08-16,3600,2022-03-17,1209,H8342,TW001,4,5,3,3617,0,0,0,NA,0,NA,LEAR AV,TWO MILE RD,490,S,N,A,-,N,NA,NA,NA,NA,NA,NA,NA,NA,NA,Y,2,0,2,1,A,-,03,22350,NA,N,F,A,A,A,H,-,A,D,0,NA,NA,NA,NA,Y,NA,A,01,1,1,0,0,0,0,0,0,0,-,-,34.148311614990234,-116.15086364746094,SAN BERNARDINO,TWENTYNINE PALMS,-116.15081024169922,34.148231506347656
94819666,2025,2025-08-27,9855,2025-08-25,1729,019188,NA,1,2,6,3607,0,1,1,NA,2,103,I-10 W/B (SAN BERNARDINO FWY),CAMPUS AVE.,500,E,N,A,-,Y,SBD,NA,10,NA,NA,4.17,H,NA,L,N,4,0,2,2,A,-,07,21658,A,N,B,C,A,A,H,-,A,D,0,NA,NA,NA,NA,Y,NA,A,01,0,0,2,0,0,0,0,0,0,-,-,34.08639907836914,-117.6388702392578,SAN BERNARDINO,ONTARIO,-117.63887786865234,34.086387634277344
94819813,2025,2025-08-27,9860,2025-08-17,25,024246,NA,7,3,9,3600,0,3,5,NA,2,004,SANTA ANA AVE.,LINDEN AVE,0.09,W,N,A,-,N,NA,NA,NA,NA,NA,NA,NA,NA,NA,Y,3,0,1,1,A,-,01,23152,A,N,E,8,A,A,H,-,C,D,0,NA,NA,NA,NA,Y,Y,D,22,0,1,0,0,0,0,0,0,0,-,-,34.05588150024414,-117.40248107910156,SAN BERNARDINO,UNINCORPORATED,-117.4007568359375,34.055870056152344
94820019,2025,2025-08-27,9865,2025-08-19,15,021722,NA,2,3,9,3600,0,3,5,NA,2,001,585 GRASS VALLEY ROAD,TUNNEL DR,50,W,N,A,-,N,NA,NA,NA,NA,NA,NA,NA,NA,NA,Y,3,0,1,1,A,-,01,23152,A,N,E,I,A,A,H,-,C,D,0,NA,NA,NA,NA,Y,Y,D,22,0,1,0,0,0,0,0,0,0,-,-,34.26047134399414,-117.21353912353516,SAN BERNARDINO,UNINCORPORATED,-117.21363830566406,34.26053237915039
9482356,2022,2022-08-23,3603,2022-08-02,1149,4861,CPD,2,5,4,3603,0,0,0,NA,0,001,N RANCHO AVE,W LAUREL ST,15,S,N,A,-,N,NA,NA,NA,NA,NA,NA,NA,NA,NA,Y,4,0,1,1,C,-,18,NA,NA,N,E,I,A,A,H,-,A,A,0,NA,NA,NA,NA,Y,NA,-,-,0,0,1,0,0,0,0,0,0,-,-,34.08124923706055,-117.33461761474608,SAN BERNARDINO,COLTON,-117.33462524414063,34.08116912841797
94826977,2025,2025-09-02,9860,2025-08-23,1820,024096,NA,6,2,9,3600,0,3,5,NA,2,004,LOCUST AVE,SAN BERNARDINO AVE,90,N,N,A,-,N,NA,NA,NA,NA,NA,NA,NA,NA,NA,Y,4,0,1,2,A,-,21,22106,NA,N,B,C,A,A,H,-,A,D,0,NA,NA,NA,NA,Y,NA,A,07,0,0,1,0,0,0,0,0,0,-,-,34.07801818847656,-117.40952301025392,SAN BERNARDINO,UNINCORPORATED,-117.40956115722656,34.07790756225586
94827289,2025,2025-09-02,9865,2025-08-15,250,024498,NA,5,3,9,3600,0,1,3,NA,1,039,SR-38,US FORESTRY ROAD 2N04,1056,E,N,A,-,Y,SBD,NA,38,NA,NA,42.705,H,NA,R,N,2,0,1,1,A,-,08,22107,NA,N,F,I,A,A,H,-,D,D,0,NA,NA,Y,NA,Y,NA,C,02,1,0,0,0,0,0,0,0,1,-,-,34.22243118286133,-116.76039886474608,SAN BERNARDINO,UNINCORPORATED,-116.76043701171876,34.22236633300781
94828683,2025,2025-09-03,9855,2025-09-02,1540,016590,NA,2,2,6,3604,0,1,1,NA,2,201,SR-210 E/B TO CHERRY AVE.,CHERRY AVE.,21,W,N,A,-,Y,NA,NA,NA,NA,NA,NA,NA,NA,NA,N,4,0,1,2,A,-,21,22106,NA,N,C,C,A,A,H,-,A,A,0,NA,NA,NA,NA,Y,NA,A,01,0,0,1,0,0,0,0,0,0,-,-,34.135528564453125,-117.48867034912108,SAN BERNARDINO,FONTANA,-117.48594665527344,34.13623809814453
9482910,2022,2022-07-29,3605,2022-07-15,1216,457,NA,5,5,4,3605,0,0,0,NA,0,NA,VERNON AV,MORENO ST,53,N,N,A,-,N,NA,NA,NA,NA,NA,NA,NA,NA,NA,N,3,0,1,1,A,-,08,22107,NA,N,E,I,A,A,H,-,A,A,0,NA,NA,Y,NA,Y,NA,C,02,0,1,0,0,0,0,0,0,1,-,-,NA,NA,SAN BERNARDINO,MONTCLAIR,-117.6863250732422,34.08887481689453
94829999,2025,2025-09-04,9850,2025-08-16,2305,024259,NA,6,3,9,3600,0,3,5,NA,2,006,NIELSON RD,CAMPANULA RD,90,W,N,A,-,N,NA,NA,NA,NA,NA,NA,NA,NA,NA,Y,2,0,2,1,A,-,01,23152,A,N,H,J,A,A,H,-,D,D,0,NA,NA,NA,NA,Y,Y,D,22,1,0,1,0,0,0,0,0,0,-,-,34.41918182373047,-117.55178833007813,SAN BERNARDINO,UNINCORPORATED,NA,NA
94830284,2025,2025-09-04,9850,2025-08-22,1525,021878,NA,5,2,9,3600,0,2,4,NA,2,066,PHELAN ROAD,MALPASO ROAD,49,E,N,A,-,N,NA,NA,NA,NA,NA,NA,NA,NA,NA,Y,3,0,3,3,A,-,03,22350,NA,N,C,C,A,A,H,-,A,D,0,NA,NA,NA,NA,Y,NA,A,07,0,1,2,0,0,0,0,0,0,-,-,34.42634963989258,-117.57669830322266,SAN BERNARDINO,UNINCORPORATED,-117.57675170898438,34.42633056640625
9483272,2022,2022-08-03,3604,2022-06-24,2220,1409,NA,5,5,6,3604,0,0,0,NA,0,003,RANDALL,MANGO,0,NA,Y,A,-,N,NA,NA,NA,NA,NA,NA,NA,NA,NA,Y,4,0,2,2,A,-,12,22450,A,N,D,C,A,A,H,-,C,D,0,NA,NA,NA,NA,Y,NA,A,01,0,0,2,0,0,0,0,0,0,-,-,NA,NA,SAN BERNARDINO,FONTANA,-117.43135833740234,34.084861755371094
94836815,2025,2025-09-09,9855,2025-09-05,1003,021006,NA,5,1,6,3607,0,1,3,NA,2,601,SR-60 W/B (POMONA FWY),HAVEN AVENUE,1000,E,N,A,-,Y,SBD,NA,60,NA,R,8.948,H,NA,L,Y,4,0,1,3,A,-,03,22350,NA,N,C,2,A,A,H,-,A,D,0,NA,NA,NA,Y,Y,NA,D,22,0,0,1,0,0,0,0,0,0,-,-,34.02891159057617,-117.57496643066406,SAN BERNARDINO,ONTARIO,-117.57498931884766,34.02885818481445
94837492,2025,2025-09-09,9860,2025-09-03,705,020654,NA,3,1,9,3600,0,1,1,NA,2,102,I-10 W/B,CEDAR AVE,5808,W,N,A,-,Y,SBD,NA,10,NA,NA,17.391,H,NA,L,Y,3,0,1,3,A,-,03,22350,NA,N,C,C,A,A,H,-,A,D,0,NA,NA,NA,Y,Y,NA,A,07,0,1,0,0,0,0,0,0,0,-,-,34.067779541015625,-117.41542053222656,SAN BERNARDINO,UNINCORPORATED,-117.41542053222656,34.067726135253906
94839344,2025,2025-09-10,9855,2025-08-29,945,022194,NA,5,1,6,3607,0,1,1,NA,2,152,I-15 S/B,4TH ST.,200,S,N,A,-,Y,SBD,NA,15,NA,NA,3.029,H,NA,L,Y,4,0,2,4,A,-,03,22350,NA,N,C,C,A,A,H,-,A,D,0,NA,NA,NA,NA,Y,NA,A,07,0,0,2,0,0,0,0,0,0,-,-,34.07661056518555,-117.54511260986328,SAN BERNARDINO,ONTARIO,-117.54499816894533,34.07660675048828
94842200,2025,2025-09-12,9860,2025-08-14,215,022477,NA,4,3,6,3610,0,1,3,NA,2,259,SR-259 S/B,E STREET,1330,W,N,A,-,Y,SBD,NA,259,NA,NA,1.234,H,NA,L,Y,2,0,2,1,A,-,01,23152,A,N,E,I,A,A,H,-,C,D,0,NA,NA,NA,NA,Y,Y,A,01,1,1,0,0,0,0,0,0,0,-,-,34.1456184387207,-117.2985610961914,SAN BERNARDINO,SAN BERNARDINO,-117.29850006103516,34.14555358886719
94845373,2025,2025-09-15,9860,2025-09-05,820,022105,NA,5,1,6,3610,0,1,1,NA,2,202,SR-210 E/B TO H ST,H ST,400,S,N,A,-,Y,NA,NA,NA,NA,NA,NA,NA,NA,NA,Y,3,0,2,2,A,-,03,22350,NA,N,C,C,A,A,H,-,A,D,0,NA,NA,NA,NA,Y,NA,A,01,0,1,1,0,0,0,0,0,0,-,-,34.145320892333984,-117.30252075195313,SAN BERNARDINO,SAN BERNARDINO,-117.3008270263672,34.145591735839844
9484637,2022,2022-08-22,3603,2022-07-18,1544,4861,CPD,1,5,4,3603,0,0,0,NA,0,004,E COOLEY DR,ASHLEY WY,2640,N,N,A,-,N,NA,NA,NA,NA,NA,NA,NA,NA,NA,Y,4,0,1,1,A,-,03,22350,NA,N,E,I,A,A,H,-,A,D,0,NA,NA,NA,NA,Y,NA,A,01,0,0,1,0,0,0,0,0,0,-,-,34.059791564941406,-117.29875183105467,SAN BERNARDINO,COLTON,-117.30387878417967,34.058841705322266
9484737,2022,2022-08-25,3608,2022-08-06,1050,5759,NA,6,5,5,3608,0,0,0,NA,0,NA,BROOKSIDE AV,EUREKA ST,0,NA,Y,A,-,N,NA,NA,NA,NA,NA,NA,NA,NA,NA,Y,4,0,1,2,A,-,09,21801,A,N,D,C,A,A,H,-,A,A,0,NA,NA,NA,NA,Y,NA,A,01,0,0,1,0,0,0,0,0,0,-,-,NA,NA,SAN BERNARDINO,REDLANDS,-117.18547821044922,34.05537796020508
9484739,2022,2022-08-25,3608,2022-08-05,1116,4345,SB,5,5,5,3608,0,0,0,NA,0,NA,ORANGE ST,SAN BERNARDINO AV,0,NA,Y,A,-,N,NA,NA,NA,NA,NA,NA,NA,NA,NA,Y,4,0,1,2,A,-,00,21483,A,N,D,C,A,A,H,-,A,A,0,NA,NA,NA,NA,Y,NA,A,01,0,0,1,0,0,0,0,0,0,-,-,NA,NA,SAN BERNARDINO,REDLANDS,-117.1823959350586,34.077266693115234
9484753,2022,2022-08-26,3605,2022-07-23,1522,456,NA,6,5,4,3605,0,0,0,NA,0,NA,SAN JOSE ST,RAMONA AV,0,NA,Y,A,-,N,NA,NA,NA,NA,NA,NA,NA,NA,NA,Y,4,0,2,2,A,-,09,21800,A,N,D,C,A,A,H,-,A,A,0,NA,NA,NA,NA,Y,NA,A,01,0,0,2,0,0,0,0,0,0,-,-,NA,NA,SAN BERNARDINO,MONTCLAIR,-117.70697784423828,34.08521270751953
94848076,2025,2025-09-17,9855,2025-09-15,525,020620,NA,1,3,6,3604,0,1,1,NA,2,101,I-10 E/B (SAN BERNARDINO FWY),CHERRY AVE.,844,E,N,A,-,Y,SBD,NA,10,NA,NA,13.337,H,NA,R,Y,3,0,1,1,A,-,08,22107,NA,N,E,I,A,A,H,-,C,D,0,NA,NA,NA,NA,Y,NA,A,01,0,1,0,0,0,0,0,0,0,-,-,34.06578826904297,-117.48593139648438,SAN BERNARDINO,FONTANA,-117.48591613769533,34.06596374511719
94848841,2025,2025-09-17,9830,2025-09-09,1920,020113,NA,2,2,9,3600,0,1,3,NA,1,061,SR-178,PINNACLE RD,7920,W,N,A,-,Y,SBD,NA,178,NA,NA,13.262,H,NA,R,Y,4,0,1,1,A,-,08,22107,NA,N,E,I,A,A,H,-,B,D,0,NA,NA,NA,NA,Y,NA,A,01,0,0,1,0,0,0,0,0,0,-,-,35.67066955566406,-117.41596221923828,SAN BERNARDINO,UNINCORPORATED,-117.41595458984376,35.670654296875
94849920,2025,2025-09-18,9860,2025-09-11,1152,020654,NA,4,1,4,3603,0,1,1,NA,2,214,I-215 S/B TO I-10 E/B,HUNTS LANE,1350,W,N,A,-,Y,NA,NA,NA,NA,NA,NA,NA,NA,NA,N,4,0,1,2,A,-,08,22107,NA,F,B,C,A,A,H,-,A,D,0,NA,NA,NA,NA,Y,NA,-,99,0,0,1,0,0,0,0,0,0,-,-,34.062801361083984,-117.29192352294922,SAN BERNARDINO,COLTON,NA,NA
94855059,2025,2025-09-22,9850,2025-09-12,1455,024350,NA,5,2,5,3619,0,3,5,NA,2,002,RANCHERO RD,CATABA RD,43,W,N,A,-,N,NA,NA,NA,NA,NA,NA,NA,NA,NA,N,4,0,1,2,A,-,03,22350,NA,M,C,C,A,A,H,-,A,A,0,NA,NA,NA,NA,Y,NA,D,22,0,0,1,0,0,0,0,0,0,-,-,34.38309860229492,-117.38587951660156,SAN BERNARDINO,HESPERIA,-117.38639831542967,34.38309860229492
94856096,2025,2025-10-09,9855,2025-09-16,1345,021838,NA,2,1,5,3611,0,1,1,NA,2,103,I-10 W/B (SAN BERNARDINO FWY),SR-83 (EUCLID AVE.),528,E,N,A,-,Y,SBD,NA,10,NA,NA,3.603,H,NA,L,Y,4,0,1,3,A,-,03,22350,NA,N,C,C,A,A,H,-,A,D,0,NA,NA,NA,NA,Y,NA,A,01,0,0,1,0,0,0,0,0,0,-,-,34.08742904663086,-117.64878082275392,SAN BERNARDINO,UPLAND,-117.64878082275392,34.087432861328125
9485692,2022,2022-09-06,3600,2022-08-06,0813,G4510,HI024,6,5,4,3618,0,0,0,NA,0,HI3,GREENSPOT RD,CLUB VIEW DR,0,NA,Y,A,-,N,NA,NA,NA,NA,NA,NA,NA,NA,NA,N,3,0,1,2,A,-,09,21801,A,N,D,C,A,A,H,-,A,D,0,NA,NA,Y,NA,Y,NA,A,07,0,1,0,0,0,0,0,0,1,-,-,34.1101188659668,-117.16940307617188,SAN BERNARDINO,HIGHLAND,-117.1693878173828,34.110172271728516
94858829,2025,2025-09-25,9855,2025-09-20,1410,022194,NA,6,2,6,3607,0,1,3,NA,2,601,SR-60 E/B FROM ARCHIBALD AVE.,ARCHIBALD AVE.,100,E,N,A,-,Y,NA,NA,NA,NA,NA,NA,NA,NA,NA,N,4,0,2,2,A,-,03,22350,NA,N,C,C,A,A,H,-,A,A,0,NA,NA,NA,NA,Y,NA,D,22,0,0,2,0,0,0,0,0,0,-,-,34.0301513671875,-117.59143829345705,SAN BERNARDINO,ONTARIO,-117.59034729003906,34.03049850463867
94861394,2025,2025-09-26,9855,2025-09-04,2300,022410,NA,4,3,6,3607,0,1,1,NA,2,152,I-15 N/B,E AIRPORT DR,960,S,N,A,-,Y,SBD,NA,15,NA,NA,1.856,H,NA,R,N,4,0,1,2,A,-,01,23152,G,N,C,C,A,A,D,E,D,A,0,NA,NA,NA,NA,Y,Y,D,22,0,0,1,0,0,0,0,0,0,-,-,34.0596809387207,-117.54525756835938,SAN BERNARDINO,ONTARIO,-117.54497528076172,34.05964279174805
94861710,2025,2025-09-26,9855,2025-09-23,1210,016590,NA,2,1,5,3611,0,1,1,NA,2,203,SR-210 E/B (FOOTHILL FWY),EUCLID AVE.,147,E,N,A,-,Y,SBD,NA,210,NA,NA,2.628,H,NA,R,Y,3,0,1,3,A,-,08,22107,NA,N,C,C,A,A,H,-,A,D,0,NA,NA,NA,NA,Y,NA,A,01,0,1,0,0,0,0,0,0,0,-,-,34.134620666503906,-117.65065002441406,SAN BERNARDINO,UPLAND,-117.65065002441406,34.13459777832031
9486193,2022,2022-09-16,3608,2022-08-13,2330,3905,NA,6,5,5,3608,0,0,0,NA,0,NA,W COLTON AV,WASHINGTON ST,54,W,N,A,-,N,NA,NA,NA,NA,NA,NA,NA,NA,NA,Y,4,0,4,3,A,-,03,22350,NA,N,C,C,A,A,H,-,C,D,0,NA,NA,NA,NA,Y,NA,A,01,0,0,4,0,0,0,0,0,0,-,-,NA,NA,SAN BERNARDINO,REDLANDS,-117.18376922607422,34.062835693359375
9486197,2022,2022-09-16,3608,2022-08-17,1513,3675,NA,3,5,5,3608,0,0,0,NA,0,NA,WABASH AV,HIGHLAND AV,0,NA,Y,A,-,N,NA,NA,NA,NA,NA,NA,NA,NA,NA,Y,3,0,1,2,A,-,09,21802,A,N,D,C,A,A,H,-,A,A,0,NA,NA,Y,NA,Y,NA,A,01,0,1,0,0,0,0,0,0,1,-,-,NA,NA,SAN BERNARDINO,REDLANDS,-117.13899993896484,34.051849365234375
94865073,2025,2025-09-29,9860,2025-03-08,25,022645,NA,6,3,9,3600,0,1,1,NA,2,152,INTERSTATE 15 NORTHBOUND,OAK HILL ROAD,2534,S,N,A,-,Y,SBD,NA,15,NA,R,26.293,H,NA,R,Y,1,1,0,3,A,-,08,22107,NA,N,E,8,A,A,D,-,D,A,0,NA,NA,NA,NA,Y,NA,A,01,0,0,0,0,0,0,0,0,0,-,-,34.356040954589844,-117.43739318847656,SAN BERNARDINO,UNINCORPORATED,-117.4374771118164,34.35606002807617
9486512,2022,2022-09-07,3600,2022-07-15,2353,C9389,RC020,5,5,6,3616,0,0,0,NA,0,RC5,SPRUCE AV,MOUNTAIN  VIEW DR,0,NA,Y,A,-,N,NA,NA,NA,NA,NA,NA,NA,NA,NA,Y,2,0,4,2,A,-,09,21802,A,N,D,C,A,A,H,-,A,D,0,NA,NA,NA,NA,Y,NA,A,01,1,3,0,0,0,0,0,0,0,-,-,NA,NA,SAN BERNARDINO,RANCHO CUCAMONGA,-117.56736755371094,34.1155891418457
9486539,2022,2022-09-12,3600,2022-05-29,2335,C9389,RC071,7,5,6,3616,0,0,0,NA,0,RC3,DAY CREEK BL,RT 210,0,NA,Y,A,-,Y,SBD,8,210,-,-,8.887,R,4,E,N,3,0,1,2,A,-,09,21801,A,N,D,G,A,A,H,-,C,A,0,NA,Y,NA,NA,Y,Y,L,04,0,1,0,0,0,0,1,0,0,-,EF,NA,NA,SAN BERNARDINO,RANCHO CUCAMONGA,-117.54149627685548,34.13644790649414
94865801,2025,2025-09-30,9860,2025-07-08,1840,022931,NA,2,2,6,3610,0,1,1,NA,2,216,I-215 NORTHBOUND,UNIVERSITY PARKWAY,1964,S,N,A,-,Y,SBD,NA,215,NA,NA,11.266,H,NA,R,Y,4,0,4,4,A,-,01,23152,A,N,C,2,A,A,H,-,A,D,0,NA,NA,NA,NA,Y,Y,D,22,0,0,4,0,0,0,0,0,0,-,-,34.16007995605469,-117.32926940917967,SAN BERNARDINO,SAN BERNARDINO,-117.3293228149414,34.16004943847656
94866211,2025,2025-09-30,9855,2025-09-20,2105,023630,NA,6,2,6,3607,0,1,1,NA,2,101,I-10 E/B (SAN BERNARDINO FWY),MILLIKEN AVENUE,2640,W,N,A,-,Y,SBD,NA,10,NA,NA,8.636,H,NA,R,Y,4,0,2,4,A,-,03,22350,NA,N,C,C,A,A,H,-,C,A,0,NA,NA,NA,NA,Y,NA,A,07,0,0,2,0,0,0,0,0,0,-,-,34.067291259765625,-117.56764221191406,SAN BERNARDINO,ONTARIO,-117.56764221191406,34.067413330078125