CASE_ID,ACCIDENT_YEAR,PROC_DATE,JURIS,COLLISION_DATE,COLLISION_TIME,OFFICER_ID,REPORTING_DISTRICT,DAY_OF_WEEK,CHP_SHIFT,POPULATION,CNTY_CITY_LOC,SPECIAL_COND,BEAT_TYPE,CHP_BEAT_TYPE,CITY_DIVISION_LAPD,CHP_BEAT_CLASS,BEAT_NUMBER,PRIMARY_RD,SECONDARY_RD,DISTANCE,DIRECTION,INTERSECTION,WEATHER_1,WEATHER_2,STATE_HWY_IND,CALTRANS_COUNTY,CALTRANS_DISTRICT,STATE_ROUTE,ROUTE_SUFFIX,POSTMILE_PREFIX,POSTMILE,LOCATION_TYPE,RAMP_INTERSECTION,SIDE_OF_HWY,TOW_AWAY,COLLISION_SEVERITY,NUMBER_KILLED,NUMBER_INJURED,PARTY_COUNT,PRIMARY_COLL_FACTOR,PCF_CODE_OF_VIOL,PCF_VIOL_CATEGORY,PCF_VIOLATION,PCF_VIOL_SUBSECTION,HIT_AND_RUN,TYPE_OF_COLLISION,MVIW,PED_ACTION,ROAD_SURFACE,ROAD_COND_1,ROAD_COND_2,LIGHTING,CONTROL_DEVICE,CHP_ROAD_TYPE,PEDESTRIAN_ACCIDENT,BICYCLE_ACCIDENT,MOTORCYCLE_ACCIDENT,TRUCK_ACCIDENT,NOT_PRIVATE_PROPERTY,ALCOHOL_INVOLVED,STWD_VEHTYPE_AT_FAULT,CHP_VEHTYPE_AT_FAULT,COUNT_SEVERE_INJ,COUNT_VISIBLE_INJ,COUNT_COMPLAINT_PAIN,COUNT_PED_KILLED,COUNT_PED_INJURED,COUNT_BICYCLIST_KILLED,COUNT_BICYCLIST_INJURED,COUNT_MC_KILLED,COUNT_MC_INJURED,PRIMARY_RAMP,SECONDARY_RAMP,LATITUDE,LONGITUDE,COUNTY,CITY,POINT_X,POINT_Y
94866385,2025,2025-09-30,9860,2025-09-25,1605,020533,NA,4,2,4,3603,0,1,1,NA,2,218,I-215 S/B,BARTON RD,1500,S,N,A,-,Y,SBD,NA,215,NA,NA,1.01,H,NA,L,Y,3,0,3,2,A,-,03,22350,NA,N,C,C,A,A,H,-,A,D,0,NA,NA,NA,NA,Y,NA,A,01,0,1,2,0,0,0,0,0,0,-,-,34.03068161010742,-117.3285903930664,SAN BERNARDINO,COLTON,-117.3286590576172,34.030731201171875
94866707,2025,2025-09-30,9855,2025-09-14,156,023529,NA,7,3,6,3607,0,1,1,NA,2,152,I-15 S/B (ONTARIO FWY),FOURTH ST,1636,N,N,A,-,Y,SBD,NA,15,NA,NA,3.394,H,NA,L,Y,3,0,1,2,A,-,01,23152,A,N,C,2,A,A,D,-,C,D,0,NA,NA,NA,NA,Y,Y,A,01,0,1,0,0,0,0,0,0,0,-,-,34.08195114135742,-117.54495239257813,SAN BERNARDINO,ONTARIO,-117.54495239257813,34.08195114135742
94866868,2025,2025-09-30,9830,2025-09-19,1511,020866,NA,5,2,9,3600,0,1,3,NA,1,050,US-395,GARLOCK RD.,1584,N,N,A,-,N,NA,NA,NA,NA,NA,NA,NA,NA,NA,N,4,0,2,2,A,-,03,22350,NA,N,C,C,A,A,H,-,A,D,0,NA,NA,NA,NA,Y,NA,D,22,0,0,2,0,0,0,0,0,0,-,-,35.43758010864258,-117.6693878173828,SAN BERNARDINO,UNINCORPORATED,NA,NA
9486760,2022,2022-09-13,3601,2022-04-17,1722,19,BARST,7,5,3,3601,0,0,0,NA,0,003,E MAIN ST,CAL AV,65,W,N,A,-,N,NA,NA,NA,NA,NA,NA,NA,NA,NA,N,3,0,5,2,A,-,08,22107,NA,N,D,C,A,A,H,-,A,A,0,NA,NA,NA,NA,Y,NA,-,NA,0,5,0,0,0,0,0,0,0,-,-,NA,NA,SAN BERNARDINO,BARSTOW,-116.99874114990234,34.89067077636719
94868002,2025,2025-10-01,9850,2025-09-19,1720,023106,NA,5,2,9,3600,0,2,4,NA,2,055,NATIONAL TRAILS HWY,WILDERNESS CT,1056,S,N,A,-,N,NA,NA,NA,NA,NA,NA,NA,NA,NA,Y,4,0,1,1,A,-,08,22107,NA,N,F,A,A,A,H,-,A,D,0,NA,NA,NA,NA,Y,NA,A,01,0,0,1,0,0,0,0,0,0,-,-,34.58625030517578,-117.33155059814452,SAN BERNARDINO,UNINCORPORATED,NA,NA
94868153,2025,2025-10-01,9860,2025-08-15,145,023641,NA,5,3,6,3610,0,1,1,NA,2,216,I-215 N/B,UNIVERSITY PKY,968,S,N,A,-,Y,SBD,NA,215,NA,NA,11.472,H,NA,R,Y,3,0,1,2,A,-,01,23152,A,N,C,C,A,A,D,-,C,D,0,NA,NA,NA,Y,Y,Y,A,01,0,1,0,0,0,0,0,0,0,-,-,34.16249084472656,-117.33141326904295,SAN BERNARDINO,SAN BERNARDINO,-117.33145141601563,34.16246795654297
9486816,2022,2022-09-22,3608,2022-08-12,1953,4298,NA,5,5,5,3608,0,0,0,NA,0,NA,REDLANDS BL,8TH ST,0,NA,Y,A,-,N,NA,NA,NA,NA,NA,NA,NA,NA,NA,Y,4,0,1,2,A,-,09,21802,A,N,D,C,A,A,H,-,A,D,0,NA,NA,NA,NA,Y,NA,D,22,0,0,1,0,0,0,0,0,0,-,-,NA,NA,SAN BERNARDINO,REDLANDS,-117.17829895019533,34.05723190307617
94868724,2025,2025-10-01,9855,2025-09-27,1332,021006,NA,6,1,6,3616,0,1,1,NA,2,201,SR-210 W/B TO HAVEN AVENUE,HAVEN AVENUE,10,E,N,A,-,Y,NA,NA,NA,NA,NA,NA,NA,NA,NA,Y,4,0,1,2,A,-,03,22350,NA,N,C,C,A,A,H,-,A,A,0,NA,NA,NA,NA,Y,NA,A,01,0,0,1,0,0,0,0,0,0,-,-,34.136810302734375,-117.5756378173828,SAN BERNARDINO,RANCHO CUCAMONGA,-117.57433319091795,34.13629150390625
94869524,2025,2025-10-02,9835,2025-09-24,1720,022649,NA,3,2,9,3600,0,1,3,NA,1,019,SR-247 N/B,STODDARD WELLS ROAD,4752,N,N,A,-,Y,SBD,NA,247,NA,NA,74.07,H,NA,R,Y,3,0,1,1,A,-,08,22107,NA,N,F,A,A,A,H,-,A,D,0,NA,NA,Y,NA,Y,NA,C,02,0,1,0,0,0,0,0,0,1,-,-,34.83148956298828,-117.02548217773438,SAN BERNARDINO,UNINCORPORATED,-117.02553558349608,34.83150100708008
94875965,2025,2025-10-07,9860,2025-07-27,140,023740,NA,7,3,6,3610,0,1,1,NA,2,202,SR-210 W/B,WATERMAN AVE,2373,E,N,A,-,Y,SBD,NA,210,NA,R,24.741,H,NA,L,Y,3,0,1,2,A,-,08,22107,NA,F,D,C,A,A,H,-,D,D,0,NA,NA,NA,NA,Y,NA,A,07,0,1,0,0,0,0,0,0,0,-,-,34.144840240478516,-117.2695083618164,SAN BERNARDINO,SAN BERNARDINO,-117.2695083618164,34.14484405517578
94879822,2025,2025-10-09,9855,2025-10-03,748,021006,NA,5,1,9,3600,0,3,5,NA,2,001,SAN BERNARDINO AVENUE,FONTANA AVENUE,75,W,N,B,-,N,NA,NA,NA,NA,NA,NA,NA,NA,NA,Y,4,0,1,3,A,-,03,22350,NA,N,C,2,A,A,H,-,A,A,0,NA,NA,NA,NA,Y,NA,A,01,0,0,1,0,0,0,0,0,0,-,-,34.07749938964844,-117.4672622680664,SAN BERNARDINO,UNINCORPORATED,-117.4670867919922,34.07748031616211
94880064,2025,2025-10-09,9870,2025-09-30,1225,019709,NA,2,1,9,3600,0,3,5,NA,2,003,CAMPANULA STREET,ALTA AVENUE,0,NA,Y,A,-,N,NA,NA,NA,NA,NA,NA,NA,NA,NA,N,4,0,1,2,A,-,09,21800,A,N,D,C,A,A,H,-,A,D,0,NA,NA,NA,NA,Y,NA,D,22,0,0,1,0,0,0,0,0,0,-,-,34.185768127441406,-116.36073303222656,SAN BERNARDINO,UNINCORPORATED,-116.36073303222656,34.1857795715332
94880255,2025,2025-10-09,9860,2025-08-25,1730,022906,NA,1,2,9,3600,0,3,5,NA,2,003,RECHE CANYON RD,PLACID LN,383,N,N,A,-,N,NA,NA,NA,NA,NA,NA,NA,NA,NA,N,4,0,1,2,A,-,03,22350,NA,F,C,C,A,A,H,-,A,D,0,NA,NA,NA,NA,Y,NA,-,99,0,0,1,0,0,0,0,0,0,-,-,34.04418182373047,-117.28508758544922,SAN BERNARDINO,UNINCORPORATED,-117.28502655029295,34.044097900390625
94880370,2025,2025-10-09,9860,2025-09-25,1705,023656,NA,4,2,9,3600,0,2,4,NA,2,411,CEDAR AVENUE,SEVENTH STREET,14,N,N,A,-,N,NA,NA,NA,NA,NA,NA,NA,NA,NA,N,4,0,1,2,A,-,03,22350,NA,N,C,C,A,A,H,-,A,A,0,NA,NA,NA,NA,Y,NA,A,07,0,0,1,0,0,0,0,0,0,-,-,34.04048156738281,-117.39642333984376,SAN BERNARDINO,UNINCORPORATED,-117.39644622802734,34.04032897949219
94880985,2025,2025-11-13,9860,2025-09-30,720,016575,NA,2,1,6,3610,0,1,1,NA,2,214,I-215 S/B,5TH ST.,1140,S,N,B,-,Y,SBD,NA,215,NA,NA,6.975,H,NA,R,Y,4,0,3,5,A,-,08,22107,NA,N,E,I,A,A,H,-,A,D,0,NA,NA,NA,NA,Y,NA,A,01,0,0,3,0,0,0,0,0,0,-,-,34.1050910949707,-117.3018798828125,SAN BERNARDINO,SAN BERNARDINO,-117.30204010009766,34.105072021484375
94881223,2025,2025-10-10,9860,2025-10-01,2145,022906,NA,3,2,9,3600,0,1,1,NA,2,151,I-15 N/B,CLEGHORN ROAD,14837,S,N,A,-,Y,SBD,NA,15,NA,R,17.182,H,NA,R,Y,4,0,2,2,A,-,03,22350,NA,N,C,C,A,A,H,-,D,D,0,NA,NA,NA,NA,Y,NA,D,22,0,0,2,0,0,0,0,0,0,-,-,34.25934982299805,-117.44983673095705,SAN BERNARDINO,UNINCORPORATED,-117.44988250732422,34.25935363769531
9488296,2022,2022-08-16,3610,2022-07-16,0006,51206,NA,6,5,6,3610,0,0,0,NA,0,DAVID,W ORANGE SHOW RD,S E ST,0,NA,Y,A,-,N,NA,NA,NA,NA,NA,NA,NA,NA,NA,N,2,0,1,2,A,-,08,22107,NA,F,G,B,D,A,H,-,C,A,0,Y,NA,NA,NA,Y,NA,A,01,1,0,0,0,1,0,0,0,0,-,-,NA,NA,SAN BERNARDINO,SAN BERNARDINO,-117.29413604736328,34.07956314086914
9488329,2022,2022-09-08,3610,2022-06-28,1808,51153,NA,2,5,6,3610,0,0,0,NA,0,NA,5TH ST,N H ST,0,NA,Y,A,-,N,NA,NA,NA,NA,NA,NA,NA,NA,NA,N,4,0,2,3,A,-,09,21806,A,N,D,C,A,A,H,-,A,A,0,NA,NA,NA,NA,Y,NA,A,01,0,0,2,0,0,0,0,0,0,-,-,34.10831832885742,-117.30088043212892,SAN BERNARDINO,SAN BERNARDINO,-117.30088806152344,34.10834503173828
94884075,2025,2025-10-13,9850,2025-10-04,1030,022591,NA,6,1,9,3600,0,3,5,NA,2,001,PYRAMID DR,NIAGRA DR,600,N,N,A,-,N,NA,NA,NA,NA,NA,NA,NA,NA,NA,N,4,0,1,2,A,-,08,22107,NA,N,B,C,A,A,H,-,A,D,0,NA,NA,NA,NA,Y,NA,M,96,0,0,1,0,0,0,0,0,0,-,-,34.49679183959961,-117.26220703125,SAN BERNARDINO,UNINCORPORATED,-117.2615966796875,34.496089935302734
94885422,2025,2025-10-14,9850,2025-09-28,1240,022591,NA,7,1,9,3600,0,1,3,NA,2,060,SR-138 W/B,SR-2,200,W,N,A,-,Y,SBD,NA,138,NA,NA,6.61,H,NA,L,N,3,0,3,2,A,-,03,22350,NA,N,C,C,A,A,H,-,A,D,0,NA,NA,NA,NA,Y,NA,E,22,0,1,2,0,0,0,0,0,0,-,-,34.39133834838867,-117.57694244384766,SAN BERNARDINO,UNINCORPORATED,-117.57694244384766,34.39133834838867
9488551,2022,2022-08-26,3600,2022-08-02,1231,H7585,HE117,2,5,5,3619,0,0,0,NA,0,HE3,MAIN ST,RT 15,0,NA,Y,A,-,Y,SBD,8,15,-,-,33.916,R,4,N,Y,4,0,1,2,D,-,00,NA,NA,N,D,C,A,A,H,-,A,A,0,NA,NA,NA,NA,Y,NA,-,-,0,0,1,0,0,0,0,0,0,-,NF,NA,NA,SAN BERNARDINO,HESPERIA,-117.38103485107422,34.42572784423828
94886018,2025,2025-10-14,9860,2025-10-04,130,023878,NA,6,3,9,3600,0,2,4,NA,2,411,CEDAR AVE,MARYGOLD AVE,120,N,N,A,-,N,NA,NA,NA,NA,NA,NA,NA,NA,NA,Y,4,0,1,2,A,-,08,22107,NA,N,C,C,A,A,H,-,C,D,0,NA,NA,NA,Y,Y,NA,A,01,0,0,1,0,0,0,0,0,0,-,-,34.07456970214844,-117.39639282226563,SAN BERNARDINO,UNINCORPORATED,-117.39647674560548,34.07449722290039
94886024,2025,2025-10-14,9835,2025-10-04,930,022218,NA,6,1,9,3600,0,3,5,NA,2,034,CAMPROCK ROAD,ORD MOUNTAIN RD,5174,N,N,A,-,N,NA,NA,NA,NA,NA,NA,NA,NA,NA,Y,4,0,1,1,A,-,08,22107,NA,N,E,I,A,A,H,-,D,D,0,NA,NA,NA,NA,Y,NA,A,01,0,0,1,0,0,0,0,0,0,-,-,34.75197982788086,-116.8232421875,SAN BERNARDINO,UNINCORPORATED,-116.82323455810548,34.75202178955078
94888948,2025,2025-10-16,9855,2025-09-23,1958,021233,NA,2,2,6,3607,0,1,1,NA,2,101,I-10 E/B FROM MILLIKEN AVE,MILLIKEN AVE.,150,W,N,A,-,Y,NA,NA,NA,NA,NA,NA,NA,NA,NA,Y,4,0,1,2,A,-,03,22350,NA,F,C,C,A,A,H,-,C,B,0,NA,NA,NA,NA,Y,NA,A,01,0,0,1,0,0,0,0,0,0,-,-,38.59683990478515,-121.49004364013672,SAN BERNARDINO,ONTARIO,-117.55880737304688,34.06735610961914
94890321,2025,2025-10-17,9860,2025-10-03,1615,023190,NA,5,2,5,3608,0,1,1,NA,2,203,SR-210 W/B,SAN BERNARDINO AVE,2165,W,N,A,-,Y,SBD,NA,210,NA,R,31.93,H,NA,L,Y,4,0,1,2,A,-,03,22350,NA,N,C,C,A,A,H,-,A,D,0,NA,NA,NA,NA,Y,NA,A,07,0,0,1,0,0,0,0,0,0,-,-,34.08346939086914,-117.20050811767578,SAN BERNARDINO,REDLANDS,-117.20053863525392,34.08346939086914
94890942,2025,2025-11-13,9855,2025-10-11,2332,022900,NA,6,3,6,3607,0,1,3,NA,2,601,SR-60 W/B (POMONA FWY),VINEYARD AVENUE,1100,E,N,A,-,Y,SBD,NA,60,NA,R,7.083,H,NA,L,N,4,0,2,2,A,-,08,22107,NA,N,C,C,A,A,H,-,D,D,0,NA,NA,NA,NA,Y,Y,A,01,0,0,2,0,0,0,0,0,0,-,-,34.0306396484375,-117.60726928710938,SAN BERNARDINO,ONTARIO,-117.60726928710938,34.03066635131836
94890944,2025,2025-10-17,9855,2025-10-10,1649,023227,NA,5,2,5,3611,0,1,1,NA,2,103,SR-210 E/B (FOOTHILL FWY),EUCLID AVE.,1200,E,N,A,-,Y,SBD,NA,210,NA,NA,2.85,H,NA,R,Y,3,0,5,2,A,-,03,22350,NA,N,C,C,A,A,H,-,A,D,0,NA,NA,NA,NA,Y,NA,A,01,0,1,4,0,0,0,0,0,0,-,-,34.134681701660156,-117.64676666259766,SAN BERNARDINO,UPLAND,-117.64676666259766,34.134639739990234
94891049,2025,2025-10-17,9860,2025-10-10,1615,023776,NA,5,2,9,3600,0,1,1,NA,2,151,I-15 N/B,KENWOOD AVE,2645,S,N,A,-,Y,SBD,NA,15,NA,M,16.85,H,NA,R,N,4,0,1,2,A,-,07,21658,A,N,B,C,A,A,H,-,A,D,0,NA,NA,NA,Y,Y,NA,A,01,0,0,1,0,0,0,0,0,0,-,-,34.23017883300781,-117.41622924804688,SAN BERNARDINO,UNINCORPORATED,-117.41619873046876,34.23020935058594
9489138,2022,2022-08-26,3604,2022-07-31,2131,680,NA,7,5,6,3604,0,0,0,NA,0,NA,SLOVER AV,SIERRA AV,500,E,N,A,-,N,NA,NA,NA,NA,NA,NA,NA,NA,NA,N,4,0,1,2,A,-,05,21650,1,N,D,G,A,A,H,-,C,A,0,NA,Y,NA,NA,Y,NA,L,04,0,0,1,0,0,0,1,0,0,-,-,NA,NA,SAN BERNARDINO,FONTANA,-117.43408203125,34.0631103515625
94892984,2025,2025-10-20,9860,2025-08-07,1312,023457,NA,4,1,9,3600,0,3,5,NA,2,002,JUNE ST,3RD AVE,0,NA,Y,A,-,N,NA,NA,NA,NA,NA,NA,NA,NA,NA,Y,2,0,2,2,A,-,12,22450,A,N,D,C,A,A,H,-,A,A,0,NA,NA,NA,NA,Y,NA,D,22,2,0,0,0,0,0,0,0,0,-,-,34.16511917114258,-117.34857177734376,SAN BERNARDINO,UNINCORPORATED,-117.34860229492188,34.16511535644531
94893003,2025,2025-10-20,9860,2025-10-11,1045,022105,NA,6,1,6,3610,0,1,1,NA,2,216,I-15 S/B,UNIVERSITY PKY,2640,N,N,A,-,Y,SBD,NA,215,NA,NA,12.12,H,NA,L,Y,4,0,1,2,A,-,06,21755,A,N,E,8,A,A,H,-,A,D,0,NA,NA,NA,NA,Y,NA,A,01,0,0,1,0,0,0,0,0,0,-,-,34.17002868652344,-117.33830261230467,SAN BERNARDINO,SAN BERNARDINO,-117.33826446533205,34.17005157470703
94894208,2025,2025-10-20,9860,2025-10-14,5,022679,NA,2,3,6,3610,0,1,1,NA,2,202,I-215 N/B FROM SR-210 W/B,MUSCUPIABE DR,3115,W,N,A,-,Y,NA,NA,NA,NA,NA,NA,NA,NA,NA,Y,3,0,1,1,A,-,08,22107,NA,N,E,I,A,A,H,-,C,D,0,NA,NA,NA,NA,Y,NA,D,22,0,1,0,0,0,0,0,0,0,-,-,34.14590072631836,-117.31829833984376,SAN BERNARDINO,SAN BERNARDINO,NA,NA
94899307,2025,2025-10-23,9835,2025-10-13,340,023107,NA,1,3,9,3600,0,3,5,NA,2,032,COMMERCE BLVD,LENWOOD RD,200,E,N,A,-,N,NA,NA,NA,NA,NA,NA,NA,NA,NA,N,4,0,1,1,A,-,01,23152,A,N,E,I,A,A,H,-,D,D,0,NA,NA,NA,NA,Y,Y,A,01,0,0,1,0,0,0,0,0,0,-,-,34.907081604003906,-117.11717224121094,SAN BERNARDINO,UNINCORPORATED,-117.08804321289063,34.855064392089844
94899642,2025,2025-10-23,9835,2025-08-10,2117,023801,NA,7,2,9,3600,0,1,1,NA,2,070,RIMROCK RD,HIGHLAND ST,453,W,N,A,-,N,NA,NA,NA,NA,NA,NA,NA,NA,NA,N,1,1,0,2,A,-,11,21954,A,N,G,B,E,A,H,-,D,A,0,Y,NA,NA,NA,Y,NA,N,60,0,0,0,1,0,0,0,0,0,-,-,34.87710189819336,-117.03572845458984,SAN BERNARDINO,UNINCORPORATED,-117.03577423095705,34.877079010009766
9490242,2022,2022-10-13,3600,2022-06-25,0338,H5158,CH001,6,5,5,3630,0,0,0,NA,0,CH1,CHINO HILLS PKWY,FALLING STAR LN,0,NA,N,A,-,N,NA,NA,NA,NA,NA,NA,NA,NA,NA,Y,3,0,1,2,A,-,01,23152,A,N,-,C,A,A,H,-,C,D,0,NA,NA,NA,NA,Y,Y,A,01,0,1,0,0,0,0,0,0,0,-,-,34.0042610168457,-117.7697296142578,SAN BERNARDINO,CHINO HILLS,-117.76764678955078,34.001827239990234
94902913,2025,2025-10-27,9860,2025-10-15,2130,022950,NA,3,2,9,3600,0,1,1,NA,2,152,I-15 S/B,OAK HILL ROAD,11616,S,N,A,-,Y,SBD,NA,15,NA,R,24.909,H,NA,L,Y,4,0,1,2,A,-,01,23152,A,F,B,C,A,A,H,-,D,D,0,NA,NA,NA,NA,Y,Y,A,01,0,0,1,0,0,0,0,0,0,-,-,34.34450912475586,-117.4628677368164,SAN BERNARDINO,UNINCORPORATED,-117.46288299560548,34.344482421875
9490704,2022,2022-09-06,3604,2022-08-06,2024,989,NA,6,5,6,3604,0,0,0,NA,0,NA,RANDALL AV,OLEANDER AV,102,E,N,A,-,N,NA,NA,NA,NA,NA,NA,NA,NA,NA,Y,4,0,1,2,A,-,01,23152,A,N,C,C,A,A,H,-,C,A,0,NA,NA,NA,NA,Y,Y,A,01,0,0,1,0,0,0,0,0,0,-,-,NA,NA,SAN BERNARDINO,FONTANA,-117.44843292236328,34.08481216430664
94909065,2025,2025-10-30,9865,2025-10-27,1437,018392,NA,1,2,9,3600,0,1,3,NA,1,034,SR-18,BALDWIN LAKE ECOLOGICAL RESERVE,1700,S,N,A,-,Y,SBD,NA,18,NA,NA,57.372,H,NA,R,Y,3,0,1,1,A,-,08,22107,NA,N,E,J,A,A,H,-,A,D,0,NA,NA,NA,NA,Y,NA,A,01,0,1,0,0,0,0,0,0,0,-,-,34.28623962402344,-116.81938934326172,SAN BERNARDINO,UNINCORPORATED,-116.8194580078125,34.28622055053711
9490994,2022,2022-10-24,3610,2022-07-30,0825,51403,2253,6,5,6,3610,0,0,0,NA,0,POLICE,NORTH WATERMAN AV,E BASELINE ST,0,NA,Y,A,-,N,NA,NA,NA,NA,NA,NA,NA,NA,NA,Y,4,0,2,2,A,-,12,21453,A,F,D,C,A,A,H,-,A,A,0,NA,NA,NA,NA,Y,NA,A,01,0,0,2,0,0,0,0,0,0,-,-,34.12133026123047,-117.27879333496094,SAN BERNARDINO,SAN BERNARDINO,-117.2787857055664,34.12133026123047
9491191,2022,2022-09-01,3600,2022-06-07,0912,H7582,RC058,2,5,6,3616,0,0,0,NA,0,RC4,9TH ST,BAKER AV,0,NA,Y,A,-,N,NA,NA,NA,NA,NA,NA,NA,NA,NA,Y,3,0,1,2,A,-,12,22450,A,N,D,C,A,A,H,-,A,D,0,NA,NA,NA,NA,Y,NA,A,07,0,1,0,0,0,0,0,0,0,-,-,NA,NA,SAN BERNARDINO,RANCHO CUCAMONGA,-117.6198501586914,34.095760345458984
9491253,2022,2022-09-02,3600,2022-04-20,1539,F7786,RC017,3,5,6,3616,0,0,0,NA,0,005,4TH ST,HAVEN AV,387,E,N,A,-,N,NA,NA,NA,NA,NA,NA,NA,NA,NA,Y,4,0,2,3,A,-,03,22350,NA,N,C,C,A,A,H,-,A,A,0,NA,NA,NA,NA,Y,NA,A,08,0,0,2,0,0,0,0,0,0,-,-,NA,NA,SAN BERNARDINO,RANCHO CUCAMONGA,-117.57562255859376,34.07746124267578
94915261,2025,2025-11-13,9860,2025-10-26,1420,023776,NA,7,2,9,3600,0,1,1,NA,2,152,I-15 S/B,CLEGHORN RD,250,S,N,A,-,Y,SBD,NA,15,NA,R,19.941,H,NA,L,Y,3,0,4,3,A,-,03,22350,NA,N,C,C,A,A,H,-,A,D,0,NA,NA,NA,NA,Y,NA,D,22,0,1,3,0,0,0,0,0,0,-,-,34.2978515625,-117.45699310302734,SAN BERNARDINO,UNINCORPORATED,-117.45700073242188,34.29784393310547
94919348,2025,2025-11-13,9855,2025-10-31,810,022430,NA,5,1,6,3607,0,1,3,NA,2,601,SR-60 WESTBOUND,ARCHIBALD AVENUE,200,E,N,A,-,Y,NA,NA,NA,NA,NA,NA,NA,NA,NA,Y,4,0,1,3,A,-,03,22350,NA,F,C,C,A,A,H,-,C,D,0,NA,NA,NA,NA,Y,NA,-,99,0,0,1,0,0,0,0,0,0,-,-,34.01506042480469,-117.35289001464844,SAN BERNARDINO,ONTARIO,-117.59561157226563,34.03069305419922
94920703,2025,2025-11-12,9855,2025-07-24,1740,022261,NA,4,2,6,3607,0,1,1,NA,2,103,I-10 E/B (SAN BERNARDINO FWY),VINEYARD AVE.,1300,W,N,A,-,Y,SBD,NA,10,NA,NA,5.769,H,NA,R,N,4,0,2,2,A,-,08,22107,NA,N,C,C,A,A,H,-,A,D,0,NA,NA,Y,NA,Y,NA,C,02,0,0,2,0,0,0,0,0,0,-,-,34.073299407958984,-117.61599731445313,SAN BERNARDINO,ONTARIO,-117.61600494384766,34.07329177856445
94920937,2025,2025-11-12,9860,2025-10-30,1705,022890,NA,4,2,4,3603,0,1,1,NA,2,214,I-215 N/B,I-10,1109,S,N,A,-,Y,SBD,NA,215,NA,NA,3.515,H,NA,R,N,3,0,1,2,A,-,07,21658,A,N,C,2,A,A,H,-,A,D,0,NA,NA,Y,NA,Y,NA,A,01,0,1,0,0,0,0,0,0,1,-,-,34.056480407714844,-117.29815673828124,SAN BERNARDINO,COLTON,-117.29823303222656,34.05649948120117
94921038,2025,2025-11-12,9835,2025-10-23,1240,022968,NA,4,1,9,3600,0,1,1,NA,2,074,I-15 N/B,AFTON CANYON RD,23707,N,N,A,-,Y,SBD,NA,15,NA,R,116.228,H,NA,R,Y,4,0,2,1,A,-,08,22107,NA,N,F,A,A,A,H,-,A,D,0,NA,NA,NA,NA,Y,NA,A,07,0,0,2,0,0,0,0,0,0,-,-,35.087669372558594,-116.33557891845705,SAN BERNARDINO,UNINCORPORATED,-116.33555603027344,35.0878791809082
94921128,2025,2025-11-12,9860,2025-11-02,810,023776,NA,7,1,9,3600,0,1,1,NA,2,152,I-15 S/B,ELECTRICAL MAINTENANCE RD,20,S,N,A,-,Y,SBD,NA,15,NA,R,24.698,H,NA,L,Y,4,0,1,3,A,-,08,22107,NA,N,E,8,A,A,H,-,A,D,0,NA,NA,NA,Y,Y,NA,A,01,0,0,1,0,0,0,0,0,0,-,-,34.346038818359375,-117.46605682373048,SAN BERNARDINO,UNINCORPORATED,-117.46611785888672,34.345970153808594
94922744,2025,2025-11-12,9855,2025-10-24,1949,022895,NA,5,2,9,3600,0,3,5,NA,2,004,BENSON AVENUE,MISSION BOULEVARD,125,S,N,A,-,N,NA,NA,NA,NA,NA,NA,NA,NA,NA,N,3,0,2,3,A,-,10,21950,A,N,G,B,D,A,H,-,D,D,0,Y,NA,NA,NA,Y,NA,A,07,0,1,1,0,2,0,0,0,0,-,-,34.0554313659668,-117.68083953857422,SAN BERNARDINO,UNINCORPORATED,-117.68080139160156,34.05550765991211
94923135,2025,2025-11-12,9855,2025-10-21,1240,021838,NA,2,1,5,3602,0,1,3,NA,2,603,SR-60 W/B (POMONA FWY),CENTRAL AVE.,528,W,N,A,-,Y,SBD,NA,60,NA,R,1.929,H,NA,L,Y,3,0,2,2,A,-,03,22350,NA,N,C,C,A,A,H,-,A,D,0,NA,NA,NA,NA,Y,NA,A,01,0,1,1,0,0,0,0,0,0,-,-,34.03028106689453,-117.69705200195313,SAN BERNARDINO,CHINO,-117.69705200195313,34.03030014038086