CASE_ID,ACCIDENT_YEAR,PROC_DATE,JURIS,COLLISION_DATE,COLLISION_TIME,OFFICER_ID,REPORTING_DISTRICT,DAY_OF_WEEK,CHP_SHIFT,POPULATION,CNTY_CITY_LOC,SPECIAL_COND,BEAT_TYPE,CHP_BEAT_TYPE,CITY_DIVISION_LAPD,CHP_BEAT_CLASS,BEAT_NUMBER,PRIMARY_RD,SECONDARY_RD,DISTANCE,DIRECTION,INTERSECTION,WEATHER_1,WEATHER_2,STATE_HWY_IND,CALTRANS_COUNTY,CALTRANS_DISTRICT,STATE_ROUTE,ROUTE_SUFFIX,POSTMILE_PREFIX,POSTMILE,LOCATION_TYPE,RAMP_INTERSECTION,SIDE_OF_HWY,TOW_AWAY,COLLISION_SEVERITY,NUMBER_KILLED,NUMBER_INJURED,PARTY_COUNT,PRIMARY_COLL_FACTOR,PCF_CODE_OF_VIOL,PCF_VIOL_CATEGORY,PCF_VIOLATION,PCF_VIOL_SUBSECTION,HIT_AND_RUN,TYPE_OF_COLLISION,MVIW,PED_ACTION,ROAD_SURFACE,ROAD_COND_1,ROAD_COND_2,LIGHTING,CONTROL_DEVICE,CHP_ROAD_TYPE,PEDESTRIAN_ACCIDENT,BICYCLE_ACCIDENT,MOTORCYCLE_ACCIDENT,TRUCK_ACCIDENT,NOT_PRIVATE_PROPERTY,ALCOHOL_INVOLVED,STWD_VEHTYPE_AT_FAULT,CHP_VEHTYPE_AT_FAULT,COUNT_SEVERE_INJ,COUNT_VISIBLE_INJ,COUNT_COMPLAINT_PAIN,COUNT_PED_KILLED,COUNT_PED_INJURED,COUNT_BICYCLIST_KILLED,COUNT_BICYCLIST_INJURED,COUNT_MC_KILLED,COUNT_MC_INJURED,PRIMARY_RAMP,SECONDARY_RAMP,LATITUDE,LONGITUDE,COUNTY,CITY,POINT_X,POINT_Y
9806343,2025,2025-05-06,3603,2025-04-15,1512,4861,CPD,2,5,4,3603,0,0,0,NA,0,003,VALLEY BLVD,PENNSYLVANIA AV,0,NA,Y,A,-,N,NA,NA,NA,NA,NA,NA,NA,NA,NA,Y,3,0,2,2,A,-,09,21801,A,N,D,C,A,A,H,-,A,D,0,NA,NA,NA,NA,Y,NA,A,01,0,2,0,0,0,0,0,0,0,-,-,34.06758117675781,-117.32901763916016,SAN BERNARDINO,COLTON,-117.32902526855467,34.06761169433594
9806871,2025,2025-05-14,3610,2025-03-19,1500,51404,NA,3,5,6,3610,0,0,0,NA,0,BAKER,N STODDARD AV,W 34TH ST W,0,NA,Y,A,-,N,NA,NA,NA,NA,NA,NA,NA,NA,NA,N,3,0,1,2,A,-,08,22107,NA,N,B,B,D,A,H,-,A,D,0,Y,NA,NA,NA,Y,NA,A,07,0,1,0,0,1,0,0,0,0,-,-,NA,NA,SAN BERNARDINO,SAN BERNARDINO,-117.29290008544922,34.153038024902344
9807227,2025,2025-05-21,3605,2025-03-22,2242,520,MONTC,6,5,4,3605,0,0,0,NA,0,NA,BENSON AVE,SAN JOSE ST,61,S,N,-,-,N,NA,NA,NA,NA,NA,NA,NA,NA,NA,N,3,0,2,2,A,-,01,23152,A,N,C,E,A,A,H,-,C,D,0,NA,NA,NA,NA,Y,Y,A,01,0,2,0,0,0,0,0,0,0,-,-,NA,NA,SAN BERNARDINO,MONTCLAIR,-117.68085479736328,34.08494186401367
9807553,2025,2025-05-30,3610,2025-04-25,1246,51366,NA,5,5,6,3610,0,0,0,NA,0,NA,5TH ST,H ST,137,W,N,B,-,N,NA,NA,NA,NA,NA,NA,NA,NA,NA,N,4,0,1,2,A,-,04,21703,NA,N,C,C,A,A,H,-,A,A,0,NA,NA,NA,NA,Y,NA,-,99,0,0,1,0,0,0,0,0,0,-,-,34.10839080810547,-117.30239868164063,SAN BERNARDINO,SAN BERNARDINO,-117.30133819580078,34.108341217041016
9807575,2025,2025-05-29,3610,2025-03-31,2500,51249,NA,1,5,6,3610,0,0,0,NA,0,ADAM,BASELINE ST,MT VERNON AV,0,NA,Y,A,-,N,NA,NA,NA,NA,NA,NA,NA,NA,NA,N,4,0,1,2,A,-,08,22107,NA,N,A,C,A,-,H,-,A,A,0,NA,NA,NA,NA,Y,NA,A,01,0,0,1,0,0,0,0,0,0,-,-,NA,NA,SAN BERNARDINO,SAN BERNARDINO,-117.3138427734375,34.12133026123047
9807584,2025,2025-05-30,3610,2025-03-28,1540,51172,NA,5,5,6,3610,0,0,0,NA,0,DAVID,SIERRA WY,CENTRAL AV,0,NA,Y,A,-,N,NA,NA,NA,NA,NA,NA,NA,NA,NA,Y,4,0,1,2,A,-,01,23152,A,N,G,B,E,-,-,-,A,D,0,Y,NA,NA,NA,Y,Y,A,01,0,0,1,0,1,0,0,0,0,-,-,NA,NA,SAN BERNARDINO,SAN BERNARDINO,-117.28668212890624,34.08602523803711
9809845,2025,2025-07-29,3610,2025-03-09,150,51581,NA,7,5,6,3610,0,0,0,NA,0,DAVID,NORTH ARROWHEAD AV,W 2ND ST,0,NA,Y,A,-,N,NA,NA,NA,NA,NA,NA,NA,NA,NA,Y,4,0,1,2,A,-,12,21453,A,N,D,C,A,A,H,-,C,A,0,NA,NA,NA,NA,Y,Y,-,-,0,0,1,0,0,0,0,0,0,-,-,34.10271072387695,-117.28964233398438,SAN BERNARDINO,SAN BERNARDINO,-117.28964996337892,34.10271072387695
9810281,2025,2025-05-28,3600,2025-04-09,2058,J2651,VC059,3,5,5,3612,0,0,0,NA,0,VC04,BEAR VALLEY RD,PLUTO DR,0,NA,Y,A,-,N,NA,NA,NA,NA,NA,NA,NA,NA,NA,N,4,0,1,2,A,-,08,22107,A,N,B,C,A,A,H,-,C,A,0,NA,NA,NA,NA,Y,NA,A,07,0,0,1,0,0,0,0,0,0,-,-,34.47039031982422,-117.36131286621094,SAN BERNARDINO,VICTORVILLE,-117.36132049560548,34.47041320800781
9810727,2025,2025-06-19,3600,2025-05-05,1433,D3381`,VC064,1,5,5,3612,0,0,0,NA,0,VC8,AMARGOSA RD,CHOLAME RD,0,NA,Y,A,-,N,NA,NA,NA,NA,NA,NA,NA,NA,NA,Y,4,0,2,2,A,-,09,21802,A,N,D,C,A,A,H,-,A,A,0,NA,NA,NA,NA,Y,NA,A,01,0,0,2,0,0,0,0,0,0,-,-,34.5019416809082,-117.32997131347656,SAN BERNARDINO,VICTORVILLE,-117.33008575439452,34.50214767456055
9811755,2025,2025-07-25,3602,2025-03-03,1014,4148,NA,1,5,5,3602,0,0,0,NA,0,002,13TH ST,RIVERSIDE DR,282,S,N,A,-,N,NA,NA,NA,NA,NA,NA,NA,NA,NA,N,4,0,1,2,A,-,08,22107,NA,N,D,C,A,A,H,-,A,D,0,NA,NA,NA,NA,Y,NA,A,01,0,0,1,0,0,0,0,0,0,-,-,34.01911163330078,-117.68299102783205,SAN BERNARDINO,CHINO,-117.68302154541016,34.018348693847656
9811759,2025,2025-07-25,3602,2025-02-16,1356,4287,NA,7,5,5,3602,0,0,0,NA,0,003,KIMBALL AV,FLIGHT AV,0,NA,Y,A,-,N,NA,NA,NA,NA,NA,NA,NA,NA,NA,Y,3,0,4,2,A,-,12,21453,A,N,D,C,A,A,H,-,A,A,0,NA,NA,NA,NA,Y,NA,D,22,0,4,0,0,0,0,0,0,0,-,-,33.98147964477539,-117.6764907836914,SAN BERNARDINO,CHINO,-117.61914825439452,33.96870040893555
9811863,2025,2025-08-01,3600,2025-06-26,844,F4772,VC059,4,5,5,3612,0,0,0,NA,0,VC4,BEAR VALLEY RD,JADE RD,0,NA,Y,A,-,N,NA,NA,NA,NA,NA,NA,NA,NA,NA,Y,4,0,1,2,A,-,09,21802,A,N,D,C,A,A,H,-,A,A,0,NA,NA,NA,Y,Y,NA,F,27,0,0,1,0,0,0,0,0,0,-,-,NA,NA,SAN BERNARDINO,VICTORVILLE,-117.36895751953124,34.470367431640625
9812606,2025,2025-07-16,3600,2025-06-16,1615,G3830,YC101,1,5,4,3640,0,0,0,NA,0,YC1,SAND CANYON RD,16TH ST,50,N,N,A,-,N,NA,NA,NA,NA,NA,NA,NA,NA,NA,Y,3,0,2,2,A,-,09,21802,NA,N,D,C,A,A,H,-,A,A,0,NA,NA,NA,NA,Y,NA,A,01,0,2,0,0,0,0,0,0,0,-,-,NA,NA,SAN BERNARDINO,YUCAIPA,-117.1040496826172,34.036808013916016
9812635,2025,2025-07-15,3610,2025-06-23,1600,51610,NA,1,5,6,3610,0,0,0,NA,0,DAVID,S E ST,W HOSPITALITY LN W,0,NA,Y,A,-,N,NA,NA,NA,NA,NA,NA,NA,NA,NA,Y,3,0,1,2,A,-,08,22107,NA,N,E,I,A,A,H,-,A,D,0,NA,NA,NA,NA,Y,Y,A,07,0,1,0,0,0,0,0,0,0,-,-,NA,NA,SAN BERNARDINO,SAN BERNARDINO,-117.29344940185548,34.0656852722168
9813760,2025,2026-01-20,3610,2025-04-14,739,51277,NA,1,5,6,3610,0,0,0,NA,0,DAVID,NORTH F ST,WEST 9TH,0,NA,Y,B,-,N,NA,NA,NA,NA,NA,NA,NA,NA,NA,Y,1,1,3,2,A,-,12,21453,A,N,D,C,A,A,A,-,A,A,0,NA,NA,NA,NA,Y,NA,A,01,0,0,3,0,0,0,0,0,0,-,-,NA,NA,SAN BERNARDINO,SAN BERNARDINO,-117.29640197753906,34.115760803222656
9813852,2025,2025-06-12,3610,2025-04-18,2151,51596,NA,5,5,6,3610,0,0,0,NA,0,NA,W MILL ST,RT 215,0,NA,Y,B,-,Y,SBD,8,215,-,-,6.244,R,4,S,N,4,0,1,2,A,-,12,21453,A,N,D,C,A,A,H,-,C,A,0,NA,NA,NA,NA,Y,NA,A,07,0,0,1,0,0,0,0,0,0,-,NF,34.09217834472656,-117.3012924194336,SAN BERNARDINO,SAN BERNARDINO,-117.30200958251952,34.094730377197266
9813856,2025,2025-06-05,3610,2025-04-17,1910,51585,NA,4,5,6,3610,0,0,0,NA,0,NA,E HIGHLAND,BOULDER,0,NA,Y,A,-,N,NA,NA,NA,NA,NA,NA,NA,NA,NA,Y,2,0,3,2,A,-,12,21453,A,N,D,C,A,A,H,-,C,A,0,NA,NA,NA,NA,Y,Y,-,NA,2,1,0,0,0,0,0,0,0,-,-,34.13574981689453,-117.19558715820313,SAN BERNARDINO,SAN BERNARDINO,-117.19561004638672,34.135704040527344
9814157,2024,2024-08-30,3600,2024-07-31,429,I6876,HE326,3,5,5,3619,0,0,0,NA,0,HE3,MARIPOSA RD,EDISON POLE #4774096E,50,N,N,A,-,N,NA,NA,NA,NA,NA,NA,NA,NA,NA,Y,3,0,1,2,A,-,05,21460,A,N,A,C,A,A,H,-,D,D,0,NA,NA,NA,NA,Y,NA,A,01,0,1,0,0,0,0,0,0,0,-,-,NA,NA,SAN BERNARDINO,HESPERIA,NA,NA
9814203,2025,2025-07-31,3603,2025-06-15,1933,5340,CPD,7,5,4,3603,0,0,0,NA,0,003,VALLEY BL,RANCHO AV,50,S,N,A,-,N,NA,NA,NA,NA,NA,NA,NA,NA,NA,N,4,0,1,2,A,-,03,22350,NA,M,C,C,A,A,H,-,B,A,0,NA,NA,NA,NA,Y,NA,A,01,0,0,1,0,0,0,0,0,0,-,-,34.06800079345703,-117.33499908447266,SAN BERNARDINO,COLTON,-117.3355712890625,34.06850051879883
9814235,2025,2025-09-19,3603,2025-07-15,956,5005,CPD,2,5,4,3603,0,0,0,NA,0,004,S MT VERNON AV,RT I 215,0,NA,Y,A,-,Y,SBD,8,215,-,-,2.481,R,4,N,Y,4,0,1,2,A,-,09,21800,D,N,D,C,A,A,H,-,A,B,0,NA,NA,NA,NA,Y,NA,A,01,0,0,1,0,0,0,0,0,0,-,-,34.047271728515625,-117.30687713623048,SAN BERNARDINO,COLTON,-117.31022644042967,34.04564666748047
9814703,2025,2025-05-28,3610,2025-04-09,1419,51465,NA,3,5,6,3610,0,0,0,NA,0,NA,LITTLE MOUNTAIN,SHERIDAN RD,1046,S,N,A,-,N,NA,NA,NA,NA,NA,NA,NA,NA,NA,Y,3,0,2,2,A,-,08,22107,NA,N,D,C,A,A,H,-,A,D,0,NA,NA,NA,NA,Y,NA,A,01,0,1,1,0,0,0,0,0,0,-,-,34.16699981689453,-117.31700134277344,SAN BERNARDINO,SAN BERNARDINO,-117.3172607421875,34.165592193603516
9814810,2025,2025-05-30,3610,2025-04-04,1237,51552,NA,5,5,6,3610,0,0,0,NA,0,NA,S MOUNTAIN VIEW,E COULSTON,0,NA,Y,A,-,N,NA,NA,NA,NA,NA,NA,NA,NA,NA,Y,4,0,1,2,A,-,09,21804,A,N,D,C,A,A,H,-,A,D,0,NA,NA,NA,NA,Y,NA,A,07,0,0,1,0,0,0,0,0,0,-,-,34.06837844848633,-117.2436981201172,SAN BERNARDINO,SAN BERNARDINO,-117.24370574951172,34.06841278076172
9814813,2025,2025-05-30,3610,2025-04-02,1950,51583,NA,3,5,6,3610,0,0,0,NA,0,NA,N WATERMAN,E 23RD ST,75,N,N,A,-,N,NA,NA,NA,NA,NA,NA,NA,NA,NA,N,4,0,1,2,B,-,22,NA,NA,N,B,C,A,A,H,-,C,D,0,NA,NA,NA,NA,Y,NA,A,01,0,0,1,0,0,0,0,0,0,-,-,34.138038635253906,-117.27870178222656,SAN BERNARDINO,SAN BERNARDINO,-117.27874755859376,34.137176513671875
9814814,2025,2025-06-05,3610,2025-04-02,2004,51424,NA,3,5,6,3610,0,0,0,NA,0,NA,N GOLDEN,E DATE,0,NA,Y,C,-,N,NA,NA,NA,NA,NA,NA,NA,NA,NA,Y,4,0,2,2,A,-,08,22107,NA,N,D,C,A,B,H,-,C,A,0,NA,NA,NA,NA,Y,NA,A,01,0,0,2,0,0,0,0,0,0,-,-,NA,NA,SAN BERNARDINO,SAN BERNARDINO,-117.26112365722656,34.14128494262695
9814820,2025,2025-06-05,3610,2025-04-02,2011,51508,NA,3,5,6,3610,0,0,0,NA,0,BAKER,W 30TH ST,N E ST,0,NA,Y,B,-,N,NA,NA,NA,NA,NA,NA,NA,NA,NA,Y,4,0,2,3,A,-,08,22107,NA,N,A,C,A,B,H,-,B,A,0,NA,NA,NA,NA,Y,NA,A,01,0,0,2,0,0,0,0,0,0,-,-,NA,NA,SAN BERNARDINO,SAN BERNARDINO,-117.29410552978516,34.14623260498047
9815326,2025,2025-06-18,3610,2025-05-21,719,51465,NA,3,5,6,3610,0,0,0,NA,0,NA,E HIGHLAND,NORTH WATERMAN AV,76,E,N,A,-,N,NA,NA,NA,NA,NA,NA,NA,NA,NA,N,3,0,3,3,A,-,03,22350,NA,N,C,C,A,A,H,-,A,A,0,NA,NA,NA,NA,Y,NA,A,07,0,2,1,0,0,0,0,0,0,-,-,34.135921478271484,-117.27873992919922,SAN BERNARDINO,SAN BERNARDINO,-117.27851104736328,34.135929107666016
9815705,2025,2025-07-18,3600,2025-04-26,1930,J8991,HI010,6,5,4,3618,0,0,0,NA,0,HI2,HIGHLAND AV,VICTORIA AV,50,W,N,A,-,N,NA,NA,NA,NA,NA,NA,NA,NA,NA,N,3,0,1,3,A,-,08,22107,NA,N,C,C,A,A,H,-,A,D,0,NA,NA,NA,NA,Y,NA,A,07,0,1,0,0,0,0,0,0,0,-,-,NA,NA,SAN BERNARDINO,HIGHLAND,-117.2263641357422,34.135833740234375
9815898,2025,2025-06-26,3610,2025-05-20,1800,51374,NA,2,5,6,3610,0,0,0,NA,0,NA,E CENTRAL,S TIPPECANOE AV,1800,E,N,A,-,N,NA,NA,NA,NA,NA,NA,NA,NA,NA,Y,4,0,1,2,A,-,00,22106,I,N,D,C,A,A,H,-,A,D,0,NA,NA,NA,NA,Y,NA,E,22,0,0,1,0,0,0,0,0,0,-,-,NA,NA,SAN BERNARDINO,SAN BERNARDINO,-117.25383758544922,34.08586120605469
9815910,2025,2025-06-26,3610,2025-05-01,1145,51465,NA,4,5,6,3610,0,0,0,NA,0,NA,SOUTH WATERMAN AV,E DRAKE DR E,0,NA,Y,A,-,N,NA,NA,NA,NA,NA,NA,NA,NA,NA,N,3,0,1,2,A,-,09,21804,A,N,D,C,A,A,H,-,A,D,0,NA,NA,Y,NA,Y,NA,A,01,0,1,0,0,0,0,0,0,1,-,-,34.0890998840332,-117.27880859375,SAN BERNARDINO,SAN BERNARDINO,-117.27880859375,34.08909225463867
9815911,2025,2025-06-24,3610,2025-05-01,1556,51497,NA,4,5,6,3610,0,0,0,NA,0,CHARLI,E LYNWOOD DR,N DEL ROSA AVE N,0,NA,Y,A,-,N,NA,NA,NA,NA,NA,NA,NA,NA,NA,Y,4,0,1,2,A,-,09,21801,A,N,D,C,A,A,H,-,-,A,0,NA,NA,NA,NA,Y,NA,A,01,0,0,1,0,0,0,0,0,0,-,-,NA,NA,SAN BERNARDINO,SAN BERNARDINO,-117.25243377685548,34.14674758911133
9816043,2025,2025-06-23,3610,2025-05-09,758,51561,NA,5,5,6,3610,0,0,0,NA,0,NA,W HIGHLAND,N MEDICAL CTR,0,NA,Y,A,-,N,NA,NA,NA,NA,NA,NA,NA,NA,NA,Y,4,0,2,2,A,-,09,21801,A,N,D,C,A,A,H,-,A,A,0,NA,NA,NA,NA,Y,NA,A,01,0,0,2,0,0,0,0,0,0,-,-,34.1361083984375,-117.32254791259766,SAN BERNARDINO,SAN BERNARDINO,-117.32257080078124,34.1361083984375
9816069,2025,2026-01-06,3610,2025-05-07,1006,51546,NA,3,5,6,3610,0,0,0,NA,0,NA,30TH,WATERMAN,0,NA,Y,A,-,N,NA,NA,NA,NA,NA,NA,NA,NA,NA,N,3,0,2,2,A,-,09,21801,A,N,A,C,A,A,H,-,A,A,0,NA,NA,NA,NA,Y,NA,A,01,0,1,1,0,0,0,0,0,0,-,-,34.14500045776367,-117.27799987792967,SAN BERNARDINO,SAN BERNARDINO,-117.27870178222656,34.14598083496094
9816885,2025,2025-06-20,3600,2025-05-08,1531,J3215,VC046,4,5,5,3612,0,0,0,NA,0,VC8,VILLAGE DR,AIR EXPRESS WY,0,NA,Y,A,-,N,NA,NA,NA,NA,NA,NA,NA,NA,NA,Y,2,0,2,1,A,-,03,22350,NA,N,F,I,A,A,H,-,A,D,0,NA,NA,NA,NA,Y,NA,A,07,1,0,1,0,0,0,0,0,0,-,-,34.56576156616211,-117.34034729003906,SAN BERNARDINO,VICTORVILLE,-117.34030151367188,34.56575012207031
9818000,2025,2025-06-17,3610,2025-05-30,1319,51546,NA,5,5,6,3610,0,0,0,NA,0,NA,W BASELINE,N GARNER,0,NA,Y,A,-,N,NA,NA,NA,NA,NA,NA,NA,NA,NA,N,4,0,1,2,A,-,09,21801,A,N,B,C,A,A,A,H,A,A,0,NA,NA,NA,NA,Y,NA,A,01,0,0,1,0,0,0,0,0,0,-,-,34.12133026123047,-117.3114013671875,SAN BERNARDINO,SAN BERNARDINO,-117.3114013671875,34.12133026123047
9818987,2025,2025-08-04,3610,2025-07-03,1808,51568,NA,4,5,6,3610,0,0,0,NA,0,DAVID,S TIPPECANOE AV,E RIALTO AV,220,S,N,A,-,N,NA,NA,NA,NA,NA,NA,NA,NA,NA,Y,4,0,1,1,A,-,08,22107,NA,N,E,I,A,A,H,-,A,A,0,NA,NA,NA,NA,Y,NA,A,08,0,0,1,0,0,0,0,0,0,-,-,NA,NA,SAN BERNARDINO,SAN BERNARDINO,-117.2597427368164,34.10083770751953
9820017,2025,2025-10-22,3600,2025-09-14,1903,D6899,HE320,7,5,5,3619,0,0,0,NA,0,HE5,RANCHERO RD,MAPLE AV,0,NA,Y,A,-,N,NA,NA,NA,NA,NA,NA,NA,NA,NA,Y,4,0,1,2,A,-,17,21451,A,M,D,C,A,A,H,-,A,A,0,NA,NA,NA,NA,Y,NA,A,01,0,0,1,0,0,0,0,0,0,-,-,NA,NA,SAN BERNARDINO,HESPERIA,-117.34635162353516,34.383148193359375
9820062,2025,2025-10-09,3601,2025-02-08,457,P38,BARST,6,5,3,3601,0,0,0,NA,0,002,EAST MAIN ST,VILLAFANA ST,34,S,N,A,-,N,NA,NA,NA,NA,NA,NA,NA,NA,NA,Y,3,0,1,1,A,-,03,22350,NA,N,E,C,A,A,H,-,C,D,0,NA,NA,Y,NA,Y,NA,C,02,0,1,0,0,0,0,0,0,1,-,-,NA,NA,SAN BERNARDINO,BARSTOW,NA,NA
9821042,2024,2025-08-19,3600,2024-12-17,1640,G6192,AP018,2,5,5,3621,0,0,0,NA,0,AP4,CENTRAL RD,PAH-UTE RD,0,NA,Y,A,-,N,NA,NA,NA,NA,NA,NA,NA,NA,NA,N,4,0,3,2,A,-,09,21801,A,N,A,C,A,A,H,-,A,A,0,NA,NA,NA,NA,Y,NA,A,07,0,0,3,0,0,0,0,0,0,-,-,NA,NA,SAN BERNARDINO,APPLE VALLEY,-117.1726531982422,34.478965759277344
9821189,2025,2025-08-08,3600,2025-01-01,2129,J4397,3600,3,5,5,3621,0,0,0,NA,0,AP2,WAALEW RD,DAKOTA RD,0,NA,Y,A,-,N,NA,NA,NA,NA,NA,NA,NA,NA,NA,Y,2,0,1,2,A,-,00,21954,NA,N,B,B,F,A,H,-,D,D,0,Y,NA,NA,NA,Y,NA,-,99,1,0,0,0,1,0,0,0,0,-,-,NA,NA,SAN BERNARDINO,APPLE VALLEY,-117.19818115234376,34.55690383911133
9821639,2025,2025-09-10,3600,2025-05-24,2249,I3325,FC001,6,5,6,3616,0,0,0,NA,0,RC3,CHERRY AV,WILSON AV,1280,S,N,A,-,N,NA,NA,NA,NA,NA,NA,NA,NA,NA,Y,3,0,1,1,A,-,01,23152,A,N,E,I,A,A,H,-,C,D,0,NA,NA,NA,NA,Y,Y,D,22,0,1,0,0,0,0,0,0,0,-,-,NA,NA,SAN BERNARDINO,RANCHO CUCAMONGA,NA,NA
9822288,2025,2025-09-03,3600,2025-08-06,1122,G6204,RC014,3,5,6,3616,0,0,0,NA,0,RC6,ROCHESTER AV,REVOLUTION DR,0,NA,Y,A,-,N,NA,NA,NA,NA,NA,NA,NA,NA,NA,Y,3,0,4,2,A,-,09,21801,A,N,D,C,A,A,H,-,A,D,0,NA,NA,NA,NA,Y,NA,A,01,0,4,0,0,0,0,0,0,0,-,-,NA,NA,SAN BERNARDINO,RANCHO CUCAMONGA,-117.54548645019533,34.11758804321289
9822540,2025,2025-09-05,3600,2025-07-30,1234,G6204,RC046,3,5,6,3616,0,0,0,NA,0,RC1,CARNELIAN ST,19TH ST,200,S,N,A,-,N,NA,NA,NA,NA,NA,NA,NA,NA,NA,Y,3,0,1,2,A,-,09,21801,A,N,D,C,A,A,H,-,A,A,0,NA,NA,Y,NA,Y,NA,D,22,0,1,0,0,0,0,0,0,1,-,-,NA,NA,SAN BERNARDINO,RANCHO CUCAMONGA,-117.61621856689452,34.13205337524414
9824052,2025,2025-09-24,3605,2025-07-20,1249,434,NA,7,5,4,3605,0,0,0,NA,0,NA,RAMONA AV,MISSION BL,0,NA,Y,A,-,N,NA,NA,NA,NA,NA,NA,NA,NA,NA,Y,3,0,2,2,A,-,09,21801,A,N,A,C,A,A,H,-,A,A,0,NA,NA,NA,NA,Y,NA,A,01,0,1,1,0,0,0,0,0,0,-,-,34.05596923828125,-117.70690155029295,SAN BERNARDINO,MONTCLAIR,-117.7069091796875,34.05584716796875
9824648,2025,2025-10-10,3600,2025-08-20,302,I8688,VC,3,5,5,3612,0,0,0,NA,0,VC8,RT 395,PALMDALE RD,1282,N,N,A,-,Y,SBD,8,395,-,-,11.42,H,-,N,Y,3,0,1,2,A,-,09,21802,A,N,D,C,A,A,H,-,C,A,0,NA,NA,NA,Y,Y,NA,G,26,0,1,0,0,0,0,0,0,0,-,-,NA,NA,SAN BERNARDINO,VICTORVILLE,-117.39949798583984,34.510528564453125
9825043,2025,2025-09-04,3600,2025-06-08,917,G6922,RC027,7,5,6,3616,0,0,0,NA,0,RC2,HAVEN AV,19TH ST,883,N,N,A,-,N,NA,NA,NA,NA,NA,NA,NA,NA,NA,Y,3,0,2,1,A,-,07,21658,A,N,E,J,A,A,H,-,A,D,0,NA,NA,NA,NA,Y,NA,A,07,0,2,0,0,0,0,0,0,0,-,-,NA,NA,SAN BERNARDINO,RANCHO CUCAMONGA,-117.57598876953124,34.13483810424805
9825199,2025,2025-09-08,3600,2025-06-25,1654,G8603,RC070,3,5,6,3616,0,0,0,NA,0,RC3,BANYAN ST,ASHTON PL,0,NA,Y,A,-,N,NA,NA,NA,NA,NA,NA,NA,NA,NA,N,2,0,2,2,A,-,03,22350,NA,N,A,C,A,A,H,-,A,D,0,NA,NA,NA,NA,Y,NA,A,01,1,0,1,0,0,0,0,0,0,-,-,NA,NA,SAN BERNARDINO,RANCHO CUCAMONGA,-117.51809692382813,34.14323806762695
9825240,2025,2025-09-15,3600,2025-08-17,1059,D6899,HE411,7,5,5,3619,0,0,0,NA,0,HE4,SANTA FE AV EAST,RODEO ST,0,NA,Y,A,-,N,NA,NA,NA,NA,NA,NA,NA,NA,NA,Y,4,0,2,2,A,-,05,21752,D,N,B,C,A,A,H,-,A,D,0,NA,NA,NA,NA,Y,NA,D,22,0,0,2,0,0,0,0,0,0,-,-,NA,NA,SAN BERNARDINO,HESPERIA,-117.3105697631836,34.38694763183594
9825292,2025,2025-09-03,3600,2025-08-08,1847,H9757,HI025,5,5,4,3618,0,0,0,NA,0,HI3,CLUBVIEW DR,WHITEGATE LN,0,NA,Y,A,-,N,NA,NA,NA,NA,NA,NA,NA,NA,NA,Y,3,0,2,2,A,-,09,21801,A,N,D,C,A,A,H,-,A,D,0,NA,NA,NA,NA,Y,NA,A,08,0,1,1,0,0,0,0,0,0,-,-,34.113609313964844,-117.1672821044922,SAN BERNARDINO,HIGHLAND,-117.1672592163086,34.113609313964844
9825655,2025,2025-09-17,3608,2025-08-02,1239,4866,NA,6,5,5,3608,0,0,0,NA,0,NA,E COLTON AV,TRIBUNE ST,0,NA,Y,A,-,N,NA,NA,NA,NA,NA,NA,NA,NA,NA,N,4,0,1,2,A,-,08,22107,NA,N,B,G,A,A,H,-,A,A,0,NA,Y,NA,NA,Y,NA,M,91,0,0,1,0,0,0,1,0,0,-,-,NA,NA,SAN BERNARDINO,REDLANDS,-117.17818450927734,34.06281280517578
9825871,2025,2026-02-03,3603,2025-08-30,1250,4974,CPD,6,5,4,3603,0,0,0,NA,0,002,LAUREL AV,OLIVE ST,150,W,N,A,-,N,NA,NA,NA,NA,NA,NA,NA,NA,NA,N,3,0,1,2,A,-,05,21650,NA,M,B,E,A,A,H,-,A,D,0,NA,NA,NA,NA,Y,NA,A,01,0,1,0,0,0,0,0,0,0,-,-,34.07905960083008,-117.30712890625,SAN BERNARDINO,COLTON,-117.30990600585938,34.08026123046875
9826126,2025,2025-06-25,3610,2025-06-01,2500,51407,NA,7,5,6,3610,0,0,0,NA,0,BAKER,W 40TH ST,N E ST,442,E,N,A,-,N,NA,NA,NA,NA,NA,NA,NA,NA,NA,Y,4,0,1,1,A,-,08,22107,NA,M,E,I,A,A,H,-,A,A,0,NA,NA,NA,NA,Y,NA,A,01,0,0,1,0,0,0,0,0,0,-,-,34.165340423583984,-117.29850006103516,SAN BERNARDINO,SAN BERNARDINO,-117.29903411865234,34.16462326049805
9826609,2025,2025-07-08,3603,2025-05-19,755,5339,CPD,1,5,4,3603,0,0,0,NA,0,004,WASHINGTON ST,HUNTS LN,95,W,N,A,-,N,NA,NA,NA,NA,NA,NA,NA,NA,NA,N,4,0,1,3,A,-,03,22350,NA,N,C,C,A,A,H,-,A,A,0,NA,NA,NA,NA,Y,NA,D,22,0,0,1,0,0,0,0,0,0,-,-,34.05052947998047,-117.28597259521484,SAN BERNARDINO,COLTON,-117.28761291503906,34.05023956298828
9827684,2025,2025-06-25,3605,2025-04-27,949,399,NA,7,5,4,3605,0,0,0,NA,0,NA,KINGSLEY ST,HELENA AV,0,NA,Y,A,-,N,NA,NA,NA,NA,NA,NA,NA,NA,NA,N,4,0,4,2,A,-,09,21801,A,N,D,C,A,A,H,-,A,A,0,NA,NA,NA,NA,Y,NA,A,01,0,0,4,0,0,0,0,0,0,-,-,34.06678009033203,-117.70233917236328,SAN BERNARDINO,MONTCLAIR,-117.70266723632813,34.06674575805664