CASE_ID,ACCIDENT_YEAR,PROC_DATE,JURIS,COLLISION_DATE,COLLISION_TIME,OFFICER_ID,REPORTING_DISTRICT,DAY_OF_WEEK,CHP_SHIFT,POPULATION,CNTY_CITY_LOC,SPECIAL_COND,BEAT_TYPE,CHP_BEAT_TYPE,CITY_DIVISION_LAPD,CHP_BEAT_CLASS,BEAT_NUMBER,PRIMARY_RD,SECONDARY_RD,DISTANCE,DIRECTION,INTERSECTION,WEATHER_1,WEATHER_2,STATE_HWY_IND,CALTRANS_COUNTY,CALTRANS_DISTRICT,STATE_ROUTE,ROUTE_SUFFIX,POSTMILE_PREFIX,POSTMILE,LOCATION_TYPE,RAMP_INTERSECTION,SIDE_OF_HWY,TOW_AWAY,COLLISION_SEVERITY,NUMBER_KILLED,NUMBER_INJURED,PARTY_COUNT,PRIMARY_COLL_FACTOR,PCF_CODE_OF_VIOL,PCF_VIOL_CATEGORY,PCF_VIOLATION,PCF_VIOL_SUBSECTION,HIT_AND_RUN,TYPE_OF_COLLISION,MVIW,PED_ACTION,ROAD_SURFACE,ROAD_COND_1,ROAD_COND_2,LIGHTING,CONTROL_DEVICE,CHP_ROAD_TYPE,PEDESTRIAN_ACCIDENT,BICYCLE_ACCIDENT,MOTORCYCLE_ACCIDENT,TRUCK_ACCIDENT,NOT_PRIVATE_PROPERTY,ALCOHOL_INVOLVED,STWD_VEHTYPE_AT_FAULT,CHP_VEHTYPE_AT_FAULT,COUNT_SEVERE_INJ,COUNT_VISIBLE_INJ,COUNT_COMPLAINT_PAIN,COUNT_PED_KILLED,COUNT_PED_INJURED,COUNT_BICYCLIST_KILLED,COUNT_BICYCLIST_INJURED,COUNT_MC_KILLED,COUNT_MC_INJURED,PRIMARY_RAMP,SECONDARY_RAMP,LATITUDE,LONGITUDE,COUNTY,CITY,POINT_X,POINT_Y
6724733,2014,2016-03-04,3600,2014-10-25,1345,C4462,VC043,6,5,5,3612,0,0,0,NA,0,VC1,RT 15,STODDARD WELLS RD,0,NA,Y,A,-,N,NA,NA,NA,NA,NA,NA,NA,NA,NA,N,4,0,1,1,A,-,03,22350,NA,N,H,A,A,A,H,-,A,D,0,NA,NA,Y,NA,Y,NA,C,02,0,0,1,0,0,0,0,0,1,-,-,NA,NA,SAN BERNARDINO,VICTORVILLE,-117.28946009,34.55443001
6724782,2014,2014-12-16,3607,2014-10-21,1452,80248,216,2,5,6,3607,0,0,0,NA,0,042,FRANCIS ST,MILLIKEN AV,15,E,N,A,-,N,NA,NA,NA,NA,NA,NA,NA,NA,NA,Y,4,0,1,2,A,-,03,22350,NA,N,C,C,A,A,H,-,A,A,0,NA,NA,NA,NA,Y,NA,-,NA,0,0,1,0,0,0,0,0,0,-,-,NA,NA,SAN BERNARDINO,ONTARIO,-117.55835062,34.04156
6726730,2014,2015-01-02,3610,2014-10-08,0352,50926,NA,3,5,6,3610,0,0,0,NA,0,NA,TIPPECANOE AV,HARDT ST,27,N,N,A,-,N,NA,NA,NA,NA,NA,NA,NA,NA,NA,Y,3,0,1,1,A,-,-,NA,NA,N,D,I,A,A,H,-,C,D,0,NA,NA,NA,NA,Y,NA,A,01,0,1,0,0,0,0,0,0,0,-,-,NA,NA,SAN BERNARDINO,SAN BERNARDINO,-117.2599168,34.07294861
6571747,2014,2015-04-24,9850,2014-07-19,0530,016871,NA,6,3,9,3600,0,3,5,NA,2,004,CODY RD,CARSON ST,0,NA,Y,B,-,N,NA,NA,NA,NA,NA,NA,NA,NA,NA,N,4,0,1,2,A,-,12,22450,A,M,D,C,A,A,H,-,B,A,0,NA,NA,Y,NA,Y,NA,C,02,0,0,1,0,0,0,0,0,0,-,-,34.41662,-117.97656,SAN BERNARDINO,UNINCORPORATED,-116.97657004,34.41653009
6574982,2014,2014-08-29,3604,2014-07-01,1721,509,NA,2,5,6,3604,0,0,0,NA,0,NA,BASELINE AV,OLEANDER AV,0,NA,Y,A,-,N,NA,NA,NA,NA,NA,NA,NA,NA,NA,Y,4,0,3,2,A,-,12,21453,A,N,D,C,A,A,H,-,A,A,0,NA,NA,NA,NA,Y,NA,A,07,0,0,3,0,0,0,0,0,0,-,-,NA,NA,SAN BERNARDINO,FONTANA,-117.44895012,34.12144009
6591682,2014,2016-04-30,3600,2014-08-05,1444,C8608,BL106,2,5,2,3680,0,0,0,NA,0,NA,RT 18,KNICKERBOCKER RD,300,E,N,A,-,Y,SBD,8,18,-,-,49.14,H,-,S,Y,4,0,1,2,A,-,03,22350,NA,N,C,C,A,A,H,-,A,A,0,NA,NA,NA,NA,Y,NA,A,07,0,0,1,0,0,0,0,0,0,-,-,NA,NA,SAN BERNARDINO,BIG BEAR LAKE,-116.91090981,34.2436716
6730679,2014,2015-01-16,9865,2014-11-24,1340,012581,NA,1,1,9,3600,0,1,3,NA,2,011,RT 18,PINE AV EAST,1124,S,N,A,-,Y,NA,NA,18,NA,NA,NA,NA,NA,NA,Y,4,0,1,2,A,-,03,22350,NA,N,C,C,A,A,D,-,A,A,0,NA,NA,NA,NA,Y,NA,A,01,0,0,1,0,0,0,0,0,0,-,-,34.23006,-117.22665,SAN BERNARDINO,UNINCORPORATED,-117.22665633,34.22999308
6597981,2014,2014-09-04,3602,2014-07-26,1032,1256,NA,6,5,5,3602,0,0,0,NA,0,005,PINE AV,JOHNSON RD,361,E,N,A,-,N,NA,NA,NA,NA,NA,NA,NA,NA,NA,Y,4,0,3,5,A,-,03,22350,NA,N,C,C,A,A,H,-,A,A,0,NA,NA,NA,NA,Y,NA,D,22,0,0,3,0,0,0,0,0,0,-,-,NA,NA,SAN BERNARDINO,CHINO,-117.64485038,33.95481458
6612583,2014,2016-01-15,3600,2014-08-28,1357,A9113,RC018,4,5,6,3616,0,0,0,NA,0,008,FOOTHILL BL,ASPEN AV,0,NA,Y,A,-,N,NA,NA,NA,NA,NA,NA,NA,NA,NA,Y,3,0,1,2,A,-,09,21453,B,N,D,C,A,A,H,-,A,A,0,NA,NA,NA,NA,Y,NA,A,01,0,1,0,0,0,0,0,0,0,-,-,NA,NA,SAN BERNARDINO,RANCHO CUCAMONGA,-117.57129007,34.10657008
6735010,2014,2016-04-30,9855,2014-09-04,0620,11738,NA,4,1,6,3616,0,1,1,NA,2,201,RT 210,ETIWANDA AV,280,E,N,A,-,Y,SBD,8,210,-,-,11.08,H,-,W,N,4,0,1,2,A,-,07,21658,A,N,B,C,A,A,H,-,A,D,1,NA,NA,NA,Y,Y,NA,A,01,0,0,1,0,0,0,0,0,0,-,-,34.1365,-117.5227,SAN BERNARDINO,RANCHO CUCAMONGA,-117.50322318,34.13647591
6735060,2014,2014-12-17,9855,2014-09-06,0205,19495,NA,6,3,9,3600,0,3,5,NA,2,001,SAN BERNARDINO AV,CHERRY AV,70,W,N,A,-,N,NA,NA,NA,NA,NA,NA,NA,NA,NA,Y,2,0,1,2,A,-,01,23152,A,N,C,C,A,A,H,-,C,A,0,NA,NA,NA,NA,Y,Y,A,01,1,0,0,0,0,0,0,0,0,-,-,34.077,-117.489,SAN BERNARDINO,UNINCORPORATED,-117.4891305,34.07741191
6735075,2014,2014-12-17,9855,2014-09-04,1335,015299,NA,4,1,9,3600,0,3,5,NA,2,001,FREMONTIA AV,GRANADA AV,27,N,N,A,-,N,NA,NA,NA,NA,NA,NA,NA,NA,NA,Y,4,0,1,1,A,-,08,22107,NA,N,E,I,A,A,H,-,A,D,0,NA,NA,NA,NA,Y,NA,A,01,0,0,1,0,0,0,0,0,0,-,-,NA,NA,SAN BERNARDINO,UNINCORPORATED,-117.47008664,34.09063393
6735085,2014,2015-02-06,3600,2014-12-24,0826,E4794,HE118,3,5,5,3619,0,0,0,NA,0,HE1,MARIPOSA RD,LIVE OAK ST,0,NA,Y,A,-,N,NA,NA,NA,NA,NA,NA,NA,NA,NA,Y,3,0,2,2,A,-,09,21802,A,N,D,C,A,A,H,-,A,A,0,NA,NA,NA,NA,Y,NA,A,01,0,1,1,0,0,0,0,0,0,-,-,NA,NA,SAN BERNARDINO,HESPERIA,-117.37407005,34.43414012
6735114,2014,2015-02-06,3604,2014-12-22,1514,643,NA,1,5,6,3604,0,0,0,NA,0,004,SLOVER,SIERRA,0,NA,Y,A,-,N,NA,NA,NA,NA,NA,NA,NA,NA,NA,N,4,0,1,5,A,-,03,22350,NA,N,C,C,A,A,H,-,A,A,0,NA,NA,NA,NA,Y,NA,A,01,0,0,1,0,0,0,0,0,0,-,-,NA,NA,SAN BERNARDINO,FONTANA,-117.43573005,34.06310008
6735346,2014,2015-03-18,3604,2014-12-08,1216,990,NA,1,5,6,3604,0,0,0,NA,0,003,LOCUST AV,CITRON AV,187,S,N,A,-,N,NA,NA,NA,NA,NA,NA,NA,NA,NA,Y,4,0,1,2,A,-,03,22350,NA,N,C,C,A,A,H,-,A,D,0,NA,NA,NA,NA,Y,NA,D,22,0,0,1,0,0,0,0,0,0,-,-,NA,NA,SAN BERNARDINO,FONTANA,-117.4096316,34.09449768
6735358,2014,2015-02-11,3604,2014-12-01,1719,680,NA,1,5,6,3604,0,0,0,NA,0,NA,TAMARIND,SANTA ANA,450,N,N,B,-,N,NA,NA,NA,NA,NA,NA,NA,NA,NA,Y,4,0,1,3,A,-,08,22107,NA,N,B,C,A,A,H,-,C,D,0,NA,NA,NA,NA,Y,NA,D,22,0,0,1,0,0,0,0,0,0,-,-,NA,NA,SAN BERNARDINO,FONTANA,-117.42256,34.05703299
6737708,2014,2015-01-21,9860,2014-11-05,0800,15686,NA,3,1,9,3600,0,1,1,NA,2,102,RT 10 W,CEDAR AV,3696,W,N,A,-,Y,NA,NA,10,NA,NA,NA,NA,NA,NA,Y,4,0,1,3,A,-,03,22350,NA,N,C,C,A,A,H,-,A,D,0,NA,NA,NA,NA,Y,NA,A,01,0,0,1,0,0,0,0,0,0,-,-,34.06779,-117.40891,SAN BERNARDINO,UNINCORPORATED,-117.40891198999999,34.06786255
6737719,2014,2015-01-21,9860,2014-11-07,1435,18905,NA,5,2,4,3603,0,1,1,NA,2,214,RT 215 N,IOWA AV,528,N,N,A,-,Y,NA,NA,215,NA,NA,NA,NA,NA,NA,Y,3,0,4,3,A,-,03,22350,NA,N,C,C,A,A,D,-,A,D,0,NA,NA,NA,NA,Y,NA,A,01,0,1,3,0,0,0,0,0,0,-,-,34.02717,-117.3321,SAN BERNARDINO,COLTON,-117.33222927,34.02730961
6737761,2014,2015-01-21,9860,2014-11-08,0855,19419,NA,6,1,9,3600,0,2,4,NA,1,131,LYTLE CREEK RD,GLEN HELEN RD,10560,N,N,A,-,N,NA,NA,NA,NA,NA,NA,NA,NA,NA,N,3,0,1,2,A,-,06,21750,NA,N,B,G,A,A,H,-,A,D,0,NA,Y,NA,NA,Y,NA,E,22,0,1,0,0,0,0,1,0,0,-,-,34.21323,-117.4572,SAN BERNARDINO,UNINCORPORATED,-117.45814,34.21067905
6737773,2014,2015-03-05,9860,2014-11-19,0753,013945,NA,3,1,9,3600,0,1,1,NA,2,151,RT 15,GLEN HELEN RD,2112,N,N,A,-,Y,NA,NA,NA,NA,NA,NA,NA,NA,NA,Y,3,0,1,2,A,-,03,22350,NA,N,C,C,A,A,H,-,A,D,0,NA,NA,NA,Y,Y,NA,A,01,0,1,0,0,0,0,0,0,0,-,-,NA,NA,SAN BERNARDINO,UNINCORPORATED,-117.41037553,34.22088332
6741928,2014,2016-05-06,9855,2014-08-18,1800,16215,NA,1,2,6,3607,0,1,3,NA,2,601,RT 60,GROVE AV,1362,W,N,A,-,Y,SBD,8,60,-,R,5.6,H,-,E,Y,4,0,1,2,A,-,03,22350,NA,N,C,C,A,A,H,-,A,D,1,NA,NA,NA,NA,Y,NA,A,01,0,0,1,0,0,0,0,0,0,-,-,34.03022,-117.63304,SAN BERNARDINO,ONTARIO,-117.63309047,34.03039337
6741947,2014,2014-12-17,9855,2014-08-01,2044,18892,NA,5,2,6,3604,0,1,1,NA,2,153,RT 15,SUMMIT AV,528,N,N,A,-,Y,NA,NA,15,NA,NA,NA,NA,NA,NA,Y,4,0,1,2,A,-,08,22107,NA,N,B,C,A,A,H,-,D,D,0,NA,NA,NA,NA,Y,NA,A,07,0,0,1,0,0,0,0,0,0,-,-,34.14896,-117.48131,SAN BERNARDINO,FONTANA,-117.48118414,34.14880757
6741972,2014,2016-04-30,9855,2014-08-02,2217,19420,NA,6,3,6,3616,0,1,1,NA,2,201,RT 210,DAY CREEK BL,300,E,N,C,-,Y,SBD,8,210,-,-,9.357,R,2,E,Y,3,0,1,1,A,-,01,23152,A,N,F,A,A,B,H,-,C,D,1,NA,NA,NA,NA,Y,Y,A,01,0,1,0,0,0,0,0,0,0,FR,-,34.13606,-117.53515,SAN BERNARDINO,RANCHO CUCAMONGA,-117.53337473,34.13634766
6742006,2014,2016-04-16,9855,2014-08-06,1620,014366,NA,3,2,6,3604,0,1,1,NA,2,101,RT 10,ETIWANDA AV,50,E,N,A,-,Y,SBD,8,10,-,-,11.14,H,-,E,Y,4,0,1,3,A,-,03,22350,NA,N,C,C,A,A,H,-,A,D,1,NA,NA,NA,NA,Y,NA,D,22,0,0,1,0,0,0,0,0,0,-,-,NA,NA,SAN BERNARDINO,FONTANA,-117.52395485,34.06741776
6742016,2014,2016-04-30,9855,2014-08-16,1535,016051,NA,6,2,6,3607,0,1,1,NA,2,152,RT 15,JURUPA ST,950,N,N,A,-,Y,SBD,8,15,-,-,1.2,H,-,S,Y,4,0,4,5,A,-,03,22350,NA,N,C,C,A,A,H,-,A,D,1,NA,NA,NA,Y,Y,NA,G,25,0,0,4,0,0,0,0,0,0,-,-,NA,NA,SAN BERNARDINO,ONTARIO,-117.54911437,34.05096105
6742022,2014,2016-05-05,9855,2014-08-02,1315,14980,NA,6,1,5,3602,0,1,3,NA,2,603,RT 60,RESERVOIR ST,2500,E,N,A,-,Y,SBD,8,60,-,R,0.38,H,-,W,Y,4,0,1,2,A,-,07,21658,A,F,B,C,A,A,H,-,A,D,1,NA,NA,NA,Y,Y,NA,G,25,0,0,1,0,0,0,0,0,0,-,-,34.02601,-117.72412,SAN BERNARDINO,CHINO,-117.72307946,34.02615569
6742025,2014,2014-12-18,9855,2014-08-26,0955,014688,NA,2,1,9,3600,0,3,5,NA,2,002,SLOVER AV,CALABASH AV,9,W,N,A,-,N,NA,NA,NA,NA,NA,NA,NA,NA,NA,Y,3,0,3,2,A,-,03,22350,NA,N,C,C,A,A,H,-,A,A,0,NA,NA,NA,Y,Y,NA,A,01,0,2,1,0,0,0,0,0,0,-,-,NA,NA,SAN BERNARDINO,UNINCORPORATED,-117.50194963,34.06281
6742063,2014,2016-04-30,9855,2014-08-30,0915,17112,NA,6,1,6,3616,0,1,1,NA,2,203,RT 210,ARCHIBALD AV,500,W,N,A,-,Y,SBD,8,210,-,-,5.81,H,-,E,Y,4,0,3,2,A,-,03,22350,NA,N,C,C,A,A,H,-,A,D,1,NA,NA,NA,NA,Y,NA,A,01,0,0,3,0,0,0,0,0,0,-,-,NA,NA,SAN BERNARDINO,RANCHO CUCAMONGA,-117.59510458,34.13494689
6742136,2014,2016-04-30,9855,2014-08-17,0209,019732,NA,7,3,5,3602,0,1,3,NA,2,071,RT 71,PINE AV,50,S,N,A,-,Y,SBD,8,71,-,R,6.52,H,-,S,Y,4,0,1,1,A,-,01,23152,A,N,E,I,A,A,H,-,C,D,1,NA,NA,NA,NA,Y,Y,A,01,0,0,1,0,0,0,0,0,0,-,-,33.9477,-117.67445,SAN BERNARDINO,CHINO,-117.67470257,33.94785485
6743280,2014,2015-01-05,9860,2014-10-24,2210,020758,NA,5,3,9,3600,0,1,1,NA,2,151,RT 15,DEVORE OH R/R,127,N,N,A,-,Y,NA,NA,15,NA,NA,NA,NA,NA,NA,Y,3,0,1,2,A,-,03,22350,NA,N,C,C,A,A,D,-,D,D,0,NA,NA,Y,NA,Y,NA,C,02,0,1,0,0,0,0,0,0,1,-,-,34.22134,-117.40996,SAN BERNARDINO,UNINCORPORATED,-117.40994921,34.22133772
6743884,2014,2015-02-04,3600,2014-12-01,0852,D3311,RC068,1,5,6,3616,0,0,0,NA,0,RC06,ROCHESTER AV,CHERVIL ST,0,NA,Y,A,-,N,NA,NA,NA,NA,NA,NA,NA,NA,NA,Y,4,0,1,2,A,-,12,21453,A,N,D,C,A,A,H,-,A,A,0,NA,NA,NA,NA,Y,NA,-,-,0,0,1,0,0,0,0,0,0,-,-,NA,NA,SAN BERNARDINO,RANCHO CUCAMONGA,-117.54559011,34.10801006
6631127,2014,2014-10-02,3600,2014-08-29,1142,D3560,HE404,5,5,5,3619,0,0,0,NA,0,004,C AV,SULTANA ST,0,NA,Y,A,-,N,NA,NA,NA,NA,NA,NA,NA,NA,NA,N,4,0,3,2,A,-,12,22450,A,N,D,C,A,A,H,-,A,A,0,NA,NA,NA,NA,Y,NA,A,01,0,0,3,0,0,0,0,0,0,-,-,NA,NA,SAN BERNARDINO,HESPERIA,-117.29839001,34.41341004
6745257,2014,2014-12-30,9860,2014-10-21,0617,014686,NA,2,1,9,3600,0,1,1,NA,2,152,RT 15,RT 138,6864,N,N,A,-,Y,NA,NA,15,NA,NA,NA,NA,NA,NA,Y,4,0,1,3,A,-,03,22350,NA,N,C,C,A,A,D,-,B,D,0,NA,NA,NA,NA,Y,NA,A,01,0,0,1,0,0,0,0,0,0,-,-,34.32926,-117.48232,SAN BERNARDINO,UNINCORPORATED,-117.48244853,34.3292535
6745400,2014,2015-01-23,9855,2014-11-14,1820,14366,NA,5,2,6,3607,0,1,1,NA,2,103,RT 10,4TH ST,505,W,N,A,-,Y,NA,NA,NA,NA,NA,NA,NA,NA,NA,Y,3,0,1,3,A,-,03,22350,NA,N,C,C,A,A,H,-,D,D,0,NA,NA,NA,NA,Y,NA,A,01,0,1,0,0,0,0,0,0,0,TO,-,NA,NA,SAN BERNARDINO,ONTARIO,NA,NA
6745557,2014,2015-01-20,3600,2014-11-25,1300,D6174,RC067,2,5,6,3616,0,0,0,NA,0,RC3,CHURCH ST,ELM AV,0,NA,Y,A,-,N,NA,NA,NA,NA,NA,NA,NA,NA,NA,Y,4,0,2,2,A,-,09,21801,A,N,D,C,A,A,H,-,A,A,0,NA,NA,NA,NA,Y,NA,A,01,0,0,2,0,0,0,0,0,0,-,-,NA,NA,SAN BERNARDINO,RANCHO CUCAMONGA,-117.56992001,34.1115401
6639533,2014,2015-05-26,3600,2014-09-15,0809,E4794,VC021,1,5,5,3612,0,0,0,NA,0,VC3,BEAR VALLEY RD,INDUSTRIAL BL,0,NA,Y,A,-,N,NA,NA,NA,NA,NA,NA,NA,NA,NA,N,4,0,2,2,A,-,04,21703,NA,N,C,C,A,A,H,-,A,A,0,NA,NA,NA,NA,Y,NA,A,01,0,0,2,0,0,0,0,0,0,-,-,NA,NA,SAN BERNARDINO,VICTORVILLE,-117.28289009,34.47110003
6746861,2014,2015-01-26,3608,2014-11-28,0018,4024,NA,5,5,5,3608,0,0,0,NA,0,NA,CAJON ST,FERN AV,0,NA,Y,A,-,N,NA,NA,NA,NA,NA,NA,NA,NA,NA,N,4,0,1,2,A,-,-,NA,NA,N,C,C,A,A,H,-,C,A,0,NA,NA,NA,NA,Y,NA,A,01,0,0,1,0,0,0,0,0,0,-,-,NA,NA,SAN BERNARDINO,REDLANDS,-117.17889,34.05039011
6746968,2014,2015-06-03,3600,2014-10-23,1711,P2045,LL014,4,5,3,3615,0,0,0,NA,0,0LL,BARTON RD,ANDERSON ST,637,E,N,A,-,N,NA,NA,NA,NA,NA,NA,NA,NA,NA,Y,3,0,1,2,A,-,03,22350,NA,N,F,A,A,A,H,-,A,A,0,NA,NA,NA,NA,Y,NA,-,NA,0,1,0,0,0,0,0,0,0,-,-,NA,NA,SAN BERNARDINO,LOMA LINDA,-117.2590137,34.04843
6748047,2014,2015-01-26,9835,2014-11-28,1625,020327,NA,5,2,9,3600,0,1,1,NA,2,073,RT 15,ALVORD MOUNTAIN RD,2851,S,N,A,-,Y,NA,NA,15,NA,NA,NA,NA,NA,NA,Y,4,0,4,1,A,-,08,22107,NA,N,F,A,A,A,H,-,A,D,0,NA,NA,NA,NA,Y,NA,A,07,0,0,4,0,0,0,0,0,0,-,-,34.97683,-116.61521,SAN BERNARDINO,UNINCORPORATED,-116.61518966,34.97678337
6748834,2014,2015-02-23,3600,2014-12-02,2107,E6912,VC048,2,5,5,3612,0,0,0,NA,0,VC1,RT 18,STODDARD WELLS RD,0,NA,Y,C,-,Y,NA,NA,NA,NA,NA,NA,NA,NA,NA,Y,3,0,1,1,A,-,01,23152,A,N,F,I,A,B,H,-,C,A,0,NA,NA,NA,NA,Y,Y,D,22,0,1,0,0,0,0,0,0,0,-,-,NA,NA,SAN BERNARDINO,VICTORVILLE,-117.28520008,34.53522002
6749254,2014,2015-01-22,3609,2014-11-16,1412,7578,78,7,5,5,3609,0,0,0,NA,0,002,RIVERSIDE,EASTON ST,84,S,N,A,-,N,NA,NA,NA,NA,NA,NA,NA,NA,NA,N,4,0,1,2,A,-,09,21804,A,N,D,C,A,A,H,-,A,A,0,NA,NA,NA,NA,Y,NA,A,01,0,0,1,0,0,0,0,0,0,-,-,NA,NA,SAN BERNARDINO,RIALTO,-117.37044,34.13379986
6749451,2014,2015-01-29,9870,2014-11-27,1520,18842,NA,4,2,9,3600,0,3,5,NA,2,001,HESS BL,SENILIS AV,0,NA,Y,A,-,N,NA,NA,NA,NA,NA,NA,NA,NA,NA,Y,3,0,3,2,A,-,09,21802,A,N,D,C,A,A,H,-,A,A,0,NA,NA,NA,NA,Y,NA,A,01,0,1,2,0,0,0,0,0,0,-,-,NA,NA,SAN BERNARDINO,UNINCORPORATED,-116.58525013,34.0469501
6749470,2014,2015-02-02,3605,2014-11-26,1434,31/,NA,3,5,4,3605,0,0,0,NA,0,NA,CENTRAL AV,SAN BERNARDINO ST,298,N,N,A,-,N,NA,NA,NA,NA,NA,NA,NA,NA,NA,N,4,0,1,2,A,-,03,22350,NA,N,C,C,A,A,H,-,A,A,0,NA,NA,NA,NA,Y,NA,A,01,0,0,1,0,0,0,0,0,0,-,-,NA,NA,SAN BERNARDINO,MONTCLAIR,-117.68962,34.07848671
6749923,2014,2015-01-27,9850,2014-11-30,1820,017730,NA,7,2,5,3612,0,1,1,NA,2,083,RT 15,MOJAVE DR,300,S,N,A,-,Y,NA,NA,15,NA,NA,NA,NA,NA,NA,Y,4,0,1,3,A,-,03,22350,NA,N,C,C,A,A,H,-,C,D,0,NA,NA,NA,NA,Y,NA,A,01,0,0,1,0,0,0,0,0,0,-,-,34.5274,-117.31669,SAN BERNARDINO,VICTORVILLE,-117.31671577,34.52741343
6661620,2014,2015-01-07,9850,2014-10-10,0900,16227,NA,5,1,9,3600,0,3,5,NA,2,005,VISTA DR,LAKEVIEW DR,228,E,N,A,-,N,NA,NA,NA,NA,NA,NA,NA,NA,NA,N,3,0,1,2,A,-,-,NA,NA,N,G,B,E,A,D,-,A,A,0,Y,NA,NA,NA,Y,NA,A,07,0,1,0,0,1,0,0,0,0,-,-,34.74547,-117.34022,SAN BERNARDINO,UNINCORPORATED,-117.34026874,34.74542935
6670106,2014,2014-11-04,3609,2014-07-27,2019,3156,NA,7,5,5,3609,0,0,0,NA,0,001,CEDAR AV,ROSEWOOD ST,0,NA,Y,A,-,N,NA,NA,NA,NA,NA,NA,NA,NA,NA,Y,3,0,1,2,A,-,01,23152,A,N,D,C,A,A,H,-,C,A,0,NA,NA,Y,NA,Y,Y,C,02,0,1,0,0,0,0,0,0,1,-,-,NA,NA,SAN BERNARDINO,RIALTO,-117.39659006,34.11041011
6753177,2014,2015-01-23,3611,2014-09-06,1855,2831,3611,6,5,5,3611,0,0,0,NA,0,002,BENSON AV,8TH ST,0,NA,Y,A,-,N,NA,NA,NA,NA,NA,NA,NA,NA,NA,Y,4,0,2,2,A,-,01,23152,A,N,D,C,A,A,H,-,A,A,0,NA,NA,NA,NA,Y,Y,D,22,0,0,2,0,0,0,0,0,0,-,-,NA,NA,SAN BERNARDINO,UPLAND,-117.6809301,34.09236007
6673823,2014,2014-12-30,9860,2014-12-01,1449,16821,NA,1,2,6,3610,0,2,4,NA,2,411,CEDAR AV,GROVE PL,12,N,N,B,-,N,NA,NA,NA,NA,NA,NA,NA,NA,NA,Y,3,0,3,2,A,-,09,21806,A,N,A,C,A,A,H,-,A,D,0,NA,NA,NA,NA,Y,NA,A,01,0,3,0,0,0,0,0,0,0,-,-,34.07291,-117.39644,SAN BERNARDINO,SAN BERNARDINO,-117.39648968,34.07319288
6678112,2015,2016-02-18,3604,2015-09-19,0252,744,NA,6,5,6,3604,0,0,0,NA,0,NA,JURUPA AV,BANANA AV,690,W,N,A,-,N,NA,NA,NA,NA,NA,NA,NA,NA,NA,Y,1,1,0,2,A,-,01,23152,B,N,A,I,A,A,H,-,C,A,0,NA,NA,NA,NA,Y,Y,A,01,0,0,0,0,0,0,0,0,0,-,-,NA,NA,SAN BERNARDINO,FONTANA,-117.50003125,34.04815426
6755242,2014,2015-02-04,3609,2014-12-12,2021,9632,11,5,5,5,3609,0,0,0,NA,0,001,CASMALIA ST,SOUTHERN CAL EDISON POLE 4810084E,99,W,N,C,G,N,NA,NA,NA,NA,NA,NA,NA,NA,NA,Y,3,0,1,1,A,-,03,22350,NA,N,E,I,A,B,H,-,C,D,0,NA,NA,NA,NA,Y,NA,A,07,0,1,0,0,0,0,0,0,0,-,-,NA,NA,SAN BERNARDINO,RIALTO,NA,NA
6678332,2017,2018-10-02,3601,2017-10-13,0133,P42,BARST,5,5,3,3601,0,0,0,NA,0,PATROL,W MAIN ST,GLADE ST,335,E,N,A,-,N,NA,NA,NA,NA,NA,NA,NA,NA,NA,Y,1,1,1,2,A,-,05,21650,1,N,A,G,A,A,H,-,D,A,0,NA,Y,NA,NA,Y,NA,L,04,0,1,0,0,0,1,0,0,0,-,-,NA,NA,SAN BERNARDINO,BARSTOW,NA,NA
6755697,2014,2015-02-05,3608,2014-12-17,1418,3675,NA,3,5,5,3608,0,0,0,NA,0,NA,CAJON ST,CYPRESS AV,0,NA,Y,A,-,N,NA,NA,NA,NA,NA,NA,NA,NA,NA,Y,4,0,1,2,A,-,03,22350,NA,N,C,C,A,A,H,-,A,D,0,NA,NA,NA,NA,Y,NA,A,01,0,0,1,0,0,0,0,0,0,-,-,NA,NA,SAN BERNARDINO,REDLANDS,-117.17648012,34.04738008
6755791,2014,2015-02-05,9870,2014-12-09,1858,20829,NA,2,2,9,3600,0,2,4,NA,2,032,ALTA LOMA DR,OLYMPIC RD,57,E,N,A,-,N,NA,NA,NA,NA,NA,NA,NA,NA,NA,N,3,0,1,2,A,-,11,21956,A,N,G,B,E,A,H,-,C,D,0,Y,NA,NA,NA,Y,NA,N,60,0,1,0,0,1,0,0,0,0,-,-,34.12046,-116.3515,SAN BERNARDINO,UNINCORPORATED,-116.35154247,34.12047953
6755973,2014,2015-02-10,9850,2014-12-09,1503,017237,NA,2,2,9,3600,0,1,3,NA,2,060,RT 138,PHELAN RD,0,NA,Y,A,-,Y,NA,NA,138,NA,NA,NA,NA,NA,NA,Y,3,0,1,2,A,-,12,21453,A,N,D,C,A,A,H,-,A,A,0,NA,NA,NA,NA,Y,NA,D,22,0,1,0,0,0,0,0,0,0,-,-,34.42629,-117.61967,SAN BERNARDINO,UNINCORPORATED,-117.61960136,34.42643444
6755989,2014,2016-02-29,9850,2014-12-09,1713,020899,NA,2,2,9,3600,0,2,4,NA,2,055,NATIONAL TRAILS HWY,POLISH LN,5280,N,N,A,-,N,NA,NA,NA,NA,NA,NA,NA,NA,NA,Y,4,0,1,1,A,-,08,22107,NA,N,E,I,A,A,H,-,B,D,0,NA,NA,NA,NA,Y,NA,D,22,0,0,1,0,0,0,0,0,0,-,-,34.62349,-117.34406,SAN BERNARDINO,UNINCORPORATED,-117.34396457,34.62251723
6757134,2014,2015-02-18,3605,2014-12-31,1733,284,NA,3,5,4,3605,0,0,0,NA,0,NA,BENSON AV,PALO VERDE ST,134,S,N,A,-,N,NA,NA,NA,NA,NA,NA,NA,NA,NA,Y,3,0,3,3,A,-,-,NA,NA,N,-,C,A,A,H,-,C,A,0,NA,NA,NA,NA,Y,NA,A,01,0,3,0,0,0,0,0,0,0,-,-,NA,NA,SAN BERNARDINO,MONTCLAIR,-117.68083797,34.08108274
6758054,2014,2015-01-23,9860,2014-11-24,0704,15207,NA,1,1,4,3640,0,1,1,NA,2,106,RT 10,COUNTY LINE RD,1584,W,N,A,-,Y,NA,NA,10,NA,NA,NA,NA,NA,NA,Y,4,0,1,2,A,-,07,21658,A,N,B,C,A,A,H,-,A,D,0,NA,NA,NA,NA,Y,NA,A,01,0,0,1,0,0,0,0,0,0,-,-,34.01104,-117.07079,SAN BERNARDINO,YUCAIPA,-117.07070545,34.01119566