CASE_ID,ACCIDENT_YEAR,PROC_DATE,JURIS,COLLISION_DATE,COLLISION_TIME,OFFICER_ID,REPORTING_DISTRICT,DAY_OF_WEEK,CHP_SHIFT,POPULATION,CNTY_CITY_LOC,SPECIAL_COND,BEAT_TYPE,CHP_BEAT_TYPE,CITY_DIVISION_LAPD,CHP_BEAT_CLASS,BEAT_NUMBER,PRIMARY_RD,SECONDARY_RD,DISTANCE,DIRECTION,INTERSECTION,WEATHER_1,WEATHER_2,STATE_HWY_IND,CALTRANS_COUNTY,CALTRANS_DISTRICT,STATE_ROUTE,ROUTE_SUFFIX,POSTMILE_PREFIX,POSTMILE,LOCATION_TYPE,RAMP_INTERSECTION,SIDE_OF_HWY,TOW_AWAY,COLLISION_SEVERITY,NUMBER_KILLED,NUMBER_INJURED,PARTY_COUNT,PRIMARY_COLL_FACTOR,PCF_CODE_OF_VIOL,PCF_VIOL_CATEGORY,PCF_VIOLATION,PCF_VIOL_SUBSECTION,HIT_AND_RUN,TYPE_OF_COLLISION,MVIW,PED_ACTION,ROAD_SURFACE,ROAD_COND_1,ROAD_COND_2,LIGHTING,CONTROL_DEVICE,CHP_ROAD_TYPE,PEDESTRIAN_ACCIDENT,BICYCLE_ACCIDENT,MOTORCYCLE_ACCIDENT,TRUCK_ACCIDENT,NOT_PRIVATE_PROPERTY,ALCOHOL_INVOLVED,STWD_VEHTYPE_AT_FAULT,CHP_VEHTYPE_AT_FAULT,COUNT_SEVERE_INJ,COUNT_VISIBLE_INJ,COUNT_COMPLAINT_PAIN,COUNT_PED_KILLED,COUNT_PED_INJURED,COUNT_BICYCLIST_KILLED,COUNT_BICYCLIST_INJURED,COUNT_MC_KILLED,COUNT_MC_INJURED,PRIMARY_RAMP,SECONDARY_RAMP,LATITUDE,LONGITUDE,COUNTY,CITY,POINT_X,POINT_Y
7121437,2015,2015-12-04,3610,2015-10-28,0457,50928,NA,3,5,6,3610,0,0,0,NA,0,NA,N CALIFORNIA ST,W DARBY ST,0,NA,Y,A,-,N,NA,NA,NA,NA,NA,NA,NA,NA,NA,Y,4,0,1,2,A,-,03,22350,I,N,A,C,A,A,H,-,D,A,0,NA,NA,NA,NA,Y,NA,A,01,0,0,1,0,0,0,0,0,0,-,-,34.147,-117.33101,SAN BERNARDINO,SAN BERNARDINO,-117.33112006,34.14664011
7123168,2015,2017-01-14,3600,2015-10-18,1314,B6346,YC403,7,5,4,3640,0,0,0,NA,0,NA,LIVE OAK CANYON RD,RT 10,198,N,N,A,-,Y,SBD,8,10,-,R,37.177,R,4,W,N,4,0,1,2,A,-,03,22350,NA,N,C,C,A,A,H,-,A,A,0,NA,NA,NA,NA,Y,NA,A,01,0,0,1,0,0,0,0,0,0,-,EF,NA,NA,SAN BERNARDINO,YUCAIPA,-117.09360243,34.0158151
7123935,2015,2015-12-02,3610,2015-10-20,1846,50184,NA,2,5,6,3610,0,0,0,NA,0,POLICE,WATERMAN AV,OLIVE ST,0,NA,Y,A,-,N,NA,NA,NA,NA,NA,NA,NA,NA,NA,N,3,0,1,2,A,-,10,21950,A,N,G,B,B,A,H,-,C,A,0,Y,NA,NA,NA,Y,NA,A,01,0,1,0,0,1,0,0,0,0,-,-,NA,NA,SAN BERNARDINO,SAN BERNARDINO,-117.27879,34.11858001
7123941,2015,2016-04-20,3610,2015-10-31,2010,50700,NA,6,5,6,3610,0,0,0,NA,0,POLICE,WEST HIGHLAND AV,BRANT ST,18,E,N,A,-,N,NA,NA,NA,NA,NA,NA,NA,NA,NA,NA,3,0,1,2,A,-,09,21804,NA,N,A,C,A,A,H,-,C,D,0,NA,NA,NA,NA,Y,NA,A,01,0,1,0,0,0,0,0,0,0,-,-,NA,NA,SAN BERNARDINO,SAN BERNARDINO,NA,NA
7123948,2015,2016-04-20,3610,2015-10-24,1229,50481,NA,6,5,6,3610,0,0,0,NA,0,POLICE,E BASELINE ST,E BASELINE ST 444,0,NA,-,A,-,N,NA,NA,NA,NA,NA,NA,NA,NA,NA,NA,4,0,1,2,A,-,09,21804,NA,N,D,C,A,A,H,-,A,D,0,NA,NA,NA,NA,Y,NA,A,01,0,0,1,0,0,0,0,0,0,-,-,34.12139,-117.27622,SAN BERNARDINO,SAN BERNARDINO,-117.27621675,34.12132647
7123949,2015,2015-12-02,3610,2015-10-25,0229,50702,NA,7,5,6,3610,0,0,0,NA,0,POLICE,NORTH WATERMAN AV,E BASELINE RD,0,NA,Y,B,-,N,NA,NA,NA,NA,NA,NA,NA,NA,NA,Y,3,0,1,2,A,-,05,21650,NA,F,A,C,A,A,H,-,C,A,0,NA,NA,NA,NA,Y,Y,A,07,0,1,0,0,0,0,0,0,0,-,-,34.12133,-117.27883,SAN BERNARDINO,SAN BERNARDINO,-117.27879006,34.12133011
7037873,2015,2017-01-13,9850,2015-07-31,1715,19278,NA,5,2,5,3612,0,1,1,NA,2,083,RT 15,PALMDALE RD,2264,S,N,A,-,Y,SBD,8,15,-,-,40.08,H,-,N,Y,2,0,3,1,A,-,01,23152,A,N,F,A,A,A,H,-,A,D,1,NA,NA,NA,NA,Y,Y,A,07,2,1,0,0,0,0,0,0,0,-,-,34.50157,-117.32502,SAN BERNARDINO,VICTORVILLE,-117.3249844,34.50173694
7126780,2015,2015-12-16,3600,2015-12-03,1340,F4772,VC018,4,5,5,3612,0,0,0,NA,0,002,DEL REY DR,DEL NORTE DR,364,S,N,A,-,N,NA,NA,NA,NA,NA,NA,NA,NA,NA,Y,4,0,1,2,A,-,08,22103,NA,N,B,C,A,A,H,-,A,D,0,NA,NA,NA,NA,Y,NA,A,71,0,0,1,0,0,0,0,0,0,-,-,NA,NA,SAN BERNARDINO,VICTORVILLE,-117.30860041,34.52744285
7127487,2015,2015-12-29,3605,2015-12-12,0233,365,NA,6,5,4,3605,0,0,0,NA,0,NA,MONTE VISTA AV,ARROW HWY,30,S,N,A,-,N,NA,NA,NA,NA,NA,NA,NA,NA,NA,Y,4,0,4,2,A,-,01,23152,A,N,A,C,A,A,H,-,C,A,0,NA,NA,NA,NA,Y,Y,A,01,0,0,4,0,0,0,0,0,0,-,-,NA,NA,SAN BERNARDINO,MONTCLAIR,-117.69826853000001,34.09231778
7127495,2015,2015-12-29,3605,2015-12-10,1108,338,NA,4,5,4,3605,0,0,0,NA,0,NA,MONTE VISTA AV,PALO VERDE ST,325,S,N,A,-,N,NA,NA,NA,NA,NA,NA,NA,NA,NA,N,3,0,1,1,A,-,03,22350,NA,N,F,I,A,A,H,-,A,A,0,NA,NA,Y,NA,Y,NA,C,02,0,1,0,0,0,0,0,0,1,-,-,NA,NA,SAN BERNARDINO,MONTCLAIR,-117.69825755,34.08046924
7039728,2015,2015-08-29,3607,2015-07-17,0051,80378,850,5,5,6,3607,0,0,0,NA,0,081,ARCHIBALD AV,MERRILL AV,1320,N,N,A,-,N,NA,NA,NA,NA,NA,NA,NA,NA,NA,N,2,0,1,1,A,-,08,22107,NA,N,E,J,A,A,D,-,C,A,0,NA,NA,NA,NA,Y,NA,-,NA,1,0,0,0,0,0,0,0,0,-,-,NA,NA,SAN BERNARDINO,ONTARIO,-117.59331,33.98636739
7130485,2015,2016-01-29,3600,2015-10-23,1711,F6925,AP004,5,5,5,3621,0,0,0,NA,0,AP2,RANCHERIAS RD,TOMAHAWK RD,0,NA,Y,A,-,N,NA,NA,NA,NA,NA,NA,NA,NA,NA,Y,4,0,1,1,A,-,03,22350,NA,N,E,I,A,A,B,-,B,A,0,NA,NA,NA,NA,Y,NA,-,NA,0,0,1,0,0,0,0,0,0,-,-,NA,NA,SAN BERNARDINO,APPLE VALLEY,-117.22836013,34.52258009
7131271,2015,2015-12-04,3600,2015-11-19,2214,E5343,HE217,4,5,5,3619,0,0,0,NA,0,HE2,MAIN ST,C AV,101,E,N,A,-,N,NA,NA,NA,NA,NA,NA,NA,NA,NA,N,3,0,1,2,A,-,11,21954,A,F,G,B,E,A,H,-,A,A,0,Y,NA,NA,NA,Y,NA,N,60,0,1,0,0,1,0,0,0,0,-,-,NA,NA,SAN BERNARDINO,HESPERIA,-117.29647138,34.42081106
7132002,2015,2015-12-10,3608,2015-11-03,1715,4463,NA,2,5,5,3608,0,0,0,NA,0,3608,CAJON AV,OLIVE AV,0,NA,Y,B,C,N,NA,NA,NA,NA,NA,NA,NA,NA,NA,N,3,0,1,2,A,-,10,21950,A,N,G,B,B,B,H,-,C,A,0,Y,NA,NA,NA,Y,NA,A,01,0,1,0,0,1,0,0,0,0,-,-,NA,NA,SAN BERNARDINO,REDLANDS,-117.18128012,34.05341003
7133448,2015,2015-12-15,3600,2015-12-03,1730,D3311,RC050,4,5,6,3616,0,0,0,NA,0,NA,FOOTHILL BL,HELLMAN AV,260,W,N,A,-,N,NA,NA,NA,NA,NA,NA,NA,NA,NA,N,4,0,1,2,A,-,09,21804,A,N,D,G,A,A,H,-,C,A,0,NA,Y,NA,NA,Y,NA,D,22,0,0,1,0,0,0,1,0,0,-,-,NA,NA,SAN BERNARDINO,RANCHO CUCAMONGA,-117.60316656,34.10666702
7135660,2015,2015-12-15,3605,2015-11-25,1224,338,NA,3,5,4,3605,0,0,0,NA,0,NA,MISSION BL,RAMONA AV,0,NA,Y,A,-,N,NA,NA,NA,NA,NA,NA,NA,NA,NA,Y,4,0,1,2,A,-,09,21801,A,N,A,C,A,A,H,-,A,A,0,NA,NA,NA,NA,Y,NA,D,22,0,0,1,0,0,0,0,0,0,-,-,NA,NA,SAN BERNARDINO,MONTCLAIR,-117.70691013,34.05604008
7042984,2015,2016-07-21,3604,2015-08-01,1818,958,NA,6,5,6,3604,0,0,0,NA,0,NA,FOOTHILL,REDWOOD,260,E,N,A,-,N,NA,NA,NA,NA,NA,NA,NA,NA,NA,N,4,0,2,3,A,-,03,22350,NA,N,C,C,A,A,H,-,A,D,0,NA,NA,NA,NA,Y,NA,A,01,0,0,2,0,0,0,0,0,0,-,-,NA,NA,SAN BERNARDINO,FONTANA,-117.48337352,34.10662
7136685,2015,2015-12-17,3608,2015-11-29,1209,4024,NA,7,5,5,3608,0,0,0,NA,0,NA,FERN AV,LAKESIDE,0,NA,Y,A,-,N,NA,NA,NA,NA,NA,NA,NA,NA,NA,N,4,0,1,3,A,-,12,22450,A,N,D,C,A,A,H,-,A,A,0,NA,NA,NA,NA,Y,NA,A,01,0,0,1,0,0,0,0,0,0,-,-,NA,NA,SAN BERNARDINO,REDLANDS,-117.19702009,34.04038005
7137393,2015,2015-12-23,3600,2015-12-01,0905,C9265,HE308,2,5,5,3619,0,0,0,NA,0,HE3,COTTONWOOD AV,OLIVE ST,0,NA,Y,A,-,N,NA,NA,NA,NA,NA,NA,NA,NA,NA,N,4,0,1,2,A,-,09,21802,A,N,D,C,A,A,H,-,A,A,0,NA,NA,NA,NA,Y,NA,A,01,0,0,1,0,0,0,0,0,0,-,-,NA,NA,SAN BERNARDINO,HESPERIA,-117.33837003,34.42125011
7137892,2015,2015-12-28,3611,2015-10-29,1249,2325,3611,4,5,5,3611,0,0,0,NA,0,002,8TH ST,HARRINGTON AV,0,NA,Y,A,-,N,NA,NA,NA,NA,NA,NA,NA,NA,NA,Y,3,0,1,2,A,-,09,21802,A,N,D,C,A,A,H,-,A,A,0,NA,NA,NA,NA,Y,NA,A,01,0,1,0,0,0,0,0,0,0,-,-,NA,NA,SAN BERNARDINO,UPLAND,-117.66789004,34.09243009
7137896,2015,2016-01-05,3611,2015-10-23,1144,2286,3611,5,5,5,3611,0,0,0,NA,0,001,19TH ST,MOUNTAIN AV,6,E,N,A,-,N,NA,NA,NA,NA,NA,NA,NA,NA,NA,Y,3,0,1,2,A,-,06,21755,A,N,D,C,A,A,H,-,A,A,0,NA,NA,NA,NA,Y,NA,-,NA,0,1,0,0,0,0,0,0,0,-,-,NA,NA,SAN BERNARDINO,UPLAND,-117.67040022,34.13237
7137973,2015,2015-12-28,3611,2015-10-01,1730,2387,NA,4,5,5,3611,0,0,0,NA,0,002,11TH ST,SILVERWOOD AV,40,E,N,A,-,N,NA,NA,NA,NA,NA,NA,NA,NA,NA,Y,4,0,2,5,A,-,03,22350,NA,N,C,C,A,A,H,-,A,D,0,NA,NA,NA,NA,Y,NA,D,22,0,0,2,0,0,0,0,0,0,-,-,NA,NA,SAN BERNARDINO,UPLAND,-117.67288821,34.10329
7138083,2015,2015-12-22,3611,2015-10-17,0516,3062,NA,6,5,5,3611,0,0,0,NA,0,002,EUCLID AV,7TH ST,490,N,N,A,-,N,NA,NA,NA,NA,NA,NA,NA,NA,NA,Y,4,0,1,2,A,-,01,23152,A,N,C,E,A,A,H,-,C,D,0,NA,NA,NA,NA,Y,Y,A,01,0,0,1,0,0,0,0,0,0,-,-,NA,NA,SAN BERNARDINO,UPLAND,-117.65127655,34.09015292
7138099,2015,2015-12-22,3611,2015-10-12,1229,3074,3611,1,5,5,3611,0,0,0,NA,0,002,ARROW HWY,CENTRAL AV,55,E,N,A,-,N,NA,NA,NA,NA,NA,NA,NA,NA,NA,N,4,0,1,3,A,-,03,22350,NA,N,C,C,A,A,H,-,A,A,0,NA,NA,NA,NA,Y,NA,A,01,0,0,1,0,0,0,0,0,0,-,-,NA,NA,SAN BERNARDINO,UPLAND,-117.68947882,34.0995727
7138130,2015,2015-12-22,3611,2015-10-30,1330,1175,3611,5,5,5,3611,0,0,0,NA,0,001,EUCLID AV,21ST ST,0,NA,Y,A,-,N,NA,NA,NA,NA,NA,NA,NA,NA,NA,Y,3,0,4,2,A,-,09,21802,A,N,D,C,A,A,H,-,A,A,0,NA,NA,NA,NA,Y,NA,A,07,0,1,3,0,0,0,0,0,0,-,-,NA,NA,SAN BERNARDINO,UPLAND,-117.65172004,34.13972
7138146,2015,2015-12-22,3611,2015-10-19,1150,626,NA,1,5,5,3611,0,0,0,NA,0,NA,ARROW HWY,6TH AV,15,E,N,A,-,N,NA,NA,NA,NA,NA,NA,NA,NA,NA,Y,4,0,1,3,A,-,03,22350,NA,N,C,C,A,A,H,-,A,A,0,NA,NA,NA,NA,Y,NA,A,07,0,0,1,0,0,0,0,0,0,-,-,NA,NA,SAN BERNARDINO,UPLAND,-117.64274058,34.09976
7138158,2015,2015-12-24,3611,2015-10-26,1430,1175,3611,1,5,5,3611,0,0,0,NA,0,004,11TH ST,2ND AV,0,NA,Y,A,-,N,NA,NA,NA,NA,NA,NA,NA,NA,NA,N,4,0,1,2,-,-,-,NA,NA,N,D,C,A,A,H,-,A,A,0,NA,NA,NA,NA,Y,NA,-,-,0,0,1,0,0,0,0,0,0,-,-,NA,NA,SAN BERNARDINO,UPLAND,-117.64843009,34.10338008
7138160,2015,2015-12-24,3610,2015-11-30,1745,50976,NA,1,5,6,3610,0,0,0,NA,0,POLICE,SOUTH WATERMAN AV,E MILL ST,0,NA,Y,A,-,N,NA,NA,NA,NA,NA,NA,NA,NA,NA,N,4,0,1,2,A,-,03,22350,NA,M,C,C,A,A,H,-,C,A,0,NA,NA,NA,NA,Y,NA,A,01,0,0,1,0,0,0,0,0,0,-,-,34.09212,-117.27873,SAN BERNARDINO,SAN BERNARDINO,-117.27884,34.09214002
7138432,2015,2015-12-24,3610,2015-11-17,1914,50942,NA,2,5,6,3610,0,0,0,NA,0,NA,W ORANGE ST,N MOUNT VERNON AV,0,NA,Y,A,-,N,NA,NA,NA,NA,NA,NA,NA,NA,NA,N,4,0,1,2,A,-,04,21703,NA,N,C,C,A,A,H,-,C,D,0,NA,NA,NA,NA,Y,NA,A,01,0,0,1,0,0,0,0,0,0,-,-,34.12045,-117.31383,SAN BERNARDINO,SAN BERNARDINO,-117.31384008,34.12043009
7138488,2015,2015-12-23,3610,2015-11-03,1954,50184,NA,2,5,6,3610,0,0,0,NA,0,POLICE,HIGHLAND AV,ARROWHEAD AV,159,W,N,B,-,N,NA,NA,NA,NA,NA,NA,NA,NA,NA,N,3,0,1,3,A,-,03,22350,NA,N,C,C,A,-,H,-,C,A,0,NA,NA,NA,NA,Y,NA,A,01,0,1,0,0,0,0,0,0,0,-,-,NA,NA,SAN BERNARDINO,SAN BERNARDINO,-117.29017384,34.13597
7138559,2015,2015-12-23,3610,2015-11-09,0827,50571,NA,1,5,6,3610,0,0,0,NA,0,POLICE,E PACIFIC ST,ARDEN AV,0,NA,Y,B,-,N,NA,NA,NA,NA,NA,NA,NA,NA,NA,N,3,0,4,2,A,-,09,21801,A,N,D,C,A,A,H,-,A,A,0,NA,NA,NA,NA,Y,NA,A,01,0,1,3,0,0,0,0,0,0,-,-,34.12858,-117.23489,SAN BERNARDINO,SAN BERNARDINO,-117.23488007,34.12856006
7138857,2015,2015-12-28,3600,2015-12-08,0652,G0803,RC025,2,5,6,3616,0,0,0,NA,0,006,HAVEN AV,LEMON AV,0,NA,Y,A,-,N,NA,NA,NA,NA,NA,NA,NA,NA,NA,Y,3,0,2,2,A,-,12,21453,A,N,D,C,A,A,H,-,B,A,0,NA,NA,NA,NA,Y,NA,A,01,0,1,1,0,0,0,0,0,0,-,-,NA,NA,SAN BERNARDINO,RANCHO CUCAMONGA,-117.57596011,34.13969009
7047950,2015,2015-09-09,3611,2015-08-01,1632,2831,3611,6,5,5,3611,0,0,0,NA,0,003,CAMPUS AV,CROSSROADS DR,0,NA,Y,A,-,N,NA,NA,NA,NA,NA,NA,NA,NA,NA,Y,4,0,1,2,A,-,12,21453,A,N,D,C,A,A,H,-,A,A,0,NA,NA,NA,NA,Y,NA,A,01,0,0,1,0,0,0,0,0,0,-,-,NA,NA,SAN BERNARDINO,UPLAND,-117.63974007,34.13188002
7054680,2015,2015-09-29,3600,2015-08-21,1142,C2706,H1021,5,5,4,3618,0,0,0,NA,0,003,CHURCH ST,GARDEN LN,88,N,N,A,-,N,NA,NA,NA,NA,NA,NA,NA,NA,NA,N,2,0,2,2,A,-,03,22350,NA,N,C,C,A,A,H,-,A,D,0,NA,NA,Y,NA,Y,NA,C,02,2,0,0,0,0,0,0,0,2,-,-,NA,NA,SAN BERNARDINO,HIGHLAND,-117.17365485,34.11072287
7055349,2015,2015-10-02,3609,2015-09-21,1906,9632,99,1,5,5,3609,0,0,0,NA,0,002,RIVERSIDE AV,BASELINE RD,590,N,N,A,-,N,NA,NA,NA,NA,NA,NA,NA,NA,NA,N,4,0,2,2,A,-,09,21801,A,N,D,C,A,A,H,-,C,D,0,NA,NA,Y,NA,Y,NA,A,01,0,0,2,0,0,0,0,0,2,-,-,NA,NA,SAN BERNARDINO,RIALTO,-117.37042,34.12296648
7141236,2015,2016-12-06,3609,2015-11-16,0859,6367,132,1,5,5,3609,0,0,0,NA,0,003,FOOTHILL BL,CEDAR AV,596,W,N,A,-,N,NA,NA,NA,NA,NA,NA,NA,NA,NA,Y,4,0,1,2,A,-,09,21804,A,N,D,C,A,A,H,-,A,D,0,NA,NA,NA,NA,Y,NA,A,01,0,0,1,0,0,0,0,0,0,-,-,34.10211,-117.39241,SAN BERNARDINO,RIALTO,-117.39853313,34.10673
7061668,2015,2015-10-23,9835,2015-08-24,2210,21035,NA,1,3,9,3600,0,3,5,NA,2,034,WILLIAMS ST,4TH ST,82,W,N,A,-,N,NA,NA,NA,NA,NA,NA,NA,NA,NA,Y,2,0,2,2,A,-,03,22350,NA,N,G,B,E,A,H,-,D,D,0,Y,NA,Y,NA,Y,NA,C,02,2,0,0,0,1,0,0,0,1,-,-,NA,NA,SAN BERNARDINO,UNINCORPORATED,-116.81714621,34.90725352
7090214,2015,2015-10-07,3600,2015-09-03,2012,E3900,VC062,4,5,5,3612,0,0,0,NA,0,001,MOJAVE DR,7TH ST,0,NA,Y,A,-,N,NA,NA,NA,NA,NA,NA,NA,NA,NA,Y,3,0,2,2,A,-,12,21453,A,N,D,C,A,A,H,-,C,A,0,NA,NA,NA,NA,Y,NA,A,01,0,1,1,0,0,0,0,0,0,-,-,NA,NA,SAN BERNARDINO,VICTORVILLE,-117.30053002,34.52789011
7142607,2015,2016-09-16,3608,2015-12-16,1835,3540,NA,3,5,5,3608,0,0,0,NA,0,NA,LUGONIA AV,WASHINGTON ST,0,NA,Y,A,-,N,NA,NA,NA,NA,NA,NA,NA,NA,NA,Y,4,0,1,2,A,-,09,21800,A,N,D,C,A,A,H,-,C,D,0,NA,NA,NA,NA,Y,NA,D,22,0,0,1,0,0,0,0,0,0,-,-,NA,NA,SAN BERNARDINO,REDLANDS,-117.18357006,34.0700501
7145267,2015,2015-12-28,3609,2015-11-27,1815,3156,160,5,5,5,3609,0,0,0,NA,0,004,BLOOMINGTON AV,WILLOW AV,0,NA,Y,A,-,N,NA,NA,NA,NA,NA,NA,NA,NA,NA,N,4,0,2,2,D,-,00,NA,NA,N,D,C,A,A,-,-,C,A,0,NA,NA,NA,NA,Y,NA,-,-,0,0,2,0,0,0,0,0,0,-,-,NA,NA,SAN BERNARDINO,RIALTO,-117.37468012,34.0887601
7148055,2015,2017-01-23,3600,2015-12-17,1915,3900,NA,4,5,5,3612,0,0,0,NA,0,001,D ST,RT 15,0,NA,N,A,-,Y,SBD,8,15,-,-,43.277,R,4,N,N,4,0,1,2,A,-,03,22350,NA,N,C,C,A,A,H,-,C,A,0,NA,NA,NA,NA,Y,NA,A,01,0,0,1,0,0,0,0,0,0,-,SO,NA,NA,SAN BERNARDINO,VICTORVILLE,-117.30330899,34.54372414
7149000,2015,2016-02-01,3605,2015-12-23,0909,376,NA,3,5,4,3605,0,0,0,NA,0,NA,CENTRAL AV,MONTCLAIR PLAZA LN,0,NA,Y,A,-,N,NA,NA,NA,NA,NA,NA,NA,NA,NA,Y,3,0,1,2,A,-,12,21453,A,N,D,C,A,A,H,-,A,A,0,NA,NA,NA,NA,Y,NA,A,07,0,1,0,0,0,0,0,0,0,-,-,NA,NA,SAN BERNARDINO,MONTCLAIR,-117.68968642,34.08980768
7149049,2015,2017-02-02,3609,2015-12-12,1502,1514,55,6,5,5,3609,0,0,0,NA,0,001,AYALA AV,RT 210,10,N,N,A,-,Y,SBD,8,210,-,-,17.704,R,4,W,Y,3,0,1,2,A,-,12,21453,NA,N,D,C,A,A,H,-,A,A,0,NA,NA,NA,NA,Y,NA,A,01,0,1,0,0,0,0,0,0,0,-,WO,NA,NA,SAN BERNARDINO,RIALTO,-117.38765081,34.13595693
7150104,2015,2017-02-04,3608,2015-12-19,1533,4389,3608,6,5,5,3608,0,0,0,NA,0,NA,RT 38,UNIVERSITY ST,0,NA,Y,B,-,Y,SBD,8,38,-,-,1.445,I,5,E,Y,3,0,2,2,A,-,09,21801,A,N,D,C,A,A,H,-,A,A,0,NA,NA,NA,NA,Y,NA,A,01,0,2,0,0,0,0,0,0,0,-,-,NA,NA,SAN BERNARDINO,REDLANDS,-117.16722388,34.07005437
7150112,2015,2016-01-11,3604,2015-12-08,0838,744,NA,2,5,6,3604,0,0,0,NA,0,NA,SIERRA AV,SLOVER AV,30,N,N,A,-,N,NA,NA,NA,NA,NA,NA,NA,NA,NA,N,4,0,3,2,A,-,03,22350,NA,N,C,C,A,A,H,-,A,A,0,NA,NA,NA,NA,Y,NA,A,07,0,0,3,0,0,0,0,0,0,-,-,NA,NA,SAN BERNARDINO,FONTANA,-117.43573131,34.06318219
7150116,2015,2016-01-11,3604,2015-12-06,1456,680,NA,7,5,6,3604,0,0,0,NA,0,NA,SIERRA,PERMANENTE DR,150,S,N,A,-,N,NA,NA,NA,NA,NA,NA,NA,NA,NA,N,4,0,2,2,A,-,03,22350,NA,N,C,C,A,A,H,-,A,D,0,NA,NA,NA,NA,Y,NA,A,07,0,0,2,0,0,0,0,0,0,-,-,NA,NA,SAN BERNARDINO,FONTANA,-117.43567,34.072219
7090218,2015,2015-10-07,3600,2015-09-03,1321,S3887,VC063,4,5,5,3612,0,0,0,NA,0,003,11TH AV,TOKAY ST,0,NA,Y,A,-,N,NA,NA,NA,NA,NA,NA,NA,NA,NA,Y,4,0,5,2,A,-,09,21802,A,N,A,C,A,A,H,-,A,A,0,NA,NA,NA,NA,Y,NA,A,01,0,0,5,0,0,0,0,0,0,-,-,NA,NA,SAN BERNARDINO,VICTORVILLE,-117.32118005,34.4723701
7151776,2015,2016-01-23,3600,2015-12-18,0917,E7439,HE418,5,5,5,3619,0,0,0,NA,0,HE4,ARCADIA AV,MECCA ST,0,NA,Y,A,-,N,NA,NA,NA,NA,NA,NA,NA,NA,NA,N,3,0,1,2,A,-,09,21802,A,N,D,C,A,A,H,-,A,A,0,NA,NA,NA,NA,Y,NA,-,NA,0,1,0,0,0,0,0,0,0,-,-,NA,NA,SAN BERNARDINO,HESPERIA,-117.2588601,34.3959801
7151800,2015,2016-01-27,3600,2015-12-15,1648,D6180,HE133,2,5,5,3619,0,0,0,NA,0,NA,HESPERIA RD,SMOKE TREE ST,0,NA,Y,A,-,N,NA,NA,NA,NA,NA,NA,NA,NA,NA,Y,4,0,1,2,A,-,08,22100,A,N,-,C,A,A,H,-,C,A,0,NA,NA,NA,NA,Y,NA,A,01,0,0,1,0,0,0,0,0,0,-,-,NA,NA,SAN BERNARDINO,HESPERIA,-117.30125,34.42540003
7151821,2015,2016-01-19,3602,2015-11-23,2139,3495,NA,1,5,5,3602,0,0,0,NA,0,003,EDISON AV,CENTRAL AV,310,W,N,A,-,N,NA,NA,NA,NA,NA,NA,NA,NA,NA,N,3,0,1,2,A,-,01,23152,A,N,C,C,A,A,H,-,D,D,0,NA,NA,NA,Y,Y,Y,A,01,0,1,0,0,0,0,0,0,0,-,-,NA,NA,SAN BERNARDINO,CHINO,-117.69013011,33.99729
7152163,2015,2016-01-13,3609,2015-12-10,1830,9632,88,4,5,5,3609,0,0,0,NA,0,001,N ALDER AV,WEST BASELINE RD,577,N,N,A,-,N,NA,NA,NA,NA,NA,NA,NA,NA,NA,Y,4,0,1,2,A,-,01,23152,A,N,C,C,A,A,H,-,E,D,0,NA,NA,NA,NA,Y,Y,A,01,0,0,1,0,0,0,0,0,0,-,-,34.12296,-117.41857,SAN BERNARDINO,RIALTO,-117.41856,34.12290224
7152235,2015,2016-09-16,3609,2015-12-10,1547,6367,135,4,5,5,3609,0,0,0,NA,0,003,CACTUS AV,FOOTHILL BL,0,NA,Y,A,-,N,NA,NA,NA,NA,NA,NA,NA,NA,NA,Y,3,0,1,2,A,-,09,21801,A,N,D,C,A,A,H,-,A,A,0,NA,NA,NA,NA,Y,NA,A,01,0,1,0,0,0,0,0,0,0,-,-,34.1064,-117.38679,SAN BERNARDINO,RIALTO,-117.38348002,34.10675003
7093982,2015,2017-02-04,3605,2015-10-07,2100,336,NA,3,5,4,3605,0,0,0,NA,0,NA,CENTRAL AV,LIGHT POLE #1232,57,N,N,A,-,Y,SBD,8,10,-,-,1.117,R,4,E,Y,4,0,2,3,A,-,03,22350,NA,N,-,C,A,A,H,-,B,A,0,NA,NA,NA,NA,Y,NA,A,01,0,0,2,0,0,0,0,0,0,-,-,NA,NA,SAN BERNARDINO,MONTCLAIR,-117.6916299,34.08452233
7154871,2015,2016-01-09,3602,2015-12-15,1533,3172,NA,2,5,5,3602,0,0,0,NA,0,001,RAMONA AV,RIVERSIDE DR,175,N,N,A,-,N,NA,NA,NA,NA,NA,NA,NA,NA,NA,N,4,0,1,2,A,-,03,22350,NA,N,C,C,A,A,H,-,A,D,0,NA,NA,NA,NA,Y,NA,A,07,0,0,1,0,0,0,0,0,0,-,-,NA,NA,SAN BERNARDINO,CHINO,-117.70676,34.01941965
7155162,2015,2016-01-12,3600,2015-12-26,1300,C2309,YC401,6,5,4,3640,0,0,0,NA,0,NA,YUCAIPA BL,16TH ST,0,NA,Y,G,-,N,NA,NA,NA,NA,NA,NA,NA,NA,NA,Y,3,0,2,2,A,-,03,22350,NA,N,C,C,A,A,G,-,A,D,0,NA,NA,NA,NA,Y,NA,A,07,0,1,1,0,0,0,0,0,0,-,-,NA,NA,SAN BERNARDINO,YUCAIPA,-117.10306008,34.03297001
7155178,2015,2016-01-12,3600,2015-12-19,1716,F8585,NE007,6,5,2,3606,0,0,0,NA,0,NA,E BROADWAY ST,CIBOLA,0,NA,Y,A,-,N,NA,NA,NA,NA,NA,NA,NA,NA,NA,Y,4,0,2,2,A,-,03,22350,NA,N,C,C,A,A,H,-,C,-,0,NA,NA,NA,NA,Y,NA,-,NA,0,0,2,0,0,0,0,0,0,-,-,NA,NA,SAN BERNARDINO,NEEDLES,-114.59704007,34.83454008
7096229,2015,2015-10-29,3607,2015-09-08,1451,80317,331,2,5,6,3607,0,0,0,NA,0,MILLS,MILLIKEN AV,FOURTH ST,0,NA,Y,A,-,N,NA,NA,NA,NA,NA,NA,NA,NA,NA,N,4,0,1,2,A,-,10,21950,A,N,G,B,A,A,H,-,A,A,0,NA,NA,NA,NA,Y,NA,-,NA,0,0,1,0,0,0,0,0,0,-,-,NA,NA,SAN BERNARDINO,ONTARIO,-117.55840003,34.07717011