CASE_ID,ACCIDENT_YEAR,PROC_DATE,JURIS,COLLISION_DATE,COLLISION_TIME,OFFICER_ID,REPORTING_DISTRICT,DAY_OF_WEEK,CHP_SHIFT,POPULATION,CNTY_CITY_LOC,SPECIAL_COND,BEAT_TYPE,CHP_BEAT_TYPE,CITY_DIVISION_LAPD,CHP_BEAT_CLASS,BEAT_NUMBER,PRIMARY_RD,SECONDARY_RD,DISTANCE,DIRECTION,INTERSECTION,WEATHER_1,WEATHER_2,STATE_HWY_IND,CALTRANS_COUNTY,CALTRANS_DISTRICT,STATE_ROUTE,ROUTE_SUFFIX,POSTMILE_PREFIX,POSTMILE,LOCATION_TYPE,RAMP_INTERSECTION,SIDE_OF_HWY,TOW_AWAY,COLLISION_SEVERITY,NUMBER_KILLED,NUMBER_INJURED,PARTY_COUNT,PRIMARY_COLL_FACTOR,PCF_CODE_OF_VIOL,PCF_VIOL_CATEGORY,PCF_VIOLATION,PCF_VIOL_SUBSECTION,HIT_AND_RUN,TYPE_OF_COLLISION,MVIW,PED_ACTION,ROAD_SURFACE,ROAD_COND_1,ROAD_COND_2,LIGHTING,CONTROL_DEVICE,CHP_ROAD_TYPE,PEDESTRIAN_ACCIDENT,BICYCLE_ACCIDENT,MOTORCYCLE_ACCIDENT,TRUCK_ACCIDENT,NOT_PRIVATE_PROPERTY,ALCOHOL_INVOLVED,STWD_VEHTYPE_AT_FAULT,CHP_VEHTYPE_AT_FAULT,COUNT_SEVERE_INJ,COUNT_VISIBLE_INJ,COUNT_COMPLAINT_PAIN,COUNT_PED_KILLED,COUNT_PED_INJURED,COUNT_BICYCLIST_KILLED,COUNT_BICYCLIST_INJURED,COUNT_MC_KILLED,COUNT_MC_INJURED,PRIMARY_RAMP,SECONDARY_RAMP,LATITUDE,LONGITUDE,COUNTY,CITY,POINT_X,POINT_Y
81724986,2022,2022-03-17,3611,2022-01-29,2020,3417,3611,6,5,5,3611,0,0,0,NA,0,002,MOUNTAIN AVE,8TH ST,235,N,N,A,-,N,NA,NA,NA,NA,NA,NA,NA,NA,NA,N,2,0,1,3,A,-,08,22107,NA,N,E,I,A,A,H,-,C,D,0,NA,NA,Y,NA,Y,NA,C,02,1,0,0,0,0,0,0,0,1,-,-,NA,NA,SAN BERNARDINO,UPLAND,-117.67022705078124,34.093040466308594
8173413,2016,2016-11-18,3600,2016-10-16,0604,U0068,YC403,7,5,4,3640,0,0,0,NA,0,NA,14TH ST,AVENUE D,656,S,N,A,-,N,NA,NA,NA,NA,NA,NA,NA,NA,NA,Y,3,0,1,1,A,-,03,22350,NA,N,A,I,A,A,H,-,D,D,0,NA,NA,NA,NA,Y,NA,A,08,0,1,0,0,0,0,0,0,0,-,-,NA,NA,SAN BERNARDINO,YUCAIPA,-117.09545,34.02844328
81740801,2022,2022-04-05,3611,2022-01-14,2254,3397,3611,5,5,5,3611,0,0,0,NA,0,001,FOOTHILL BLVD,BENSON AVE,0,NA,Y,A,-,N,NA,NA,NA,NA,NA,NA,NA,NA,NA,Y,2,0,1,2,A,-,12,21453,A,N,B,C,A,A,H,-,C,A,0,NA,NA,NA,NA,Y,NA,A,01,1,0,0,0,0,0,0,0,0,-,-,NA,NA,SAN BERNARDINO,UPLAND,-117.68084716796876,34.10688781738281
81744605,2022,2022-04-11,3607,2022-03-28,0810,80501,255,1,5,6,3607,0,0,0,NA,0,062,CAMPUS AV,OAK HILL ST,0,NA,Y,B,-,N,NA,NA,NA,NA,NA,NA,NA,NA,NA,Y,4,0,2,2,A,-,09,21802,A,N,D,C,A,A,H,-,A,A,0,NA,NA,NA,NA,Y,NA,A,01,0,0,2,0,0,0,0,0,0,-,-,NA,NA,SAN BERNARDINO,ONTARIO,-117.64147186279295,34.028785705566406
81746814,2022,2022-04-13,3609,2022-03-07,0620,01323,143,1,5,5,3609,0,0,0,NA,0,003,RIALTO AVE,LINDEN AVE,626,W,N,A,-,N,NA,NA,NA,NA,NA,NA,NA,NA,NA,Y,4,0,1,2,A,-,09,21804,A,N,D,C,A,A,H,-,A,D,0,NA,NA,NA,NA,Y,NA,A,07,0,0,1,0,0,0,0,0,0,-,-,34.09952163696289,-117.40086364746094,SAN BERNARDINO,RIALTO,-117.4029541015625,34.099491119384766
81746835,2022,2022-04-13,3611,2022-03-10,0814,3385,3611,4,5,5,3611,0,0,0,NA,0,001,FOOTHILL BLVD,SAN ANTONIO AVE,325,E,N,A,B,N,NA,NA,NA,NA,NA,NA,NA,NA,NA,Y,4,0,2,3,A,-,03,22350,NA,N,C,C,A,A,H,-,A,A,0,NA,NA,NA,NA,Y,NA,A,01,0,0,2,0,0,0,0,0,0,-,-,NA,NA,SAN BERNARDINO,UPLAND,-117.65987396240234,34.10723114013672
81749702,2022,2022-04-18,3609,2022-01-01,1406,01944,136,6,5,5,3609,0,0,0,NA,0,003,LILAC AVE,RIALTO AVE,1039,S,N,-,-,N,NA,NA,NA,NA,NA,NA,NA,NA,NA,Y,2,0,1,2,A,-,01,23152,A,N,D,F,A,A,H,-,A,A,0,NA,NA,NA,NA,Y,NA,A,01,1,0,0,0,0,0,0,0,0,-,-,34.09952926635742,-117.37918853759766,SAN BERNARDINO,RIALTO,-117.37908172607422,34.09667205810547
8174977,2016,2017-01-09,3611,2016-09-27,0735,2325,3611,2,5,5,3611,0,0,0,NA,0,001,BASELINE ST,CENTRAL AV,463,E,N,A,-,N,NA,NA,NA,NA,NA,NA,NA,NA,NA,Y,3,0,3,3,A,-,03,22350,NA,N,C,C,A,A,D,E,A,A,0,NA,NA,NA,NA,Y,NA,A,01,0,1,2,0,0,0,0,0,0,-,-,NA,NA,SAN BERNARDINO,UPLAND,-117.687757,34.121556
8175078,2016,2016-11-29,3604,2016-11-10,1351,473,NA,4,5,6,3604,0,0,0,NA,0,NA,ALDER AV,MARYGOLD AV,0,NA,Y,A,-,N,NA,NA,NA,NA,NA,NA,NA,NA,NA,Y,4,0,2,2,A,-,12,22450,A,N,D,C,A,A,H,-,A,A,0,NA,NA,NA,NA,Y,NA,A,01,0,0,2,0,0,0,0,0,0,-,-,NA,NA,SAN BERNARDINO,FONTANA,-117.41825008000001,34.07404003
8175114,2016,2016-11-29,3604,2016-11-10,1002,683,NA,4,5,6,3604,0,0,0,NA,0,NA,SIERRA,MERRILL,0,NA,Y,A,-,N,NA,NA,NA,NA,NA,NA,NA,NA,NA,N,4,0,1,2,A,-,10,21950,A,N,G,B,B,A,H,-,A,A,0,Y,NA,NA,NA,Y,NA,A,01,0,0,1,0,1,0,0,0,0,-,-,NA,NA,SAN BERNARDINO,FONTANA,-117.43572011,34.09213008
81391095,2020,2021-01-20,3607,2020-01-10,1529,80508,400,5,5,6,3607,0,0,0,NA,0,062,RIVERSIDE DR,BON VIEW AV,0,NA,Y,A,-,N,NA,NA,NA,NA,NA,NA,NA,NA,NA,Y,4,0,1,2,A,-,09,21802,A,N,D,C,A,A,H,-,A,D,0,NA,NA,NA,NA,Y,NA,A,01,0,0,1,0,0,0,0,0,0,-,-,NA,NA,SAN BERNARDINO,ONTARIO,-117.63700103759766,34.01942825317383
8139169,2016,2016-12-01,3600,2016-10-19,1447,F4486,TW005,3,5,3,3617,0,0,0,NA,0,0TW,ADOBE RD,CONDOR RD,0,NA,Y,A,-,N,NA,NA,NA,NA,NA,NA,NA,NA,NA,Y,4,0,2,3,A,-,12,21453,A,N,A,C,A,A,H,-,A,A,0,NA,NA,NA,NA,Y,NA,-,NA,0,0,2,0,0,0,0,0,0,-,-,NA,NA,SAN BERNARDINO,TWENTYNINE PALMS,-116.05404007,34.18839011
81758424,2022,2022-04-28,3607,2022-04-20,1251,80548,90,3,5,6,3607,0,0,0,NA,0,021,EUCLID AV,G ST,10,N,N,A,-,Y,NA,NA,NA,NA,NA,NA,NA,NA,NA,Y,4,0,1,2,A,-,03,22350,NA,N,C,C,A,A,H,-,A,A,0,NA,NA,NA,NA,Y,NA,H,13,0,0,1,0,0,0,0,0,0,-,-,NA,NA,SAN BERNARDINO,ONTARIO,-117.65084838867188,34.07062911987305
81761638,2022,2022-05-02,3602,2022-04-08,1617,3276,3602,5,5,5,3602,0,0,0,NA,0,002,MOUNTAIN AVE,CHINO AVE,0,NA,Y,A,-,N,NA,NA,NA,NA,NA,NA,NA,NA,NA,Y,3,0,2,2,A,-,12,21453,A,N,D,C,A,A,H,-,A,A,0,NA,NA,NA,NA,Y,NA,A,01,0,1,1,0,0,0,0,0,0,-,-,34.01197814941406,-117.66748046875,SAN BERNARDINO,CHINO,-117.66744232177734,34.011962890625
8176176,2016,2016-12-01,3604,2016-11-20,1459,1147,NA,7,5,6,3604,0,0,0,NA,0,NA,SOUTH HIGHLAND,KNOX,0,NA,Y,A,B,N,NA,NA,NA,NA,NA,NA,NA,NA,NA,Y,3,0,2,2,A,-,09,21802,A,N,D,C,A,A,H,-,A,A,0,NA,NA,NA,NA,Y,NA,D,22,0,1,1,0,0,0,0,0,0,-,-,NA,NA,SAN BERNARDINO,FONTANA,-117.46192003,34.13446009
81762834,2022,2022-05-03,3607,2022-04-13,1719,20000,324,3,5,6,3607,0,0,0,NA,0,041,ARCHIBALD AV,FOURTH ST,300,S,N,A,-,N,NA,NA,NA,NA,NA,NA,NA,NA,NA,N,4,0,2,3,A,-,03,22350,NA,M,C,C,A,A,H,-,A,D,0,NA,NA,NA,NA,Y,Y,A,01,0,0,2,0,0,0,0,0,0,-,-,NA,NA,SAN BERNARDINO,ONTARIO,-117.59339904785156,34.07666778564453
8140176,2016,2016-10-11,3601,2016-09-24,2103,P81,BARST,6,5,3,3601,0,0,0,NA,0,PATROL,E WILLIAMS ST,S 2ND AVE,151,E,N,A,-,N,NA,NA,NA,NA,NA,NA,NA,NA,NA,Y,4,0,1,1,A,-,00,23123,A,N,E,I,A,A,H,-,C,A,0,NA,NA,NA,NA,Y,NA,A,01,0,0,1,0,0,0,0,0,0,-,-,NA,NA,SAN BERNARDINO,BARSTOW,-117.02568812,34.89763309
8176407,2016,2016-12-01,3610,2016-11-14,1510,50965,NA,1,5,6,3610,0,0,0,NA,0,DAVID,E HARRIMAN PL,HOSPITALITY LN,153,E,N,A,-,N,NA,NA,NA,NA,NA,NA,NA,NA,NA,Y,4,0,2,2,A,-,09,21801,B,N,D,C,A,A,H,-,A,D,0,NA,NA,NA,NA,Y,NA,A,01,0,0,2,0,0,0,0,0,0,-,-,34.06643,-117.26961,SAN BERNARDINO,SAN BERNARDINO,-117.2693251,34.06617592
8176419,2016,2016-12-01,3610,2016-11-07,1849,50802,NA,1,5,6,3610,0,0,0,NA,0,CHARLI,E MESQUITE DR,JOSHUA CT,48,N,N,A,-,N,NA,NA,NA,NA,NA,NA,NA,NA,NA,Y,4,0,4,1,A,-,08,22107,NA,N,B,I,A,A,H,-,C,D,0,NA,NA,NA,NA,Y,NA,A,07,0,0,4,0,0,0,0,0,0,-,-,34.1533,-117.23595,SAN BERNARDINO,SAN BERNARDINO,-117.23562407,34.15288426
81774694,2022,2022-05-18,3607,2022-04-19,1932,20393,19,2,5,6,3607,0,0,0,NA,0,031,SIXTH ST,VINEYARD AV,6,W,N,A,-,N,NA,NA,NA,NA,NA,NA,NA,NA,NA,N,4,0,2,2,A,-,08,22107,NA,N,D,C,A,A,H,-,A,A,0,NA,NA,NA,NA,Y,NA,A,01,0,0,2,0,0,0,0,0,0,-,-,NA,NA,SAN BERNARDINO,ONTARIO,-117.61122894287108,34.08488845825195
81776391,2022,2022-05-20,3609,2022-04-03,1145,02055,155,7,5,5,3609,0,0,0,NA,0,003,CEDAR AVE,ALRU ST,60,S,N,A,-,N,NA,NA,NA,NA,NA,NA,NA,NA,NA,Y,4,0,1,2,A,-,08,22107,NA,N,B,C,A,A,H,-,A,A,0,NA,NA,NA,NA,Y,NA,A,01,0,0,1,0,0,0,0,0,0,-,-,34.087188720703125,-117.39649200439452,SAN BERNARDINO,RIALTO,-117.3965301513672,34.08701705932617
81776413,2022,2022-05-20,3609,2022-04-24,2059,02055,95,7,5,5,3609,0,0,0,NA,0,001,AYALA DR,FITZGERALD AVE,80,N,N,A,-,N,NA,NA,NA,NA,NA,NA,NA,NA,NA,Y,4,0,1,2,A,-,09,21802,A,N,C,C,A,A,H,-,C,A,0,NA,NA,NA,NA,Y,NA,A,01,0,0,1,0,0,0,0,0,0,-,-,34.12554931640625,-117.3939971923828,SAN BERNARDINO,RIALTO,-117.39373016357422,34.125701904296875
8177908,2016,2016-12-12,3610,2016-11-09,1434,50680,NA,3,5,6,3610,0,0,0,NA,0,CHARLI,EAST HIGHLAND AV,NORTH LUGO ST,0,NA,Y,A,-,N,NA,NA,NA,NA,NA,NA,NA,NA,NA,Y,4,0,1,2,A,I,08,22100,A,N,C,C,A,-,H,-,-,A,0,NA,NA,NA,NA,Y,NA,A,01,0,0,1,0,0,0,0,0,0,-,-,34.13599,-117.28426,SAN BERNARDINO,SAN BERNARDINO,-117.28390011,34.13595004
81782852,2022,2022-05-27,3611,2022-03-15,1706,3362,3611,2,5,5,3611,0,0,0,NA,0,003,CAMPUS AVE,14TH ST,0,NA,Y,A,-,N,NA,NA,NA,NA,NA,NA,NA,NA,NA,N,3,0,3,2,D,-,00,NA,NA,N,D,C,A,A,H,-,A,A,0,NA,NA,NA,NA,Y,NA,-,-,0,1,2,0,0,0,0,0,0,-,-,NA,NA,SAN BERNARDINO,UPLAND,-117.64154815673828,34.11430358886719
81414854,2020,2021-02-25,3607,2020-12-27,2243,19890,136,7,5,6,3607,0,0,0,NA,0,032,HOLT BL,CORONA AV,1260,W,N,B,-,N,NA,NA,NA,NA,NA,NA,NA,NA,NA,Y,2,0,1,2,A,-,11,21954,A,N,G,B,D,A,H,-,C,D,0,Y,NA,NA,NA,Y,NA,N,60,1,0,0,0,1,0,0,0,0,-,-,NA,NA,SAN BERNARDINO,ONTARIO,-117.61756896972656,34.06346130371094
8143147,2016,2016-10-26,3610,2016-09-12,1525,51003,NA,1,5,6,3610,0,0,0,NA,0,NA,N GOLDEN AV,E PUMALO ST,0,NA,Y,A,-,N,NA,NA,NA,NA,NA,NA,NA,NA,NA,Y,4,0,1,2,A,-,08,22107,NA,N,C,E,A,A,H,-,A,D,0,NA,NA,NA,NA,Y,Y,A,08,0,0,1,0,0,0,0,0,0,-,-,34.13862,-117.26112,SAN BERNARDINO,SAN BERNARDINO,-117.26112006,34.13855008
81787451,2022,2022-06-03,3611,2022-01-25,1616,3025,3611,2,5,5,3611,0,0,0,NA,0,004,11TH AVE,7TH ST,0,NA,Y,A,-,N,NA,NA,NA,NA,NA,NA,NA,NA,NA,N,4,0,2,2,A,-,09,21801,A,N,D,C,A,A,H,-,A,A,0,NA,NA,NA,NA,Y,NA,A,01,0,0,2,0,0,0,0,0,0,-,-,NA,NA,SAN BERNARDINO,UPLAND,-117.63671112060548,34.08884048461914
8144407,2016,2016-12-22,3600,2016-10-29,0307,F7766,HE104,6,5,5,3619,0,0,0,NA,0,HE1,BEAR VALLEY RD,2ND AV,0,NA,Y,A,-,N,NA,NA,NA,NA,NA,NA,NA,NA,NA,Y,4,0,1,1,D,-,00,NA,NA,N,A,I,A,A,H,-,C,A,0,NA,NA,NA,NA,Y,NA,-,-,0,0,1,0,0,0,0,0,0,-,-,NA,NA,SAN BERNARDINO,HESPERIA,-117.29922003,34.47088007
81796300,2022,2022-06-16,3607,2022-06-05,1602,80334,326,7,5,6,3607,0,0,0,NA,0,041,INLAND EMPIRE BL,ARCHIBALD AV,50,E,N,A,-,N,NA,NA,NA,NA,NA,NA,NA,NA,NA,Y,4,0,1,3,A,-,03,22350,NA,M,C,C,A,A,H,-,A,A,0,NA,NA,NA,NA,Y,NA,A,01,0,0,1,0,0,0,0,0,0,-,-,NA,NA,SAN BERNARDINO,ONTARIO,-117.59332275390624,34.07025146484375
81798450,2022,2022-06-20,3602,2022-05-06,1233,4152,NA,5,5,5,3602,0,0,0,NA,0,001,MONTE VISTA AVE,SCHAEFER AVENUE,978,S,N,A,-,N,NA,NA,NA,NA,NA,NA,NA,NA,NA,Y,3,0,1,2,A,-,13,22500,A,N,C,C,A,A,H,-,A,D,0,NA,NA,NA,NA,Y,NA,-,31,0,1,0,0,0,0,0,0,0,-,-,34.001670837402344,-117.69795989990234,SAN BERNARDINO,CHINO,-117.69785308837892,34.00178146362305
81798456,2022,2022-06-20,3602,2022-05-19,1449,4256,NA,4,5,5,3602,0,0,0,NA,0,001,WALNUT AVE,LORAINE AVE,0,NA,Y,A,-,N,NA,NA,NA,NA,NA,NA,NA,NA,NA,Y,4,0,1,2,A,-,08,22100,5,N,D,C,A,A,H,-,A,D,0,NA,NA,NA,NA,Y,NA,A,01,0,0,1,0,0,0,0,0,0,-,-,34.02975082397461,-117.70584106445313,SAN BERNARDINO,CHINO,-117.70579528808594,34.02619171142578
8180277,2016,2016-12-02,3611,2016-09-04,1435,2847,3611,7,5,5,3611,0,0,0,NA,0,002,MOUNTAIN AV,7TH ST,0,NA,Y,A,-,N,NA,NA,NA,NA,NA,NA,NA,NA,NA,Y,4,0,2,2,A,-,12,21453,A,N,D,C,A,A,H,-,A,A,0,NA,NA,NA,NA,Y,NA,A,01,0,0,2,0,0,0,0,0,0,-,-,NA,NA,SAN BERNARDINO,UPLAND,-117.67013012,34.08877008
8180317,2016,2016-12-22,3611,2016-09-10,0805,2990,3611,6,5,5,3611,0,0,0,NA,0,004,FOOTHILL BL,CAMPUS AV,30,W,N,A,-,N,NA,NA,NA,NA,NA,NA,NA,NA,NA,Y,4,0,1,2,A,-,03,22350,NA,N,C,C,A,A,H,-,A,A,0,NA,NA,NA,NA,Y,NA,A,01,0,0,1,0,0,0,0,0,0,-,-,NA,NA,SAN BERNARDINO,UPLAND,-117.64161884,34.10703901
81803187,2022,2022-06-27,3602,2022-05-31,1617,4170,31,2,5,5,3602,0,0,0,NA,0,002,CENTRAL AVENUE (12300 BLOCK),COLOMBUS ST,313,N,N,A,-,N,NA,NA,NA,NA,NA,NA,NA,NA,NA,N,4,0,1,2,A,-,03,22350,NA,N,C,C,A,A,H,-,A,A,0,NA,NA,NA,NA,Y,NA,A,01,0,0,1,0,0,0,0,0,0,-,-,NA,NA,SAN BERNARDINO,CHINO,-117.6894989013672,34.02899932861328
81803193,2022,2022-06-27,3602,2022-06-10,0421,3079,146,5,5,5,3602,0,0,0,NA,0,003,KIMBALL AVENUE,EUCLID AVENUE,865,E,N,A,-,N,NA,NA,NA,NA,NA,NA,NA,NA,NA,Y,3,0,1,2,A,-,08,22107,NA,N,D,C,A,A,D,-,C,A,0,NA,NA,NA,NA,Y,NA,A,01,0,1,0,0,0,0,0,0,0,-,-,33.96820068359375,-117.64762878417967,SAN BERNARDINO,CHINO,-117.64793395996094,33.96828842163086
81803496,2022,2022-06-27,3607,2022-05-11,0525,20848,159,3,5,6,3607,0,0,0,NA,0,061,EUCLID AV,MISSION BL,0,NA,Y,A,-,N,NA,NA,NA,NA,NA,NA,NA,NA,NA,Y,4,0,1,2,A,-,12,21453,A,N,D,C,A,A,H,-,A,A,0,NA,NA,NA,NA,Y,NA,A,01,0,0,1,0,0,0,0,0,0,-,-,NA,NA,SAN BERNARDINO,ONTARIO,-117.65113067626952,34.05488586425781
8144427,2016,2017-03-01,3609,2016-11-14,2109,0456,NA,1,5,5,3609,0,0,0,NA,0,003,CACTUS AV,RANDALL AV,0,NA,Y,A,-,N,NA,NA,NA,NA,NA,NA,NA,NA,NA,Y,3,0,1,2,A,-,09,21801,A,N,A,C,A,A,H,-,C,A,0,NA,NA,NA,NA,Y,NA,A,01,0,1,0,0,0,0,0,0,0,-,-,34.0848,-117.3838,SAN BERNARDINO,RIALTO,-117.38343004,34.08499011
8180988,2016,2017-05-03,3607,2016-11-04,1336,80313,142,5,5,6,3607,0,0,0,NA,0,041,HAVEN AV,RT 10,0,NA,Y,A,-,Y,SBD,8,10,-,-,8.002,R,4,E,Y,3,0,1,2,A,-,12,21453,A,N,D,C,A,A,H,-,A,A,0,NA,NA,NA,NA,Y,NA,-,NA,0,1,0,0,0,0,0,0,0,-,EF,NA,NA,SAN BERNARDINO,ONTARIO,-117.57868101,34.06747437
8158815,2016,2016-11-03,3600,2016-10-25,0744,F5140,RC033,2,5,6,3616,0,0,0,NA,0,005,FERON BL,LONDON AV,56,W,N,A,-,N,NA,NA,NA,NA,NA,NA,NA,NA,NA,Y,4,0,1,2,A,-,03,22350,NA,N,C,C,A,A,H,-,A,D,0,NA,NA,NA,NA,Y,NA,A,01,0,0,1,0,0,0,0,0,0,-,-,NA,NA,SAN BERNARDINO,RANCHO CUCAMONGA,-117.59090447,34.09384
8159830,2016,2016-11-08,3603,2016-10-25,1324,CL4147,COLTO,2,5,4,3603,0,0,0,NA,0,004,RECHE CANYON RD,SCOTCH LN,300,S,N,A,-,N,NA,NA,NA,NA,NA,NA,NA,NA,NA,Y,4,0,1,2,A,-,05,21650,NA,N,B,C,A,A,H,-,A,D,0,NA,NA,NA,NA,Y,NA,A,01,0,0,1,0,0,0,0,0,0,-,-,NA,NA,SAN BERNARDINO,COLTON,-117.27086588,34.02001299
81818549,2022,2022-07-18,3611,2022-04-08,0503,3419,3611,5,5,5,3611,0,0,0,NA,0,002,HARRINGTON AVE,7TH ST,0,NA,Y,B,-,N,NA,NA,NA,NA,NA,NA,NA,NA,NA,Y,3,0,1,1,A,-,03,22350,NA,N,E,I,A,A,H,-,C,D,0,NA,NA,NA,NA,Y,NA,A,01,0,1,0,0,0,0,0,0,0,-,-,NA,NA,SAN BERNARDINO,UPLAND,-117.66789245605467,34.08903884887695
81622283,2021,2021-11-11,3607,2021-10-17,0858,20470,255,7,5,6,3607,0,0,0,NA,0,062,CAMPUS AV,OAK HILL ST,0,NA,Y,A,-,N,NA,NA,NA,NA,NA,NA,NA,NA,NA,Y,3,0,1,2,A,-,09,21801,A,N,D,C,A,A,H,-,A,D,0,NA,NA,NA,NA,Y,NA,D,22,0,1,0,0,0,0,0,0,0,-,-,NA,NA,SAN BERNARDINO,ONTARIO,-117.64147186279295,34.028785705566406
81818757,2022,2022-07-18,3602,2022-06-21,1217,4190,NA,2,5,5,3602,0,0,0,NA,0,001,EDISON AVE,TELEPHONE AVE,42,E,N,A,-,N,NA,NA,NA,NA,NA,NA,NA,NA,NA,Y,3,0,2,2,A,-,09,21801,A,N,D,C,A,A,H,-,A,D,0,NA,NA,NA,NA,Y,NA,A,01,0,1,1,0,0,0,0,0,0,-,-,33.99726867675781,-117.69338989257813,SAN BERNARDINO,CHINO,-117.69321441650392,33.99728012084961
81833635,2022,2022-08-05,3611,2022-05-20,2045,3308,3611,5,5,5,3611,0,0,0,NA,0,002,SAN ANTONIO AVE,8TH ST,0,NA,Y,A,-,N,NA,NA,NA,NA,NA,NA,NA,NA,NA,Y,3,0,2,2,A,-,12,21453,A,N,D,C,A,B,H,-,C,A,0,NA,NA,NA,NA,Y,NA,-,-,0,1,1,0,0,0,0,0,0,-,-,NA,NA,SAN BERNARDINO,UPLAND,-117.66072082519533,34.09246063232422
81834836,2022,2022-08-08,3607,2022-07-21,0947,20392,41,4,5,6,3607,0,0,0,NA,0,142,HAVEN AV,GUASTI RD,0,NA,Y,A,-,N,NA,NA,NA,NA,NA,NA,NA,NA,NA,Y,4,0,5,2,A,-,12,21453,A,N,D,C,A,A,H,-,A,A,0,NA,NA,NA,NA,Y,NA,A,01,0,0,5,0,0,0,0,0,0,-,-,NA,NA,SAN BERNARDINO,ONTARIO,-117.57589721679688,34.064857482910156
81836858,2022,2022-08-10,3607,2022-06-21,1851,19893,156,2,5,6,3607,0,0,0,NA,0,051,PARK ST,OAKLAND AV,0,NA,Y,A,-,N,NA,NA,NA,NA,NA,NA,NA,NA,NA,N,4,0,1,2,A,-,12,22450,A,N,D,G,A,A,H,-,A,A,0,NA,Y,NA,NA,Y,NA,L,04,0,0,1,0,0,0,1,0,0,-,-,NA,NA,SAN BERNARDINO,ONTARIO,-117.65824127197266,34.05891418457031
81627926,2021,2021-11-18,3607,2021-08-22,1646,80310,21,7,5,6,3607,0,0,0,NA,0,010,EUCLID AV,SIXTH ST,0,NA,Y,A,-,Y,NA,NA,NA,NA,NA,NA,NA,NA,NA,Y,1,1,3,5,A,-,12,21453,A,N,D,C,A,A,H,-,A,A,0,NA,NA,Y,NA,Y,NA,A,01,1,2,0,0,0,0,0,1,2,-,-,NA,NA,SAN BERNARDINO,ONTARIO,-117.65093231201172,34.08518600463867
81839923,2022,2022-08-15,3609,2022-07-25,1119,01733,127,1,5,5,3609,0,0,0,NA,0,002,RIVERSIDE AVE,FOOTHILL BLVD (W),0,NA,Y,A,-,Y,NA,NA,NA,NA,NA,NA,NA,NA,NA,N,3,0,1,2,A,-,06,21755,A,N,D,G,A,A,D,-,A,A,0,NA,Y,NA,NA,Y,NA,L,04,0,1,0,0,0,0,1,0,0,-,-,34.106788635253906,-117.37052917480467,SAN BERNARDINO,RIALTO,-117.3703842163086,34.10675811767578
81844914,2022,2022-08-22,3609,2022-07-12,1810,01154,152,2,5,5,3609,0,0,0,NA,0,004,SYCAMORE AVE,RIALTO AVE (S),0,NA,Y,A,-,N,NA,NA,NA,NA,NA,NA,NA,NA,NA,N,3,0,1,2,A,-,09,21802,A,N,D,C,A,A,H,-,A,A,0,NA,NA,NA,NA,Y,NA,A,01,0,1,0,0,0,0,0,0,0,-,-,34.098819732666016,-117.3657684326172,SAN BERNARDINO,RIALTO,-117.3659896850586,34.09950637817383
8163904,2016,2016-11-07,3600,2016-10-13,1444,G3225,AP007,4,5,5,3621,0,0,0,NA,0,AP2,FLATHEAD RD,PINE RIDGE AV,0,NA,Y,A,-,N,NA,NA,NA,NA,NA,NA,NA,NA,NA,Y,4,0,2,2,A,-,12,22450,A,N,D,C,A,A,H,-,A,A,0,NA,NA,NA,NA,Y,NA,A,01,0,0,2,0,0,0,0,0,0,-,-,NA,NA,SAN BERNARDINO,APPLE VALLEY,-117.20459002,34.51586002
81851409,2022,2022-08-29,3602,2022-07-26,1339,4242,NA,2,5,5,3602,0,0,0,NA,0,002,WASHINGTON AVE,CENTRAL AVE,106,E,N,A,-,N,NA,NA,NA,NA,NA,NA,NA,NA,NA,Y,4,0,1,2,A,-,09,21804,B,N,D,C,A,A,H,-,A,D,0,NA,NA,NA,NA,Y,NA,A,07,0,0,1,0,0,0,0,0,0,-,-,34.02561950683594,-117.68937683105467,SAN BERNARDINO,CHINO,-117.68910217285156,34.0219612121582
81851423,2022,2022-08-29,3607,2022-08-16,1245,21000,185,2,5,6,3607,0,0,0,NA,0,061,BELMONT ST,EUCLID AV,380,E,N,A,-,N,NA,NA,NA,NA,NA,NA,NA,NA,NA,N,3,0,3,4,A,-,11,21954,A,N,G,B,D,A,H,-,A,D,0,Y,NA,NA,NA,Y,NA,N,60,0,2,1,0,3,0,0,0,0,-,-,NA,NA,SAN BERNARDINO,ONTARIO,-117.6495361328125,34.051448822021484
81851437,2022,2022-08-29,3607,2022-08-22,1447,19893,NA,1,5,6,3607,0,0,0,NA,0,062,PHILLIPS ST,SULTANA AV,0,NA,Y,A,-,N,NA,NA,NA,NA,NA,NA,NA,NA,NA,Y,3,0,2,2,A,-,09,21802,A,N,D,C,A,A,H,-,A,A,0,NA,NA,NA,NA,Y,NA,A,07,0,2,0,0,0,0,0,0,0,-,-,NA,NA,SAN BERNARDINO,ONTARIO,-117.64598846435548,34.050682067871094
8165313,2016,2016-11-10,3610,2016-10-18,1409,50680,NA,2,5,6,3610,0,0,0,NA,0,POLICE,E DATE ST,N DEL ROSA AV,0,NA,Y,A,-,N,NA,NA,NA,NA,NA,NA,NA,NA,NA,N,4,0,1,2,A,-,03,22350,NA,M,C,C,A,A,H,-,A,A,0,NA,NA,NA,NA,Y,NA,A,01,0,0,1,0,0,0,0,0,0,-,-,34.12566,-117.30866,SAN BERNARDINO,SAN BERNARDINO,-117.25243008,34.14365004