CASE_ID,ACCIDENT_YEAR,PROC_DATE,JURIS,COLLISION_DATE,COLLISION_TIME,OFFICER_ID,REPORTING_DISTRICT,DAY_OF_WEEK,CHP_SHIFT,POPULATION,CNTY_CITY_LOC,SPECIAL_COND,BEAT_TYPE,CHP_BEAT_TYPE,CITY_DIVISION_LAPD,CHP_BEAT_CLASS,BEAT_NUMBER,PRIMARY_RD,SECONDARY_RD,DISTANCE,DIRECTION,INTERSECTION,WEATHER_1,WEATHER_2,STATE_HWY_IND,CALTRANS_COUNTY,CALTRANS_DISTRICT,STATE_ROUTE,ROUTE_SUFFIX,POSTMILE_PREFIX,POSTMILE,LOCATION_TYPE,RAMP_INTERSECTION,SIDE_OF_HWY,TOW_AWAY,COLLISION_SEVERITY,NUMBER_KILLED,NUMBER_INJURED,PARTY_COUNT,PRIMARY_COLL_FACTOR,PCF_CODE_OF_VIOL,PCF_VIOL_CATEGORY,PCF_VIOLATION,PCF_VIOL_SUBSECTION,HIT_AND_RUN,TYPE_OF_COLLISION,MVIW,PED_ACTION,ROAD_SURFACE,ROAD_COND_1,ROAD_COND_2,LIGHTING,CONTROL_DEVICE,CHP_ROAD_TYPE,PEDESTRIAN_ACCIDENT,BICYCLE_ACCIDENT,MOTORCYCLE_ACCIDENT,TRUCK_ACCIDENT,NOT_PRIVATE_PROPERTY,ALCOHOL_INVOLVED,STWD_VEHTYPE_AT_FAULT,CHP_VEHTYPE_AT_FAULT,COUNT_SEVERE_INJ,COUNT_VISIBLE_INJ,COUNT_COMPLAINT_PAIN,COUNT_PED_KILLED,COUNT_PED_INJURED,COUNT_BICYCLIST_KILLED,COUNT_BICYCLIST_INJURED,COUNT_MC_KILLED,COUNT_MC_INJURED,PRIMARY_RAMP,SECONDARY_RAMP,LATITUDE,LONGITUDE,COUNTY,CITY,POINT_X,POINT_Y
8551502,2017,2018-02-23,3611,2017-11-01,1643,2387,NA,3,5,5,3611,0,0,0,NA,0,003,CAMPUS AV,16TH ST,0,NA,Y,A,-,N,NA,NA,NA,NA,NA,NA,NA,NA,NA,Y,4,0,1,2,A,-,09,21801,A,N,D,C,A,A,H,-,A,A,0,NA,NA,NA,NA,Y,NA,A,01,0,0,1,0,0,0,0,0,0,-,-,NA,NA,SAN BERNARDINO,UPLAND,-117.64158013,34.1215601
8552585,2017,2018-06-08,3611,2017-10-21,2338,2934,NA,6,5,5,3611,0,0,0,NA,0,002,MOUNTAIN AV,ARROW HWY,0,NA,Y,A,-,N,NA,NA,NA,NA,NA,NA,NA,NA,NA,Y,4,0,6,5,A,-,01,23153,B,N,D,C,A,A,H,-,C,A,0,NA,NA,NA,NA,Y,Y,A,01,0,0,6,0,0,0,0,0,0,-,-,NA,NA,SAN BERNARDINO,UPLAND,-117.67025012,34.09967001
8554178,2018,2018-08-06,3600,2018-02-02,1829,F3634,CH009,5,5,5,3630,0,0,0,NA,0,003,CHINO HILLS PKWY,FROST AV,0,NA,Y,A,-,Y,SBD,8,142,-,R,4.14,H,-,E,Y,4,0,1,4,A,-,03,22350,NA,N,C,C,A,A,H,-,C,A,0,NA,NA,NA,NA,Y,NA,A,01,0,0,1,0,0,0,0,0,0,-,-,NA,NA,SAN BERNARDINO,CHINO HILLS,-117.73656463623048,33.981380462646484
8554369,2018,2018-08-07,3610,2018-02-08,1300,51104,NA,4,5,6,3610,0,0,0,NA,0,POLICE,N ARDEN AV,EAST HIGHLAND AV,0,NA,Y,A,-,Y,SBD,8,210,-,R,27.063,R,4,W,N,4,0,2,2,A,-,09,21804,NA,M,B,C,A,A,H,-,A,A,0,NA,NA,NA,NA,Y,NA,A,07,0,0,2,0,0,0,0,0,0,-,-,34.136329650878906,-117.23531341552734,SAN BERNARDINO,SAN BERNARDINO,-117.23165893554688,34.134212493896484
8556720,2018,2018-07-06,3609,2018-01-28,1141,3748,138,7,5,5,3609,0,0,0,NA,0,004,FOOTHILL BL,PALM AV,0,NA,Y,A,-,N,NA,NA,NA,NA,NA,NA,NA,NA,NA,Y,4,0,2,2,A,-,09,21802,A,N,D,C,A,A,H,-,A,A,0,NA,NA,NA,NA,Y,NA,A,01,0,0,2,0,0,0,0,0,0,-,-,34.10670852661133,-117.37281036376952,SAN BERNARDINO,RIALTO,-117.37286376953124,34.10675811767578
8556761,2018,2018-02-28,3609,2018-02-03,1614,9091,3609,6,5,5,3609,0,0,0,NA,0,004,S SYCAMORE AV,E MERRILL AV,90,N,N,A,-,N,NA,NA,NA,NA,NA,NA,NA,NA,NA,Y,4,0,1,2,A,-,03,22350,NA,N,C,C,A,A,H,-,A,D,0,NA,NA,NA,NA,Y,NA,A,01,0,0,1,0,0,0,0,0,0,-,-,34.0926513671875,-117.3660125732422,SAN BERNARDINO,RIALTO,-117.36593627929688,34.09253692626953
8558769,2018,2018-03-06,3604,2018-02-05,1633,1127,NA,1,5,6,3604,0,0,0,NA,0,NA,SIERRA AV,CERES AV,172,S,N,A,-,N,NA,NA,NA,NA,NA,NA,NA,NA,NA,N,4,0,1,2,A,-,09,21804,A,N,D,C,A,A,H,-,A,A,0,NA,NA,NA,NA,Y,NA,D,22,0,0,1,0,0,0,0,0,0,-,-,NA,NA,SAN BERNARDINO,FONTANA,-117.43572998046876,34.09375762939453
8559111,2018,2018-02-23,3600,2018-01-20,0541,C8664,AP005,6,5,5,3621,0,0,0,NA,0,AP1,RIVERSIDE AV,MANDAN RD,110,S,N,A,-,N,NA,NA,NA,NA,NA,NA,NA,NA,NA,Y,3,0,2,1,A,-,08,22107,NA,N,-,I,A,A,H,-,D,D,0,NA,NA,Y,NA,Y,Y,C,02,0,2,0,0,0,0,0,0,2,-,-,NA,NA,SAN BERNARDINO,APPLE VALLEY,-117.25667572021484,34.509918212890625
8559677,2018,2018-02-26,3610,2018-02-17,1831,51028,NA,6,5,6,3610,0,0,0,NA,0,NA,NORTH WATERMAN AV,E 2ND ST,24,S,N,A,-,N,NA,NA,NA,NA,NA,NA,NA,NA,NA,Y,4,0,1,2,A,-,03,22350,NA,N,C,C,A,A,H,-,B,A,0,NA,NA,NA,NA,Y,NA,A,01,0,0,1,0,0,0,0,0,0,-,-,34.102718353271484,-117.27870178222656,SAN BERNARDINO,SAN BERNARDINO,-117.2787628173828,34.10264587402344
8560245,2018,2018-03-05,3610,2018-02-02,2025,50987,NA,5,5,6,3610,0,0,0,NA,0,POLICE,WEST HIGHLAND AV,MOUNTAIN VIEW AV,108,E,N,A,-,N,NA,NA,NA,NA,NA,NA,NA,NA,NA,N,4,0,1,2,A,-,11,21954,A,N,G,B,D,A,H,-,C,A,0,Y,NA,NA,NA,Y,Y,N,60,0,0,1,0,1,0,0,0,0,-,-,NA,NA,SAN BERNARDINO,SAN BERNARDINO,-117.28699493408205,34.13595962524414
8560269,2018,2018-02-28,3610,2018-02-04,2148,51068,NA,7,5,6,3610,0,0,0,NA,0,POLICE,NORTH WATERMAN AV,40TH ST,33,S,N,A,-,N,NA,NA,NA,NA,NA,NA,NA,NA,NA,Y,4,0,2,2,A,-,01,23152,A,N,C,C,A,A,H,-,C,A,0,NA,NA,NA,NA,Y,Y,A,07,0,0,2,0,0,0,0,0,0,-,-,34.164939880371094,-117.2786865234375,SAN BERNARDINO,SAN BERNARDINO,-117.27870178222656,34.164878845214844
8560389,2018,2018-03-09,3610,2018-02-06,0730,50680,NA,2,5,6,3610,0,0,0,NA,0,POLICE,ARIES LN,ACACIA AV,383,E,N,A,-,N,NA,NA,NA,NA,NA,NA,NA,NA,NA,N,4,0,2,2,B,-,22,NA,NA,N,B,C,A,A,H,-,A,D,0,NA,NA,NA,NA,Y,NA,A,07,0,0,2,0,0,0,0,0,0,-,-,34.18259811401367,-117.29279327392578,SAN BERNARDINO,SAN BERNARDINO,-117.29328155517578,34.18272018432617
8560576,2018,2018-03-01,3610,2018-02-10,1247,51073,NA,6,5,6,3610,0,0,0,NA,0,POLICE,W KENDALL DR,W 48TH ST,300,W,N,B,-,N,NA,NA,NA,NA,NA,NA,NA,NA,NA,N,4,0,1,2,A,-,11,21954,A,N,G,B,D,-,H,-,-,D,0,Y,NA,NA,NA,Y,NA,N,60,0,0,1,0,1,0,0,0,0,-,-,34.1693000793457,-117.31629180908205,SAN BERNARDINO,SAN BERNARDINO,-117.32145690917967,34.17176055908203
8560667,2018,2018-03-20,3608,2018-02-14,1102,3941,NA,3,5,5,3608,0,0,0,NA,0,NA,TENNESSEE ST,STATE ST,540,N,N,A,-,N,NA,NA,NA,NA,NA,NA,NA,NA,NA,Y,3,0,1,5,A,-,08,22107,NA,N,B,E,A,A,H,-,A,D,0,NA,NA,NA,Y,Y,NA,G,24,0,1,0,0,0,0,0,0,0,-,-,NA,NA,SAN BERNARDINO,REDLANDS,-117.20005798339844,34.0570182800293
8560996,2018,2018-03-02,3605,2018-01-26,1224,318,NA,5,5,4,3605,0,0,0,NA,0,NA,CENTRAL AV,SAN BERNARDINO ST,328,S,N,A,-,N,NA,NA,NA,NA,NA,NA,NA,NA,NA,N,4,0,1,2,A,-,03,22350,NA,N,C,C,A,A,H,-,A,A,0,NA,NA,NA,NA,Y,NA,A,07,0,0,1,0,0,0,0,0,0,-,-,NA,NA,SAN BERNARDINO,MONTCLAIR,-117.68962097167967,34.0767707824707
8561202,2018,2018-02-22,3610,2018-01-25,1331,50790,NA,4,5,6,3610,0,0,0,NA,0,ADAM,W VINE ST,N MT VERNON AV,83,W,N,A,-,N,NA,NA,NA,NA,NA,NA,NA,NA,NA,Y,4,0,1,2,A,-,03,22350,NA,N,D,E,A,A,H,-,A,D,0,NA,NA,NA,NA,Y,Y,A,01,0,0,1,0,0,0,0,0,0,-,-,34.11299133300781,-117.31379699707033,SAN BERNARDINO,SAN BERNARDINO,-117.31412506103516,34.11299133300781
8561208,2018,2018-08-07,3609,2018-02-03,1841,9091,3609,6,5,5,3609,0,0,0,NA,0,002,N RIVERSIDE AV,RT 210,0,NA,Y,A,-,Y,SBD,8,210,-,-,18.511,R,4,E,N,4,0,5,2,A,-,03,22350,NA,F,C,C,A,A,H,-,C,A,0,NA,NA,NA,NA,Y,NA,A,01,0,0,5,0,0,0,0,0,0,-,EF,34.135501861572266,-117.3705596923828,SAN BERNARDINO,RIALTO,-117.37356567382813,34.13576126098633
8561237,2018,2018-03-09,3610,2018-01-20,1533,50993,NA,6,5,6,3610,0,0,0,NA,0,BAKER,W KENDALL DR,DEERFIELD ST,1,W,N,A,-,N,NA,NA,NA,NA,NA,NA,NA,NA,NA,N,4,0,3,2,A,-,03,22350,NA,N,C,C,A,A,A,H,A,D,0,NA,NA,NA,NA,Y,NA,A,07,0,0,3,0,0,0,0,0,0,-,-,34.17987823486328,-117.33834838867188,SAN BERNARDINO,SAN BERNARDINO,-117.33838653564452,34.17985153198242
8562391,2017,2018-03-02,3603,2017-11-30,1836,4866,120,4,5,4,3603,0,0,0,NA,0,001,RANCHO AV,N EDGEHILL DR,189,N,N,A,-,N,NA,NA,NA,NA,NA,NA,NA,NA,NA,Y,4,0,1,2,A,-,09,21801,B,N,D,C,A,A,H,-,C,D,0,NA,NA,NA,NA,Y,NA,A,01,0,0,1,0,0,0,0,0,0,-,-,NA,NA,SAN BERNARDINO,COLTON,-117.33503971,34.07632607
8564932,2017,2018-03-01,3603,2017-10-02,0718,C4149,COLTO,1,5,4,3603,0,0,0,NA,0,002,RANCHO AV,BIRCH CT,0,NA,Y,A,-,N,NA,NA,NA,NA,NA,NA,NA,NA,NA,Y,3,0,2,2,A,-,03,22350,NA,N,D,C,A,A,H,-,A,D,0,NA,NA,NA,Y,Y,NA,A,01,0,1,1,0,0,0,0,0,0,-,-,NA,NA,SAN BERNARDINO,COLTON,-117.3337401,34.0602901
8564940,2017,2018-03-02,3603,2017-11-26,1753,4357,CPD,7,5,4,3603,0,0,0,NA,0,002,RANCHO AV,C ST,0,NA,Y,A,-,N,NA,NA,NA,NA,NA,NA,NA,NA,NA,Y,3,0,3,3,A,-,09,21801,A,N,D,C,A,A,H,-,C,A,0,NA,NA,NA,NA,Y,NA,A,01,0,1,2,0,0,0,0,0,0,-,-,NA,NA,SAN BERNARDINO,COLTON,-117.33523001,34.07396003
8565006,2017,2018-03-01,3603,2017-11-18,0908,4689,CPD,6,5,4,3603,0,0,0,NA,0,004,RECHE CANYON RD,WASHINGTON ST,1320,S,N,A,-,N,NA,NA,NA,NA,NA,NA,NA,NA,NA,N,4,0,1,2,A,-,03,22350,NA,N,C,C,A,A,H,-,A,D,0,NA,NA,NA,NA,Y,NA,A,01,0,0,1,0,0,0,0,0,0,-,-,34.04569,-117.28644,SAN BERNARDINO,COLTON,-117.28719719,34.04674859
8565022,2017,2018-03-12,3603,2017-10-24,1531,4807,CPD,2,5,4,3603,0,0,0,NA,0,004,E WASHINGTON ST,BLUFF RD,150,W,N,A,-,N,NA,NA,NA,NA,NA,NA,NA,NA,NA,Y,4,0,2,3,A,-,08,22107,NA,N,D,C,A,A,H,-,A,D,0,NA,NA,NA,NA,Y,NA,A,08,0,0,2,0,0,0,0,0,0,-,-,NA,NA,SAN BERNARDINO,COLTON,-117.30556005,34.04766809
8566091,2018,2018-03-21,3610,2018-02-21,2246,50866,NA,3,5,6,3610,0,0,0,NA,0,NA,E BASELINE ST,LUGO AV,35,W,N,A,-,N,NA,NA,NA,NA,NA,NA,NA,NA,NA,Y,4,0,2,3,A,-,03,22350,NA,N,A,E,E,A,D,-,C,A,0,Y,NA,NA,Y,Y,Y,A,07,0,0,2,0,1,0,0,0,0,-,-,34.121341705322266,-117.28385162353516,SAN BERNARDINO,SAN BERNARDINO,-117.28396606445313,34.121341705322266
8566131,2018,2018-03-09,3610,2018-02-05,1608,50184,NA,1,5,6,3610,0,0,0,NA,0,NA,5TH ST,MT VIEW AV,0,NA,Y,A,-,N,NA,NA,NA,NA,NA,NA,NA,NA,NA,N,4,0,1,2,A,-,10,21950,A,N,G,B,B,A,H,-,A,A,0,Y,NA,NA,NA,Y,NA,D,22,0,0,1,0,1,0,0,0,0,-,-,NA,NA,SAN BERNARDINO,SAN BERNARDINO,-117.2873992919922,34.10831069946289
8566321,2018,2018-03-14,3609,2018-02-02,1129,5403,138,5,5,5,3609,0,0,0,NA,0,004,RIVERSIDE AV,3RD ST,0,NA,Y,A,-,N,NA,NA,NA,NA,NA,NA,NA,NA,NA,Y,4,0,1,2,A,-,09,21802,A,N,D,C,A,A,H,-,A,A,0,NA,NA,NA,NA,Y,NA,A,01,0,0,1,0,0,0,0,0,0,-,-,34.10416030883789,-117.37037658691406,SAN BERNARDINO,RIALTO,-117.37052154541016,34.10422134399414
8566464,2018,2018-03-13,3610,2018-02-27,1932,50700,NA,2,5,6,3610,0,0,0,NA,0,POLICE,N TIPPECANOE AV,9TH ST,1043,N,N,B,-,N,NA,NA,NA,NA,NA,NA,NA,NA,NA,N,2,0,2,2,A,-,11,21956,NA,N,G,B,E,A,H,-,C,D,0,Y,NA,NA,NA,Y,NA,A,01,1,1,0,0,1,0,0,0,0,-,-,34.1213493347168,-117.26183319091795,SAN BERNARDINO,SAN BERNARDINO,-117.26097106933594,34.11859893798828
8566512,2018,2018-03-09,3610,2018-02-13,1025,50732,NA,2,5,6,3610,0,0,0,NA,0,NA,NORTH SIERRA WY,HIGHLAND AV,138,S,N,A,-,N,NA,NA,NA,NA,NA,NA,NA,NA,NA,N,3,0,1,2,A,-,05,21650,1,N,H,H,A,A,H,-,A,A,0,NA,Y,NA,NA,Y,NA,L,04,0,1,0,0,0,0,1,0,0,-,-,34.135650634765625,-117.28482055664063,SAN BERNARDINO,SAN BERNARDINO,-117.28514862060548,34.135581970214844
8566524,2018,2018-03-09,3610,2018-02-17,0947,51105,NA,6,5,6,3610,0,0,0,NA,0,ADAM,NORTH MERIDIAN AV,2ND ST,150,S,N,A,-,N,NA,NA,NA,NA,NA,NA,NA,NA,NA,Y,3,0,1,1,A,-,08,22107,NA,N,E,I,A,A,H,-,A,D,0,NA,NA,NA,NA,Y,NA,A,07,0,1,0,0,0,0,0,0,0,-,-,34.103118896484375,-117.34853363037108,SAN BERNARDINO,SAN BERNARDINO,-117.34851837158205,34.102718353271484
8566993,2018,2018-03-16,3609,2018-02-21,1441,4247,215,3,5,5,3609,0,0,0,NA,0,004,RIVERSIDE AV,JURUPA AV,61,S,N,A,-,N,NA,NA,NA,NA,NA,NA,NA,NA,NA,Y,4,0,3,3,A,-,03,22350,NA,N,C,C,A,A,H,-,A,A,0,NA,NA,NA,NA,Y,NA,A,01,0,0,3,0,0,0,0,0,0,-,-,34.04669952392578,-117.37159729003906,SAN BERNARDINO,RIALTO,-117.36977386474608,34.04741668701172
8567694,2018,2018-04-03,3610,2018-02-24,0926,51123,NA,6,5,6,3610,0,0,0,NA,0,NA,W 9TH ST,PICO ST,0,NA,N,A,-,N,NA,NA,NA,NA,NA,NA,NA,NA,NA,Y,4,0,2,3,A,-,08,22107,NA,N,D,D,A,A,H,-,A,A,0,NA,NA,NA,NA,Y,NA,A,01,0,0,2,0,0,0,0,0,0,-,-,34.115779876708984,-117.31627655029295,SAN BERNARDINO,SAN BERNARDINO,-117.31625366210938,34.11576843261719
8568248,2018,2018-03-09,3602,2018-02-14,0723,3402,NA,3,5,5,3602,0,0,0,NA,0,003,RAMONA AV,SCHAEFER AV,0,NA,Y,A,-,N,NA,NA,NA,NA,NA,NA,NA,NA,NA,Y,4,0,1,2,A,-,12,21453,A,N,D,C,A,B,H,-,A,A,0,NA,NA,NA,NA,Y,NA,A,01,0,0,1,0,0,0,0,0,0,-,-,NA,NA,SAN BERNARDINO,CHINO,-117.7065887451172,34.00444030761719
8568308,2018,2018-03-09,3602,2018-01-30,0816,3527,NA,2,5,5,3602,0,0,0,NA,0,004,RIVERSIDE DR,5TH ST,0,NA,Y,B,-,N,NA,NA,NA,NA,NA,NA,NA,NA,NA,Y,3,0,1,2,A,-,03,22350,NA,N,C,C,A,A,H,-,A,D,0,NA,NA,NA,NA,Y,NA,A,07,0,1,0,0,0,0,0,0,0,-,-,NA,NA,SAN BERNARDINO,CHINO,-117.69312286376952,34.01905059814453
8569701,2018,2018-03-23,3600,2018-02-21,1856,C4461,CH015,3,5,5,3630,0,0,0,NA,0,CH4,RAMONA AV,CHINO HILLS PKWY,300,S,N,A,-,N,NA,NA,NA,NA,NA,NA,NA,NA,NA,N,4,0,1,2,A,-,12,21453,A,M,C,C,A,A,H,-,C,A,0,NA,NA,NA,NA,Y,NA,A,01,0,0,1,0,0,0,0,0,0,-,-,NA,NA,SAN BERNARDINO,CHINO HILLS,-117.70645141601563,33.981807708740234
8570112,2018,2018-04-02,3604,2018-02-07,1416,643,NA,3,5,6,3604,0,0,0,NA,0,004,CANYON CREST DR,AMBERWOOD DR,0,NA,Y,A,-,N,NA,NA,NA,NA,NA,NA,NA,NA,NA,Y,3,0,4,3,A,-,01,23152,A,N,D,C,A,A,H,-,A,A,0,NA,NA,NA,NA,Y,Y,D,22,0,1,3,0,0,0,0,0,0,-,-,34.037410736083984,-117.48650360107422,SAN BERNARDINO,FONTANA,-117.4866180419922,34.03744125366211
8571355,2018,2018-03-20,3608,2018-02-15,1816,4027,NA,4,5,5,3608,0,0,0,NA,0,NA,MOUNTAIN VIEW AV,WEST SAN BERNARDINO AV,32,S,N,A,-,N,NA,NA,NA,NA,NA,NA,NA,NA,NA,N,4,0,1,2,A,-,04,21703,NA,N,C,C,A,A,H,-,A,A,0,NA,NA,NA,Y,Y,NA,F,25,0,0,1,0,0,0,0,0,0,-,-,NA,NA,SAN BERNARDINO,REDLANDS,-117.24363708496094,34.07747268676758
8571825,2018,2018-03-13,3608,2018-02-23,0248,3675,NA,5,5,5,3608,0,0,0,NA,0,NA,BROOKSIDE AV,EUREKA ST,0,NA,Y,A,-,N,NA,NA,NA,NA,NA,NA,NA,NA,NA,Y,3,0,1,1,A,-,01,23152,A,M,E,I,A,A,H,-,C,A,0,NA,NA,NA,NA,Y,Y,A,01,0,1,0,0,0,0,0,0,0,-,-,NA,NA,SAN BERNARDINO,REDLANDS,-117.1855697631836,34.05548858642578
8572458,2018,2018-03-14,3610,2018-02-08,1330,51013,NA,4,5,6,3610,0,0,0,NA,0,BAKER,W BASELINE ST,N H ST,0,NA,Y,A,-,N,NA,NA,NA,NA,NA,NA,NA,NA,NA,N,4,0,1,2,A,-,03,22350,NA,N,C,C,A,A,H,-,A,A,0,NA,NA,NA,NA,Y,NA,A,01,0,0,1,0,0,0,0,0,0,-,-,34.1213493347168,-117.3009033203125,SAN BERNARDINO,SAN BERNARDINO,-117.30091857910156,34.12133026123047
8572618,2018,2018-03-15,3605,2018-02-09,2345,382,NA,5,5,4,3605,0,0,0,NA,0,NA,MONTE VISTA AV,PRINCETON ST,182,N,N,A,-,N,NA,NA,NA,NA,NA,NA,NA,NA,NA,N,3,0,1,2,A,-,11,21954,A,N,G,B,E,A,H,-,C,D,0,Y,NA,NA,NA,Y,NA,N,60,0,1,0,0,1,0,0,0,0,-,-,NA,NA,SAN BERNARDINO,MONTCLAIR,-117.69825744628906,34.080318450927734
8574280,2018,2018-03-15,3608,2018-03-02,1718,4709,3608,5,5,5,3608,0,0,0,NA,0,NA,REDLANDS BL,7TH ST,0,NA,Y,B,-,N,NA,NA,NA,NA,NA,NA,NA,NA,NA,Y,4,0,1,2,A,-,09,21801,A,N,D,C,A,B,H,-,B,A,0,NA,NA,NA,NA,Y,NA,A,07,0,0,1,0,0,0,0,0,0,-,-,NA,NA,SAN BERNARDINO,REDLANDS,-117.17928314208984,34.057289123535156
8575870,2018,2018-04-13,3609,2018-01-17,2200,5403,11,3,5,5,3609,0,0,0,NA,0,001,CASMALIA ST,ALDER AV,0,NA,Y,A,-,N,NA,NA,NA,NA,NA,NA,NA,NA,NA,N,4,0,1,2,A,-,03,22350,NA,M,C,C,A,A,H,-,C,A,0,NA,NA,NA,NA,Y,Y,D,22,0,0,1,0,0,0,0,0,0,-,-,34.138641357421875,-117.41848754882813,SAN BERNARDINO,RIALTO,-117.4184799194336,34.1386604309082
8576735,2018,2018-03-19,3600,2018-02-09,1300,F6921,HI005,5,5,4,3618,0,0,0,NA,0,HI1,9TH ST,STERLING AV,110,W,N,A,-,N,NA,NA,NA,NA,NA,NA,NA,NA,NA,Y,3,0,1,2,A,-,05,21651,A,N,D,C,A,A,H,-,A,D,0,NA,NA,NA,NA,Y,NA,A,01,0,1,0,0,0,0,0,0,0,-,-,NA,NA,SAN BERNARDINO,HIGHLAND,-117.2440185546875,34.11572265625
8577370,2018,2018-03-22,3609,2018-02-16,2048,9252,143,5,5,5,3609,0,0,0,NA,0,003,MAPLE AV,WILSON ST,0,NA,Y,A,-,N,NA,NA,NA,NA,NA,NA,NA,NA,NA,Y,3,0,1,2,A,-,12,22450,NA,F,A,C,A,A,H,-,C,D,0,NA,NA,NA,NA,Y,Y,A,07,0,1,0,0,0,0,0,0,0,-,-,34.0943717956543,-117.4052276611328,SAN BERNARDINO,RIALTO,-117.40522003173828,34.09437942504883
8577372,2018,2018-04-04,3609,2018-03-08,1501,5403,134,4,5,5,3609,0,0,0,NA,0,003,LORRAINE PL,LARCH AV,60,E,N,A,-,N,NA,NA,NA,NA,NA,NA,NA,NA,NA,N,4,0,1,2,A,-,05,21650,NA,N,A,C,A,A,H,-,A,D,0,NA,NA,NA,NA,Y,NA,A,01,0,0,1,0,0,0,0,0,0,-,-,34.10599899291992,-117.38670349121094,SAN BERNARDINO,RIALTO,-117.39202880859376,34.10539627075195
8577373,2018,2018-03-22,3600,2018-02-16,1842,D2561,VC019,5,5,5,3612,0,0,0,NA,0,VC1,7TH ST,CIRCLE DR,0,NA,Y,A,-,N,NA,NA,NA,NA,NA,NA,NA,NA,NA,N,2,0,1,2,A,-,11,21954,A,F,G,B,D,A,H,-,C,A,0,Y,NA,NA,NA,Y,Y,N,60,1,0,0,0,1,0,0,0,0,-,-,NA,NA,SAN BERNARDINO,VICTORVILLE,-117.30442810058594,34.524539947509766
8581835,2018,2018-04-09,3610,2018-03-20,0752,50614,NA,2,5,6,3610,0,0,0,NA,0,CHARLI,EAST HIGHLAND AV,N SEPULVEDA AV,0,NA,Y,A,-,N,NA,NA,NA,NA,NA,NA,NA,NA,NA,Y,3,0,2,2,A,-,09,21801,A,N,D,C,A,A,H,-,A,D,0,NA,NA,NA,Y,Y,NA,A,01,0,2,0,0,0,0,0,0,0,-,-,34.135929107666016,-117.282958984375,SAN BERNARDINO,SAN BERNARDINO,-117.28294372558594,34.135948181152344
8582172,2018,2018-04-05,3610,2018-03-15,2500,51002,NA,4,5,6,3610,0,0,0,NA,0,POLICE,14TH ST,WALL AV,0,NA,Y,A,-,N,NA,NA,NA,NA,NA,NA,NA,NA,NA,N,3,0,1,2,A,-,09,21802,A,N,D,C,A,A,H,-,A,D,0,NA,NA,NA,NA,Y,NA,-,99,0,1,0,0,0,0,0,0,0,-,-,NA,NA,SAN BERNARDINO,SAN BERNARDINO,-117.28133392333984,34.12527084350586
8582227,2018,2018-04-05,3610,2018-03-14,1630,50965,NA,3,5,6,3610,0,0,0,NA,0,POLICE,S H ST,COLLEGE AV,140,S,N,A,-,N,NA,NA,NA,NA,NA,NA,NA,NA,NA,N,4,0,1,1,A,-,03,22350,NA,N,H,A,A,A,H,-,A,D,0,NA,NA,Y,NA,Y,NA,C,02,0,0,1,0,0,0,0,0,1,-,-,34.089561462402344,-117.30084228515624,SAN BERNARDINO,SAN BERNARDINO,-117.3009033203125,34.088768005371094
8583181,2018,2018-03-29,3600,2018-02-02,2042,C8620,RC022,5,5,6,3616,0,0,0,NA,0,RC3,BANYAN ST,MILLIKEN AV,342,E,N,A,-,N,NA,NA,NA,NA,NA,NA,NA,NA,NA,Y,4,0,2,2,A,-,01,23153,A,N,B,C,A,A,H,-,C,A,0,NA,NA,NA,NA,Y,Y,A,01,0,0,2,0,0,0,0,0,0,-,-,NA,NA,SAN BERNARDINO,RANCHO CUCAMONGA,-117.55751037597656,34.143428802490234
8585766,2018,2018-04-19,3600,2018-03-26,1858,F7967,AP018,1,5,5,3621,0,0,0,NA,0,NA,NAVAJO RD,SIOUX RD,0,NA,Y,A,-,N,NA,NA,NA,NA,NA,NA,NA,NA,NA,Y,3,0,2,2,A,-,09,21804,NA,F,B,C,A,A,H,-,B,-,0,NA,NA,NA,NA,Y,NA,D,82,0,2,0,0,0,0,0,0,0,-,-,NA,NA,SAN BERNARDINO,APPLE VALLEY,-117.19019317626952,34.47513198852539
8588276,2018,2018-04-06,3604,2018-02-14,1857,1273,NA,3,5,6,3604,0,0,0,NA,0,NA,FONTANA AV,BEECH AV,0,NA,Y,A,-,N,NA,NA,NA,NA,NA,NA,NA,NA,NA,Y,4,0,1,2,A,-,12,22450,A,N,A,C,A,A,H,-,C,A,0,NA,NA,NA,NA,Y,NA,-,-,0,0,1,0,0,0,0,0,0,-,-,NA,NA,SAN BERNARDINO,FONTANA,-117.47122192382813,34.073829650878906
8589470,2018,2018-04-05,3600,2018-03-09,0211,C4461,CH025,5,5,5,3630,0,0,0,NA,0,CH1,GRAND AV,LABAND VILLAGE CENTER,154,W,N,A,-,N,NA,NA,NA,NA,NA,NA,NA,NA,NA,Y,3,0,1,1,A,-,01,23152,A,N,D,I,A,A,H,-,C,A,0,NA,NA,NA,NA,Y,Y,A,01,0,1,0,0,0,0,0,0,0,-,-,NA,NA,SAN BERNARDINO,CHINO HILLS,-117.7603759765625,33.99436569213867
8589822,2018,2018-04-10,3605,2018-03-19,1232,318,NA,1,5,4,3605,0,0,0,NA,0,NA,ORCHARD ST,RAMONA AV,0,NA,Y,A,-,N,NA,NA,NA,NA,NA,NA,NA,NA,NA,N,4,0,1,2,A,-,12,22450,A,N,D,C,A,A,H,-,A,A,0,NA,NA,NA,NA,Y,NA,-,-,0,0,1,0,0,0,0,0,0,-,-,NA,NA,SAN BERNARDINO,MONTCLAIR,-117.70702362060548,34.07048034667969