CASE_ID,ACCIDENT_YEAR,PROC_DATE,JURIS,COLLISION_DATE,COLLISION_TIME,OFFICER_ID,REPORTING_DISTRICT,DAY_OF_WEEK,CHP_SHIFT,POPULATION,CNTY_CITY_LOC,SPECIAL_COND,BEAT_TYPE,CHP_BEAT_TYPE,CITY_DIVISION_LAPD,CHP_BEAT_CLASS,BEAT_NUMBER,PRIMARY_RD,SECONDARY_RD,DISTANCE,DIRECTION,INTERSECTION,WEATHER_1,WEATHER_2,STATE_HWY_IND,CALTRANS_COUNTY,CALTRANS_DISTRICT,STATE_ROUTE,ROUTE_SUFFIX,POSTMILE_PREFIX,POSTMILE,LOCATION_TYPE,RAMP_INTERSECTION,SIDE_OF_HWY,TOW_AWAY,COLLISION_SEVERITY,NUMBER_KILLED,NUMBER_INJURED,PARTY_COUNT,PRIMARY_COLL_FACTOR,PCF_CODE_OF_VIOL,PCF_VIOL_CATEGORY,PCF_VIOLATION,PCF_VIOL_SUBSECTION,HIT_AND_RUN,TYPE_OF_COLLISION,MVIW,PED_ACTION,ROAD_SURFACE,ROAD_COND_1,ROAD_COND_2,LIGHTING,CONTROL_DEVICE,CHP_ROAD_TYPE,PEDESTRIAN_ACCIDENT,BICYCLE_ACCIDENT,MOTORCYCLE_ACCIDENT,TRUCK_ACCIDENT,NOT_PRIVATE_PROPERTY,ALCOHOL_INVOLVED,STWD_VEHTYPE_AT_FAULT,CHP_VEHTYPE_AT_FAULT,COUNT_SEVERE_INJ,COUNT_VISIBLE_INJ,COUNT_COMPLAINT_PAIN,COUNT_PED_KILLED,COUNT_PED_INJURED,COUNT_BICYCLIST_KILLED,COUNT_BICYCLIST_INJURED,COUNT_MC_KILLED,COUNT_MC_INJURED,PRIMARY_RAMP,SECONDARY_RAMP,LATITUDE,LONGITUDE,COUNTY,CITY,POINT_X,POINT_Y
8590308,2018,2018-04-05,3604,2018-03-17,1345,857,NA,6,5,6,3604,0,0,0,NA,0,NA,SAN BERNARDINO AV,POPLAR AV,0,NA,Y,B,-,N,NA,NA,NA,NA,NA,NA,NA,NA,NA,N,4,0,1,2,A,-,12,22450,A,N,D,C,A,A,H,-,A,A,0,NA,NA,NA,NA,Y,NA,A,01,0,0,1,0,0,0,0,0,0,-,-,NA,NA,SAN BERNARDINO,FONTANA,-117.46243286132813,34.07749938964844
8590475,2018,2018-04-06,3608,2018-03-12,1729,4117,NA,1,5,5,3608,0,0,0,NA,0,NA,CAJON ST,HOME PL,0,NA,Y,A,-,N,NA,NA,NA,NA,NA,NA,NA,NA,NA,NA,4,0,2,2,A,-,09,21801,A,N,D,C,A,A,H,-,A,D,0,NA,NA,NA,NA,Y,NA,A,01,0,0,2,0,0,0,0,0,0,-,-,NA,NA,SAN BERNARDINO,REDLANDS,-117.17767333984376,34.04887008666992
8591098,2018,2018-05-03,3604,2018-03-08,1452,509,NA,4,5,6,3604,0,0,0,NA,0,NA,SIERRA LAKES PKWY,AUGUSTA DR EAST,306,W,N,A,-,N,NA,NA,NA,NA,NA,NA,NA,NA,NA,Y,4,0,1,1,C,-,18,NA,NA,N,E,J,A,-,H,-,A,D,0,NA,NA,NA,NA,Y,NA,-,-,0,0,1,0,0,0,0,0,0,-,-,NA,NA,SAN BERNARDINO,FONTANA,-117.43921661376952,34.139320373535156
8591428,2018,2018-04-06,3600,2018-03-06,1515,F4772,VC013,2,5,5,3612,0,0,0,NA,0,004,PETALUMA RD,MALL BL,0,NA,Y,A,-,N,NA,NA,NA,NA,NA,NA,NA,NA,NA,N,4,0,1,2,A,-,12,22450,NA,N,D,C,A,A,H,-,A,A,0,NA,NA,NA,NA,Y,NA,A,01,0,0,1,0,0,0,0,0,0,-,-,NA,NA,SAN BERNARDINO,VICTORVILLE,-117.35153198242188,34.47193908691406
8592055,2018,2018-04-13,3602,2018-02-15,1941,3805,NA,4,5,5,3602,0,0,0,NA,0,002,RIVERSIDE DR,9TH ST,85,W,N,A,-,N,NA,NA,NA,NA,NA,NA,NA,NA,NA,Y,4,0,1,3,A,-,03,22350,NA,N,C,C,A,A,H,-,C,D,0,NA,NA,NA,NA,Y,NA,A,07,0,0,1,0,0,0,0,0,0,-,-,NA,NA,SAN BERNARDINO,CHINO,-117.68831634521484,34.01908874511719
8593004,2018,2018-04-26,3608,2018-02-27,2018,4117,NA,2,5,5,3608,0,0,0,NA,0,NA,CAJON ST,FERN AV,0,NA,Y,B,-,N,NA,NA,NA,NA,NA,NA,NA,NA,NA,Y,4,0,2,2,D,-,00,NA,NA,N,D,C,A,A,H,-,C,A,0,NA,NA,NA,NA,Y,NA,-,-,0,0,2,0,0,0,0,0,0,-,-,NA,NA,SAN BERNARDINO,REDLANDS,-117.17888641357422,34.05038833618164
8595610,2018,2018-04-17,3602,2018-02-28,1508,3402,NA,3,5,5,3602,0,0,0,NA,0,003,YORBA AV,EDISON AV,946,N,N,A,-,N,NA,NA,NA,NA,NA,NA,NA,NA,NA,Y,3,0,1,2,A,-,08,22107,NA,N,C,E,A,A,H,-,A,A,0,NA,NA,NA,Y,Y,NA,A,01,0,1,0,0,0,0,0,0,0,-,-,NA,NA,SAN BERNARDINO,CHINO,-117.70217895507813,33.99980163574219
8596105,2018,2018-04-17,3608,2018-03-22,1548,4202,NA,4,5,5,3608,0,0,0,NA,0,NA,SAN TIMOTEO CANYON RD,ALLESANDRO RD,1445,W,N,B,-,N,NA,NA,NA,NA,NA,NA,NA,NA,NA,Y,4,0,2,3,A,-,03,22350,NA,N,D,C,A,B,H,-,A,D,0,NA,NA,NA,NA,Y,NA,A,07,0,0,2,0,0,0,0,0,0,-,-,NA,NA,SAN BERNARDINO,REDLANDS,-117.18460083007813,34.01486587524414
8596572,2018,2018-04-27,3600,2018-03-22,1005,D6180,HE101,4,5,5,3619,0,0,0,NA,0,HE1,BEAR VALLEY RD,COTTONWOOD AV,0,NA,Y,B,C,N,NA,NA,NA,NA,NA,NA,NA,NA,NA,Y,3,0,1,7,A,-,12,21453,A,N,D,C,A,B,H,-,A,A,0,NA,NA,NA,NA,Y,NA,A,01,0,1,0,0,0,0,0,0,0,-,-,NA,NA,SAN BERNARDINO,HESPERIA,-117.33869934082033,34.470489501953125
8597477,2018,2018-04-26,3600,2018-02-16,1627,F7812,VV267,5,5,3,3613,0,0,0,NA,0,AD2,CACTUS RD,KOALA RD,0,NA,Y,A,-,N,NA,NA,NA,NA,NA,NA,NA,NA,NA,Y,3,0,1,2,A,-,06,21750,A,N,D,C,A,-,G,-,B,D,0,NA,NA,NA,NA,Y,NA,A,07,0,1,0,0,0,0,0,0,0,-,-,NA,NA,SAN BERNARDINO,ADELANTO,-117.45108032226563,34.535560607910156
8597914,2018,2018-04-18,3602,2018-02-20,1952,3402,NA,2,5,5,3602,0,0,0,NA,0,004,MAGNOLIA AV,CHINO AV,0,NA,Y,A,-,N,NA,NA,NA,NA,NA,NA,NA,NA,NA,Y,4,0,2,2,A,-,09,21800,A,N,D,C,A,A,H,-,A,A,0,NA,NA,NA,NA,Y,NA,A,01,0,0,2,0,0,0,0,0,0,-,-,NA,NA,SAN BERNARDINO,CHINO,-117.67179870605467,34.01192092895508
8598109,2018,2018-04-20,3600,2018-03-29,1847,D6899,HE321,4,5,5,3619,0,0,0,NA,0,HE3,MAPLE AV,MISSION ST,0,NA,Y,A,-,N,NA,NA,NA,NA,NA,NA,NA,NA,NA,Y,4,0,2,3,A,-,06,21750,NA,N,B,C,A,A,H,-,A,D,0,NA,NA,NA,NA,Y,NA,D,22,0,0,2,0,0,0,0,0,0,-,-,NA,NA,SAN BERNARDINO,HESPERIA,-117.34625244140624,34.39405822753906
8599345,2018,2018-04-26,3610,2018-03-22,1500,51118,NA,4,5,6,3610,0,0,0,NA,0,POLICE,N MEDICAL CENTER DR,9TH ST,81,S,N,B,C,N,NA,NA,NA,NA,NA,NA,NA,NA,NA,N,3,0,1,3,A,-,08,22107,NA,M,C,E,A,B,H,-,A,A,0,NA,NA,NA,NA,Y,NA,A,01,0,1,0,0,0,0,0,0,0,-,-,34.115478515625,-117.32274627685548,SAN BERNARDINO,SAN BERNARDINO,-117.32257080078124,34.11554718017578
8599496,2017,2018-05-01,3611,2017-09-30,1700,3074,NA,6,5,5,3611,0,0,0,NA,0,004,EUCLID AV,7TH ST,80,S,N,A,-,N,NA,NA,NA,NA,NA,NA,NA,NA,NA,N,3,0,1,2,A,-,08,22107,NA,N,B,C,A,A,H,-,A,D,0,NA,NA,NA,NA,Y,NA,A,01,0,1,0,0,0,0,0,0,0,-,-,NA,NA,SAN BERNARDINO,UPLAND,-117.65127731,34.08859083
8599884,2018,2018-05-07,3611,2018-01-18,1735,3171,3611,4,5,5,3611,0,0,0,NA,0,004,8TH ST,11TH AV,0,NA,Y,A,-,N,NA,NA,NA,NA,NA,NA,NA,NA,NA,Y,4,0,2,2,A,-,09,21802,A,N,D,C,A,A,H,-,A,D,0,NA,NA,NA,NA,Y,NA,A,01,0,0,2,0,0,0,0,0,0,-,-,NA,NA,SAN BERNARDINO,UPLAND,-117.63671875,34.092491149902344
8601637,2018,2019-01-18,3604,2018-04-15,1115,1221,NA,7,5,6,3604,0,0,0,NA,0,NA,FOOTHILL BL,LOCUST AV,0,NA,Y,A,-,N,NA,NA,NA,NA,NA,NA,NA,NA,NA,Y,4,0,1,4,A,-,12,21453,NA,F,D,C,A,A,H,-,A,A,0,NA,NA,NA,NA,Y,Y,A,07,0,0,1,0,0,0,0,0,0,-,-,NA,NA,SAN BERNARDINO,FONTANA,-117.40962982177734,34.10670852661133
8602005,2018,2018-05-15,3600,2018-03-29,1853,G6919,YV016,4,5,3,3631,0,0,0,NA,0,YV1,YUCCA TRL,PALOMAR AV,0,NA,Y,A,-,N,NA,NA,NA,NA,NA,NA,NA,NA,NA,Y,4,0,1,2,A,-,09,21801,A,N,A,C,A,A,H,-,B,A,0,NA,NA,NA,NA,Y,NA,A,01,0,0,1,0,0,0,0,0,0,-,-,NA,NA,SAN BERNARDINO,YUCCA VALLEY,-116.3894500732422,34.12044906616211
8605373,2018,2018-05-17,3600,2018-03-27,1548,F7795,HE413,2,5,5,3619,0,0,0,NA,0,003,DANBURY AV,I AV,0,NA,Y,A,-,N,NA,NA,NA,NA,NA,NA,NA,NA,NA,N,4,0,1,2,A,-,09,21800,B,N,D,C,A,A,H,-,A,D,0,NA,NA,NA,NA,Y,NA,A,07,0,0,1,0,0,0,0,0,0,-,-,NA,NA,SAN BERNARDINO,HESPERIA,-117.28121948242188,34.40016174316406
8605964,2018,2018-05-14,3600,2018-04-10,1551,D8569,HI013,2,5,4,3618,0,0,0,NA,0,HI1,9TH ST,VICTORIA AV,353,E,N,A,-,N,NA,NA,NA,NA,NA,NA,NA,NA,NA,Y,3,0,5,2,A,-,08,22107,NA,N,D,C,A,A,H,-,A,D,0,NA,NA,NA,NA,Y,NA,A,01,0,1,4,0,0,0,0,0,0,-,-,NA,NA,SAN BERNARDINO,HIGHLAND,-117.22502899169922,34.115699768066406
8607465,2018,2018-08-07,3600,2018-02-16,1044,F4486,TW004,5,5,3,3617,0,0,0,NA,0,0TW,29 PALMS HWY,ADOBE RD,0,NA,Y,A,-,Y,SBD,8,62,-,-,33.208,I,5,E,Y,4,0,1,2,A,-,12,21453,A,N,D,C,A,-,H,-,A,A,0,NA,NA,NA,NA,Y,NA,D,22,0,0,1,0,0,0,0,0,0,-,-,34.13560104370117,-116.05449676513672,SAN BERNARDINO,TWENTYNINE PALMS,-116.05441284179688,34.135623931884766
8608129,2018,2018-04-27,3610,2018-04-03,1414,50469,NA,2,5,6,3610,0,0,0,NA,0,POLICE,WATERMAN AV,WIER RD,0,NA,Y,A,-,N,NA,NA,NA,NA,NA,NA,NA,NA,NA,N,4,0,1,2,A,-,10,21950,A,N,G,B,B,A,H,-,-,A,0,Y,NA,NA,NA,Y,NA,A,01,0,0,1,0,1,0,0,0,0,-,-,NA,NA,SAN BERNARDINO,SAN BERNARDINO,-117.27871704101563,34.05419158935547
8611841,2017,2018-04-24,3611,2017-10-19,1502,3062,3611,4,5,5,3611,0,0,0,NA,0,002,8TH ST,MOUNTAIN AV,0,NA,Y,A,-,N,NA,NA,NA,NA,NA,NA,NA,NA,NA,Y,4,0,2,2,A,-,09,21801,A,N,D,C,A,A,H,-,A,A,0,NA,NA,NA,NA,Y,Y,A,01,0,0,2,0,0,0,0,0,0,-,-,NA,NA,SAN BERNARDINO,UPLAND,-117.67015,34.09241003
8611890,2017,2018-04-25,3611,2017-10-09,0941,3176,3611,1,5,5,3611,0,0,0,NA,0,002,EUCLID AV,D ST,0,NA,Y,A,-,N,NA,NA,NA,NA,NA,NA,NA,NA,NA,N,3,0,1,1,A,-,03,22350,NA,N,H,I,A,A,H,-,A,D,0,NA,Y,NA,NA,Y,NA,L,04,0,1,0,0,0,0,1,0,0,-,-,NA,NA,SAN BERNARDINO,UPLAND,-117.65131006,34.09846002
8611915,2017,2018-05-01,3611,2017-12-06,0359,3191,3611,3,5,5,3611,0,0,0,NA,0,002,EUCLID AV,ARROW HWY,0,NA,Y,A,-,N,NA,NA,NA,NA,NA,NA,NA,NA,NA,Y,4,0,1,2,A,-,12,21453,A,N,B,C,A,A,H,-,B,A,0,NA,NA,NA,NA,Y,NA,A,01,0,0,1,0,0,0,0,0,0,-,-,NA,NA,SAN BERNARDINO,UPLAND,-117.65132006,34.09974009
8612616,2018,2018-04-27,3600,2018-04-05,1536,G3599,HE403,4,5,5,3619,0,0,0,NA,0,HE2,I AV,WALNUT ST,175,N,N,A,-,N,NA,NA,NA,NA,NA,NA,NA,NA,NA,N,4,0,1,2,A,-,09,21801,A,N,D,C,A,A,H,-,A,A,0,NA,NA,NA,NA,Y,NA,A,01,0,0,1,0,0,0,0,0,0,-,-,NA,NA,SAN BERNARDINO,HESPERIA,-117.2832489013672,34.417972564697266
8613629,2018,2018-04-30,3610,2018-03-26,1406,50469,NA,1,5,6,3610,0,0,0,NA,0,NA,WATERMAN AV,COMMERCIAL RD,740,N,N,A,-,N,NA,NA,NA,NA,NA,NA,NA,NA,NA,Y,2,0,2,2,A,-,11,21956,NA,N,G,B,E,A,H,-,A,D,0,Y,NA,NA,NA,Y,NA,N,60,1,0,1,0,1,0,0,0,0,-,-,NA,NA,SAN BERNARDINO,SAN BERNARDINO,-117.27870178222656,34.05786895751953
8614426,2018,2018-04-30,3608,2018-03-30,0709,2906,2608,5,5,5,3608,0,0,0,NA,0,901,CYPRESS AV,ROOSEVELT RD,0,NA,Y,A,-,N,NA,NA,NA,NA,NA,NA,NA,NA,NA,Y,4,0,1,2,A,-,12,22450,A,N,D,C,A,A,H,-,A,A,0,NA,NA,NA,NA,Y,NA,A,01,0,0,1,0,0,0,0,0,0,-,-,NA,NA,SAN BERNARDINO,REDLANDS,-117.16922760009766,34.051368713378906
8619142,2017,2018-05-25,3611,2017-12-07,1806,3074,3611,4,5,5,3611,0,0,0,NA,0,002,9TH ST,SIERRA PL,310,W,N,A,-,N,NA,NA,NA,NA,NA,NA,NA,NA,NA,Y,2,0,2,4,A,-,03,22350,NA,N,B,D,A,A,H,-,C,D,0,NA,NA,Y,NA,Y,NA,C,02,1,1,0,0,0,0,0,0,2,-,-,NA,NA,SAN BERNARDINO,UPLAND,-117.68428718,34.09571381
8619169,2017,2018-05-25,3603,2017-09-13,1051,4856,CPD,3,5,4,3603,0,0,0,NA,0,004,AGUA MANSA RD,MIGUEL BUSTAMANTE PKWY,504,E,N,A,-,N,NA,NA,NA,NA,NA,NA,NA,NA,NA,Y,4,0,4,2,A,-,09,21801,A,N,D,C,A,A,H,-,A,A,0,NA,NA,NA,NA,Y,NA,D,22,0,0,4,0,0,0,0,0,0,-,-,34.03837,-117.36708,SAN BERNARDINO,COLTON,-117.36179035,34.04328644
8619414,2018,2018-05-22,3611,2018-02-02,1800,3024,3611,5,5,5,3611,0,0,0,NA,0,002,MOUNTAIN AV,7TH ST,30,N,N,A,-,N,NA,NA,NA,NA,NA,NA,NA,NA,NA,N,4,0,1,2,A,-,21,22106,NA,N,C,C,A,A,H,-,C,A,0,NA,NA,NA,NA,Y,NA,A,01,0,0,1,0,0,0,0,0,0,-,-,NA,NA,SAN BERNARDINO,UPLAND,-117.67012786865234,34.08885192871094
8621752,2018,2018-05-29,3600,2018-03-30,2245,F6907,VC052,5,5,5,3612,0,0,0,NA,0,VC6,EL EVADO RD,CHUMASH PL,0,NA,Y,A,-,N,NA,NA,NA,NA,NA,NA,NA,NA,NA,Y,4,0,1,2,A,-,09,21801,A,N,A,C,A,A,H,-,C,D,0,NA,NA,NA,NA,Y,NA,A,01,0,0,1,0,0,0,0,0,0,-,-,NA,NA,SAN BERNARDINO,VICTORVILLE,-117.34676361083984,34.54011917114258
8621876,2018,2018-07-31,3604,2018-04-16,0145,1259,NA,1,5,6,3604,0,0,0,NA,0,NA,CHERRY AV,RT 210,0,NA,Y,A,-,N,NA,NA,NA,NA,NA,NA,NA,NA,NA,Y,3,0,2,2,A,-,03,22350,NA,N,B,C,A,A,H,-,C,A,0,NA,NA,NA,Y,Y,NA,A,01,0,1,1,0,0,0,0,0,0,-,-,NA,NA,SAN BERNARDINO,FONTANA,-117.48841857910156,34.136539459228516
8622019,2018,2018-05-30,3600,2018-04-09,1857,D6034,HE306,1,5,5,3619,0,0,0,NA,0,003,MAIN ST,TOPAZ AV,419,W,N,A,-,N,NA,NA,NA,NA,NA,NA,NA,NA,NA,Y,4,0,2,4,A,-,12,21453,A,N,C,C,A,A,H,-,A,A,0,NA,NA,NA,NA,Y,NA,A,01,0,0,2,0,0,0,0,0,0,-,-,NA,NA,SAN BERNARDINO,HESPERIA,-117.35677337646484,34.426727294921875
8622310,2018,2018-05-29,3600,2018-04-27,2002,D6034,HE417,5,5,5,3619,0,0,0,NA,0,NA,RANCHERO RD,JENKINS AV,0,NA,N,A,-,N,NA,NA,NA,NA,NA,NA,NA,NA,NA,N,4,0,2,2,A,-,09,21802,A,N,D,C,A,A,H,-,D,A,0,NA,NA,NA,NA,Y,NA,A,01,0,0,2,0,0,0,0,0,0,-,-,NA,NA,SAN BERNARDINO,HESPERIA,-117.28462982177734,34.38370895385742
8624327,2018,2018-05-31,3602,2018-04-22,1117,1256,NA,7,5,5,3602,0,0,0,NA,0,004,RIVERSIDE DR,MOUNTAIN AV,225,E,N,A,-,N,NA,NA,NA,NA,NA,NA,NA,NA,NA,Y,3,0,3,2,A,-,09,21804,A,N,B,C,A,A,H,-,A,D,0,NA,NA,NA,NA,Y,NA,A,01,0,2,1,0,0,0,0,0,0,-,-,NA,NA,SAN BERNARDINO,CHINO,-117.66680908203124,34.01921081542969
8624397,2018,2018-05-31,3602,2018-03-22,1614,3402,NA,4,5,5,3602,0,0,0,NA,0,005,EUCLID AV,SCHAEFER AV,197,N,N,A,-,N,NA,NA,NA,NA,NA,NA,NA,NA,NA,Y,4,0,1,2,A,-,03,22350,NA,N,C,C,A,A,H,-,A,A,0,NA,NA,NA,NA,Y,NA,A,01,0,0,1,0,0,0,0,0,0,-,-,NA,NA,SAN BERNARDINO,CHINO,-117.65091705322266,34.00531005859375
8625736,2018,2018-06-04,3604,2018-04-21,2129,1147,NA,6,5,6,3604,0,0,0,NA,0,NA,JURUPA AV,CYPRESS AV,0,NA,Y,A,-,N,NA,NA,NA,NA,NA,NA,NA,NA,NA,Y,4,0,1,2,A,-,12,21453,A,N,D,C,A,A,H,-,C,A,0,NA,NA,NA,NA,Y,NA,D,22,0,0,1,0,0,0,0,0,0,-,-,NA,NA,SAN BERNARDINO,FONTANA,-117.4443130493164,34.0482292175293
8626764,2017,2018-06-11,3603,2017-09-01,0622,4856,CPD,5,5,4,3603,0,0,0,NA,0,004,WASHINGTON ST,HUNTS LN,0,NA,Y,A,-,N,NA,NA,NA,NA,NA,NA,NA,NA,NA,N,4,0,1,2,A,-,09,21800,D,N,D,C,A,A,H,-,B,B,0,NA,NA,NA,NA,Y,NA,A,01,0,0,1,0,0,0,0,0,0,-,-,NA,NA,SAN BERNARDINO,COLTON,-117.28731003,34.05031007
8626856,2018,2018-06-08,3600,2018-05-03,1433,G3865,RC067,4,5,6,3616,0,0,0,NA,0,RC5,MILLIKEN AV,FOOTHILL BL,330,S,N,A,-,N,NA,NA,NA,NA,NA,NA,NA,NA,NA,Y,4,0,3,3,A,-,04,21703,NA,N,C,C,A,A,H,-,A,A,0,NA,NA,Y,Y,Y,NA,F,86,0,0,3,0,0,0,0,0,0,-,-,NA,NA,SAN BERNARDINO,RANCHO CUCAMONGA,-117.55711364746094,34.10557556152344
8627982,2018,2018-06-07,3605,2018-05-12,2124,401,NA,6,5,4,3605,0,0,0,NA,0,NA,PALO VERDE ST,CENTRAL AV,15,W,N,A,-,N,NA,NA,NA,NA,NA,NA,NA,NA,NA,N,4,0,3,2,A,-,21,22106,NA,N,C,C,A,A,H,-,C,A,0,NA,NA,NA,NA,Y,NA,A,01,0,0,3,0,0,0,0,0,0,-,-,NA,NA,SAN BERNARDINO,MONTCLAIR,-117.68968963623048,34.08139419555664
8628473,2018,2018-06-11,3600,2018-03-23,2325,G3821,HE308,5,5,5,3619,0,0,0,NA,0,HE3,MAIN ST,BALSAM AV,172,E,N,A,-,N,NA,NA,NA,NA,NA,NA,NA,NA,NA,Y,4,0,1,1,A,-,07,21658,NA,N,B,I,A,A,H,-,D,D,0,NA,NA,Y,NA,Y,Y,C,02,0,0,1,0,0,0,0,0,1,-,-,NA,NA,SAN BERNARDINO,HESPERIA,-117.32920074462892,34.42670822143555
8630456,2018,2018-06-04,3602,2018-04-16,0821,1127,NA,1,5,5,3602,0,0,0,NA,0,NA,MOUNTAIN AV,CHINO AV,87,N,N,A,-,N,NA,NA,NA,NA,NA,NA,NA,NA,NA,N,4,0,1,2,A,-,03,22350,NA,N,C,C,A,A,H,-,A,A,0,NA,NA,NA,NA,Y,NA,A,01,0,0,1,0,0,0,0,0,0,-,-,NA,NA,SAN BERNARDINO,CHINO,-117.66744232177734,34.01219940185547
8630650,2018,2018-06-05,3603,2018-01-08,1044,4866,415,1,5,4,3603,0,0,0,NA,0,004,S MT VERNON AV,S MT VERNON AV  1401,348,S,N,C,-,N,NA,NA,NA,NA,NA,NA,NA,NA,NA,Y,4,0,1,1,A,-,03,22350,NA,N,A,I,A,B,H,-,A,D,0,NA,NA,NA,NA,Y,NA,A,01,0,0,1,0,0,0,0,0,0,-,-,NA,NA,SAN BERNARDINO,COLTON,NA,NA
8630680,2018,2018-06-04,3602,2018-03-07,1313,3172,NA,3,5,5,3602,0,0,0,NA,0,003,YORBA AV,SCHAEFER AV,246,N,N,B,-,N,NA,NA,NA,NA,NA,NA,NA,NA,NA,Y,4,0,1,2,A,-,09,21804,A,N,D,C,A,A,H,-,A,D,0,NA,NA,NA,NA,Y,NA,A,01,0,0,1,0,0,0,0,0,0,-,-,NA,NA,SAN BERNARDINO,CHINO,-117.70221710205078,34.00509262084961
8630859,2018,2018-06-06,3600,2018-05-09,0818,F6910,HI005,3,5,4,3618,0,0,0,NA,0,HI1,9TH ST,STERLING AV,435,W,N,A,-,N,NA,NA,NA,NA,NA,NA,NA,NA,NA,N,3,0,1,2,A,-,03,22350,NA,F,B,G,A,A,H,-,A,D,0,NA,Y,NA,NA,Y,NA,A,07,0,1,0,0,0,0,1,0,0,-,-,NA,NA,SAN BERNARDINO,HIGHLAND,-117.2450942993164,34.115726470947266
8633115,2018,2018-06-14,3610,2018-04-20,1014,50789,NA,5,5,6,3610,0,0,0,NA,0,NA,EAST HIGHLAND AV,MOUNTAIN AV,120,W,N,A,-,N,NA,NA,NA,NA,NA,NA,NA,NA,NA,Y,4,0,2,2,A,-,09,21804,A,N,D,C,A,A,H,-,A,D,0,NA,NA,NA,NA,Y,NA,A,07,0,0,2,0,0,0,0,0,0,-,-,34.13584899902344,-117.25685119628906,SAN BERNARDINO,SAN BERNARDINO,-117.25724792480467,34.13587188720703
8633190,2018,2018-06-19,3604,2018-05-09,0914,1301,NA,3,5,6,3604,0,0,0,NA,0,NA,CITRUS AV,WALNUT,0,NA,Y,A,-,N,NA,NA,NA,NA,NA,NA,NA,NA,NA,Y,4,0,1,2,A,-,03,22350,NA,N,C,C,A,A,H,-,A,A,0,NA,NA,NA,NA,Y,NA,A,01,0,0,1,0,0,0,0,0,0,-,-,NA,NA,SAN BERNARDINO,FONTANA,-117.45362854003906,34.12868881225586
8633194,2018,2018-06-19,3604,2018-05-03,2110,1302,NA,4,5,6,3604,0,0,0,NA,0,001,SUMMIT AV,KNOX AV,297,E,N,A,-,N,NA,NA,NA,NA,NA,NA,NA,NA,NA,Y,4,0,1,2,A,-,03,22350,NA,N,C,C,A,A,H,-,C,D,0,NA,NA,NA,NA,Y,NA,A,01,0,0,1,0,0,0,0,0,0,-,-,NA,NA,SAN BERNARDINO,FONTANA,-117.4612045288086,34.15045928955078
8633263,2018,2018-07-16,3600,2018-05-19,1726,D3381,VC013,6,5,5,3612,0,0,0,NA,0,VC4,AMARGOSA RD,DUNIA RD,0,NA,Y,A,-,N,NA,NA,NA,NA,NA,NA,NA,NA,NA,Y,4,0,2,2,A,-,09,21804,A,N,D,C,A,A,H,-,A,A,0,NA,NA,NA,NA,Y,NA,A,01,0,0,2,0,0,0,0,0,0,-,-,NA,NA,SAN BERNARDINO,VICTORVILLE,-117.35188293457033,34.46379089355469
8633613,2018,2018-06-18,3600,2018-05-10,1416,F3794,VC023,4,5,5,3612,0,0,0,NA,0,VC3,1ST AV,SILICA DR,316,N,N,A,-,N,NA,NA,NA,NA,NA,NA,NA,NA,NA,Y,4,0,1,2,A,-,09,21804,A,N,D,C,A,A,H,-,A,D,0,NA,NA,NA,NA,Y,NA,A,01,0,0,1,0,0,0,0,0,0,-,-,NA,NA,SAN BERNARDINO,VICTORVILLE,-117.29502868652344,34.47906494140625
8634139,2018,2018-07-27,3600,2018-04-19,1705,G6641,VC030,4,5,5,3612,0,0,0,NA,0,VC2,HESPERIA RD,GREEN TREE BL,128,S,N,A,-,N,NA,NA,NA,NA,NA,NA,NA,NA,NA,Y,3,0,1,1,A,-,01,23152,B,N,F,I,A,A,H,-,A,D,0,NA,NA,NA,NA,Y,Y,A,01,0,1,0,0,0,0,0,0,0,-,-,NA,NA,SAN BERNARDINO,VICTORVILLE,-117.29328918457033,34.49996566772461
8635677,2018,2018-06-19,3610,2018-04-26,1540,50977,NA,4,5,6,3610,0,0,0,NA,0,POLICE,N VALENCIA AV,N HIGHLAND AV,72,N,N,A,-,N,NA,NA,NA,NA,NA,NA,NA,NA,NA,N,4,0,1,2,A,-,09,21804,B,N,H,A,A,A,H,-,A,D,0,NA,NA,Y,NA,Y,NA,-,NA,0,0,1,0,0,0,0,0,1,-,-,34.13589859008789,-117.27249145507813,SAN BERNARDINO,SAN BERNARDINO,-117.27259063720705,34.136085510253906
8636121,2018,2018-06-26,3610,2018-05-17,2103,51029,NA,4,5,6,3610,0,0,0,NA,0,NA,W 8TH ST,NORTH ARROWHEAD AV,8,E,N,A,-,N,NA,NA,NA,NA,NA,NA,NA,NA,NA,N,4,0,1,2,A,-,08,22107,NA,N,B,C,A,A,H,-,C,A,0,NA,NA,NA,NA,Y,NA,-,NA,0,0,1,0,0,0,0,0,0,-,-,34.11397171020508,-117.28964996337892,SAN BERNARDINO,SAN BERNARDINO,-117.28962707519533,34.11391830444336
8636563,2018,2018-06-19,3610,2018-05-02,1750,51091,NA,3,5,6,3610,0,0,0,NA,0,DAVID,MT VIEW ST,9TH ST,0,NA,Y,B,-,N,NA,NA,NA,NA,NA,NA,NA,NA,NA,Y,4,0,3,2,A,-,-,NA,NA,N,D,C,A,A,H,-,A,A,0,NA,NA,NA,NA,Y,NA,A,01,0,0,3,0,0,0,0,0,0,-,-,34.115779876708984,-117.28740692138672,SAN BERNARDINO,SAN BERNARDINO,-117.2873992919922,34.115779876708984
8636570,2018,2018-06-21,3604,2018-05-12,1312,1127,NA,6,5,6,3604,0,0,0,NA,0,NA,TAMARIND AV,FAIRFAX ST,0,NA,Y,A,-,N,NA,NA,NA,NA,NA,NA,NA,NA,NA,Y,4,0,1,2,A,-,09,21802,A,F,D,C,A,A,H,-,A,A,0,NA,NA,NA,NA,Y,NA,A,08,0,0,1,0,0,0,0,0,0,-,-,34.645328521728516,-117.252197265625,SAN BERNARDINO,FONTANA,-117.42275238037108,34.112571716308594