CASE_ID,ACCIDENT_YEAR,PROC_DATE,JURIS,COLLISION_DATE,COLLISION_TIME,OFFICER_ID,REPORTING_DISTRICT,DAY_OF_WEEK,CHP_SHIFT,POPULATION,CNTY_CITY_LOC,SPECIAL_COND,BEAT_TYPE,CHP_BEAT_TYPE,CITY_DIVISION_LAPD,CHP_BEAT_CLASS,BEAT_NUMBER,PRIMARY_RD,SECONDARY_RD,DISTANCE,DIRECTION,INTERSECTION,WEATHER_1,WEATHER_2,STATE_HWY_IND,CALTRANS_COUNTY,CALTRANS_DISTRICT,STATE_ROUTE,ROUTE_SUFFIX,POSTMILE_PREFIX,POSTMILE,LOCATION_TYPE,RAMP_INTERSECTION,SIDE_OF_HWY,TOW_AWAY,COLLISION_SEVERITY,NUMBER_KILLED,NUMBER_INJURED,PARTY_COUNT,PRIMARY_COLL_FACTOR,PCF_CODE_OF_VIOL,PCF_VIOL_CATEGORY,PCF_VIOLATION,PCF_VIOL_SUBSECTION,HIT_AND_RUN,TYPE_OF_COLLISION,MVIW,PED_ACTION,ROAD_SURFACE,ROAD_COND_1,ROAD_COND_2,LIGHTING,CONTROL_DEVICE,CHP_ROAD_TYPE,PEDESTRIAN_ACCIDENT,BICYCLE_ACCIDENT,MOTORCYCLE_ACCIDENT,TRUCK_ACCIDENT,NOT_PRIVATE_PROPERTY,ALCOHOL_INVOLVED,STWD_VEHTYPE_AT_FAULT,CHP_VEHTYPE_AT_FAULT,COUNT_SEVERE_INJ,COUNT_VISIBLE_INJ,COUNT_COMPLAINT_PAIN,COUNT_PED_KILLED,COUNT_PED_INJURED,COUNT_BICYCLIST_KILLED,COUNT_BICYCLIST_INJURED,COUNT_MC_KILLED,COUNT_MC_INJURED,PRIMARY_RAMP,SECONDARY_RAMP,LATITUDE,LONGITUDE,COUNTY,CITY,POINT_X,POINT_Y
8693036,2018,2018-10-03,3600,2018-09-09,0110,F8535,UC407,7,5,4,3640,0,0,0,NA,0,YC3,OUTER HWY 10,LIVE OAK CYN,110,W,N,A,-,N,NA,NA,NA,NA,NA,NA,NA,NA,NA,Y,3,0,3,1,A,-,03,22350,NA,N,E,I,A,A,H,-,D,A,0,NA,NA,NA,NA,Y,NA,A,01,0,3,0,0,0,0,0,0,0,-,-,NA,NA,SAN BERNARDINO,YUCAIPA,-117.09864044189452,34.015220642089844
8693315,2018,2018-09-18,3603,2018-05-20,1043,4744,433,7,5,4,3603,0,0,0,NA,0,004,WASHINGTON ST,WALIN ST,20,E,N,B,-,N,NA,NA,NA,NA,NA,NA,NA,NA,NA,N,4,0,1,2,A,-,03,22350,NA,N,C,C,A,A,H,-,A,A,0,NA,NA,NA,NA,Y,Y,A,01,0,0,1,0,0,0,0,0,0,-,-,NA,NA,SAN BERNARDINO,COLTON,-117.29610443115234,34.04841995239258
8693450,2018,2018-10-09,3605,2018-07-27,1719,378,3605,5,5,4,3605,0,0,0,NA,0,NA,HOLT BL,AMHERST AV,435,E,N,A,-,N,NA,NA,NA,NA,NA,NA,NA,NA,NA,Y,4,0,3,4,A,-,04,21703,NA,N,C,C,A,A,H,-,A,A,0,NA,NA,NA,NA,Y,NA,A,01,0,0,3,0,0,0,0,0,0,-,-,NA,NA,SAN BERNARDINO,MONTCLAIR,-117.71059417724608,34.06325912475586
8693664,2018,2018-10-09,3610,2018-08-27,0925,50294,NA,1,5,6,3610,0,0,0,NA,0,ADAM,N DAVIDSON AV,HIGHLAND AV,0,NA,Y,A,-,N,NA,NA,NA,NA,NA,NA,NA,NA,NA,Y,4,0,1,2,A,-,09,21801,A,N,D,C,A,A,H,-,A,D,0,NA,NA,NA,NA,Y,NA,A,01,0,0,1,0,0,0,0,0,0,-,-,34.136070251464844,-117.31021118164063,SAN BERNARDINO,SAN BERNARDINO,-117.31020355224608,34.13605880737305
8693705,2018,2018-10-08,3604,2018-08-11,0939,1299,NA,6,5,6,3604,0,0,0,NA,0,NA,CATAWBA,SAN BERNARDINO,0,NA,Y,A,-,N,NA,NA,NA,NA,NA,NA,NA,NA,NA,Y,3,0,1,2,A,-,12,22450,A,N,B,C,A,A,H,-,A,D,0,NA,NA,Y,NA,Y,NA,C,02,0,1,0,0,0,0,0,0,1,-,-,NA,NA,SAN BERNARDINO,FONTANA,-117.45809173583984,34.077510833740234
8693784,2018,2018-10-26,3600,2018-08-10,0053,G7675,AP021,5,5,5,3621,0,0,0,NA,0,AP4,NAVAJO RD,BEAR VALLEY RD,0,NA,Y,A,-,N,NA,NA,NA,NA,NA,NA,NA,NA,NA,Y,4,0,1,2,A,-,03,22350,NA,M,C,C,A,A,H,-,C,A,0,NA,NA,NA,NA,Y,NA,A,01,0,0,1,0,0,0,0,0,0,-,-,NA,NA,SAN BERNARDINO,APPLE VALLEY,-117.19017028808594,34.471500396728516
8695317,2018,2018-09-20,3604,2018-08-19,2316,P1117,NA,7,5,6,3604,0,0,0,NA,0,NA,CITRUS AV,RANDALL AV,0,NA,Y,A,-,N,NA,NA,NA,NA,NA,NA,NA,NA,NA,Y,3,0,2,2,A,-,01,23152,A,N,A,C,A,A,H,-,C,A,0,NA,NA,NA,NA,Y,Y,A,01,0,2,0,0,0,0,0,0,0,-,-,NA,NA,SAN BERNARDINO,FONTANA,-117.45474243164063,34.08477020263672
8696261,2018,2018-10-24,3600,2018-08-30,1414,E8738,CH017,4,5,5,3630,0,0,0,NA,0,CH3,RT 142,ROSEMARY LN,0,NA,N,A,-,Y,SBD,8,142,-,-,0.09,I,5,E,NA,4,0,1,2,A,-,05,21460,A,N,A,C,A,A,H,-,A,D,0,NA,NA,NA,NA,Y,NA,A,01,0,0,1,0,0,0,0,0,0,-,-,NA,NA,SAN BERNARDINO,CHINO HILLS,-117.78076171875,33.94623947143555
8696870,2018,2018-09-21,3600,2018-08-22,1157,D6899,HE108,3,5,5,3619,0,0,0,NA,0,HE1,7TH AV,SYCAMORE ST,0,NA,Y,A,-,N,NA,NA,NA,NA,NA,NA,NA,NA,NA,Y,4,0,2,2,A,-,12,22450,A,N,D,C,A,A,H,-,A,A,0,NA,NA,NA,NA,Y,NA,A,08,0,0,2,0,0,0,0,0,0,-,-,NA,NA,SAN BERNARDINO,HESPERIA,-117.3123016357422,34.46350860595703
8698033,2018,2018-09-28,3608,2018-09-10,1935,4714,13608,1,5,5,3608,0,0,0,NA,0,901,ORANGE ST,PENNSYLVANIA AV,0,NA,Y,A,-,N,NA,NA,NA,NA,NA,NA,NA,NA,NA,Y,3,0,1,1,A,-,08,22107,NA,N,E,I,A,A,H,-,C,A,0,NA,NA,NA,NA,Y,NA,A,01,0,1,0,0,0,0,0,0,0,-,-,NA,NA,SAN BERNARDINO,REDLANDS,-117.18244171142578,34.073631286621094
8700772,2018,2018-10-26,3600,2018-04-30,1448,G6907,YV020,1,5,3,3631,0,0,0,NA,0,0YV,RT 62,SHOPPING CENTER,20,E,N,A,-,Y,SBD,8,62,-,-,14.32,H,-,W,Y,4,0,1,2,A,-,03,22350,NA,N,C,C,A,A,H,-,A,A,0,NA,NA,NA,NA,Y,NA,D,22,0,0,1,0,0,0,0,0,0,-,-,NA,NA,SAN BERNARDINO,YUCCA VALLEY,-116.38339996337892,34.134864807128906
8700784,2018,2018-10-26,3600,2018-05-03,0703,F4486,YV011,4,5,3,3631,0,0,0,NA,0,0YV,OLD WOMAN SPRINGS RD,RT 62,157,E,N,A,-,Y,SBD,8,62,-,-,12.47,H,-,W,Y,4,0,2,3,A,-,04,21703,NA,N,C,C,A,A,H,-,A,A,0,NA,NA,NA,NA,Y,NA,A,01,0,0,2,0,0,0,0,0,0,-,-,NA,NA,SAN BERNARDINO,YUCCA VALLEY,-116.41297149658205,34.12379837036133
8700819,2018,2018-10-25,3600,2018-08-16,1706,G7650,YV015,4,5,3,3631,0,0,0,NA,0,YV1,AIRWAY AV,29 PALMS HWY,0,NA,Y,A,-,Y,SBD,8,62,-,-,12.71,H,-,W,Y,4,0,1,2,A,-,09,21804,A,N,B,C,A,A,H,-,A,D,0,NA,NA,NA,NA,Y,NA,A,01,0,0,1,0,0,0,0,0,0,-,-,NA,NA,SAN BERNARDINO,YUCCA VALLEY,-116.40901947021484,34.12502670288086
8701013,2018,2018-10-17,3610,2018-08-24,2039,50986,NA,5,5,6,3610,0,0,0,NA,0,POLICE,E 9TH ST,VALENCIA,96,E,N,A,-,N,NA,NA,NA,NA,NA,NA,NA,NA,NA,N,3,0,1,2,A,-,05,21650,1,F,G,B,A,A,H,-,C,D,0,NA,Y,NA,NA,Y,NA,L,04,0,1,0,0,0,0,1,0,0,-,-,34.1157112121582,-117.27120971679688,SAN BERNARDINO,SAN BERNARDINO,-117.27143096923828,34.115760803222656
8702555,2018,2018-10-10,3600,2018-09-08,0624,G9470,VC068,6,5,5,3612,0,0,0,NA,0,VC4,BEAR VALLEY RD,TOPAZ RD,0,NA,Y,A,-,N,NA,NA,NA,NA,NA,NA,NA,NA,NA,Y,3,0,2,2,A,-,12,21453,A,N,D,C,A,A,H,-,A,A,0,NA,NA,NA,NA,Y,NA,A,01,0,1,1,0,0,0,0,0,0,-,-,NA,NA,SAN BERNARDINO,VICTORVILLE,-117.38192749023438,34.470359802246094
8703525,2018,2018-10-29,3605,2018-09-10,0828,396,NA,1,5,4,3605,0,0,0,NA,0,NA,CENTRAL AV,ARROW HWY,0,NA,Y,A,-,N,NA,NA,NA,NA,NA,NA,NA,NA,NA,N,4,0,3,2,A,-,09,21453,C,N,D,C,A,A,H,-,A,A,0,NA,NA,NA,NA,Y,NA,D,22,0,0,3,0,0,0,0,0,0,-,-,NA,NA,SAN BERNARDINO,MONTCLAIR,-117.68971252441406,34.09233093261719
8703619,2018,2018-10-08,3605,2018-09-04,1947,411,3605,2,5,4,3605,0,0,0,NA,0,NA,PALO VERDE ST,MONTE VISTA AV,64,E,N,A,-,N,NA,NA,NA,NA,NA,NA,NA,NA,NA,N,4,0,1,2,A,-,08,22107,NA,N,B,C,A,A,H,-,C,A,0,NA,NA,NA,NA,Y,NA,A,01,0,0,1,0,0,0,0,0,0,-,-,NA,NA,SAN BERNARDINO,MONTCLAIR,-117.69805145263672,34.08135223388672
8703957,2018,2018-10-04,3600,2018-08-31,2219,B7127,HE121,5,5,5,3619,0,0,0,NA,0,001,COTTONWOOD AV,MAUNA LOA ST,0,NA,Y,A,-,N,NA,NA,NA,NA,NA,NA,NA,NA,NA,Y,4,0,1,2,A,-,01,23152,B,N,C,C,A,A,H,-,C,A,0,NA,NA,NA,NA,Y,Y,A,01,0,0,1,0,0,0,0,0,0,-,-,NA,NA,SAN BERNARDINO,HESPERIA,-117.33849334716795,34.442691802978516
8706103,2018,2018-10-05,3608,2018-07-18,2129,4027,NA,3,5,5,3608,0,0,0,NA,0,NA,GREENSPOT RD,FLORIDA AV,1426,N,N,A,-,N,NA,NA,NA,NA,NA,NA,NA,NA,NA,Y,2,0,2,1,A,-,01,23153,G,N,E,I,A,A,H,-,D,D,0,NA,NA,NA,NA,Y,Y,A,01,1,1,0,0,0,0,0,0,0,-,-,NA,NA,SAN BERNARDINO,REDLANDS,-117.1112823486328,34.085758209228516
8706475,2018,2018-10-02,3601,2018-06-18,2103,P75,BARST,1,5,3,3601,0,0,0,NA,0,NA,SOUTH 7TH AV,EAST MAIN ST,176,S,N,A,-,N,NA,NA,NA,NA,NA,NA,NA,NA,NA,Y,2,0,1,1,A,-,03,22350,NA,N,F,I,A,A,H,-,C,D,0,NA,NA,NA,NA,Y,Y,-,NA,1,0,0,0,0,0,0,0,0,-,-,NA,NA,SAN BERNARDINO,BARSTOW,-117.01967620849608,34.89820861816406
8707683,2018,2018-10-18,3600,2018-09-14,0808,D6899,HE208,5,5,5,3619,0,0,0,NA,0,HE2,PEACH AV,MOJAVE ST,0,NA,Y,A,-,N,NA,NA,NA,NA,NA,NA,NA,NA,NA,Y,4,0,1,2,A,-,12,22450,A,N,D,C,A,A,H,-,A,A,0,NA,NA,NA,NA,Y,NA,A,01,0,0,1,0,0,0,0,0,0,-,-,NA,NA,SAN BERNARDINO,HESPERIA,-117.26349639892578,34.43838882446289
8707701,2018,2018-10-10,3604,2018-08-19,1344,1256,NA,7,5,6,3604,0,0,0,NA,0,NA,CITRUS AV,SOUTH HIGHLAND AV,0,NA,Y,A,-,N,NA,NA,NA,NA,NA,NA,NA,NA,NA,N,4,0,1,2,A,-,12,21457,A,F,-,C,A,A,H,-,A,B,0,NA,NA,NA,NA,Y,NA,A,01,0,0,1,0,0,0,0,0,0,-,-,NA,NA,SAN BERNARDINO,FONTANA,-117.45364379882813,34.134708404541016
8709817,2018,2018-11-09,3604,2018-09-22,1726,1127,NA,6,5,6,3604,0,0,0,NA,0,NA,FOOTHILL BL,ALDER AV,56,NA,N,A,-,N,NA,NA,NA,NA,NA,NA,NA,NA,NA,Y,4,0,2,2,A,-,09,21801,A,N,D,C,A,A,H,-,A,A,0,NA,NA,NA,NA,Y,NA,A,01,0,0,2,0,0,0,0,0,0,-,-,34.624168395996094,-117.25482177734376,SAN BERNARDINO,FONTANA,-117.41835784912108,34.106689453125
8711212,2018,2018-10-25,3610,2018-09-11,1703,51049,NA,2,5,6,3610,0,0,0,NA,0,POLICE,WEST HIGHLAND AV,N E ST,0,NA,Y,A,-,N,NA,NA,NA,NA,NA,NA,NA,NA,NA,Y,3,0,2,3,A,-,03,22350,NA,N,C,C,A,A,H,-,A,A,0,NA,NA,NA,NA,Y,NA,A,01,0,1,1,0,0,0,0,0,0,-,-,34.135990142822266,-117.29412841796876,SAN BERNARDINO,SAN BERNARDINO,-117.29415130615234,34.13600158691406
8711460,2018,2018-11-06,3604,2018-09-26,0908,643,NA,3,5,6,3604,0,0,0,NA,0,002,FOOTHILL,MANGO,72,W,N,A,-,N,NA,NA,NA,NA,NA,NA,NA,NA,NA,N,3,0,1,2,A,-,08,22107,NA,N,D,G,A,A,H,-,A,A,0,NA,Y,NA,Y,Y,NA,F,26,0,1,0,0,0,0,1,0,0,-,-,NA,NA,SAN BERNARDINO,FONTANA,-117.4316864013672,34.10663986206055
8712242,2018,2018-10-19,3610,2018-09-24,1905,51091,NA,1,5,6,3610,0,0,0,NA,0,DAVID,NORTH WATERMAN AV,KINGMAN,95,N,N,A,-,N,NA,NA,NA,NA,NA,NA,NA,NA,NA,N,3,0,1,2,A,-,11,21954,A,F,G,B,D,A,H,-,C,D,0,Y,NA,NA,NA,Y,Y,N,60,0,1,0,0,1,0,0,0,0,-,-,34.1074104309082,-117.2788314819336,SAN BERNARDINO,SAN BERNARDINO,-117.27877044677734,34.10765838623047
8712250,2018,2018-10-19,3610,2018-09-20,1925,51155,NA,4,5,6,3610,0,0,0,NA,0,ADAM,W FOOTHILL BL,N MERIDIAN AV,300,W,N,A,-,N,NA,NA,NA,NA,NA,NA,NA,NA,NA,N,4,0,2,2,A,-,09,21801,A,N,D,C,A,A,H,-,B,D,0,NA,NA,NA,NA,Y,NA,A,07,0,0,2,0,0,0,0,0,0,-,-,34.10675048828125,-117.34851837158205,SAN BERNARDINO,SAN BERNARDINO,-117.34951019287108,34.10677719116211
8713415,2018,2018-11-20,3605,2018-10-02,1401,387,NA,2,5,4,3605,0,0,0,NA,0,NA,RAMONA AV,CAMBRIDGE ST,90,N,N,A,-,N,NA,NA,NA,NA,NA,NA,NA,NA,NA,N,4,0,1,2,A,-,09,21801,A,N,D,C,A,A,H,-,A,D,0,NA,NA,NA,NA,Y,NA,A,01,0,0,1,0,0,0,0,0,0,-,-,NA,NA,SAN BERNARDINO,MONTCLAIR,-117.7069854736328,34.080387115478516
8714122,2018,2018-11-16,3600,2018-10-02,1739,H5857,HI005,2,5,4,3618,0,0,0,NA,0,HI1,9TH ST,MCKINLEY,152,E,N,A,-,N,NA,NA,NA,NA,NA,NA,NA,NA,NA,N,3,0,1,1,A,-,03,22350,NA,N,F,A,A,A,-,-,A,D,0,NA,NA,Y,NA,Y,NA,C,02,0,1,0,0,0,0,0,0,1,-,-,NA,NA,SAN BERNARDINO,HIGHLAND,-117.23697662353516,34.115726470947266
8714136,2018,2018-12-05,3608,2018-10-06,1323,4759,3608,6,5,5,3608,0,0,0,NA,0,901,TERRACINA BL,BROOKSIDE AV,0,NA,Y,A,-,N,NA,NA,NA,NA,NA,NA,NA,NA,NA,Y,3,0,1,2,A,-,08,22107,NA,N,D,D,A,A,H,-,A,-,0,NA,NA,NA,NA,Y,NA,A,01,0,1,0,0,0,0,0,0,0,-,-,NA,NA,SAN BERNARDINO,REDLANDS,-117.21212005615234,34.044490814208984
8715006,2018,2018-11-07,3600,2018-10-05,1258,D9362,AP025,5,5,5,3621,0,0,0,NA,0,NA,BEAR VALLEY RD,APPLE VALLEY RD,110,E,N,A,-,N,NA,NA,NA,NA,NA,NA,NA,NA,NA,Y,3,0,1,2,A,-,03,22350,NA,N,C,C,A,A,H,-,A,A,0,NA,NA,NA,NA,Y,NA,D,22,0,1,0,0,0,0,0,0,0,-,-,NA,NA,SAN BERNARDINO,APPLE VALLEY,-117.24201965332033,34.471195220947266
8715384,2018,2018-11-13,3602,2018-10-12,1412,3805,NA,5,5,5,3602,0,0,0,NA,0,003,TELEPHONE AV,EUCALYPTUS AV,5,N,N,A,-,N,NA,NA,NA,NA,NA,NA,NA,NA,NA,N,4,0,1,2,A,-,08,22107,NA,N,B,C,A,A,H,-,A,D,0,NA,NA,NA,Y,Y,NA,F,25,0,0,1,0,0,0,0,0,0,-,-,NA,NA,SAN BERNARDINO,CHINO,-117.69339752197266,33.99002456665039
8715611,2018,2018-11-16,3602,2018-10-27,1424,3805,NA,6,5,5,3602,0,0,0,NA,0,005,EUCLID AV,MERRILL AV,1663,S,N,A,-,N,NA,NA,NA,NA,NA,NA,NA,NA,NA,Y,3,0,1,1,A,-,01,23152,NA,N,D,I,A,A,H,-,A,D,0,NA,NA,NA,NA,Y,Y,A,01,0,1,0,0,0,0,0,0,0,-,-,NA,NA,SAN BERNARDINO,CHINO,-117.65061950683594,33.97848129272461
8715822,2018,2018-10-26,3600,2018-09-07,1917,D3381,VC072,5,5,5,3612,0,0,0,NA,0,VC6,MOJAVE DR,RT 395,0,NA,Y,A,-,N,NA,NA,NA,NA,NA,NA,NA,NA,NA,Y,4,0,2,3,A,-,03,22350,NA,N,C,C,A,A,H,-,B,A,0,NA,NA,NA,NA,Y,NA,A,07,0,0,2,0,0,0,0,0,0,-,-,NA,NA,SAN BERNARDINO,VICTORVILLE,-117.39945220947266,34.528541564941406
8717606,2018,2018-10-17,3605,2018-09-18,1811,278,NA,2,5,4,3605,0,0,0,NA,0,NA,CENTRAL AV,MORENO ST,300,S,N,A,-,N,NA,NA,NA,NA,NA,NA,NA,NA,NA,N,4,0,1,2,A,-,09,21804,A,N,D,C,A,A,H,-,A,A,0,NA,NA,NA,NA,Y,NA,A,01,0,0,1,0,0,0,0,0,0,-,-,NA,NA,SAN BERNARDINO,MONTCLAIR,-117.68970489501952,34.087947845458984
8717645,2018,2018-10-17,3604,2018-09-01,1153,1211,NA,6,5,6,3604,0,0,0,NA,0,NA,CITRUS AV,MERRILL AV,0,NA,Y,A,-,N,NA,NA,NA,NA,NA,NA,NA,NA,NA,Y,4,0,1,3,A,-,09,21453,C,N,D,C,A,A,H,-,A,A,0,NA,NA,NA,NA,Y,NA,D,22,0,0,1,0,0,0,0,0,0,-,-,NA,NA,SAN BERNARDINO,FONTANA,-117.45368194580078,34.092071533203125
8718757,2018,2018-12-17,3600,2018-09-20,1138,D6899,HE302,4,5,5,3619,0,0,0,NA,0,HE3,RT 395,THREE FLAGS CT,0,NA,Y,A,-,Y,SBD,8,395,-,R,4.71,I,5,N,Y,4,0,2,3,A,-,12,21453,A,N,D,C,A,A,H,-,A,A,0,NA,NA,NA,Y,Y,NA,A,01,0,0,2,0,0,0,0,0,0,-,-,NA,NA,SAN BERNARDINO,HESPERIA,-117.3991928100586,34.410335540771484
8718963,2018,2018-11-19,3608,2018-09-21,1253,3675,NA,5,5,5,3608,0,0,0,NA,0,NA,FORD ST,RESERVOIR RD,300,N,N,A,-,N,NA,NA,NA,NA,NA,NA,NA,NA,NA,Y,3,0,1,1,A,-,03,22350,NA,N,E,I,A,A,H,-,A,D,0,NA,NA,NA,NA,Y,NA,A,01,0,1,0,0,0,0,0,0,0,-,-,NA,NA,SAN BERNARDINO,REDLANDS,-117.15480041503906,34.04266357421875
8722517,2018,2018-12-03,3600,2018-10-05,1128,D3311,RC073,5,5,6,3616,0,0,0,NA,0,RC5,MILLIKEN AV,4TH ST,0,NA,N,A,-,NA,NA,NA,NA,NA,NA,NA,NA,NA,NA,NA,4,0,1,2,A,-,09,21804,A,N,B,C,A,A,H,-,A,D,0,NA,NA,NA,Y,Y,NA,A,01,0,0,1,0,0,0,0,0,0,-,-,NA,NA,SAN BERNARDINO,RANCHO CUCAMONGA,-117.55840301513672,34.07735061645508
8723070,2018,2018-11-02,3600,2018-09-24,0657,G9963,VC055,1,5,5,3612,0,0,0,NA,0,VC5,KIMBERLY DR,AMARGOSA RD,410,W,N,A,-,N,NA,NA,NA,NA,NA,NA,NA,NA,NA,N,4,0,1,2,A,-,11,21954,A,N,G,B,E,A,H,-,A,D,0,Y,NA,NA,NA,Y,NA,N,60,0,0,1,0,1,0,0,0,0,-,-,NA,NA,SAN BERNARDINO,VICTORVILLE,-117.33162689208984,34.51962661743164
8725630,2018,2018-11-05,3600,2018-09-20,1541,G6191,RC034,4,5,6,3616,0,0,0,NA,0,RC05,CENTER AV,6TH ST,445,N,N,A,-,N,NA,NA,NA,NA,NA,NA,NA,NA,NA,Y,4,0,1,2,A,-,08,22102,NA,N,D,C,A,A,H,-,A,D,0,NA,NA,Y,NA,Y,NA,A,01,0,0,1,0,0,0,0,0,0,-,-,NA,NA,SAN BERNARDINO,RANCHO CUCAMONGA,-117.58026885986328,34.08592987060547
8726342,2018,2018-11-05,3604,2018-10-22,0810,509,NA,1,5,6,3604,0,0,0,NA,0,NA,JUNIPER AV,MALLORY DR,120,N,N,A,-,N,NA,NA,NA,NA,NA,NA,NA,NA,NA,Y,3,0,2,2,A,-,03,22350,NA,N,C,C,A,A,H,-,A,D,0,NA,NA,NA,NA,Y,NA,A,01,0,1,1,0,0,0,0,0,0,-,-,NA,NA,SAN BERNARDINO,FONTANA,-117.44004058837892,34.07469940185547
8726369,2018,2018-11-05,3600,2018-09-04,1516,F7807,AD311,2,5,3,3613,0,0,0,NA,0,AD2,MOJAVE DR,PEARMAIN RD,0,NA,Y,A,-,N,NA,NA,NA,NA,NA,NA,NA,NA,NA,Y,4,0,1,2,A,-,12,22450,NA,F,D,C,A,A,H,-,A,A,0,NA,NA,NA,NA,Y,NA,A,01,0,0,1,0,0,0,0,0,0,-,-,NA,NA,SAN BERNARDINO,ADELANTO,-117.40387725830078,34.52853012084961
8726488,2018,2018-11-08,3610,2018-10-13,0916,51135,NA,6,5,6,3610,0,0,0,NA,0,POLICE,W 6TH ST,NORTH ARROWHEAD AV,0,NA,Y,C,-,N,NA,NA,NA,NA,NA,NA,NA,NA,NA,Y,4,0,1,2,A,-,12,21453,A,N,D,D,A,B,H,-,A,A,0,NA,NA,NA,NA,Y,NA,A,07,0,0,1,0,0,0,0,0,0,-,-,34.110191345214844,-117.28958892822266,SAN BERNARDINO,SAN BERNARDINO,-117.28964996337892,34.110191345214844
8726840,2018,2018-11-13,3602,2018-09-16,1729,3805,NA,7,5,5,3602,0,0,0,NA,0,004,MONTE VISTA AV,CHINO AV,0,NA,Y,A,-,N,NA,NA,NA,NA,NA,NA,NA,NA,NA,Y,3,0,3,2,A,-,01,23152,NA,N,D,C,A,A,H,-,A,A,0,NA,NA,NA,NA,Y,Y,D,22,0,3,0,0,0,0,0,0,0,-,-,NA,NA,SAN BERNARDINO,CHINO,-117.69799041748048,34.011741638183594
8726990,2018,2018-11-08,3602,2018-08-14,0138,3519,17,2,5,5,3602,0,0,0,NA,0,001,YORBA AV,FRANCIS AV,1571,S,N,A,-,N,NA,NA,NA,NA,NA,NA,NA,NA,NA,Y,4,0,1,3,A,-,08,22107,A,N,C,C,A,A,H,-,C,D,0,NA,NA,NA,NA,Y,Y,A,01,0,0,1,0,0,0,0,0,0,-,-,NA,NA,SAN BERNARDINO,CHINO,-117.70254516601563,34.03644561767578
8727186,2018,2018-11-19,3610,2018-09-14,2500,51040,NA,5,5,6,3610,0,0,0,NA,0,POLICE,E LYNWOOD DR,E 30TH ST,0,NA,Y,A,-,N,NA,NA,NA,NA,NA,NA,NA,NA,NA,NA,4,0,2,2,A,-,08,22107,NA,N,D,C,A,A,H,-,A,D,0,NA,NA,NA,NA,Y,NA,A,01,0,0,2,0,0,0,0,0,0,-,-,34.14677047729492,-117.26750946044922,SAN BERNARDINO,SAN BERNARDINO,-117.26809692382813,34.14664077758789
8728393,2018,2018-11-14,3608,2018-10-09,2027,3821,NA,2,5,5,3608,0,0,0,NA,0,NA,ORANGE ST,PEARL AV,0,NA,Y,A,-,N,NA,NA,NA,NA,NA,NA,NA,NA,NA,Y,4,0,1,2,A,-,12,21453,A,N,D,C,A,A,H,-,C,A,0,NA,NA,NA,NA,Y,NA,A,01,0,0,1,0,0,0,0,0,0,-,-,NA,NA,SAN BERNARDINO,REDLANDS,-117.18254852294922,34.06132888793945
8729592,2018,2018-11-16,3610,2018-10-23,1530,50356,NA,2,5,6,3610,0,0,0,NA,0,ADAM,W 7TH ST,N CABRERA ST,0,NA,Y,A,-,N,NA,NA,NA,NA,NA,NA,NA,NA,NA,Y,4,0,1,2,A,-,09,21801,A,N,D,C,A,A,H,-,A,A,0,NA,NA,NA,NA,Y,NA,A,01,0,0,1,0,0,0,0,0,0,-,-,NA,NA,SAN BERNARDINO,SAN BERNARDINO,-117.3203582763672,34.112030029296875
8730135,2018,2018-11-30,3600,2018-10-23,1457,B3501,RC030,2,5,6,3616,0,0,0,NA,0,RC5,ARCHIBALD AV,CHURCH ST,0,NA,Y,A,-,N,NA,NA,NA,NA,NA,NA,NA,NA,NA,N,3,0,1,2,A,-,09,21801,A,N,A,C,A,A,H,-,A,-,0,NA,NA,NA,NA,Y,NA,A,01,0,1,0,0,0,0,0,0,0,-,-,NA,NA,SAN BERNARDINO,RANCHO CUCAMONGA,-117.59349060058594,34.11405944824219
8730490,2018,2018-11-05,3603,2018-03-15,0843,3931,CPD,4,5,4,3603,0,0,0,NA,0,NA,S MT VERNON AV,E WASHINGTON ST,2640,S,N,B,C,N,NA,NA,NA,NA,NA,NA,NA,NA,NA,Y,4,0,1,1,A,-,03,22350,NA,N,E,I,A,D,B,-,A,D,0,NA,NA,NA,NA,Y,NA,A,01,0,0,1,0,0,0,0,0,0,-,-,34.0483283996582,-117.30924224853516,SAN BERNARDINO,COLTON,-117.31056213378906,34.045589447021484
8730836,2018,2018-11-01,3609,2018-10-09,1716,5491,RI120,2,5,5,3609,0,0,0,NA,0,001,FOOTHILL BL,LINDEN AV,180,E,N,A,-,N,NA,NA,NA,NA,NA,NA,NA,NA,NA,N,4,0,1,2,A,-,03,22350,NA,N,C,C,A,A,H,-,A,A,0,NA,NA,NA,NA,Y,NA,A,01,0,0,1,0,0,0,0,0,0,-,-,34.106849670410156,-117.40028381347656,SAN BERNARDINO,RIALTO,-117.40030670166016,34.10673141479492
8730967,2018,2018-11-05,3608,2018-10-08,1012,4714,NA,1,5,5,3608,0,0,0,NA,0,901,ORANGE ST,SAN BERNARDINO AV,0,NA,N,A,-,N,NA,NA,NA,NA,NA,NA,NA,NA,NA,Y,4,0,1,2,A,-,12,21453,A,N,B,C,A,A,H,-,A,A,0,NA,NA,NA,NA,Y,NA,A,07,0,0,1,0,0,0,0,0,0,-,-,NA,NA,SAN BERNARDINO,REDLANDS,-117.18240356445313,34.0772705078125
8731427,2018,2018-11-07,3600,2018-10-15,1946,D3381,VC051,1,5,5,3612,0,0,0,NA,0,VC5,MOJAVE DR,EL EVADO RD,0,NA,Y,A,-,N,NA,NA,NA,NA,NA,NA,NA,NA,NA,Y,3,0,2,3,A,-,01,23152,A,N,C,C,A,A,H,-,C,A,0,NA,NA,NA,NA,Y,Y,A,07,0,1,1,0,0,0,0,0,0,-,-,NA,NA,SAN BERNARDINO,VICTORVILLE,-117.34677124023438,34.52854919433594