CASE_ID,ACCIDENT_YEAR,PROC_DATE,JURIS,COLLISION_DATE,COLLISION_TIME,OFFICER_ID,REPORTING_DISTRICT,DAY_OF_WEEK,CHP_SHIFT,POPULATION,CNTY_CITY_LOC,SPECIAL_COND,BEAT_TYPE,CHP_BEAT_TYPE,CITY_DIVISION_LAPD,CHP_BEAT_CLASS,BEAT_NUMBER,PRIMARY_RD,SECONDARY_RD,DISTANCE,DIRECTION,INTERSECTION,WEATHER_1,WEATHER_2,STATE_HWY_IND,CALTRANS_COUNTY,CALTRANS_DISTRICT,STATE_ROUTE,ROUTE_SUFFIX,POSTMILE_PREFIX,POSTMILE,LOCATION_TYPE,RAMP_INTERSECTION,SIDE_OF_HWY,TOW_AWAY,COLLISION_SEVERITY,NUMBER_KILLED,NUMBER_INJURED,PARTY_COUNT,PRIMARY_COLL_FACTOR,PCF_CODE_OF_VIOL,PCF_VIOL_CATEGORY,PCF_VIOLATION,PCF_VIOL_SUBSECTION,HIT_AND_RUN,TYPE_OF_COLLISION,MVIW,PED_ACTION,ROAD_SURFACE,ROAD_COND_1,ROAD_COND_2,LIGHTING,CONTROL_DEVICE,CHP_ROAD_TYPE,PEDESTRIAN_ACCIDENT,BICYCLE_ACCIDENT,MOTORCYCLE_ACCIDENT,TRUCK_ACCIDENT,NOT_PRIVATE_PROPERTY,ALCOHOL_INVOLVED,STWD_VEHTYPE_AT_FAULT,CHP_VEHTYPE_AT_FAULT,COUNT_SEVERE_INJ,COUNT_VISIBLE_INJ,COUNT_COMPLAINT_PAIN,COUNT_PED_KILLED,COUNT_PED_INJURED,COUNT_BICYCLIST_KILLED,COUNT_BICYCLIST_INJURED,COUNT_MC_KILLED,COUNT_MC_INJURED,PRIMARY_RAMP,SECONDARY_RAMP,LATITUDE,LONGITUDE,COUNTY,CITY,POINT_X,POINT_Y
8907499,2019,2019-08-13,3604,2019-07-13,1906,1154,NA,6,5,6,3604,0,0,0,NA,0,NA,LIVE OAK AV,OLIVEDALE DR,40,N,N,A,-,N,NA,NA,NA,NA,NA,NA,NA,NA,NA,N,3,0,1,1,A,-,03,22350,NA,N,E,I,A,A,H,-,A,A,0,NA,NA,Y,NA,Y,NA,C,02,0,1,0,0,0,0,0,0,1,-,-,NA,NA,SAN BERNARDINO,FONTANA,-117.49481964111328,34.03533172607422
8907009,2019,2019-08-13,3610,2019-06-29,0431,51050,NA,6,5,6,3610,0,0,0,NA,0,POLICE,W 10TH ST,NORTH SIERRA WY,405,W,N,A,-,N,NA,NA,NA,NA,NA,NA,NA,NA,NA,Y,3,0,1,3,A,-,03,22350,NA,N,A,E,A,A,H,-,C,A,0,NA,NA,NA,NA,Y,NA,A,01,0,1,0,0,0,0,0,0,0,-,-,34.11798095703125,-117.28598022460938,SAN BERNARDINO,SAN BERNARDINO,-117.28645324707033,34.11764907836914
8906902,2019,2019-08-07,3600,2019-06-25,1031,D4301,HE101,2,5,5,3619,0,0,0,NA,0,HE1,MARIPOSA RD,SYCAMORE ST,610,N,N,A,-,N,NA,NA,NA,NA,NA,NA,NA,NA,NA,Y,4,0,1,3,A,-,03,22350,NA,N,C,C,A,A,H,-,A,D,0,NA,NA,NA,Y,Y,NA,F,55,0,0,1,0,0,0,0,0,0,-,-,NA,NA,SAN BERNARDINO,HESPERIA,-117.34913635253906,34.464561462402344
8972289,2019,2019-11-15,3605,2019-10-27,1810,390,NA,7,5,4,3605,0,0,0,NA,0,NA,MISSION BL,RAMONA AV,15,W,N,A,-,N,NA,NA,NA,NA,NA,NA,NA,NA,NA,Y,4,0,1,2,A,-,01,23153,A,F,C,C,A,A,H,-,A,A,0,NA,NA,NA,NA,Y,Y,D,22,0,0,1,0,0,0,0,0,0,-,-,NA,NA,SAN BERNARDINO,MONTCLAIR,-117.70696258544922,34.0560417175293
8972225,2019,2019-11-07,3600,2019-07-25,1551,D3983,RC002,4,5,6,3616,0,0,0,NA,0,RC6,ARROW RTE,ETIWANDA AV,1029,W,N,A,-,N,NA,NA,NA,NA,NA,NA,NA,NA,NA,Y,4,0,2,2,A,-,09,21801,A,N,D,C,A,A,H,-,A,D,0,NA,NA,NA,NA,Y,NA,A,01,0,0,2,0,0,0,0,0,0,-,-,NA,NA,SAN BERNARDINO,RANCHO CUCAMONGA,-117.52716064453124,34.09901809692383
8969129,2019,2019-11-13,3600,2019-09-25,0208,F8556,RC008,3,5,6,3616,0,0,0,NA,0,003,BASE LINE RD,SHELBY PL,417,W,N,A,-,N,NA,NA,NA,NA,NA,NA,NA,NA,NA,N,3,0,1,1,A,-,03,22350,NA,N,E,-,A,A,H,-,C,D,0,NA,NA,NA,NA,Y,NA,A,01,0,1,0,0,0,0,0,0,0,-,-,NA,NA,SAN BERNARDINO,RANCHO CUCAMONGA,-117.5215301513672,34.12080001831055
8964212,2019,2020-02-25,3600,2019-08-26,2052,D2004,YV02,1,5,3,3631,0,0,0,NA,0,023,TWENTYNINE OUTERHWY,SHAFTER AV,0,NA,Y,A,-,Y,SBD,8,62,-,-,8.54,H,-,E,Y,4,0,1,3,A,-,09,21801,A,N,D,C,A,A,H,-,D,A,0,NA,NA,NA,NA,Y,NA,A,01,0,0,1,0,0,0,0,0,0,-,-,NA,NA,SAN BERNARDINO,YUCCA VALLEY,-116.47847747802734,34.109989166259766
8963120,2019,2019-11-05,3600,2019-10-01,1846,D4301,HE220,2,5,5,3619,0,0,0,NA,0,HE2,MAIN ST,CAMPHOR AV,0,NA,Y,A,-,N,NA,NA,NA,NA,NA,NA,NA,NA,NA,N,3,0,1,2,A,-,09,21801,A,N,D,C,A,A,H,-,B,D,0,NA,NA,NA,NA,Y,NA,A,01,0,1,0,0,0,0,0,0,0,-,-,NA,NA,SAN BERNARDINO,HESPERIA,-117.2786865234375,34.41817092895508
8959876,2019,2019-11-06,3609,2019-08-09,1834,2312,R161,5,5,5,3609,0,0,0,NA,0,004,MERRILL AV,RIVERSIDE AV,0,NA,Y,A,-,N,NA,NA,NA,NA,NA,NA,NA,NA,NA,Y,4,0,1,2,A,-,09,21801,A,N,D,C,A,A,H,-,A,A,0,NA,NA,NA,NA,Y,NA,A,01,0,0,1,0,0,0,0,0,0,-,-,34.09870147705078,-117.37709808349608,SAN BERNARDINO,RIALTO,-117.37035369873048,34.092288970947266
8955841,2019,2019-10-17,3610,2019-09-16,1435,51048,NA,1,5,6,3610,0,0,0,NA,0,DAVID,NORTH ARROWHEAD AV,W RIALTO AV,0,NA,Y,A,-,N,NA,NA,NA,NA,NA,NA,NA,NA,NA,Y,4,0,1,2,A,-,08,22107,NA,N,D,C,A,A,H,-,A,A,0,NA,NA,NA,NA,Y,NA,A,01,0,0,1,0,0,0,0,0,0,-,-,34.100830078125,-117.28951263427734,SAN BERNARDINO,SAN BERNARDINO,-117.28964996337892,34.10084915161133
8954136,2019,2019-11-05,3600,2019-09-08,1153,G7660,HI005,7,5,4,3618,0,0,0,NA,0,HI1,BASELINE ST,MCKINLEY ST,0,NA,Y,A,-,N,NA,NA,NA,NA,NA,NA,NA,NA,NA,Y,4,0,2,2,A,-,09,21801,A,N,D,C,A,A,H,-,A,A,0,NA,NA,NA,NA,Y,NA,A,01,0,0,2,0,0,0,0,0,0,-,-,34.12133026123047,-117.23786926269533,SAN BERNARDINO,HIGHLAND,-117.23745727539063,34.121299743652344
8948248,2019,2019-10-02,3600,2019-08-15,1343,H8376,AD302,4,5,3,3613,0,0,0,NA,0,AD2,RANCHO RD,RACCOON AV,837,E,N,A,-,N,NA,NA,NA,NA,NA,NA,NA,NA,NA,N,3,0,1,2,A,-,09,21804,A,N,D,C,A,A,H,-,A,D,0,NA,NA,NA,NA,Y,NA,A,01,0,1,0,0,0,0,0,0,0,-,-,NA,NA,SAN BERNARDINO,ADELANTO,-117.44227600097656,34.557647705078125
8948039,2019,2019-11-22,3610,2019-09-20,1030,F7777,SC103,5,5,6,3610,0,0,0,NA,0,0SB,S E ST,S E ST 263,0,NA,Y,A,-,N,NA,NA,NA,NA,NA,NA,NA,NA,NA,N,4,0,1,3,-,-,-,NA,NA,N,B,C,F,A,H,-,A,A,0,Y,NA,NA,NA,Y,NA,-,-,0,0,1,0,1,0,0,0,0,-,-,NA,NA,SAN BERNARDINO,SAN BERNARDINO,NA,NA
8972443,2019,2019-11-18,3609,2019-10-27,0232,0456,RI112,7,5,5,3609,0,0,0,NA,0,002,RIVERSIDE AV,HOLLY ST,0,NA,Y,A,-,N,NA,NA,NA,NA,NA,NA,NA,NA,NA,Y,4,0,1,2,A,-,01,23152,NA,N,D,C,A,A,H,-,C,D,0,NA,NA,NA,NA,Y,Y,D,22,0,0,1,0,0,0,0,0,0,-,-,34.1161994934082,-117.37030029296876,SAN BERNARDINO,RIALTO,-117.37037658691406,34.11623001098633
8974422,2019,2020-01-29,3600,2019-09-03,1944,H8292,VC070,2,5,5,3612,0,0,0,NA,0,VC5,RT 395,PALMDALE RD,0,NA,Y,A,-,Y,SBD,8,395,-,-,11.16,H,-,N,N,4,0,1,2,A,-,04,21703,NA,N,C,C,A,A,H,-,B,A,0,NA,NA,NA,NA,Y,NA,A,01,0,0,1,0,0,0,0,0,0,-,-,NA,NA,SAN BERNARDINO,VICTORVILLE,-117.39955139160156,34.506404876708984
8939558,2019,2020-02-05,3600,2019-10-19,2251,G9443,AD206,6,5,3,3613,0,0,0,NA,0,AD1,RT 395,EL MIRAGE RD,0,NA,Y,A,-,Y,SBD,8,395,-,-,17.79,H,-,N,N,1,1,0,2,A,-,11,21954,A,N,G,B,E,A,H,-,D,A,0,Y,NA,NA,NA,Y,NA,N,60,0,0,0,1,0,0,0,0,0,-,-,NA,NA,SAN BERNARDINO,ADELANTO,-117.41957092285156,34.60106658935547
8976143,2019,2019-11-19,3610,2019-10-06,1347,51155,NA,7,5,6,3610,0,0,0,NA,0,NA,D ST,BASELINE ST,0,NA,Y,A,-,N,NA,NA,NA,NA,NA,NA,NA,NA,NA,N,4,0,1,2,A,-,03,22350,I,N,C,C,A,A,D,-,A,A,0,NA,NA,NA,NA,Y,NA,A,01,0,0,1,0,0,0,0,0,0,-,-,34.112300872802734,-117.29197692871094,SAN BERNARDINO,SAN BERNARDINO,-117.29193115234376,34.1213493347168
8937259,2019,2019-09-19,3600,2019-08-27,1906,G8023,HE304,2,5,5,3619,0,0,0,NA,0,HE3,ESCONDIDO AV,MUSCATEL ST,0,NA,Y,A,-,N,NA,NA,NA,NA,NA,NA,NA,NA,NA,Y,4,0,1,2,A,-,12,21453,A,N,D,C,A,A,H,-,B,A,0,NA,NA,NA,NA,Y,NA,A,07,0,0,1,0,0,0,0,0,0,-,-,NA,NA,SAN BERNARDINO,HESPERIA,-117.3728485107422,34.41218185424805
8976633,2019,2019-11-21,3604,2019-09-24,1924,983,NA,2,5,6,3604,0,0,0,NA,0,NA,ARROW BL,MAPLE AV,3,W,N,A,-,N,NA,NA,NA,NA,NA,NA,NA,NA,NA,N,3,0,1,2,A,-,10,21950,A,F,G,B,B,A,H,-,D,A,0,Y,NA,NA,NA,Y,NA,-,-,0,1,0,0,1,0,0,0,0,-,-,NA,NA,SAN BERNARDINO,FONTANA,-117.4052734375,34.099491119384766
8982789,2019,2020-02-18,3600,2019-10-04,0147,G5396,HE132,5,5,5,3619,0,0,0,NA,0,HE1,HESPERIA RD,WILLOW ST,0,NA,Y,A,-,N,NA,NA,NA,NA,NA,NA,NA,NA,NA,Y,4,0,1,1,A,-,03,22350,NA,M,E,I,A,A,H,-,D,D,0,NA,NA,NA,NA,Y,NA,-,NA,0,0,1,0,0,0,0,0,0,-,-,NA,NA,SAN BERNARDINO,HESPERIA,-117.29998779296876,34.43130111694336
8984087,2019,2019-12-09,3602,2019-09-24,0854,3402,NA,2,5,5,3602,0,0,0,NA,0,005,SCHAEFER AV,EUCLID AV,0,NA,Y,A,-,N,NA,NA,NA,NA,NA,NA,NA,NA,NA,Y,4,0,1,3,A,-,12,21453,A,N,D,C,A,A,H,-,A,A,0,NA,NA,NA,NA,Y,NA,A,01,0,0,1,0,0,0,0,0,0,-,-,NA,NA,SAN BERNARDINO,CHINO,-117.65091705322266,34.00476837158203
8984822,2019,2019-12-31,3610,2019-09-09,1500,50965,NA,1,5,6,3610,0,0,0,NA,0,POLICE,N ARDEN AV,20TH ST,15,S,N,A,-,N,NA,NA,NA,NA,NA,NA,NA,NA,NA,N,4,0,1,2,A,-,08,22107,1,N,D,C,A,A,H,-,A,A,0,NA,NA,NA,NA,Y,NA,A,01,0,0,1,0,0,0,0,0,0,-,-,34.13372039794922,-117.23478698730467,SAN BERNARDINO,SAN BERNARDINO,-117.23489379882813,34.133487701416016
8999504,2018,2019-12-07,3607,2018-04-05,1521,19961,155,4,5,6,3607,0,0,0,NA,0,051,SAN ANTONIO AV,STATE ST,0,NA,Y,A,-,N,NA,NA,NA,NA,NA,NA,NA,NA,NA,Y,4,0,1,2,A,-,12,22450,A,N,D,C,A,A,H,-,A,A,0,NA,NA,NA,NA,Y,NA,A,01,0,0,1,0,0,0,0,0,0,-,-,NA,NA,SAN BERNARDINO,ONTARIO,-117.66059112548828,34.060001373291016
8999527,2018,2019-12-16,3607,2018-09-02,2054,80326,19,7,5,6,3607,0,0,0,NA,0,031,VINEYARD AV,6TH ST,0,NA,Y,A,-,N,NA,NA,NA,NA,NA,NA,NA,NA,NA,Y,4,0,2,2,A,-,09,21453,C,N,D,C,A,A,H,-,C,A,0,NA,NA,NA,NA,Y,NA,A,01,0,0,2,0,0,0,0,0,0,-,-,NA,NA,SAN BERNARDINO,ONTARIO,-117.61121,34.08489
8999534,2018,2019-12-10,3607,2018-08-31,1843,80550,121,5,5,6,3607,0,0,0,NA,0,012,D ST,BEGONIA AV,0,NA,Y,A,-,N,NA,NA,NA,NA,NA,NA,NA,NA,NA,N,3,0,1,2,A,-,11,21954,A,M,G,B,D,A,H,-,A,D,0,Y,NA,NA,NA,Y,Y,N,60,0,1,0,0,1,0,0,0,0,-,-,NA,NA,SAN BERNARDINO,ONTARIO,-117.67153167724608,34.06694030761719
8999549,2018,2019-12-10,3607,2018-06-20,1655,80249,81,3,5,6,3607,0,0,0,NA,0,MILL,ONTARIO MILLS PKWY,OLD ONTARIO MILLS  PKWY,0,NA,Y,A,-,N,NA,NA,NA,NA,NA,NA,NA,NA,NA,Y,3,0,2,2,A,-,12,21453,A,N,D,C,A,A,H,-,A,A,0,NA,NA,NA,NA,Y,NA,A,01,0,2,0,0,0,0,0,0,0,-,-,NA,NA,SAN BERNARDINO,ONTARIO,-117.55834197998048,34.06890106201172
8999619,2018,2019-12-10,3607,2018-10-09,0814,80248,122,2,5,6,3607,0,0,0,NA,0,012,HOLT BL,BOULDER AV,200,W,N,A,-,N,NA,NA,NA,NA,NA,NA,NA,NA,NA,Y,4,0,1,2,A,-,03,22350,NA,N,C,C,A,A,H,-,A,D,0,NA,NA,NA,NA,Y,NA,A,07,0,0,1,0,0,0,0,0,0,-,-,NA,NA,SAN BERNARDINO,ONTARIO,-117.6659698486328,34.06332778930664
8999631,2018,2019-12-10,3607,2018-10-05,2222,80326,117,5,5,6,3607,0,0,0,NA,0,032,G ST,MADERA AV,25,E,N,A,-,N,NA,NA,NA,NA,NA,NA,NA,NA,NA,N,4,0,1,2,A,-,08,22107,NA,N,G,B,D,A,H,-,C,A,0,Y,NA,NA,NA,Y,NA,A,07,0,0,1,0,1,0,0,0,0,-,-,NA,NA,SAN BERNARDINO,ONTARIO,-117.61856079101563,34.07072067260742
8999634,2018,2019-12-11,3607,2018-08-26,1652,80516,218,7,5,6,3607,0,0,0,NA,0,042,JURUPA AV,VINTAGE AV,500,W,N,A,-,N,NA,NA,NA,NA,NA,NA,NA,NA,NA,N,3,0,1,2,A,-,11,21956,A,N,G,B,E,A,H,-,A,-,0,Y,NA,NA,NA,Y,NA,N,60,0,1,0,0,1,0,0,0,0,-,-,NA,NA,SAN BERNARDINO,ONTARIO,-117.53775787353516,34.04806900024414
8999723,2018,2019-12-12,3607,2018-09-26,1405,80313,228,3,5,6,3607,0,0,0,NA,0,052,PHILADELPHIA ST,SAN ANTONIO AV,0,NA,Y,A,-,N,NA,NA,NA,NA,NA,NA,NA,NA,NA,Y,4,0,1,2,A,-,12,21453,A,M,D,C,A,A,H,-,A,A,0,NA,NA,NA,NA,Y,NA,A,08,0,0,1,0,0,0,0,0,0,-,-,NA,NA,SAN BERNARDINO,ONTARIO,-117.65895080566406,34.03377151489258
8999778,2018,2019-12-11,3607,2018-05-28,0059,19965,240,1,5,6,3607,0,0,0,NA,0,071,FRANCIS ST,BAKER AV,0,NA,Y,A,-,N,NA,NA,NA,NA,NA,NA,NA,NA,NA,N,3,0,1,2,A,-,08,22107,NA,N,E,I,A,A,H,-,C,A,0,NA,NA,NA,NA,Y,NA,A,01,0,1,0,0,0,0,0,0,0,-,-,NA,NA,SAN BERNARDINO,ONTARIO,-117.61537170410156,34.04127883911133
8999798,2018,2019-12-11,3607,2018-05-29,1654,80313,187,2,5,6,3607,0,0,0,NA,0,061,BELMONT ST,CAMPUS AV,0,NA,Y,A,-,N,NA,NA,NA,NA,NA,NA,NA,NA,NA,N,4,0,1,2,A,-,09,21802,A,N,D,C,A,A,H,-,A,A,0,NA,NA,NA,NA,Y,NA,A,01,0,0,1,0,0,0,0,0,0,-,-,NA,NA,SAN BERNARDINO,ONTARIO,-117.64128875732422,34.051448822021484
8999835,2018,2019-12-12,3607,2018-09-21,1812,80326,164,5,5,6,3607,0,0,0,NA,0,061,BON VIEW AV,STATE ST,0,NA,Y,A,-,N,NA,NA,NA,NA,NA,NA,NA,NA,NA,N,4,0,2,2,A,-,01,23153,A,F,D,C,A,A,H,-,A,A,0,NA,NA,NA,NA,Y,Y,A,01,0,0,2,0,0,0,0,0,0,-,-,NA,NA,SAN BERNARDINO,ONTARIO,-117.63661193847656,34.06005859375
8999864,2018,2019-12-11,3607,2018-01-05,1522,80317,222,5,5,6,3607,0,0,0,NA,0,052,MOUNTAIN AV,RT 60,500,N,N,A,-,N,NA,NA,NA,NA,NA,NA,NA,NA,NA,Y,4,0,1,2,A,-,09,21804,A,N,A,C,A,A,H,-,A,D,0,NA,NA,NA,NA,Y,NA,A,01,0,0,1,0,0,0,0,0,0,-,-,NA,NA,SAN BERNARDINO,ONTARIO,-117.66776275634766,34.031829833984375
8999877,2018,2019-12-11,3607,2018-10-13,1201,19813,25,6,5,6,3607,0,0,0,NA,0,021,EUCLID AV,5TH ST,0,NA,Y,B,-,N,NA,NA,NA,NA,NA,NA,NA,NA,NA,Y,4,0,1,2,A,-,12,21453,A,N,D,C,A,B,H,-,A,A,0,NA,NA,NA,NA,Y,NA,A,01,0,0,1,0,0,0,0,0,0,-,-,NA,NA,SAN BERNARDINO,ONTARIO,-117.65093,34.08154
8999894,2018,2019-12-10,3607,2018-11-13,0739,80492,157,2,5,6,3607,0,0,0,NA,0,051,FERN AV,NEVADA ST,0,NA,Y,A,-,N,NA,NA,NA,NA,NA,NA,NA,NA,NA,Y,4,0,1,2,A,-,03,22350,NA,M,D,C,A,A,H,-,A,D,0,NA,NA,NA,NA,Y,Y,-,99,0,0,1,0,0,0,0,0,0,-,-,NA,NA,SAN BERNARDINO,ONTARIO,-117.65470886230467,34.05678939819336
8999910,2018,2019-12-10,3607,2018-11-07,2013,80505,125,3,5,6,3607,0,0,0,NA,0,012,B ST,PALM AV,0,NA,Y,A,-,N,NA,NA,NA,NA,NA,NA,NA,NA,NA,Y,4,0,2,2,A,-,09,21802,A,N,D,C,A,A,H,-,C,D,0,NA,NA,NA,NA,Y,NA,A,01,0,0,2,0,0,0,0,0,0,-,-,NA,NA,SAN BERNARDINO,ONTARIO,-117.65355682373048,34.06455993652344
8999924,2018,2019-12-10,3607,2018-02-27,0639,15060,12,2,5,6,3607,0,0,0,NA,0,021,CAMPUS AV,6TH ST,0,NA,Y,A,-,N,NA,NA,NA,NA,NA,NA,NA,NA,NA,N,4,0,1,2,A,-,12,22450,A,N,D,C,A,A,H,-,A,A,0,NA,NA,NA,NA,Y,NA,A,07,0,0,1,0,0,0,0,0,0,-,-,NA,NA,SAN BERNARDINO,ONTARIO,-117.64141082763672,34.085208892822266
8999932,2018,2019-12-10,3607,2018-02-25,1156,19810,136,7,5,6,3607,0,0,0,NA,0,032,HOLT BL,CORONA AV,0,NA,Y,A,-,N,NA,NA,NA,NA,NA,NA,NA,NA,NA,Y,3,0,2,2,A,-,03,22350,NA,N,C,C,A,A,H,-,A,A,0,NA,NA,NA,NA,Y,NA,A,01,0,1,1,0,0,0,0,0,0,-,-,NA,NA,SAN BERNARDINO,ONTARIO,-117.61341857910156,34.06346130371094
8999953,2018,2020-02-08,3607,2018-11-20,0859,20132,151,2,5,6,3607,0,0,0,NA,0,022,HOLT BL,SULTANA AV,0,NA,Y,A,-,N,NA,NA,NA,NA,NA,NA,NA,NA,NA,Y,3,0,2,2,A,-,12,21453,A,N,D,C,A,A,H,-,A,A,0,NA,NA,NA,NA,Y,NA,-,-,0,1,1,0,0,0,0,0,0,-,-,NA,NA,SAN BERNARDINO,ONTARIO,-117.6460418701172,34.06338119506836
8999986,2018,2019-12-10,3607,2018-11-29,2052,20109,400,4,5,6,3607,0,0,0,NA,0,062,BON VIEW AV,CHINO AV,0,NA,Y,B,C,N,NA,NA,NA,NA,NA,NA,NA,NA,NA,N,4,0,2,2,A,-,12,22450,A,N,D,C,A,B,H,-,C,A,0,NA,NA,NA,NA,Y,Y,A,01,0,0,2,0,0,0,0,0,0,-,-,NA,NA,SAN BERNARDINO,ONTARIO,-117.63694763183594,34.012088775634766
9000080,2019,2019-12-17,3600,2019-05-27,1740,8558,LL01,1,5,3,3615,0,0,0,NA,0,LL1,ANDERSON COURT ST,ANDERSON ST,0,NA,-,A,-,N,NA,NA,NA,NA,NA,NA,NA,NA,NA,Y,4,0,1,1,A,-,09,21801,A,N,B,C,A,A,H,-,A,D,0,NA,NA,NA,NA,Y,NA,A,08,0,0,1,0,0,0,0,0,0,-,-,34.060340881347656,-117.26114654541016,SAN BERNARDINO,LOMA LINDA,NA,NA
9000147,2019,2019-12-17,3607,2019-05-31,1754,80418,290,5,5,6,3607,0,0,0,NA,0,072,ARCHIBALD AV,RIVERSIDE DR,200,S,N,A,-,N,NA,NA,NA,NA,NA,NA,NA,NA,NA,N,3,0,2,3,A,-,03,22350,NA,N,C,C,A,A,H,-,A,A,0,NA,NA,NA,NA,Y,NA,A,08,0,2,0,0,0,0,0,0,0,-,-,NA,NA,SAN BERNARDINO,ONTARIO,-117.59320068359376,34.01858139038086
9000151,2019,2019-12-17,3607,2019-05-30,0818,20220,243,4,5,6,3607,0,0,0,NA,0,072,ARCHIBALD AV,PHILADELPHIA ST,150,S,N,A,-,N,NA,NA,NA,NA,NA,NA,NA,NA,NA,N,3,0,2,2,A,-,08,22107,NA,N,D,C,A,A,H,-,A,D,0,NA,NA,NA,NA,Y,NA,A,01,0,2,0,0,0,0,0,0,0,-,-,NA,NA,SAN BERNARDINO,ONTARIO,-117.59333801269533,34.033348083496094
90019922,2015,2015-10-19,9855,2015-09-11,1015,018313,NA,5,1,5,3611,0,1,1,NA,2,203,SR-210 E/B (FOOTHILL FWY),SR-83 (EUCLID AVE.),590,W,N,A,-,Y,NA,NA,210,NA,NA,NA,NA,NA,E,Y,3,0,2,2,A,-,03,22350,NA,N,C,C,A,A,H,-,A,D,0,NA,NA,NA,NA,Y,NA,A,01,0,2,0,0,0,0,0,0,0,-,-,34.13447,-117.65378,SAN BERNARDINO,UPLAND,-117.65378073,34.13457104
90020729,2015,2015-10-19,9860,2015-09-12,1308,019725,NA,6,1,9,3600,0,1,1,NA,2,151,I-15 N/B,OAKIE FLAT RD,5280,N,N,A,-,Y,NA,NA,15,NA,NA,NA,NA,NA,N,N,4,0,2,2,A,-,03,22350,NA,N,C,C,A,A,D,-,A,D,0,NA,NA,NA,NA,Y,NA,A,01,0,0,2,0,0,0,0,0,0,-,-,34.2775,-117.45077,SAN BERNARDINO,UNINCORPORATED,-117.45084618,34.27744652
90021138,2015,2015-10-19,9860,2015-09-15,1100,015207,NA,2,1,4,3603,0,1,1,NA,2,103,I-10 W/B,I-215,1056,W,N,C,-,Y,NA,NA,10,NA,NA,NA,NA,NA,W,Y,3,0,1,2,A,-,03,22350,NA,N,E,I,A,B,F,-,A,D,0,NA,NA,NA,Y,Y,NA,A,01,0,1,0,0,0,0,0,0,0,-,-,34.06503,-117.30161,SAN BERNARDINO,COLTON,-117.30160469,34.06506968
90022530,2015,2015-10-19,9860,2015-09-16,1750,016575,NA,3,2,4,3603,0,1,1,NA,2,214,I-215 S/B,BARTON RD.,2112,S,N,A,-,Y,NA,NA,215,NA,NA,NA,NA,NA,S,Y,4,0,4,4,A,-,03,22350,NA,N,C,C,A,A,H,-,A,D,0,NA,NA,NA,NA,Y,NA,A,07,0,0,4,0,0,0,0,0,0,-,-,34.02823,-117.33135,SAN BERNARDINO,COLTON,-117.33140199,34.02829167
90022628,2015,2015-10-19,9860,2015-09-24,0744,013945,NA,4,1,4,3618,0,1,1,NA,2,203,SR-210 E/B,5TH ST,1584,W,N,A,-,Y,NA,NA,210,NA,NA,NA,NA,NA,E,Y,3,0,2,3,A,-,03,22350,NA,N,C,C,A,A,H,-,A,D,0,NA,NA,NA,NA,Y,NA,D,22,0,1,1,0,0,0,0,0,0,-,-,34.1125,-117.19965,SAN BERNARDINO,HIGHLAND,-117.19974672,34.11247677
90025280,2015,2015-10-19,9855,2015-08-30,0201,020690,NA,7,3,6,3616,0,1,1,NA,2,101,I-10 E/B (SAN BERNARDINO FWY),HAVEN AVE.,308,W,N,A,-,Y,NA,NA,NA,NA,NA,NA,NA,NA,NA,Y,3,0,1,1,A,-,01,23152,A,N,E,I,A,A,H,-,C,D,0,NA,NA,NA,NA,Y,Y,A,01,0,1,0,0,0,0,0,0,0,-,-,34.06717,-117.57709,SAN BERNARDINO,RANCHO CUCAMONGA,-117.57696424,34.06742139
90025309,2015,2015-10-19,9855,2015-09-11,2350,020690,NA,5,3,5,3611,0,2,4,NA,2,030,25TH ST.,MOUNTAIN AVE.,0.32,W,N,A,-,N,NA,NA,NA,NA,NA,NA,NA,NA,NA,Y,4,0,1,2,A,-,08,22107,NA,N,C,E,A,A,H,-,D,D,0,NA,NA,NA,NA,Y,NA,A,01,0,0,1,0,0,0,0,0,0,-,-,34.15555,-117.66652,SAN BERNARDINO,UPLAND,-117.66103105,34.15555001
90025580,2015,2015-10-19,9860,2015-09-06,2210,011960,NA,7,3,9,3600,0,1,1,NA,2,152,I-15 N/B,CLEGHORN RD,2112,N,N,A,-,Y,NA,NA,15,NA,NA,NA,NA,NA,N,N,3,0,1,2,A,-,08,22107,NA,N,B,C,A,A,D,-,D,D,0,NA,NA,Y,NA,Y,NA,C,02,0,1,0,0,0,0,0,0,1,-,-,34.30114,-117.4592,SAN BERNARDINO,UNINCORPORATED,-117.45916003,34.30117527
90026304,2015,2015-10-19,9855,2015-09-14,0805,015461,NA,1,1,6,3604,0,1,1,NA,2,201,SR-210 W/B (FOOTHILL FWY),BEECH AVE.,60,E,N,A,-,Y,NA,NA,210,NA,NA,NA,NA,NA,W,N,4,0,2,3,A,-,03,22350,NA,N,C,C,A,A,H,-,A,D,0,NA,NA,NA,NA,Y,NA,A,07,0,0,2,0,0,0,0,0,0,-,-,34.13678,-117.47042,SAN BERNARDINO,FONTANA,-117.47041985,34.13673896
90028362,2015,2015-10-19,9860,2015-09-29,1145,016651,9860,2,1,9,3600,0,1,1,NA,2,152,I-15 S/B TO SR-138 W/B,I-15,845,W,N,A,-,Y,NA,NA,NA,NA,NA,NA,NA,NA,NA,N,4,0,1,2,A,-,09,21802,A,N,C,C,A,A,D,-,A,A,0,NA,NA,NA,NA,Y,NA,A,07,0,0,1,0,0,0,0,0,0,-,-,34.1842,-117.2841,SAN BERNARDINO,UNINCORPORATED,NA,NA
90028890,2015,2015-10-19,9835,2015-09-17,1136,020992,NA,4,1,9,3600,0,3,5,NA,2,032,NATIONAL TRAILS HIGHWAY,MURPHEY COMPANY RD,0,NA,Y,A,-,Y,NA,NA,NA,NA,NA,NA,NA,NA,NA,Y,4,0,1,2,A,-,09,21801,A,N,D,C,A,A,H,-,A,D,0,NA,NA,NA,Y,Y,NA,F,25,0,0,1,0,0,0,0,0,0,-,-,34.74781,-117.30408,SAN BERNARDINO,UNINCORPORATED,-117.30455006,34.74787006