CASE_ID,ACCIDENT_YEAR,PROC_DATE,JURIS,COLLISION_DATE,COLLISION_TIME,OFFICER_ID,REPORTING_DISTRICT,DAY_OF_WEEK,CHP_SHIFT,POPULATION,CNTY_CITY_LOC,SPECIAL_COND,BEAT_TYPE,CHP_BEAT_TYPE,CITY_DIVISION_LAPD,CHP_BEAT_CLASS,BEAT_NUMBER,PRIMARY_RD,SECONDARY_RD,DISTANCE,DIRECTION,INTERSECTION,WEATHER_1,WEATHER_2,STATE_HWY_IND,CALTRANS_COUNTY,CALTRANS_DISTRICT,STATE_ROUTE,ROUTE_SUFFIX,POSTMILE_PREFIX,POSTMILE,LOCATION_TYPE,RAMP_INTERSECTION,SIDE_OF_HWY,TOW_AWAY,COLLISION_SEVERITY,NUMBER_KILLED,NUMBER_INJURED,PARTY_COUNT,PRIMARY_COLL_FACTOR,PCF_CODE_OF_VIOL,PCF_VIOL_CATEGORY,PCF_VIOLATION,PCF_VIOL_SUBSECTION,HIT_AND_RUN,TYPE_OF_COLLISION,MVIW,PED_ACTION,ROAD_SURFACE,ROAD_COND_1,ROAD_COND_2,LIGHTING,CONTROL_DEVICE,CHP_ROAD_TYPE,PEDESTRIAN_ACCIDENT,BICYCLE_ACCIDENT,MOTORCYCLE_ACCIDENT,TRUCK_ACCIDENT,NOT_PRIVATE_PROPERTY,ALCOHOL_INVOLVED,STWD_VEHTYPE_AT_FAULT,CHP_VEHTYPE_AT_FAULT,COUNT_SEVERE_INJ,COUNT_VISIBLE_INJ,COUNT_COMPLAINT_PAIN,COUNT_PED_KILLED,COUNT_PED_INJURED,COUNT_BICYCLIST_KILLED,COUNT_BICYCLIST_INJURED,COUNT_MC_KILLED,COUNT_MC_INJURED,PRIMARY_RAMP,SECONDARY_RAMP,LATITUDE,LONGITUDE,COUNTY,CITY,POINT_X,POINT_Y
90397489,2017,2017-02-21,9850,2017-01-31,0945,020817,NA,2,1,9,3600,0,1,2,NA,2,054,US-395,KRAMER DR.,5069,S,N,A,-,Y,NA,NA,395,NA,NA,NA,NA,NA,NA,Y,1,1,0,1,A,-,06,21751,NA,N,E,I,A,A,H,-,A,D,0,NA,NA,NA,NA,Y,NA,A,07,0,0,0,0,0,0,0,0,0,-,-,34.85119,-117.50238,SAN BERNARDINO,UNINCORPORATED,-117.50244326,34.85117248
90399297,2017,2017-02-23,9850,2017-02-17,1724,020758,NA,5,2,5,3612,0,1,1,NA,2,082,I-15 N/B,PALMDALE RD,400,S,N,C,G,Y,NA,NA,15,NA,NA,NA,NA,NA,N,Y,4,0,1,1,A,-,03,22350,NA,N,F,A,A,B,F,-,B,D,0,NA,NA,NA,NA,Y,NA,A,01,0,0,1,0,0,0,0,0,0,-,-,34.50451,-117.32344,SAN BERNARDINO,VICTORVILLE,-117.32365059,34.50458105
90400004,2017,2017-02-27,9860,2017-02-18,1701,020766,NA,6,2,4,3618,0,1,1,NA,2,202,SR-210 E/B,STERLING AVE,310,E,N,B,-,Y,NA,NA,NA,NA,NA,NA,NA,NA,NA,Y,4,0,1,2,A,-,03,22350,NA,N,C,C,A,A,H,-,B,D,0,NA,NA,NA,NA,Y,NA,A,07,0,0,1,0,0,0,0,0,0,-,-,34.13839,-117.24274,SAN BERNARDINO,HIGHLAND,-117.24275287,34.13847638
90400167,2017,2017-02-27,9860,2017-02-15,0730,012530,NA,3,1,6,3610,0,1,1,NA,2,216,I-215 S/B,BASELINE STREET O/C.,803,N,N,A,-,Y,NA,NA,215,NA,NA,NA,NA,NA,S,N,4,0,1,3,A,-,03,22350,NA,N,C,C,A,A,H,-,A,D,0,NA,NA,NA,NA,Y,NA,A,01,0,0,1,0,0,0,0,0,0,-,-,34.12394,-117.30266,SAN BERNARDINO,SAN BERNARDINO,-117.30291873,34.12394394
90404596,2017,2017-03-02,9855,2017-03-02,0840,012480,NA,4,1,6,3616,0,1,1,NA,2,203,SR-210 W/B (FOOTHILL FWY),ARCHIBALD AVE.,540,E,N,A,-,Y,NA,NA,210,NA,NA,NA,NA,NA,W,Y,4,0,1,2,A,-,03,22350,NA,N,C,C,A,A,H,-,A,D,0,NA,NA,NA,NA,Y,NA,A,01,0,0,1,0,0,0,0,0,0,-,-,34.1354,-117.5906,SAN BERNARDINO,RANCHO CUCAMONGA,-117.59059914,34.13538762
90363306,2017,2017-04-28,9850,2017-01-03,1508,020559,NA,2,2,9,3600,0,3,5,NA,2,006,BRAWLEY RD,SHEEP CREEK RD,430,W,N,B,-,N,NA,NA,NA,NA,NA,NA,NA,NA,NA,N,4,0,1,2,A,-,02,22400,A,N,C,C,A,A,H,-,A,D,0,NA,NA,NA,Y,Y,NA,A,01,0,0,1,0,0,0,0,0,0,-,-,34.4245,-117.5741,SAN BERNARDINO,UNINCORPORATED,-117.5741,34.4245
90408254,2017,2017-03-08,9865,2017-02-27,1641,016179,NA,1,2,9,3600,0,1,3,NA,1,022,SR-18,SIBERIA CREEK TRL,5280,N,N,D,-,Y,NA,NA,18,NA,NA,NA,NA,NA,NA,N,4,0,1,2,A,-,03,22350,NA,N,G,B,E,C,H,-,A,D,0,Y,NA,NA,NA,Y,NA,D,22,0,0,1,0,1,0,0,0,0,-,-,34.23158,-117.02683,SAN BERNARDINO,UNINCORPORATED,-117.02675659,34.23160465
90364780,2017,2017-01-09,9855,2017-01-02,0350,020081,NA,1,3,6,3607,0,1,1,NA,2,152,I-15 S/B (ONTARIO FWY),I-10,1200,N,N,B,-,Y,NA,NA,15,NA,NA,NA,NA,NA,S,Y,3,0,1,1,A,-,01,23152,A,N,F,I,A,A,H,-,C,D,0,NA,NA,NA,NA,Y,Y,A,01,0,1,0,0,0,0,0,0,0,-,-,34.07096,-117.54532,SAN BERNARDINO,ONTARIO,-117.54499693,34.07095558
90368455,2017,2017-01-12,9855,2017-01-09,0710,012923,NA,1,1,9,3600,0,3,5,NA,2,001,RANDALL AVENUE (15000 BLOCK),CAROB STREET,92,E,N,B,C,N,NA,NA,NA,NA,NA,NA,NA,NA,NA,N,4,0,2,2,A,-,05,21460,A,N,D,C,A,B,H,-,A,D,0,NA,NA,NA,NA,Y,NA,A,08,0,0,2,0,0,0,0,0,0,-,-,34.08471,-117.47297,SAN BERNARDINO,UNINCORPORATED,-117.47287702,34.08473153
9037089,2020,2020-03-12,3610,2020-01-08,1808,NA,NA,3,5,6,3610,0,0,0,NA,0,DAVID,NORTH WATERMAN AV,W 5TH ST,360,N,N,A,-,N,NA,NA,NA,NA,NA,NA,NA,NA,NA,Y,4,0,1,2,A,-,08,22107,NA,N,B,C,A,A,H,-,C,D,0,NA,NA,NA,NA,Y,Y,A,01,0,0,1,0,0,0,0,0,0,-,-,34.108341217041016,-117.2787628173828,SAN BERNARDINO,SAN BERNARDINO,-117.27877044677734,34.109317779541016
9037148,2019,2020-02-04,3608,2019-11-30,2105,4824,NA,6,5,5,3608,0,0,0,NA,0,NA,E COLTON AV,CHURCH ST,0,NA,Y,A,-,N,NA,NA,NA,NA,NA,NA,NA,NA,NA,N,4,0,1,2,A,-,08,22107,NA,N,D,C,A,A,H,-,C,A,0,NA,NA,NA,NA,Y,NA,-,-,0,0,1,0,0,0,0,0,0,-,-,34.06269836425781,-117.17379760742188,SAN BERNARDINO,REDLANDS,-117.17379760742188,34.06282043457031
90375415,2017,2017-03-13,9835,2017-01-23,0230,021035,NA,1,3,3,3601,0,1,1,NA,2,071,I-15 S/B,LENWOOD RD.,350,S,N,C,-,Y,NA,NA,15,NA,NA,NA,NA,NA,S,Y,3,0,1,1,A,-,01,23152,A,N,E,I,A,B,H,-,D,D,0,NA,NA,NA,NA,Y,Y,A,01,0,1,0,0,0,0,0,0,0,-,-,34.8494,-117.0861,SAN BERNARDINO,BARSTOW,-117.08638923,34.84947916
90412072,2017,2017-03-14,9850,2017-03-10,1505,019189,NA,5,2,9,3600,0,3,5,NA,2,005,VERBENA RD,LUPIN RD,0,NA,Y,A,-,N,NA,NA,NA,NA,NA,NA,NA,NA,NA,Y,2,0,3,2,A,-,09,21800,A,N,D,C,A,A,H,-,A,D,0,NA,NA,NA,NA,Y,NA,A,07,1,1,1,0,0,0,0,0,0,-,-,34.5322,-117.4259,SAN BERNARDINO,UNINCORPORATED,-117.42585002,34.53216
90377636,2017,2017-01-25,9860,2017-01-18,1710,016575,NA,3,2,6,3610,0,1,1,NA,2,214,I-215 S/B,MILL ST. U/C,230,N,N,B,-,Y,NA,NA,215,NA,NA,NA,NA,NA,S,Y,2,0,2,3,A,-,17,21658,NA,N,B,C,A,A,H,-,B,D,0,NA,NA,NA,Y,Y,NA,A,01,1,1,0,0,0,0,0,0,0,-,-,34.09265,-117.30206,SAN BERNARDINO,SAN BERNARDINO,-117.30198976,34.09265083
9034505,2019,2020-01-29,3610,2019-12-07,2040,51145,NA,6,5,6,3610,0,0,0,NA,0,POLICE,W HIGHLAND AVE,NORTH ARROWHEAD AV,0,NA,Y,B,C,N,NA,NA,NA,NA,NA,NA,NA,NA,NA,Y,4,0,1,3,A,-,01,23152,A,N,C,C,A,B,H,-,C,A,0,NA,NA,NA,NA,Y,Y,A,07,0,0,1,0,0,0,0,0,0,-,-,NA,NA,SAN BERNARDINO,SAN BERNARDINO,-117.28964996337892,34.13597106933594
90414600,2017,2017-03-17,9860,2017-03-11,1610,019251,NA,6,2,6,3610,0,1,1,NA,2,202,SR-210 E/B,HIGHLAND AVE,422,W,N,A,-,Y,NA,NA,210,NA,NA,NA,NA,NA,E,Y,4,0,2,3,A,-,07,21658,A,N,B,C,A,A,H,-,A,D,0,NA,NA,NA,NA,Y,NA,D,22,0,0,2,0,0,0,0,0,0,-,-,34.13937,-117.24505,SAN BERNARDINO,SAN BERNARDINO,-117.24503131,34.1394152
90415795,2017,2017-03-20,9855,2017-03-13,1548,016829,NA,1,2,5,3611,0,1,1,NA,2,103,I-10 E/B (SAN BERNARDINO FWY),MOUNTAIN AVE.,75,E,N,A,-,Y,NA,NA,10,NA,NA,NA,NA,NA,E,Y,4,0,2,2,A,-,03,22350,NA,N,C,C,A,A,H,-,A,D,0,NA,NA,NA,NA,Y,NA,A,01,0,0,2,0,0,0,0,0,0,-,-,34.08704,-117.6675,SAN BERNARDINO,UPLAND,-117.66750117,34.08719917
90415862,2017,2017-03-20,9865,2017-03-12,1421,018392,NA,7,2,9,3600,0,1,3,NA,1,010,SR-18,OLD WATERMAN CANYON RD,5280,N,N,A,-,Y,NA,NA,18,NA,NA,NA,NA,NA,NA,Y,3,0,1,1,A,-,03,22350,NA,N,E,I,A,A,H,-,A,D,0,NA,NA,NA,NA,Y,NA,A,01,0,1,0,0,0,0,0,0,0,-,-,34.22494,-117.29478,SAN BERNARDINO,UNINCORPORATED,-117.29480218,34.22493142
90345349,2016,2016-12-15,9855,2016-12-01,1530,019675,NA,4,2,6,3604,0,1,1,NA,2,201,I-15 N/B TO SR-210 E/B,SAN SEVAINE ROAD,1400,W,N,B,-,Y,NA,NA,NA,NA,NA,NA,NA,NA,NA,Y,4,0,1,2,A,-,03,22350,NA,N,C,C,A,A,H,-,A,D,0,NA,NA,NA,NA,Y,NA,A,01,0,0,1,0,0,0,0,0,0,-,-,34.1358,-117.48417,SAN BERNARDINO,FONTANA,NA,NA
9034588,2019,2020-02-08,3607,2019-12-17,2347,19952,163,2,5,6,3607,0,0,0,NA,0,062,CAMPUS AV,RIVERSIDE DR,625,S,N,A,-,N,NA,NA,NA,NA,NA,NA,NA,NA,NA,N,3,0,1,1,A,-,03,22350,NA,N,E,I,A,A,H,-,D,D,0,NA,NA,NA,NA,Y,NA,A,01,0,1,0,0,0,0,0,0,0,-,-,NA,NA,SAN BERNARDINO,ONTARIO,-117.64136505126952,34.017669677734375
90418624,2017,2017-03-23,9850,2017-03-10,2311,018211,NA,5,3,5,3619,0,1,1,NA,2,082,I-15 SB,MAIN ST,1584,N,N,A,-,Y,NA,NA,15,NA,NA,NA,NA,NA,S,Y,4,0,1,2,A,-,07,21658,A,N,B,C,A,A,H,-,D,D,0,NA,NA,NA,NA,Y,NA,A,01,0,0,1,0,0,0,0,0,0,-,-,34.43061,-117.37749,SAN BERNARDINO,HESPERIA,-117.3775022,34.43061937
90418786,2017,2017-03-23,9855,2017-03-20,1215,015299,NA,1,1,6,3604,0,1,1,NA,2,101,I-10 E/B (SAN BERNARDINO FWY),CITRUS AVE.,2800,W,N,A,-,Y,NA,NA,NA,NA,NA,NA,NA,NA,NA,Y,3,0,1,3,A,-,07,21658,A,N,B,C,A,A,H,-,A,D,0,NA,NA,NA,Y,Y,NA,A,01,0,1,0,0,0,0,0,0,0,-,-,34.0064,-117.4633,SAN BERNARDINO,FONTANA,-117.46293352000001,34.0663591
90346186,2016,2016-12-15,9860,2016-12-12,1600,016651,NA,1,2,6,3610,0,1,1,NA,2,202,SR-210 E/B,GOLDEN AVE,250,E,N,B,-,Y,NA,NA,210,NA,NA,NA,NA,NA,E,Y,4,0,1,2,A,-,03,22350,NA,N,C,C,A,A,H,-,A,D,0,NA,NA,NA,NA,Y,NA,A,01,0,0,1,0,0,0,0,0,0,-,-,34.14348,-117.25864,SAN BERNARDINO,SAN BERNARDINO,-117.25863713,34.14350415
90420566,2017,2017-03-24,9860,2017-03-19,1435,019706,NA,7,2,9,3600,0,3,5,NA,2,004,STERLING AVE,PUMALO ST,0,NA,Y,A,-,N,NA,NA,NA,NA,NA,NA,NA,NA,NA,N,4,0,1,2,A,-,12,21453,A,F,D,C,A,A,H,-,A,A,0,NA,NA,NA,NA,Y,NA,A,01,0,0,1,0,0,0,0,0,0,-,-,34.12938,-117.2436,SAN BERNARDINO,UNINCORPORATED,-117.24368002,34.13938009
90420594,2017,2017-03-24,9860,2017-03-18,0345,020856,NA,6,3,6,3610,0,1,1,NA,2,104,I-10 W/B,WATERMAN AVENUE,980,E,N,A,-,Y,NA,NA,10,NA,NA,NA,NA,NA,W,Y,3,0,1,2,A,-,01,23152,A,N,C,C,A,A,H,-,D,D,0,NA,NA,NA,Y,Y,Y,A,01,0,1,0,0,0,0,0,0,0,-,-,34.06417,-117.27534,SAN BERNARDINO,SAN BERNARDINO,-117.27535285,34.06408076
90420753,2017,2017-03-27,9860,2017-03-17,2130,020051,NA,5,2,6,3610,0,1,1,NA,2,216,I-215 N/B,PALM AVE.,2640,S,N,A,-,Y,NA,NA,215,NA,NA,NA,NA,NA,N,Y,4,0,1,2,A,-,01,23152,A,F,C,C,A,A,H,-,D,D,0,NA,NA,NA,NA,Y,Y,A,01,0,0,1,0,0,0,0,0,0,-,-,34.1863,-117.35435,SAN BERNARDINO,SAN BERNARDINO,-117.35434793,34.18630299
90420819,2017,2017-03-27,9860,2017-03-18,0721,017018,NA,6,1,6,3610,0,1,1,NA,2,201,SR-210 EASTBOUND,27TH ST,248,W,N,A,-,Y,NA,NA,210,NA,NA,NA,NA,NA,E,Y,3,0,1,1,A,-,08,22107,NA,N,E,I,A,A,H,-,A,D,0,NA,NA,NA,NA,Y,NA,A,01,0,1,0,0,0,0,0,0,0,-,-,34.13942,-117.32456,SAN BERNARDINO,SAN BERNARDINO,-117.32465435,34.13950492
90421407,2017,2017-03-27,9850,2017-03-11,0443,021366,NA,6,3,9,3600,0,1,3,NA,2,060,SR-138,SCRUB OAK RD,528,E,N,A,-,Y,NA,NA,138,NA,NA,NA,NA,NA,NA,N,1,1,0,2,A,-,11,21954,A,N,G,B,D,A,D,-,D,D,0,Y,NA,NA,NA,Y,NA,N,60,0,0,0,1,0,0,0,0,0,-,-,34.4181,-117.6027,SAN BERNARDINO,UNINCORPORATED,-117.60267681,34.4181473
90421707,2017,2017-03-27,9855,2017-03-17,1700,021048,NA,5,2,6,3604,0,1,1,NA,2,201,SR-210 E/B (FOOTHILL FWY),SAN SEVAINE ROAD,621,E,N,A,-,Y,NA,NA,210,NA,NA,NA,NA,NA,E,Y,3,0,1,2,C,-,18,NA,NA,N,B,C,A,A,H,-,A,D,0,NA,NA,NA,NA,Y,NA,-,-,0,1,0,0,0,0,0,0,0,-,-,34.1362,-117.4775,SAN BERNARDINO,FONTANA,-117.47749981,34.13626597
9042209,2019,2020-02-07,3607,2019-07-11,1756,19999,279,4,5,6,3607,0,0,0,NA,0,072,HAVEN AV,CREEKSIDE DR,10,N,N,A,-,N,NA,NA,NA,NA,NA,NA,NA,NA,NA,Y,4,0,1,2,A,-,03,22350,NA,N,D,C,A,A,H,-,A,A,0,NA,NA,NA,NA,Y,NA,A,01,0,0,1,0,0,0,0,0,0,-,-,NA,NA,SAN BERNARDINO,ONTARIO,-117.57537078857422,34.02257537841797
90379924,2017,2017-01-27,9860,2017-01-19,0400,020626,NA,4,3,4,3603,0,1,1,NA,2,103,I-10 E/B,9TH ST,500,W,N,C,-,Y,NA,NA,10,NA,NA,NA,NA,NA,E,Y,4,0,1,1,A,-,08,22107,NA,N,E,I,A,B,H,-,D,D,0,NA,NA,NA,Y,Y,NA,F,26,0,0,1,0,0,0,0,0,0,-,-,34.06603,-117.32632,SAN BERNARDINO,COLTON,-117.32631441,34.06615332
9034620,2019,2020-02-08,3607,2019-12-21,1358,19946,NA,6,5,6,3607,0,0,0,NA,0,NA,HOLT BL,BON VIEW AV,0,NA,Y,A,-,N,NA,NA,NA,NA,NA,NA,NA,NA,NA,N,4,0,3,2,A,-,01,23153,A,N,D,C,A,A,H,-,A,A,0,NA,NA,NA,NA,Y,Y,A,01,0,0,3,0,0,0,0,0,0,-,-,NA,NA,SAN BERNARDINO,ONTARIO,-117.63720703125,34.06338119506836
90385740,2017,2017-02-03,9860,2017-01-22,1525,019674,NA,7,2,4,3603,0,1,1,NA,2,103,I-10 E/B,I-215 S/B,2640,W,N,C,-,Y,NA,NA,10,NA,NA,NA,NA,NA,E,Y,4,0,1,2,A,-,03,22350,NA,N,B,C,A,B,H,-,A,D,0,NA,NA,NA,NA,Y,NA,-,-,0,0,1,0,0,0,0,0,0,-,-,34.06512,-117.30439,SAN BERNARDINO,COLTON,-117.30439259,34.0650618
90424526,2017,2017-03-30,9865,2017-03-29,1255,015271,NA,3,1,9,3600,0,1,3,NA,1,010,SR-18,USFS RD. 2N40,2112,N,N,A,-,Y,NA,NA,NA,NA,NA,NA,NA,NA,NA,Y,3,0,1,1,A,-,03,22350,NA,N,E,I,A,A,H,-,A,A,0,NA,NA,NA,NA,Y,NA,A,01,0,1,0,0,0,0,0,0,0,-,-,34.22624,-117.3859,SAN BERNARDINO,UNINCORPORATED,NA,NA
90424913,2017,2017-03-30,9860,2017-03-24,1400,017919,NA,5,2,9,3600,0,2,4,NA,2,411,CEDAR AVE.,RANDALL AVE,350,S,N,A,-,N,NA,NA,NA,NA,NA,NA,NA,NA,NA,Y,4,0,1,2,A,-,03,22350,NA,N,C,C,A,A,H,-,A,D,0,NA,NA,NA,NA,Y,NA,A,01,0,0,1,0,0,0,0,0,0,-,-,34.08395,-117.39645,SAN BERNARDINO,UNINCORPORATED,-117.39649657,34.08400105
9042493,2019,2020-02-12,3600,2019-11-21,1748,C9392,RC051,4,5,6,3616,0,0,0,NA,0,RC4,FOOTHILL BL,LION ST,0,NA,Y,A,-,N,NA,NA,NA,NA,NA,NA,NA,NA,NA,N,4,0,1,2,A,-,17,21209,A,N,D,C,A,A,H,-,C,D,0,NA,NA,NA,NA,Y,NA,A,01,0,0,1,0,0,0,0,0,0,-,-,NA,NA,SAN BERNARDINO,RANCHO CUCAMONGA,-117.60487365722656,34.10668182373047
90425364,2017,2017-04-03,9860,2017-03-25,0710,018275,NA,6,1,9,3600,0,3,5,NA,2,001,DEERCREST DR.,GRANDVIEW AVE.,150,E,N,A,-,N,NA,NA,NA,NA,NA,NA,NA,NA,NA,N,4,0,1,1,A,-,08,22107,NA,N,E,I,A,A,H,-,D,D,0,NA,NA,NA,NA,Y,NA,A,07,0,0,1,0,0,0,0,0,0,-,-,34.22473,-117.39918,SAN BERNARDINO,UNINCORPORATED,-117.39889073,34.22496807
90425375,2017,2017-04-03,9860,2017-03-25,1945,020387,NA,6,2,6,3610,0,1,1,NA,2,214,I-215 NORTHBOUND,MILL ST.,200,N,N,A,-,Y,NA,NA,215,NA,NA,NA,NA,NA,N,N,4,0,1,2,A,-,03,22350,NA,N,C,C,A,A,H,-,D,D,0,NA,NA,NA,NA,Y,NA,A,01,0,0,1,0,0,0,0,0,0,-,-,34.09277,-117.30154,SAN BERNARDINO,SAN BERNARDINO,-117.30179607,34.09276742
90426501,2017,2017-04-03,9835,2017-03-30,1600,21448,NA,4,2,9,3600,0,1,1,NA,2,070,I-15 S/B,OUTLET CENTER DR,9504,S,N,G,-,Y,NA,NA,15,NA,NA,NA,NA,NA,S,N,4,0,1,1,C,-,18,NA,NA,N,F,A,A,A,H,-,A,D,0,NA,NA,NA,Y,Y,NA,-,-,0,0,1,0,0,0,0,0,0,-,-,34.79186,-117.11861,SAN BERNARDINO,UNINCORPORATED,-117.11872443,34.79200121
90427423,2016,2017-04-04,9855,2016-11-21,0020,020664,NA,1,3,5,3611,0,1,1,NA,2,203,SR-210 W/B (FOOTHILL FWY),MOUNTAIN AVE.,595,W,N,B,C,Y,NA,NA,210,NA,NA,NA,NA,NA,W,Y,1,1,0,3,A,-,08,22107,NA,N,E,I,E,B,H,-,C,D,0,Y,NA,NA,NA,Y,NA,A,01,0,0,0,1,0,0,0,0,0,-,-,34.13476,-117.67175,SAN BERNARDINO,UPLAND,-117.67175282,34.13483579
90428147,2017,2017-04-05,9835,2017-03-30,1610,16820,NA,4,2,9,3600,0,1,3,NA,1,013,SR-58,HINKLEY ROAD,11194,W,N,F,G,Y,NA,NA,NA,NA,NA,NA,NA,NA,NA,Y,4,0,1,3,A,-,03,22350,NA,N,C,C,A,A,B,-,A,D,0,NA,NA,NA,Y,Y,NA,G,25,0,0,1,0,0,0,0,0,0,-,-,NA,NA,SAN BERNARDINO,UNINCORPORATED,-117.22623481,34.92175001
9042963,2020,2020-02-20,3600,2020-01-16,1318,G4629,CH001,4,5,5,3630,0,0,0,NA,0,CH04,CHINO HILLS PKWY,RAMONA AV,582,E,N,A,-,N,NA,NA,NA,NA,NA,NA,NA,NA,NA,Y,3,0,2,2,A,-,08,22107,NA,N,B,C,A,A,H,-,A,A,0,NA,NA,NA,NA,Y,NA,A,01,0,1,1,0,0,0,0,0,0,-,-,NA,NA,SAN BERNARDINO,CHINO HILLS,-117.7045669555664,33.98270034790039
90386485,2017,2017-02-06,9860,2017-01-11,0957,017098,NA,3,1,9,3600,0,1,1,NA,2,216,I-215 S/B,DEVORE RD,7392,S,N,B,C,Y,NA,NA,215,NA,NA,NA,NA,NA,S,Y,2,0,1,1,A,-,08,22107,NA,N,E,I,A,B,H,-,A,D,0,NA,NA,NA,NA,Y,NA,D,22,1,0,0,0,0,0,0,0,0,-,-,34.20807,-117.3838,SAN BERNARDINO,UNINCORPORATED,-117.38376829,34.20811078
90430326,2017,2017-04-10,9860,2017-04-01,1450,017018,NA,6,2,6,3610,0,1,1,NA,2,202,SR-210 EASTBOUND,DEL ROSA AVENUE,400,E,N,A,-,Y,NA,NA,210,NA,NA,NA,NA,NA,E,Y,4,0,4,3,A,-,03,22350,NA,N,C,C,A,A,H,-,A,D,0,NA,NA,NA,NA,Y,NA,D,22,0,0,4,0,0,0,0,0,0,-,-,34.14176,-117.25084,SAN BERNARDINO,SAN BERNARDINO,-117.25082257,34.14180641
90388548,2017,2017-02-08,9855,2017-01-26,1830,014973,NA,4,2,6,3607,0,1,1,NA,2,153,I-15 S/B TO I-10 E/B,ETIWANDA AVE.,9504,W,N,A,-,Y,NA,NA,15,NA,NA,NA,R,NA,S,Y,3,0,1,1,A,-,08,22107,NA,N,F,A,A,A,H,-,C,D,0,NA,NA,Y,NA,Y,NA,C,02,0,1,0,0,0,0,0,0,1,-,-,34.06694,-117.54332,SAN BERNARDINO,ONTARIO,-117.54332,34.06694
90389682,2017,2017-02-09,9855,2017-02-06,1800,014973,NA,1,2,9,3600,0,3,5,NA,2,001,CHERRY AVENUE (8800 BLOCK),MERRILL AVE.,147,N,N,B,-,Y,NA,NA,NA,NA,NA,NA,NA,NA,NA,Y,4,0,5,5,A,-,01,23152,A,N,C,C,A,A,H,-,B,A,0,NA,NA,NA,NA,Y,Y,D,22,0,0,5,0,0,0,0,0,0,-,-,34.09249,-117.4889,SAN BERNARDINO,UNINCORPORATED,-117.48889915,34.09237273
90432776,2017,2017-04-12,9860,2017-04-05,1612,014829,NA,3,2,9,3600,0,1,1,NA,2,216,I-215 N/B,DEVORE RD,3168,N,N,A,-,Y,NA,NA,NA,NA,NA,NA,NA,NA,NA,Y,2,0,3,2,A,-,07,21658,A,N,D,C,A,A,H,-,A,D,0,NA,NA,NA,NA,Y,NA,A,01,1,0,2,0,0,0,0,0,0,-,-,34.22874,-117.41372,SAN BERNARDINO,UNINCORPORATED,-117.40869000000001,34.2254
90433106,2017,2017-04-17,9850,2017-04-06,1525,017730,NA,4,2,9,3600,0,1,3,NA,2,060,SR-138 W/B,PHELAN RD,75,E,N,B,-,Y,NA,NA,138,NA,NA,NA,NA,NA,W,Y,4,0,1,2,A,-,21,22106,NA,N,C,C,A,A,H,-,A,A,0,NA,NA,NA,Y,Y,NA,G,25,0,0,1,0,0,0,0,0,0,-,-,34.42612,-117.61893,SAN BERNARDINO,UNINCORPORATED,-117.61893698,34.42610656
90433185,2017,2017-04-12,9850,2017-04-10,1350,020559,NA,1,1,9,3600,0,3,5,NA,2,002,CASCADE AVE,RANCHERO RD,10,S,N,A,-,N,NA,NA,NA,NA,NA,NA,NA,NA,NA,N,4,0,1,2,A,-,21,22106,NA,N,C,C,A,A,H,-,A,A,0,NA,NA,NA,NA,Y,NA,D,22,0,0,1,0,0,0,0,0,0,-,-,34.383,-117.358,SAN BERNARDINO,UNINCORPORATED,-117.35804907,34.38310261
90390086,2017,2017-02-10,9860,2017-02-07,2038,020595,NA,2,2,5,3608,0,1,1,NA,2,104,I-10 W/B,TEXAS ST,300,W,N,B,C,Y,NA,NA,10,NA,NA,NA,NA,NA,W,Y,3,0,2,1,A,-,03,22350,NA,N,F,A,A,B,H,-,C,D,0,NA,NA,Y,NA,Y,NA,C,02,0,1,1,0,0,0,0,0,2,-,-,34.06187,-117.19231,SAN BERNARDINO,REDLANDS,-117.19229744,34.06197469
90434860,2017,2017-04-17,9860,2017-03-30,1444,016646,NA,4,2,3,3690,0,1,1,NA,2,214,I-215 N/B,BARTON ROAD,400,S,N,A,-,Y,NA,NA,215,NA,NA,NA,NA,NA,N,Y,4,0,1,2,A,-,03,22350,NA,N,C,C,A,A,H,-,A,D,0,NA,NA,NA,NA,Y,NA,A,07,0,0,1,0,0,0,0,0,0,-,-,34.03209,-117.3268,SAN BERNARDINO,GRAND TERRACE,-117.3268137,34.03210576
90391590,2017,2017-02-13,9860,2017-02-07,1004,012988,NA,2,1,9,3600,0,3,5,NA,2,003,ALABAMA ST,PIONEER AVE,50,S,N,B,C,N,NA,NA,NA,NA,NA,NA,NA,NA,NA,Y,3,0,3,3,A,-,03,22350,NA,N,C,C,A,B,H,-,A,A,0,NA,NA,NA,NA,Y,NA,A,07,0,2,1,0,0,0,0,0,0,-,-,34.081,-117.20871,SAN BERNARDINO,UNINCORPORATED,-117.20876,34.08132304
90437588,2017,2017-04-19,9860,2017-04-11,1225,012530,NA,2,1,6,3610,0,1,1,NA,2,151,I-15 S/B,DEVORE ROAD O/C.,919,N,N,A,-,Y,NA,NA,NA,NA,NA,NA,NA,NA,NA,N,4,0,1,1,A,-,08,22107,NA,N,E,I,A,A,H,-,A,D,0,NA,NA,NA,NA,Y,NA,A,01,0,0,1,0,0,0,0,0,0,-,-,34.22397,-117.40759,SAN BERNARDINO,SAN BERNARDINO,NA,NA