CASE_ID,ACCIDENT_YEAR,PROC_DATE,JURIS,COLLISION_DATE,COLLISION_TIME,OFFICER_ID,REPORTING_DISTRICT,DAY_OF_WEEK,CHP_SHIFT,POPULATION,CNTY_CITY_LOC,SPECIAL_COND,BEAT_TYPE,CHP_BEAT_TYPE,CITY_DIVISION_LAPD,CHP_BEAT_CLASS,BEAT_NUMBER,PRIMARY_RD,SECONDARY_RD,DISTANCE,DIRECTION,INTERSECTION,WEATHER_1,WEATHER_2,STATE_HWY_IND,CALTRANS_COUNTY,CALTRANS_DISTRICT,STATE_ROUTE,ROUTE_SUFFIX,POSTMILE_PREFIX,POSTMILE,LOCATION_TYPE,RAMP_INTERSECTION,SIDE_OF_HWY,TOW_AWAY,COLLISION_SEVERITY,NUMBER_KILLED,NUMBER_INJURED,PARTY_COUNT,PRIMARY_COLL_FACTOR,PCF_CODE_OF_VIOL,PCF_VIOL_CATEGORY,PCF_VIOLATION,PCF_VIOL_SUBSECTION,HIT_AND_RUN,TYPE_OF_COLLISION,MVIW,PED_ACTION,ROAD_SURFACE,ROAD_COND_1,ROAD_COND_2,LIGHTING,CONTROL_DEVICE,CHP_ROAD_TYPE,PEDESTRIAN_ACCIDENT,BICYCLE_ACCIDENT,MOTORCYCLE_ACCIDENT,TRUCK_ACCIDENT,NOT_PRIVATE_PROPERTY,ALCOHOL_INVOLVED,STWD_VEHTYPE_AT_FAULT,CHP_VEHTYPE_AT_FAULT,COUNT_SEVERE_INJ,COUNT_VISIBLE_INJ,COUNT_COMPLAINT_PAIN,COUNT_PED_KILLED,COUNT_PED_INJURED,COUNT_BICYCLIST_KILLED,COUNT_BICYCLIST_INJURED,COUNT_MC_KILLED,COUNT_MC_INJURED,PRIMARY_RAMP,SECONDARY_RAMP,LATITUDE,LONGITUDE,COUNTY,CITY,POINT_X,POINT_Y
90392564,2017,2017-02-14,9865,2017-01-26,0832,018392,NA,4,1,9,3600,0,1,3,NA,2,021,SR-330,LIVE OAK DR.,14784,S,N,D,-,Y,NA,NA,330,NA,NA,NA,NA,NA,NA,N,3,0,1,3,A,-,03,22350,NA,N,D,C,A,C,H,-,A,D,0,NA,NA,NA,NA,Y,NA,A,07,0,1,0,0,0,0,0,0,0,-,-,34.19317,-117.15768,SAN BERNARDINO,UNINCORPORATED,-117.15768003,34.19318123
90395563,2017,2017-02-17,9860,2017-02-12,0503,019251,NA,7,3,9,3600,0,3,5,NA,2,004,SANTA ANA AVE,TAMARIND AVE,419,E,N,A,-,N,NA,NA,NA,NA,NA,NA,NA,NA,NA,Y,3,0,1,1,A,-,01,23152,A,N,E,I,A,A,H,-,D,D,0,NA,NA,NA,NA,Y,Y,A,01,0,1,0,0,0,0,0,0,0,-,-,34.05573,-117.42116,SAN BERNARDINO,UNINCORPORATED,-117.42118069,34.05580633
90396926,2017,2017-02-21,9830,2017-02-11,1103,021137,NA,6,1,9,3600,0,2,4,NA,1,062,TRONA ROAD,PINNACLE ROAD,1056,N,N,B,-,N,NA,NA,NA,NA,NA,NA,NA,NA,NA,Y,3,0,1,1,C,-,18,NA,NA,N,E,I,A,A,H,-,A,D,0,NA,NA,NA,NA,Y,NA,-,-,0,1,0,0,0,0,0,0,0,-,-,35.68529,-117.38403,SAN BERNARDINO,UNINCORPORATED,-117.58507702,35.51319373
90440042,2017,2017-04-24,9835,2017-04-07,2215,021278,NA,5,3,9,3600,0,1,1,NA,2,077,I-15 N/B,NIPTON RD,134,S,N,A,-,Y,NA,NA,15,NA,NA,NA,NA,NA,N,Y,4,0,1,1,A,-,01,23152,A,N,E,I,A,A,H,-,D,D,0,NA,NA,NA,NA,Y,Y,A,01,0,0,1,0,0,0,0,0,0,-,-,35.47289,-115.44889,SAN BERNARDINO,UNINCORPORATED,-115.44897945,35.47295435
90440065,2017,2017-04-24,9860,2017-04-13,1613,016646,NA,4,2,6,3610,0,1,1,NA,2,214,I-215 S/B,MILL STREET,300,S,N,A,-,Y,NA,NA,215,NA,NA,NA,NA,NA,S,Y,3,0,5,3,A,-,03,22350,NA,N,C,C,A,A,H,-,A,D,0,NA,NA,NA,NA,Y,NA,A,07,0,4,1,0,0,0,0,0,0,-,-,34.09039,-117.30195,SAN BERNARDINO,SAN BERNARDINO,-117.30202192,34.09039154
90406944,2017,2017-03-07,9835,2017-02-24,0042,020973,NA,5,3,9,3600,0,1,1,NA,2,076,I-15 S/B,BAILEY ROAD,10349,S,N,A,-,Y,NA,NA,15,NA,NA,NA,NA,NA,S,Y,3,0,1,1,A,-,08,22107,NA,N,E,I,A,A,H,-,D,D,0,NA,NA,NA,Y,Y,NA,G,26,0,1,0,0,0,0,0,0,0,-,-,35.47305,-115.56074,SAN BERNARDINO,UNINCORPORATED,-115.56075557,35.4729904
9040838,2019,2020-02-05,3602,2019-12-15,2107,3955,NA,7,5,5,3602,0,0,0,NA,0,002,WALNUT AV,MOUNTAIN AV,0,NA,Y,A,-,N,NA,NA,NA,NA,NA,NA,NA,NA,NA,N,3,0,1,1,A,-,03,22350,NA,N,H,A,A,A,H,-,C,D,0,NA,NA,Y,NA,Y,NA,C,02,0,1,0,0,0,0,0,0,1,-,-,NA,NA,SAN BERNARDINO,CHINO,-117.66761779785156,34.02642822265625
9044430,2020,2020-02-25,3600,2020-01-09,0633,G4629,CH065,4,5,5,3630,0,0,0,NA,0,CH04,SOQUEL CANYON PKWY,ELINVAR DR,0,NA,Y,B,-,N,NA,NA,NA,NA,NA,NA,NA,NA,NA,N,3,0,1,2,A,-,10,21950,A,N,G,B,B,B,D,E,B,A,0,Y,NA,NA,NA,Y,NA,A,01,0,1,0,0,1,0,0,0,0,-,-,NA,NA,SAN BERNARDINO,CHINO HILLS,-117.70255279541016,33.95783996582031
9040874,2019,2020-02-05,3600,2019-12-20,1354,G5365,HI025,5,5,4,3618,0,0,0,NA,0,003,WEAVER ST,GREENSPOT RD,0,NA,Y,A,-,N,NA,NA,NA,NA,NA,NA,NA,NA,NA,N,4,0,1,2,A,-,07,21658,NA,F,D,C,A,A,H,-,A,A,0,NA,NA,NA,NA,Y,NA,A,07,0,0,1,0,0,0,0,0,0,-,-,34.10995864868164,-117.16087341308594,SAN BERNARDINO,HIGHLAND,-117.16082763671876,34.109798431396484
90446726,2017,2017-05-01,9860,2017-04-18,1340,021587,NA,2,1,6,3604,0,1,1,NA,2,201,SR-210 W/B TO AYALA AVE,AYALA AVE,8,E,N,A,-,Y,NA,NA,NA,NA,NA,NA,NA,NA,NA,N,4,0,1,2,A,-,12,21453,A,N,H,G,A,A,H,-,A,A,0,NA,Y,NA,NA,Y,NA,A,01,0,0,1,0,0,0,1,0,0,-,-,34.13644,-117.39212,SAN BERNARDINO,FONTANA,-117.39226366,34.13602918
90446960,2017,2017-05-02,9855,2017-04-23,0025,020913,NA,7,3,6,3607,0,1,3,NA,2,601,SR-60 E/B (POMONA FWY),EUCLID AVE.,230,W,N,A,-,Y,NA,NA,60,NA,NA,NA,NA,NA,E,Y,4,0,1,1,A,-,08,22107,NA,N,E,I,A,A,H,-,D,D,0,NA,NA,NA,NA,Y,NA,A,07,0,0,1,0,0,0,0,0,0,-,-,34.0302,-117.65183,SAN BERNARDINO,ONTARIO,-117.65182911,34.03030601
90409342,2017,2017-03-09,9860,2017-03-07,1405,016821,NA,2,2,9,3600,0,1,1,NA,2,102,I-10 E/B,CEDAR AVENUE,1584,E,N,A,-,Y,NA,NA,10,NA,NA,NA,NA,NA,E,N,4,0,2,2,A,-,03,22350,NA,N,C,C,A,A,H,-,A,D,0,NA,NA,NA,NA,Y,NA,A,01,0,0,2,0,0,0,0,0,0,-,-,34.06829,-117.38201,SAN BERNARDINO,UNINCORPORATED,-117.38200979,34.06828076
90450358,2017,2017-05-08,9860,2017-04-27,1818,021030,NA,4,2,6,3610,0,1,1,NA,2,216,I-215 N/B,HIGHLAND AVE,800,S,N,A,-,Y,NA,NA,215,NA,NA,NA,NA,NA,N,Y,4,0,2,3,A,-,07,21658,A,N,B,C,A,A,H,-,A,D,0,NA,NA,NA,NA,Y,NA,A,08,0,0,2,0,0,0,0,0,0,-,-,34.13289,-117.30767,SAN BERNARDINO,SAN BERNARDINO,-117.30779391,34.13273419
90450711,2017,2017-09-05,9855,2017-04-23,1015,018313,NA,7,1,9,3600,0,2,4,NA,2,030,MOUNTAIN AVE.,SHINN ROAD,2500,S,N,A,-,N,NA,NA,NA,NA,NA,NA,NA,NA,NA,Y,2,0,2,2,A,-,05,21651,A,F,D,C,A,A,H,-,A,D,0,NA,NA,NA,NA,Y,NA,A,07,1,0,1,0,0,0,0,0,0,-,-,34.17164,-117.67405,SAN BERNARDINO,UNINCORPORATED,-117.67442286,34.17164069
9045223,2020,2020-02-28,3600,2020-01-31,2158,G8549,HI005,5,5,4,3618,0,0,0,NA,0,HI1,OSBUN RD,WALKER ST,200,S,N,A,-,N,NA,NA,NA,NA,NA,NA,NA,NA,NA,N,4,0,1,2,A,-,11,21954,A,N,G,B,C,A,H,-,D,D,0,Y,NA,NA,NA,Y,NA,N,60,0,0,1,0,1,0,0,0,0,-,-,34.122371673583984,-117.24871826171876,SAN BERNARDINO,HIGHLAND,-117.24877166748048,34.12217330932617
90410615,2017,2017-03-13,9860,2017-03-06,1450,017098,NA,1,2,6,3610,0,1,1,NA,2,202,SR-210 E/B TO HIGHLAND AVENUE,HIGHLAND AVE,300,W,N,A,-,Y,NA,NA,210,NA,NA,NA,R,NA,E,Y,2,0,1,1,A,-,03,22350,NA,N,F,A,A,A,H,-,A,D,0,NA,NA,Y,NA,Y,NA,C,02,1,0,0,0,0,0,0,0,1,-,-,34.13663,-117.23891,SAN BERNARDINO,SAN BERNARDINO,-117.23891,34.13663
90453526,2017,2017-05-11,9855,2017-05-04,1455,019121,NA,4,2,9,3600,0,3,5,NA,2,004,RAMONA AVENUE (11300 BLOCK),PHILLIPS BOULEVARD,20,S,N,A,-,N,NA,NA,NA,NA,NA,NA,NA,NA,NA,N,4,0,1,2,A,-,03,22350,NA,N,C,C,A,A,H,-,A,A,0,NA,NA,NA,NA,Y,NA,A,08,0,0,1,0,0,0,0,0,0,-,-,34.04654,-117.70698,SAN BERNARDINO,UNINCORPORATED,-117.7069653,34.04658939
90454359,2017,2017-05-11,9860,2017-05-05,1235,016646,NA,5,1,3,3690,0,1,1,NA,2,214,I-215 S/B,UNION PACIFIC RAILROAD OC,100,S,N,A,-,Y,NA,NA,215,NA,NA,NA,NA,NA,S,Y,3,0,1,2,A,-,03,22350,NA,N,C,C,A,A,H,-,A,D,0,NA,NA,NA,NA,Y,NA,A,01,0,1,0,0,0,0,0,0,0,-,-,34.02539,-117.33408,SAN BERNARDINO,GRAND TERRACE,-117.33420929,34.02550989
90454371,2017,2017-06-12,9855,2017-05-06,0924,018313,NA,6,1,6,3607,0,1,1,NA,2,101,I-10 W/B TO I-15 S/B,I-15,80,W,N,A,-,Y,NA,NA,10,NA,NA,NA,R,NA,W,Y,4,0,1,2,A,-,03,22350,NA,N,C,C,A,A,H,-,A,D,0,NA,NA,NA,Y,Y,NA,A,01,0,0,1,0,0,0,0,0,0,-,-,34.06497,-117.54573,SAN BERNARDINO,ONTARIO,-117.54573,34.06497
9045491,2019,2020-02-14,3607,2019-03-11,1754,80388,450,1,5,6,3607,0,0,0,NA,0,071,RIVERSIDE DR,ARCHIBALD AV,225,W,N,A,-,N,NA,NA,NA,NA,NA,NA,NA,NA,NA,Y,4,0,1,2,A,-,09,21804,A,N,D,C,A,A,H,-,C,A,0,NA,NA,NA,NA,Y,NA,A,01,0,0,1,0,0,0,0,0,0,-,-,NA,NA,SAN BERNARDINO,ONTARIO,-117.59393310546876,34.01913833618164
90411219,2017,2017-03-13,9835,2017-01-19,1022,021160,NA,4,1,9,3600,0,1,1,NA,2,077,INTERSTATE 15 NORTHBOUND,BAILEY RD,4382,N,N,B,C,Y,NA,NA,15,NA,NA,NA,NA,NA,N,Y,1,2,3,1,A,-,03,22350,NA,N,E,I,A,B,H,-,A,D,0,NA,NA,NA,NA,Y,NA,A,07,0,3,0,0,0,0,0,0,0,-,-,35.4681,-115.5131,SAN BERNARDINO,UNINCORPORATED,-115.51310772,35.46814503
9045537,2020,2020-02-26,3600,2020-02-05,1348,G3225,AP005,3,5,5,3621,0,0,0,NA,0,AP3,APPLE VALLEY RD,SIESTA DR,193,N,N,A,-,N,NA,NA,NA,NA,NA,NA,NA,NA,NA,Y,4,0,1,2,A,-,03,22350,NA,N,C,C,A,A,H,-,A,D,0,NA,NA,NA,NA,Y,NA,A,01,0,0,1,0,0,0,0,0,0,-,-,NA,NA,SAN BERNARDINO,APPLE VALLEY,-117.24257659912108,34.50450897216797
90412155,2017,2017-03-14,9855,2017-03-08,0830,015299,NA,3,1,4,3605,0,1,1,NA,2,103,I-10 W/B (SAN BERNARDINO FWY),MONTE VISTA AVE.,1200,E,N,A,-,Y,NA,NA,10,NA,NA,NA,NA,NA,W,Y,4,0,1,3,A,-,03,22350,NA,N,C,C,A,A,H,-,A,D,0,NA,NA,NA,NA,Y,NA,D,22,0,0,1,0,0,0,0,0,0,-,-,34.0834,-117.6945,SAN BERNARDINO,MONTCLAIR,-117.69453001,34.08346861
90413544,2017,2017-03-16,9870,2017-03-06,0100,020570,NA,1,3,9,3600,0,1,3,NA,1,041,SR 62 (TWENTYNINE PALMS HIGHWAY),IRONAGE ROAD,43296,E,N,A,-,Y,NA,NA,62,NA,NA,NA,NA,NA,NA,Y,2,0,1,1,A,-,01,23152,A,N,E,J,A,A,H,-,D,D,0,NA,NA,NA,NA,Y,Y,A,07,1,0,0,0,0,0,0,0,0,-,-,34.073,-115.5509,SAN BERNARDINO,UNINCORPORATED,-115.55107346,34.07364758
90457136,2017,2017-05-16,9855,2017-05-08,0845,015919,NA,1,1,6,3607,0,1,1,NA,2,101,I-10 W/B TO I-15,I-15,1200,E,N,A,-,Y,NA,NA,10,NA,NA,NA,R,NA,W,Y,4,0,1,2,A,-,03,22350,NA,N,C,C,A,A,H,-,A,D,0,NA,NA,NA,NA,Y,NA,A,07,0,0,1,0,0,0,0,0,0,-,-,34.06759,-117.5375,SAN BERNARDINO,ONTARIO,-117.5375,34.06759
9041664,2020,2020-02-28,3610,2020-01-18,2120,NA,NA,6,5,6,3610,0,0,0,NA,0,POLICE,W 9TH ST,N CABRERA AV,0,NA,Y,A,-,N,NA,NA,NA,NA,NA,NA,NA,NA,NA,Y,4,0,1,2,A,-,08,22107,NA,N,B,E,A,A,H,-,C,D,0,NA,NA,NA,NA,Y,NA,A,07,0,0,1,0,0,0,0,0,0,-,-,34.11576843261719,-117.32044219970705,SAN BERNARDINO,SAN BERNARDINO,-117.32047271728516,34.115760803222656
90417427,2017,2017-03-22,9835,2017-03-14,1002,021399,NA,2,1,9,3600,0,1,1,NA,2,073,I-15 N/B,MINNEOLA RD,6600,N,N,A,-,Y,NA,NA,15,NA,NA,NA,NA,NA,N,Y,4,0,1,1,A,-,08,22107,NA,N,E,I,A,A,H,-,A,D,0,NA,NA,NA,NA,Y,NA,A,01,0,0,1,0,0,0,0,0,0,-,-,34.9226,-116.7491,SAN BERNARDINO,UNINCORPORATED,-116.74907669,34.92248589
90420518,2017,2017-03-24,9860,2017-03-18,0955,019429,NA,6,1,6,3610,0,1,1,NA,2,103,I-10 W/B,HUNTS LN,200,W,N,A,-,Y,NA,NA,10,NA,NA,NA,NA,NA,W,Y,4,0,1,2,A,-,03,22350,NA,N,C,C,A,A,H,-,A,D,0,NA,NA,NA,NA,Y,NA,A,01,0,0,1,0,0,0,0,0,0,-,-,34.063720000000004,-117.28817,SAN BERNARDINO,SAN BERNARDINO,-117.28816968,34.06371524
90459715,2017,2017-05-19,9860,2017-05-05,1545,019599,NA,5,2,9,3600,1,3,5,NA,2,002,48TH ST.,H ST.,150,E,N,A,-,N,NA,NA,NA,NA,NA,NA,NA,NA,NA,N,4,0,1,1,C,-,18,NA,NA,N,H,A,A,A,H,-,A,D,0,NA,NA,NA,NA,Y,NA,-,-,0,0,1,0,0,0,0,0,0,-,-,34.1719,-117.29987,SAN BERNARDINO,UNINCORPORATED,-117.30002562,34.17182342
90459895,2017,2017-05-19,9860,2017-05-12,1525,017018,NA,5,2,4,3618,0,1,1,NA,2,202,SR-210 WESTBOUND,ORANGE STREET,380,W,N,A,-,Y,NA,NA,210,NA,NA,NA,NA,NA,W,Y,3,0,1,1,A,-,08,22107,NA,N,E,I,A,A,H,-,A,D,0,NA,NA,NA,NA,Y,NA,D,22,0,1,0,0,0,0,0,0,0,-,-,34.13209,-117.21448,SAN BERNARDINO,HIGHLAND,-117.21447994,34.13206022
9046167,2019,2020-02-20,3601,2019-12-23,1714,P-90,BATSW,1,5,3,3601,0,0,0,NA,0,PATROL,WEST MAIN ST,AVENUE G,204,E,N,A,-,N,NA,NA,NA,NA,NA,NA,NA,NA,NA,N,2,0,1,2,A,-,11,21954,A,N,A,B,E,A,H,-,C,D,0,Y,NA,NA,NA,Y,NA,N,60,1,0,0,0,1,0,0,0,0,-,-,NA,NA,SAN BERNARDINO,BARSTOW,-117.04322814941406,34.89515686035156
90461990,2017,2017-09-11,9850,2017-05-06,0429,020898,NA,6,3,9,3600,0,1,3,NA,2,052,SR-18,CAMPANULA RD,287,W,N,A,-,Y,NA,NA,18,NA,NA,NA,NA,NA,NA,N,1,1,0,2,A,-,11,21954,A,N,G,B,E,A,H,-,D,D,0,Y,NA,NA,NA,Y,NA,N,60,0,0,0,1,0,0,0,0,0,-,-,34.50655,-117.55304,SAN BERNARDINO,UNINCORPORATED,-117.55304,34.50654995
90422158,2017,2017-03-28,9855,2017-03-15,0010,018000,NA,3,3,5,3602,0,1,3,NA,2,603,SR-60 E/B (POMONA FWY),BENSON AVE.,225,W,N,A,-,Y,NA,NA,60,NA,NA,NA,NA,NA,E,Y,4,0,1,2,A,-,01,23152,G,N,C,C,A,A,H,-,C,D,0,NA,NA,NA,NA,Y,Y,A,01,0,0,1,0,0,0,0,0,0,-,-,34.03008,-117.6802,SAN BERNARDINO,CHINO,-117.68020068,34.03023814
90463993,2017,2017-05-25,9855,2017-05-16,2330,016215,NA,2,3,9,3600,0,3,5,NA,2,004,PHILLIPS BLVD.,BUTTERFIELD AVENUE,24,E,N,A,-,N,NA,NA,NA,NA,NA,NA,NA,NA,NA,N,3,0,1,1,A,-,08,22107,NA,N,F,A,A,A,H,-,C,D,0,NA,NA,Y,NA,Y,NA,C,03,0,1,0,0,0,0,0,0,1,-,-,34.04734,-117.69673,SAN BERNARDINO,UNINCORPORATED,-117.69677119,34.04730486
90422374,2017,2017-03-28,9855,2017-03-17,0828,017649,NA,5,1,9,3600,0,3,5,NA,2,001,ARROW ROUTE (14300 BLOCK),ALMOND AVENUE,450,W,N,A,-,N,NA,NA,NA,NA,NA,NA,NA,NA,NA,Y,4,0,1,2,A,-,05,21650,NA,N,A,C,A,A,H,-,A,D,0,NA,NA,NA,Y,Y,NA,A,01,0,0,1,0,0,0,0,0,0,-,-,34.09925,-117.49398,SAN BERNARDINO,UNINCORPORATED,-117.49465217,34.09926654
90466329,2017,2017-05-29,9855,2017-05-19,1741,018727,NA,5,2,9,3600,0,3,5,NA,2,004,RIVERSIDE DR.,S. TOWNE AVE.,0,NA,Y,A,-,N,NA,NA,NA,NA,NA,NA,NA,NA,NA,N,4,0,1,3,A,-,09,21801,A,N,A,C,A,A,H,-,A,A,0,NA,NA,NA,NA,Y,NA,A,07,0,0,1,0,0,0,0,0,0,-,-,34.01139,-117.44398,SAN BERNARDINO,UNINCORPORATED,-117.7401001,34.01903008
90466972,2017,2017-08-22,9850,2017-05-17,0810,020817,NA,3,1,5,3619,0,1,1,NA,2,082,I-15 N/B,MAIN ST.,6336,N,N,A,-,Y,NA,NA,15,NA,NA,NA,NA,NA,N,N,3,0,2,2,D,-,00,NA,NA,N,C,C,A,A,H,-,A,D,0,NA,NA,Y,NA,Y,NA,-,-,0,1,1,0,0,0,0,0,2,-,-,34.4443,-117.36649,SAN BERNARDINO,HESPERIA,-117.36649709,34.44430555
9042312,2019,2020-02-21,3600,2019-12-08,0821,H9010,VC046,7,5,5,3612,0,0,0,NA,0,VC6,NATIONAL TRAILS HWY,1ST AV,2746,S,N,A,-,N,NA,NA,NA,NA,NA,NA,NA,NA,NA,Y,3,0,1,2,A,-,05,21650,NA,N,A,-,A,A,H,-,A,D,0,NA,NA,NA,NA,Y,NA,A,01,0,1,0,0,0,0,0,0,0,-,-,NA,NA,SAN BERNARDINO,VICTORVILLE,-117.33180236816406,34.58534622192383
90467393,2017,2017-05-30,9860,2017-05-18,0730,016658,NA,4,1,5,3608,0,1,1,NA,2,104,I-10 E/B,CALIFORNIA ST,436,E,N,A,-,Y,NA,NA,10,NA,NA,NA,NA,NA,E,Y,3,0,2,4,A,-,03,22350,NA,N,C,C,A,A,H,-,A,D,0,NA,NA,NA,NA,Y,NA,A,01,0,1,1,0,0,0,0,0,0,-,-,34.06637,-117.2247,SAN BERNARDINO,REDLANDS,-117.22469969,34.06651366
90468441,2017,2017-05-31,9860,2017-05-24,1805,021169,NA,3,2,4,3603,0,1,1,NA,2,214,I-215 N/B,WASHINGTON ST,1150,N,N,A,-,Y,NA,NA,215,NA,NA,NA,NA,NA,N,Y,4,0,2,4,A,-,03,22350,NA,N,C,C,A,A,H,-,A,D,0,NA,NA,NA,NA,Y,NA,D,22,0,0,2,0,0,0,0,0,0,-,-,34.04985,-117.30418,SAN BERNARDINO,COLTON,-117.30419573,34.04987292
90468797,2017,2017-06-01,9850,2017-05-21,0256,018211,NA,7,3,5,3619,0,1,1,NA,2,082,I-15 N/B,BEAR VALLEY RD,4858,S,N,A,-,Y,NA,NA,15,NA,NA,NA,NA,NA,N,Y,3,0,1,1,A,-,08,22107,NA,N,F,A,A,A,H,-,D,D,0,NA,NA,NA,NA,Y,NA,D,22,0,1,0,0,0,0,0,0,0,-,-,34.45909,-117.35477,SAN BERNARDINO,HESPERIA,-117.35486504,34.4591641
90469465,2017,2017-06-01,9855,2017-05-25,1100,012480,NA,4,1,6,3616,0,1,1,NA,2,203,SR-210 E/B (FOOTHILL FWY),ARCHIBALD AVE.,2640,W,N,B,-,Y,NA,NA,210,NA,NA,NA,NA,NA,E,Y,3,0,2,2,A,-,07,21658,A,N,C,C,A,A,H,-,A,D,0,NA,NA,NA,NA,Y,NA,A,01,0,1,1,0,0,0,0,0,0,-,-,34.1357,-117.5943,SAN BERNARDINO,RANCHO CUCAMONGA,-117.59429327,34.13495419
90386971,2017,2017-02-06,9865,2017-01-27,1640,020725,NA,5,2,9,3600,0,1,3,NA,1,039,SR-38,MANN DR,80,W,N,A,-,Y,NA,NA,38,NA,NA,NA,NA,NA,NA,Y,4,0,1,2,A,-,03,22350,NA,N,C,C,A,C,H,-,B,D,0,NA,NA,NA,NA,Y,NA,A,01,0,0,1,0,0,0,0,0,0,-,-,34.2619,-116.8239,SAN BERNARDINO,UNINCORPORATED,-116.82391261,34.26193277
90472883,2017,2017-06-07,9850,2017-05-27,1405,019908,NA,6,2,9,3600,0,3,5,NA,2,002,LOS FLORES RD,UNNAMED DIRT TRAIL,0,NA,Y,A,-,N,NA,NA,NA,NA,NA,NA,NA,NA,NA,Y,4,0,1,2,A,-,09,21804,A,N,B,C,A,A,H,-,A,D,0,NA,NA,Y,NA,Y,NA,C,06,0,0,1,0,0,0,0,0,0,-,-,34.35793,-117.30658,SAN BERNARDINO,UNINCORPORATED,-117.30658,34.35793
90388177,2016,2017-02-08,9835,2016-11-06,0400,021186,NA,7,3,3,3601,0,1,1,NA,2,071,I-15 S/B TO BARSTOW ROAD,BARSTOW ROAD,528,S,N,A,-,Y,NA,NA,15,NA,NA,NA,R,NA,S,N,3,0,1,2,A,-,11,21954,A,N,G,B,E,A,H,-,C,D,0,Y,NA,NA,NA,Y,NA,N,60,0,1,0,0,1,0,0,0,0,-,-,34.88624,-117.01968,SAN BERNARDINO,BARSTOW,-117.01968,34.88624
90431867,2017,2017-04-11,9855,2017-04-06,1000,014980,NA,4,1,5,3602,0,1,3,NA,2,603,SR-60 W/B (POMONA FWY),RAMONA AVE.,1000,W,N,A,-,Y,NA,NA,NA,NA,NA,NA,NA,NA,NA,N,4,0,1,2,A,-,03,22350,NA,N,C,C,A,A,H,-,A,D,0,NA,NA,NA,NA,Y,NA,A,01,0,0,1,0,0,0,0,0,0,-,-,NA,NA,SAN BERNARDINO,CHINO,-117.71013156,34.03022221
90479271,2017,2017-06-15,9860,2017-06-09,1845,020626,NA,5,2,6,3610,0,1,1,NA,2,216,I-215 S/B,WASHINGTON ST,2000,N,N,A,-,Y,NA,NA,NA,NA,NA,NA,NA,NA,NA,Y,3,0,1,2,A,-,03,22350,NA,N,C,C,A,A,H,-,A,D,0,NA,NA,NA,NA,Y,NA,A,07,0,1,0,0,0,0,0,0,0,-,-,34.04769,-117.30756,SAN BERNARDINO,SAN BERNARDINO,NA,NA
90479411,2017,2017-06-16,9860,2017-06-07,1533,016575,NA,3,2,4,3603,0,1,1,NA,2,214,I-215 N/B,HIGHGROVE UNION PACIFIC RXR,1205,N,N,A,-,Y,NA,NA,215,NA,NA,NA,NA,NA,N,Y,3,0,1,2,A,-,17,21658,NA,N,B,C,A,A,H,-,A,D,0,NA,NA,Y,NA,Y,NA,A,01,0,1,0,0,0,0,0,0,1,-,-,34.0287,-117.33051,SAN BERNARDINO,COLTON,-117.33058683,34.02878637
90481899,2017,2017-06-20,9855,2017-06-14,1608,018212,NA,3,2,6,3604,0,1,1,NA,2,201,SR-210 E/B (FOOTHILL FWY),SAN SAVAINE RD,500,W,N,A,-,Y,NA,NA,210,NA,NA,NA,NA,NA,E,Y,3,0,1,2,A,-,03,22350,NA,N,C,C,A,A,H,-,A,D,0,NA,NA,Y,NA,Y,NA,C,02,0,1,0,0,0,0,0,0,1,-,-,34.13637,-117.48111,SAN BERNARDINO,FONTANA,-117.48111019,34.13627521
90433982,2017,2017-04-13,9860,2017-03-31,2300,021030,NA,5,3,4,3618,0,1,1,NA,2,203,SR-210 E/B,5TH ST,700,E,N,A,-,Y,NA,NA,NA,NA,NA,NA,NA,NA,NA,Y,3,0,1,1,A,-,01,23152,A,N,E,I,A,A,H,-,D,D,0,NA,NA,NA,NA,Y,Y,A,01,0,1,0,0,0,0,0,0,0,-,-,34.0947,-117.2006,SAN BERNARDINO,HIGHLAND,-117.19915,34.10795
90436331,2017,2017-04-18,9850,2017-04-10,1950,019176,NA,1,2,9,3600,0,2,4,NA,2,066,PHELAN RD.,ZING RD.,20,E,N,A,-,N,NA,NA,NA,NA,NA,NA,NA,NA,NA,Y,4,0,1,2,A,-,03,22350,NA,N,A,C,A,A,H,-,D,D,0,NA,NA,NA,NA,Y,NA,D,22,0,0,1,0,0,0,0,0,0,-,-,34.42644,-117.47543,SAN BERNARDINO,UNINCORPORATED,-117.47533397,34.426507
90488233,2017,2017-06-27,9835,2017-06-18,1939,20976,NA,7,2,9,3600,0,1,1,NA,2,076,I-15 SB,BAILEY RD,1056,S,N,A,-,Y,NA,NA,NA,NA,NA,NA,NA,NA,NA,Y,3,0,1,1,A,-,08,22107,NA,N,E,I,A,A,H,-,A,D,0,NA,NA,NA,Y,Y,NA,G,25,0,1,0,0,0,0,0,0,0,-,-,35.286,-115.3144,SAN BERNARDINO,UNINCORPORATED,NA,NA
90488842,2017,2017-06-27,9855,2017-06-22,0340,020460,NA,4,3,5,3602,0,1,3,NA,2,601,SR-60 E/B (POMONA FWY),PIPELINE AVE.,109,E,N,A,-,Y,NA,NA,60,NA,NA,NA,NA,NA,E,Y,4,0,1,2,A,-,07,21658,A,M,B,C,A,A,H,-,D,D,0,NA,NA,NA,NA,Y,NA,-,99,0,0,1,0,0,0,0,0,0,-,-,34.02927,-117.71433,SAN BERNARDINO,CHINO,-117.71435997,34.02938391
90437879,2017,2017-04-19,9835,2017-03-06,2500,021205,NA,1,4,9,3600,0,2,4,NA,1,018,FORT IRWIN ROAD,OUTER HIGHWAY 15,800,N,N,A,-,N,NA,NA,NA,NA,NA,NA,NA,NA,NA,Y,1,1,0,1,A,-,08,22107,NA,N,E,I,A,A,H,-,D,D,0,NA,NA,NA,NA,Y,NA,A,01,0,0,0,0,0,0,0,0,0,-,-,34.5417,-116.5525,SAN BERNARDINO,UNINCORPORATED,-116.92343781,34.90515952