CASE_ID,ACCIDENT_YEAR,PROC_DATE,JURIS,COLLISION_DATE,COLLISION_TIME,OFFICER_ID,REPORTING_DISTRICT,DAY_OF_WEEK,CHP_SHIFT,POPULATION,CNTY_CITY_LOC,SPECIAL_COND,BEAT_TYPE,CHP_BEAT_TYPE,CITY_DIVISION_LAPD,CHP_BEAT_CLASS,BEAT_NUMBER,PRIMARY_RD,SECONDARY_RD,DISTANCE,DIRECTION,INTERSECTION,WEATHER_1,WEATHER_2,STATE_HWY_IND,CALTRANS_COUNTY,CALTRANS_DISTRICT,STATE_ROUTE,ROUTE_SUFFIX,POSTMILE_PREFIX,POSTMILE,LOCATION_TYPE,RAMP_INTERSECTION,SIDE_OF_HWY,TOW_AWAY,COLLISION_SEVERITY,NUMBER_KILLED,NUMBER_INJURED,PARTY_COUNT,PRIMARY_COLL_FACTOR,PCF_CODE_OF_VIOL,PCF_VIOL_CATEGORY,PCF_VIOLATION,PCF_VIOL_SUBSECTION,HIT_AND_RUN,TYPE_OF_COLLISION,MVIW,PED_ACTION,ROAD_SURFACE,ROAD_COND_1,ROAD_COND_2,LIGHTING,CONTROL_DEVICE,CHP_ROAD_TYPE,PEDESTRIAN_ACCIDENT,BICYCLE_ACCIDENT,MOTORCYCLE_ACCIDENT,TRUCK_ACCIDENT,NOT_PRIVATE_PROPERTY,ALCOHOL_INVOLVED,STWD_VEHTYPE_AT_FAULT,CHP_VEHTYPE_AT_FAULT,COUNT_SEVERE_INJ,COUNT_VISIBLE_INJ,COUNT_COMPLAINT_PAIN,COUNT_PED_KILLED,COUNT_PED_INJURED,COUNT_BICYCLIST_KILLED,COUNT_BICYCLIST_INJURED,COUNT_MC_KILLED,COUNT_MC_INJURED,PRIMARY_RAMP,SECONDARY_RAMP,LATITUDE,LONGITUDE,COUNTY,CITY,POINT_X,POINT_Y
90746937,2018,2018-06-13,9860,2018-06-05,2130,021620,NA,2,2,4,3603,0,1,1,NA,2,103,I-10 W/B,RANCHO AVE,1056,E,N,A,-,Y,NA,NA,10,NA,NA,NA,NA,NA,W,Y,3,0,1,1,A,-,01,23152,A,N,E,I,A,A,H,-,C,D,0,NA,NA,NA,NA,Y,Y,A,01,0,1,0,0,0,0,0,0,0,-,-,34.06673812866211,-117.3314208984375,SAN BERNARDINO,COLTON,-117.33142852783205,34.066688537597656
90750924,2018,2018-06-21,9870,2018-06-13,0910,013751,NA,3,1,9,3600,0,3,5,NA,2,003,ABERDEEN DRIVE,BORDER AVENUE,0,NA,Y,A,-,N,NA,NA,NA,NA,NA,NA,NA,NA,NA,Y,4,0,2,2,A,-,09,21802,A,N,D,C,A,A,H,-,A,A,0,NA,NA,NA,NA,Y,NA,A,01,0,0,2,0,0,0,0,0,0,-,-,34.193321228027344,-116.29946136474608,SAN BERNARDINO,UNINCORPORATED,-116.2993392944336,34.193328857421875
90751638,2018,2018-06-20,9850,2018-06-12,1659,021365,NA,2,2,9,3600,0,1,3,NA,2,052,SR-18,RIGGINS RD,0,NA,Y,A,-,Y,NA,NA,18,NA,NA,NA,NA,NA,NA,Y,3,0,2,2,A,-,09,21804,A,N,D,C,A,A,H,-,A,D,0,NA,NA,NA,NA,Y,NA,D,22,0,1,1,0,0,0,0,0,0,-,-,34.50634002685547,-117.56852722167967,SAN BERNARDINO,UNINCORPORATED,-117.56852722167967,34.50635528564453
90753973,2018,2018-06-22,9835,2018-03-19,0445,21160,NA,1,3,9,3600,0,1,3,NA,1,020,SR-127,IBEX SPRING RD,13147,S,N,A,-,Y,NA,NA,NA,NA,NA,NA,NA,NA,NA,Y,1,1,0,1,A,-,08,22107,NA,N,E,I,A,A,H,-,D,D,0,NA,NA,NA,NA,Y,NA,A,01,0,0,0,0,0,0,0,0,0,-,-,35.71860122680664,-116.23989868164063,SAN BERNARDINO,UNINCORPORATED,-116.31275939941406,35.738929748535156
90754271,2018,2018-06-25,9860,2018-06-21,1135,019269,NA,4,1,3,3615,0,1,1,NA,2,104,I-10 W/B,TIPPECANOE AVE,250,E,N,A,-,Y,NA,NA,10,NA,NA,NA,NA,NA,W,N,4,0,1,2,A,-,03,22350,NA,N,C,C,A,A,H,-,A,D,0,NA,NA,NA,NA,Y,NA,A,01,0,0,1,0,0,0,0,0,0,-,-,34.06480026245117,-117.2602310180664,SAN BERNARDINO,LOMA LINDA,-117.2602310180664,34.06480407714844
90754569,2018,2018-06-25,9834,2018-06-22,1535,016580,NA,5,2,9,3600,0,2,4,NA,1,031,NEEDLES HWY,NEVADA STATE LINE,1584,S,N,A,-,N,NA,NA,NA,NA,NA,NA,NA,NA,NA,Y,4,0,1,1,A,-,08,22107,NA,N,F,A,A,A,H,-,A,D,0,NA,NA,NA,NA,Y,NA,A,01,0,0,1,0,0,0,0,0,0,-,-,35.03657913208008,-114.68618774414063,SAN BERNARDINO,UNINCORPORATED,-114.68618774414063,35.03657913208008
90755528,2018,2018-06-26,9860,2018-06-14,0340,021392,NA,4,3,3,3615,0,1,1,NA,2,105,I-10 E/B,CALIFORNIA ST,1056,W,N,A,-,Y,NA,NA,10,NA,NA,NA,NA,NA,E,Y,3,0,3,2,A,-,03,22350,NA,N,C,C,A,A,H,-,D,D,0,NA,NA,NA,NA,Y,NA,A,01,0,2,1,0,0,0,0,0,0,-,-,34.06658172607422,-117.23523712158205,SAN BERNARDINO,LOMA LINDA,-117.23523712158205,34.06650924682617
90758245,2018,2018-06-28,9855,2018-06-26,1615,019303,NA,2,2,6,3616,0,1,1,NA,2,203,SR-210 E/B (FOOTHILL FWY),HAVEN AVE.,400,W,N,A,-,Y,NA,NA,210,NA,NA,NA,NA,NA,E,Y,4,0,2,4,A,-,03,22350,NA,N,C,C,A,A,H,-,A,D,0,NA,NA,NA,NA,Y,NA,A,01,0,0,2,0,0,0,0,0,0,-,-,34.13549041748047,-117.58235168457033,SAN BERNARDINO,RANCHO CUCAMONGA,-117.58235168457033,34.13557052612305
90779217,2018,2018-07-27,9855,2018-07-23,1627,016889,NA,1,2,6,3607,0,1,1,NA,2,103,I-10 W/B (SAN BERNARDINO FWY),ARCHIBALD AVE.,2800,E,N,A,-,Y,NA,NA,10,NA,NA,NA,NA,NA,W,N,4,0,1,4,A,-,03,22350,NA,N,C,C,A,A,H,-,A,D,0,NA,NA,NA,NA,Y,NA,A,01,0,0,1,0,0,0,0,0,0,-,-,34.067710876464844,-117.58368682861328,SAN BERNARDINO,ONTARIO,-117.58368682861328,34.06767654418945
90779287,2018,2018-07-27,9855,2018-07-17,1635,016889,NA,2,2,9,3600,0,3,5,NA,2,001,ETIWANDA AVE.,I-10 W/B (SBF) TO ETIWANDA AVE.,0,NA,Y,A,-,N,NA,NA,NA,NA,NA,NA,NA,NA,NA,Y,3,0,2,2,A,-,12,21453,A,N,D,C,A,A,H,-,A,A,0,NA,NA,NA,NA,Y,NA,A,07,0,2,0,0,0,0,0,0,0,-,-,34.06888961791992,-117.52406311035156,SAN BERNARDINO,UNINCORPORATED,-117.524103,34.068858
90780611,2018,2018-07-30,9860,2018-07-24,1445,020346,NA,2,2,9,3600,0,3,5,NA,2,003,ALABAMA ST,SAN BERNARDINO AVE,20,N,N,A,-,N,NA,NA,NA,NA,NA,NA,NA,NA,NA,N,4,0,2,2,A,-,03,22350,NA,N,C,C,A,A,H,-,A,A,0,NA,NA,NA,NA,Y,NA,A,01,0,0,2,0,0,0,0,0,0,-,-,34.07761001586914,-117.20880889892578,SAN BERNARDINO,UNINCORPORATED,-117.2087860107422,34.07757568359375
90780787,2018,2018-07-31,9860,2018-07-23,0155,021169,NA,1,3,6,3610,0,1,1,NA,2,214,I-215 N/B,INLAND CENTER DR,300,N,N,A,-,Y,NA,NA,215,NA,NA,NA,NA,NA,N,Y,3,0,2,1,A,-,08,22107,NA,N,E,I,A,A,H,-,D,D,0,NA,NA,NA,NA,Y,NA,A,01,0,2,0,0,0,0,0,0,0,-,-,34.08625030517578,-117.3015365600586,SAN BERNARDINO,SAN BERNARDINO,-117.30146026611328,34.08627700805664
90780867,2018,2018-07-31,9835,2018-07-21,0927,021176,NA,6,1,9,3600,0,1,1,NA,2,074,I-15 S/B,W. BAKER BLVD. O/C,2165,N,N,A,-,Y,NA,NA,15,NA,NA,NA,NA,NA,S,Y,4,0,2,2,A,-,07,21658,A,N,E,I,A,A,H,-,A,D,0,NA,NA,NA,Y,Y,NA,G,25,0,0,2,0,0,0,0,0,0,-,-,35.26094055175781,-116.07758331298828,SAN BERNARDINO,UNINCORPORATED,-116.07753753662108,35.260868072509766
90781864,2018,2018-08-01,9860,2018-07-17,1754,017949,NA,2,2,6,3610,0,1,1,NA,2,202,SR-210 E/B,STERLING AVE,898,W,N,A,-,Y,NA,NA,210,NA,NA,NA,NA,NA,E,Y,3,0,2,7,A,-,03,22350,NA,N,C,C,A,A,H,-,A,D,0,NA,NA,NA,NA,Y,NA,A,07,0,2,0,0,0,0,0,0,0,-,-,34.13985824584961,-117.24597930908205,SAN BERNARDINO,SAN BERNARDINO,-117.24600219726563,34.13981628417969
90783391,2018,2018-08-02,9855,2018-07-28,0850,018313,NA,6,1,6,3607,0,1,3,NA,2,601,SR-60 E/B (POMONA FWY),MILLIKEN AVE.,150,W,N,A,-,Y,NA,NA,60,NA,NA,NA,NA,NA,E,Y,4,0,1,2,A,-,03,22350,NA,N,C,C,A,A,H,-,A,D,0,NA,NA,NA,NA,Y,NA,E,22,0,0,1,0,0,0,0,0,0,-,-,34.02423095703125,-117.55977630615234,SAN BERNARDINO,ONTARIO,-117.55975341796876,34.02433395385742
90784365,2018,2018-08-06,9860,2018-07-29,0007,020572,NA,7,3,4,3603,0,1,1,NA,2,214,I-215 S/B,I-10,150,S,N,A,-,Y,NA,NA,215,NA,NA,NA,NA,NA,S,Y,4,0,1,2,A,-,01,23152,A,N,C,C,A,A,H,-,C,D,0,NA,NA,NA,NA,Y,Y,A,07,0,0,1,0,0,0,0,0,0,-,-,34.06201171875,-117.29702758789063,SAN BERNARDINO,COLTON,-117.29724884033205,34.06206512451172
90784676,2018,2018-08-06,9855,2018-07-22,2020,020564,NA,7,2,6,3616,0,1,1,NA,2,201,SR-210 E/B (FOOTHILL FWY),ETIWANDA AVE.,450,E,N,A,-,Y,NA,NA,210,NA,NA,NA,NA,NA,E,Y,3,0,1,1,A,-,08,22107,NA,N,E,I,A,A,H,-,D,D,0,NA,NA,NA,NA,Y,NA,A,01,0,1,0,0,0,0,0,0,0,-,-,34.13615036010742,-117.52188110351563,SAN BERNARDINO,RANCHO CUCAMONGA,-117.52188110351563,34.13621139526367
90785272,2018,2018-08-06,9860,2018-07-30,0900,016590,NA,1,1,4,3640,0,1,1,NA,2,106,I-10 W/B,COUNTY LINE RD.,671,W,N,B,-,Y,NA,NA,10,NA,NA,NA,NA,NA,W,Y,4,0,1,1,A,-,08,22107,NA,N,E,I,A,A,H,-,A,D,0,NA,NA,NA,NA,Y,NA,A,07,0,0,1,0,0,0,0,0,0,-,-,34.006290435791016,-117.0661163330078,SAN BERNARDINO,YUCAIPA,-117.06614685058594,34.00627517700195
90785760,2018,2018-08-07,9855,2018-07-26,0125,018335,NA,4,3,6,3607,0,1,3,NA,2,601,SR-60 E/B (POMONA FWY),VINEYARD AVE.,500,E,N,A,-,Y,NA,NA,60,NA,NA,NA,NA,NA,E,Y,3,0,1,3,A,-,08,22107,NA,N,B,C,E,A,H,-,C,D,0,Y,NA,NA,Y,Y,NA,G,25,0,1,0,0,1,0,0,0,0,-,-,34.030338287353516,-117.60865783691406,SAN BERNARDINO,ONTARIO,-117.6086654663086,34.030494689941406
90788223,2018,2018-08-10,9860,2018-08-03,1135,017919,NA,5,1,5,3608,0,1,1,NA,2,104,I-10 W/B,MTN VIEW AVE,285,E,N,A,-,Y,NA,NA,10,NA,NA,NA,NA,NA,W,Y,4,0,1,2,A,-,03,22350,NA,N,C,C,A,A,H,-,A,D,0,NA,NA,NA,NA,Y,NA,A,01,0,0,1,0,0,0,0,0,0,-,-,34.066749572753906,-117.24262237548828,SAN BERNARDINO,REDLANDS,-117.24262237548828,34.066734313964844
90788687,2018,2018-08-14,9860,2018-07-31,1035,019321,NA,2,1,9,3600,0,1,3,NA,1,380,BRYANT ST,SR-38,0,NA,Y,A,-,Y,NA,NA,NA,NA,NA,NA,NA,NA,NA,Y,2,0,1,1,A,-,03,22350,NA,N,E,I,A,A,H,-,A,D,0,NA,NA,NA,NA,Y,NA,D,22,1,0,0,0,0,0,0,0,0,-,-,34.078399658203125,-117.04881286621094,SAN BERNARDINO,UNINCORPORATED,-117.0487823486328,34.078330993652344
90789343,2018,2018-08-13,9855,2018-08-03,0945,018313,NA,5,1,6,3607,0,1,1,NA,2,101,I-10 W/B (SAN BERNARDINO FWY),MILLIKEN AVE.,250,W,N,A,-,Y,NA,NA,10,NA,NA,NA,NA,NA,W,Y,2,0,1,2,A,-,07,21658,A,F,B,C,A,A,H,-,A,D,0,NA,NA,Y,NA,Y,NA,-,99,1,0,0,0,0,0,0,0,1,-,-,34.06761932373047,-117.56128692626952,SAN BERNARDINO,ONTARIO,-117.56128692626952,34.067588806152344
90789843,2018,2018-08-13,9860,2018-08-06,2135,021620,NA,1,2,4,3603,0,1,1,NA,2,103,I-10 W/B TO I-215 S/B,COOLEY DR,1056,S,N,A,-,Y,NA,NA,NA,NA,NA,NA,NA,NA,NA,Y,4,0,1,2,A,-,08,22107,NA,N,B,C,A,A,H,-,C,D,0,NA,NA,NA,Y,Y,NA,D,22,0,0,1,0,0,0,0,0,0,-,-,34.05577850341797,-117.29894256591795,SAN BERNARDINO,COLTON,-117.2126235961914,34.11677169799805
90791095,2018,2018-08-15,9865,2018-08-04,1511,019929,NA,6,2,9,3600,0,3,5,NA,2,003,VILLA GROVE AVE,FENWAY DR.,528,E,N,A,-,N,NA,NA,NA,NA,NA,NA,NA,NA,NA,Y,3,0,1,1,A,-,03,22350,NA,N,F,A,A,A,H,-,A,D,0,NA,NA,Y,NA,Y,NA,C,02,0,1,0,0,0,0,0,0,1,-,-,34.24235153198242,-116.8591766357422,SAN BERNARDINO,UNINCORPORATED,-116.86177825927734,34.24186325073242
90792632,2018,2018-08-16,9860,2018-08-01,1755,017949,NA,3,2,6,3610,0,1,1,NA,2,202,SR-210 W/B,H STREET,380,E,N,A,-,Y,NA,NA,210,NA,NA,NA,NA,NA,W,Y,3,0,1,2,D,-,00,NA,NA,N,C,C,A,A,H,-,B,D,0,NA,NA,NA,NA,Y,NA,-,-,0,1,0,0,0,0,0,0,0,-,-,34.14582061767578,-117.29943084716795,SAN BERNARDINO,SAN BERNARDINO,-117.29943084716795,34.145782470703125
90793433,2018,2018-08-20,9860,2018-08-03,2050,021392,NA,5,2,9,3600,0,3,5,NA,2,004,SANTA ANA AVE,LINDEN AVE,0,NA,Y,A,-,N,NA,NA,NA,NA,NA,NA,NA,NA,NA,Y,4,0,1,2,A,-,12,22450,A,F,D,C,A,A,H,-,D,A,0,NA,NA,NA,NA,Y,NA,D,22,0,0,1,0,0,0,0,0,0,-,-,34.055931091308594,-117.40077972412108,SAN BERNARDINO,UNINCORPORATED,-117.4007568359375,34.055870056152344
9079365,2020,2020-06-26,3608,2020-02-23,2309,4358,NA,7,5,5,3608,0,0,0,NA,0,NA,ORANGE ST,PEARL AV,0,NA,Y,A,-,N,NA,NA,NA,NA,NA,NA,NA,NA,NA,Y,4,0,1,2,A,-,08,22107,NA,N,D,C,A,A,H,-,C,A,0,NA,NA,NA,NA,Y,NA,A,01,0,0,1,0,0,0,0,0,0,-,-,NA,NA,SAN BERNARDINO,REDLANDS,-117.18254852294922,34.06132888793945
90795996,2018,2018-10-29,9855,2018-08-05,1841,020659,NA,7,2,9,3600,0,3,5,NA,2,001,SAN BERNARDINO AVENUE,COMMERCE DR.,350,E,N,A,-,N,NA,NA,NA,NA,NA,NA,NA,NA,NA,Y,3,0,3,2,A,-,09,21801,A,N,D,C,A,A,H,-,A,D,0,NA,NA,NA,NA,Y,NA,D,22,0,1,2,0,0,0,0,0,0,-,-,34.077301025390625,-117.51406097412108,SAN BERNARDINO,UNINCORPORATED,-117.51425170898438,34.07720947265625
90797023,2018,2018-08-23,9860,2018-08-15,0825,012988,NA,3,1,4,3640,0,1,1,NA,2,106,I-10 EASTBOUND,LIVE OAK CANYON RD,1056,W,N,A,-,Y,NA,NA,10,NA,NA,NA,NA,NA,E,N,3,0,1,1,A,-,08,22107,NA,N,E,I,A,A,H,-,A,A,0,NA,NA,NA,NA,Y,NA,A,01,0,1,0,0,0,0,0,0,0,-,-,34.01799011230469,-117.09854888916016,SAN BERNARDINO,YUCAIPA,-117.09846496582033,34.01812744140625
90797725,2018,2018-08-27,9860,2018-08-17,0548,017018,NA,5,3,6,3610,0,1,1,NA,2,214,I-215 NORTHBOUND,AUTO CENTER RD,400,N,N,A,-,Y,NA,NA,215,NA,NA,NA,NA,NA,N,Y,3,0,2,2,A,-,08,22107,NA,N,B,C,A,A,H,-,B,D,0,NA,NA,NA,NA,Y,NA,A,07,0,2,0,0,0,0,0,0,0,-,-,34.07917022705078,-117.29683685302734,SAN BERNARDINO,SAN BERNARDINO,-117.29693603515624,34.07910919189453
90798222,2018,2018-08-27,9860,2018-08-17,0505,020856,NA,5,3,9,3600,0,3,5,NA,2,002,KENDALL DRIVE,LITTLE LEAGUE DRIVE,1170,N,N,A,-,N,NA,NA,NA,NA,NA,NA,NA,NA,NA,Y,3,0,1,1,A,-,08,22107,NA,N,F,A,A,A,H,-,D,D,0,NA,NA,NA,NA,Y,NA,A,01,0,1,0,0,0,0,0,0,0,-,-,34.19976043701172,-117.37581634521484,SAN BERNARDINO,UNINCORPORATED,-117.37572479248048,34.199737548828125
90798353,2018,2018-08-27,9860,2018-08-19,2050,021363,NA,7,2,9,3600,0,3,5,NA,2,002,3RD AVE,DUFFY ST,0,NA,Y,A,-,N,NA,NA,NA,NA,NA,NA,NA,NA,NA,Y,3,0,1,1,A,-,01,23152,A,N,E,I,A,A,H,-,D,A,0,NA,NA,NA,NA,Y,Y,A,01,0,1,0,0,0,0,0,0,0,-,-,34.165069580078125,-117.34398651123048,SAN BERNARDINO,UNINCORPORATED,-117.3441925048828,34.16511154174805
90800264,2018,2018-08-28,9835,2018-05-17,0328,19992,NA,4,3,9,3600,0,1,3,NA,1,013,SR-58,RT 395,17424,E,N,A,-,Y,NA,NA,58,NA,NA,NA,NA,NA,NA,Y,1,1,3,2,A,-,05,21651,A,N,A,C,A,A,H,-,D,D,0,NA,NA,NA,Y,Y,NA,G,25,1,2,0,0,0,0,0,0,0,-,-,34.98408889770508,-117.48545837402344,SAN BERNARDINO,UNINCORPORATED,-117.48548889160156,34.984039306640625
9080562,2020,2020-05-19,3600,2020-01-27,0849,G6207,VC016,1,5,5,3612,0,0,0,NA,0,VC1,ROY ROGERS DR,LA PAZ DR,0,NA,Y,A,-,N,NA,NA,NA,NA,NA,NA,NA,NA,NA,N,4,0,1,2,A,-,03,22350,NA,N,C,C,A,A,H,-,A,A,0,NA,NA,NA,NA,Y,NA,A,01,0,0,1,0,0,0,0,0,0,-,-,NA,NA,SAN BERNARDINO,VICTORVILLE,-117.3173370361328,34.51987075805664
9080647,2020,2020-05-22,3600,2020-02-07,1201,G6910,VC013,5,5,5,3612,0,0,0,NA,0,VC4,AMARGOSA RD,KING RANCH RD,280,S,N,A,-,N,NA,NA,NA,NA,NA,NA,NA,NA,NA,Y,4,0,2,2,A,-,09,21804,A,N,B,C,A,A,-,-,A,D,0,NA,NA,NA,NA,Y,NA,A,01,0,0,2,0,0,0,0,0,0,-,-,NA,NA,SAN BERNARDINO,VICTORVILLE,-117.33928680419922,34.47987747192383
90807497,2018,2018-09-06,9855,2018-08-30,1410,020151,NA,4,2,6,3604,0,1,1,NA,2,201,SR-210 E/B,CITRUS AVE.,45,W,N,A,-,Y,NA,NA,210,NA,NA,NA,NA,NA,E,Y,4,0,1,2,A,-,03,22350,NA,N,C,C,A,A,H,-,A,D,0,NA,NA,NA,NA,Y,NA,A,01,0,0,1,0,0,0,0,0,0,-,-,34.136470794677734,-117.45352935791016,SAN BERNARDINO,FONTANA,-117.45352935791016,34.13627624511719
90807947,2018,2018-09-07,9860,2018-08-29,0726,016800,NA,3,1,9,3600,0,3,5,NA,2,002,TIPPECANOE AVE,5TH ST,0,NA,Y,A,-,N,NA,NA,NA,NA,NA,NA,NA,NA,NA,Y,3,0,1,2,A,-,12,21453,A,F,D,C,A,A,H,-,A,A,0,NA,NA,NA,NA,Y,NA,A,07,0,1,0,0,0,0,0,0,0,-,-,34.10837173461914,-117.26107788085938,SAN BERNARDINO,UNINCORPORATED,-117.26101684570313,34.10832977294922
90809072,2018,2018-09-26,9860,2018-09-01,1550,021363,NA,6,2,4,3603,0,1,1,NA,2,103,I-10 E/B,LA CADENA DR,450,W,N,A,-,Y,NA,NA,10,NA,NA,NA,NA,NA,E,N,4,0,1,2,A,-,03,22350,NA,N,C,C,A,A,H,-,A,D,0,NA,NA,NA,NA,Y,NA,A,01,0,0,1,0,0,0,0,0,0,-,-,34.06605911254883,-117.32566833496094,SAN BERNARDINO,COLTON,-117.32566833496094,34.06611251831055
90809163,2018,2018-09-10,9855,2018-08-30,0906,017704,NA,4,1,6,3616,0,1,1,NA,2,201,SR-210 W/B (FOOTHILL FWY),EAST AVE.,2000,E,N,A,-,Y,NA,NA,210,NA,NA,NA,NA,NA,W,Y,3,0,4,4,A,-,03,22350,NA,N,C,C,A,A,H,-,A,D,0,NA,NA,NA,NA,Y,NA,A,01,0,1,3,0,0,0,0,0,0,-,-,34.13642883300781,-117.51024627685548,SAN BERNARDINO,RANCHO CUCAMONGA,-117.51024627685548,34.13646697998047
90810667,2018,2018-09-11,9865,2018-09-02,2138,021841,NA,7,2,9,3600,0,1,3,NA,1,030,SR-18,GLORY RIDGE RD,75,N,N,A,-,Y,NA,NA,18,NA,NA,NA,NA,NA,NA,Y,2,0,3,3,A,-,05,21460,A,N,A,C,A,A,H,-,D,D,0,NA,NA,NA,NA,Y,NA,D,22,2,1,0,0,0,0,0,0,0,-,-,34.247310638427734,-117.00163269042967,SAN BERNARDINO,UNINCORPORATED,-117.00163269042967,34.247344970703125
90761244,2018,2018-07-02,9855,2018-06-24,2005,020913,NA,7,2,6,3607,0,1,3,NA,2,601,SR-60 W/B (POMONA FWY),GROVE AVE.,1650,E,N,A,-,Y,NA,NA,60,NA,NA,NA,NA,NA,W,Y,3,0,4,3,A,-,07,21658,A,N,B,C,A,A,H,-,B,D,0,NA,NA,NA,NA,Y,NA,D,22,0,1,3,0,0,0,0,0,0,-,-,34.03059005737305,-117.62312316894533,SAN BERNARDINO,ONTARIO,-117.62312316894533,34.03059387207031
9077264,2020,2020-06-19,3600,2020-03-11,2008,G5366,VC017,3,5,5,3612,0,0,0,NA,0,VC2,7TH ST,VICTOR ST,21,S,N,A,-,N,NA,NA,NA,NA,NA,NA,NA,NA,NA,N,4,0,1,2,A,-,05,21650,NA,N,A,C,A,A,H,-,C,A,0,NA,NA,NA,NA,Y,NA,A,07,0,0,1,0,0,0,0,0,0,-,-,NA,NA,SAN BERNARDINO,VICTORVILLE,-117.30699157714844,34.5225830078125
90773120,2018,2018-07-20,9860,2018-07-13,0740,014963,NA,5,1,9,3600,0,3,5,NA,2,004,LINDEN AVE,HAWTHORN AVE,270,N,N,A,-,N,NA,NA,NA,NA,NA,NA,NA,NA,NA,Y,3,0,2,3,A,-,08,22107,NA,N,D,C,A,A,H,-,A,D,0,NA,NA,NA,NA,Y,NA,A,01,0,1,1,0,0,0,0,0,0,-,-,34.08218002319336,-117.4008331298828,SAN BERNARDINO,UNINCORPORATED,-117.4008331298828,34.08218002319336
9077453,2020,2020-10-09,3600,2020-03-07,1832,G8208,AP007,6,5,5,3621,0,0,0,NA,0,AP1,RT 18,FLATHEAD RD,0,NA,Y,A,-,Y,SBD,8,18,-,-,90.235,I,5,N,Y,4,0,2,2,A,-,09,21800,A,N,A,C,A,A,H,-,D,A,0,NA,NA,NA,NA,Y,Y,-,-,0,0,2,0,0,0,0,0,0,-,-,NA,NA,SAN BERNARDINO,APPLE VALLEY,-117.206787109375,34.51450729370117
90775692,2018,2018-07-24,9855,2018-07-16,0200,017313,NA,1,3,6,3607,0,1,3,NA,2,601,SR-60 E/B (POMONA FWY),GROVE AVE.,2112,E,N,A,-,Y,NA,NA,60,NA,NA,NA,NA,NA,E,Y,4,0,1,2,A,-,03,22350,NA,N,C,C,A,A,H,-,D,D,0,NA,NA,NA,NA,Y,NA,A,01,0,0,1,0,0,0,0,0,0,-,-,34.030521392822266,-117.62124633789063,SAN BERNARDINO,ONTARIO,-117.62124633789063,34.03041076660156
90776450,2018,2018-07-25,9850,2018-07-20,0150,021405,NA,5,3,5,3619,0,1,1,NA,2,082,I-15 N/B,MAIN ST,5350,N,N,A,-,Y,NA,NA,15,NA,NA,NA,NA,NA,N,Y,3,0,1,2,A,-,03,22350,NA,N,C,C,A,A,H,-,C,D,0,NA,NA,Y,NA,Y,NA,C,02,0,1,0,0,0,0,0,0,1,-,-,34.43928909301758,-117.37039184570313,SAN BERNARDINO,HESPERIA,-117.3704071044922,34.439308166503906
90776509,2018,2018-07-25,9850,2018-07-20,1928,021365,NA,5,2,9,3600,0,2,4,NA,2,056,JOHNSON RD,LUNA RD,0,NA,Y,A,-,N,NA,NA,NA,NA,NA,NA,NA,NA,NA,N,3,0,1,2,A,-,03,22350,NA,F,B,C,A,A,H,-,B,D,0,NA,NA,Y,NA,Y,NA,-,99,0,1,0,0,0,0,0,0,1,-,-,34.491798400878906,-117.55523681640624,SAN BERNARDINO,UNINCORPORATED,-117.55525970458984,34.491878509521484
90776521,2018,2018-07-25,9865,2018-07-24,1244,014729,NA,2,1,9,3600,0,1,3,NA,2,015,SR-189,BLUE JAY CUTOFF,130,E,N,A,-,Y,NA,NA,189,NA,NA,NA,NA,NA,NA,Y,3,0,1,1,A,-,08,22107,NA,N,E,I,A,A,H,-,A,D,0,NA,NA,NA,NA,Y,NA,A,07,0,1,0,0,0,0,0,0,0,-,-,34.240909576416016,-117.21546936035156,SAN BERNARDINO,UNINCORPORATED,-117.21549224853516,34.240928649902344
90761681,2018,2018-07-03,9855,2018-06-21,1030,013860,NA,4,1,6,3604,0,1,1,NA,2,201,SR-210 W/B (FOOTHILL FWY),EAST AVE.,2000,E,N,A,-,Y,NA,NA,NA,NA,NA,NA,NA,NA,NA,Y,3,0,1,2,A,-,03,22350,NA,N,C,C,A,A,H,-,A,D,0,NA,NA,NA,NA,Y,NA,A,07,0,1,0,0,0,0,0,0,0,-,-,34.13639831542969,-117.50769805908205,SAN BERNARDINO,FONTANA,-117.50788879394533,34.136474609375