CASE_ID,ACCIDENT_YEAR,PROC_DATE,JURIS,COLLISION_DATE,COLLISION_TIME,OFFICER_ID,REPORTING_DISTRICT,DAY_OF_WEEK,CHP_SHIFT,POPULATION,CNTY_CITY_LOC,SPECIAL_COND,BEAT_TYPE,CHP_BEAT_TYPE,CITY_DIVISION_LAPD,CHP_BEAT_CLASS,BEAT_NUMBER,PRIMARY_RD,SECONDARY_RD,DISTANCE,DIRECTION,INTERSECTION,WEATHER_1,WEATHER_2,STATE_HWY_IND,CALTRANS_COUNTY,CALTRANS_DISTRICT,STATE_ROUTE,ROUTE_SUFFIX,POSTMILE_PREFIX,POSTMILE,LOCATION_TYPE,RAMP_INTERSECTION,SIDE_OF_HWY,TOW_AWAY,COLLISION_SEVERITY,NUMBER_KILLED,NUMBER_INJURED,PARTY_COUNT,PRIMARY_COLL_FACTOR,PCF_CODE_OF_VIOL,PCF_VIOL_CATEGORY,PCF_VIOLATION,PCF_VIOL_SUBSECTION,HIT_AND_RUN,TYPE_OF_COLLISION,MVIW,PED_ACTION,ROAD_SURFACE,ROAD_COND_1,ROAD_COND_2,LIGHTING,CONTROL_DEVICE,CHP_ROAD_TYPE,PEDESTRIAN_ACCIDENT,BICYCLE_ACCIDENT,MOTORCYCLE_ACCIDENT,TRUCK_ACCIDENT,NOT_PRIVATE_PROPERTY,ALCOHOL_INVOLVED,STWD_VEHTYPE_AT_FAULT,CHP_VEHTYPE_AT_FAULT,COUNT_SEVERE_INJ,COUNT_VISIBLE_INJ,COUNT_COMPLAINT_PAIN,COUNT_PED_KILLED,COUNT_PED_INJURED,COUNT_BICYCLIST_KILLED,COUNT_BICYCLIST_INJURED,COUNT_MC_KILLED,COUNT_MC_INJURED,PRIMARY_RAMP,SECONDARY_RAMP,LATITUDE,LONGITUDE,COUNTY,CITY,POINT_X,POINT_Y
90882001,2018,2018-12-13,9855,2018-12-03,1540,017506,NA,1,2,6,3604,0,1,1,NA,2,201,SR-210 W/B (FOOTHILL FWY),CITRUS AVE.,1000,W,N,A,-,Y,NA,NA,210,NA,NA,NA,NA,NA,W,Y,3,0,1,2,A,-,08,22107,NA,N,E,I,A,A,H,-,A,D,0,NA,NA,NA,Y,Y,NA,A,01,0,1,0,0,0,0,0,0,0,-,-,34.13676834106445,-117.46663665771484,SAN BERNARDINO,FONTANA,-117.46663665771484,34.13673400878906
90882744,2018,2018-12-13,9860,2018-12-07,1600,020426,NA,5,2,9,3600,0,3,5,NA,2,002,TIPPECANOE AVENUE,6TH STREET,0,NA,Y,A,-,N,NA,NA,NA,NA,NA,NA,NA,NA,NA,Y,4,0,1,2,A,-,17,21451,A,N,D,C,A,A,H,-,A,D,0,NA,NA,NA,NA,Y,NA,A,01,0,0,1,0,0,0,0,0,0,-,-,34.11021041870117,-117.26106262207033,SAN BERNARDINO,UNINCORPORATED,-117.26101684570313,34.110191345214844
90883732,2018,2018-12-17,9860,2018-12-05,1355,020282,NA,3,1,4,3640,0,1,1,NA,2,106,I-10 E/B,WABASH AVE,3696,E,N,A,-,Y,NA,NA,10,NA,NA,NA,NA,NA,E,Y,4,0,1,2,A,-,08,22107,NA,N,B,E,A,A,H,-,A,D,0,NA,NA,NA,NA,Y,NA,D,22,0,0,1,0,0,0,0,0,0,-,-,34.0283203125,-117.12803649902344,SAN BERNARDINO,YUCAIPA,-117.12798309326172,34.02845764160156
90883839,2018,2018-12-17,9860,2018-12-12,1440,020051,NA,3,2,6,3610,0,1,1,NA,2,202,SR-210 E/B,DEL ROSA AVE,3168,W,N,A,-,Y,NA,NA,210,NA,NA,NA,NA,NA,E,Y,4,0,1,5,A,-,03,22350,NA,N,C,C,A,A,H,-,A,D,0,NA,NA,NA,NA,Y,NA,A,08,0,0,1,0,0,0,0,0,0,-,-,34.14408874511719,-117.26331329345705,SAN BERNARDINO,SAN BERNARDINO,-117.26331329345705,34.14406204223633
90884643,2018,2018-12-17,9855,2018-12-06,1803,018727,NA,4,2,6,3607,0,1,1,NA,2,103,I-10 E/B (SAN BERNARDINO FWY),MOUNTAIN AVE.,580,W,N,C,-,Y,NA,NA,10,NA,NA,NA,NA,NA,E,Y,3,0,4,2,A,-,07,21658,A,N,C,C,A,B,H,-,C,D,0,NA,NA,NA,NA,Y,NA,A,01,0,1,3,0,0,0,0,0,0,-,-,34.08720016479492,-117.67446136474608,SAN BERNARDINO,ONTARIO,-117.67446136474608,34.087162017822266
90884901,2018,2018-12-18,9860,2018-12-06,0610,014963,NA,4,1,9,3600,0,3,5,NA,2,004,LOCUST AVE,7TH ST,58,N,N,B,C,Y,NA,NA,NA,NA,NA,NA,NA,NA,NA,Y,3,0,1,1,A,-,08,22107,NA,N,E,I,A,B,H,-,B,D,0,NA,NA,NA,NA,Y,NA,A,07,0,1,0,0,0,0,0,0,0,-,-,34.040771484375,-117.4093780517578,SAN BERNARDINO,UNINCORPORATED,-117.40947723388672,34.04073715209961
90885480,2018,2018-12-18,9855,2018-12-08,1730,020002,NA,6,2,6,3607,0,1,1,NA,2,152,I-15 N/B (ONTARIO FWY),I-10,300,S,N,A,-,Y,NA,NA,15,NA,NA,NA,NA,NA,N,N,4,0,2,2,A,-,03,22350,NA,N,C,C,A,A,H,-,C,D,0,NA,NA,NA,NA,Y,NA,A,08,0,0,2,0,0,0,0,0,0,-,-,34.06494140625,-117.54486083984376,SAN BERNARDINO,ONTARIO,-117.54473876953124,34.064937591552734
90885941,2018,2018-12-19,9855,2018-12-09,0320,020564,NA,7,3,5,3630,0,1,3,NA,2,071,SR-71 S/B (CHINO FWY),PINE AVE.,2150,N,N,A,-,Y,NA,NA,71,NA,NA,NA,NA,NA,S,Y,2,0,1,2,A,-,08,22107,NA,N,C,E,A,A,H,-,C,D,0,NA,NA,NA,NA,Y,NA,A,01,1,0,0,0,0,0,0,0,0,-,-,33.95335006713867,-117.67849731445313,SAN BERNARDINO,CHINO HILLS,-117.67845916748048,33.9533805847168
90886033,2018,2018-12-19,9855,2018-12-08,0508,016215,NA,6,3,5,3602,0,1,3,NA,2,603,SR-60 E/B (POMONA FWY),RAMONA AVE.,1320,W,N,A,-,Y,NA,NA,60,NA,NA,NA,NA,NA,E,N,4,0,1,2,A,-,01,23152,A,M,B,C,A,A,H,-,C,D,0,NA,NA,NA,Y,Y,Y,D,22,0,0,1,0,0,0,0,0,0,-,-,34.02989959716797,-117.7113037109375,SAN BERNARDINO,CHINO,-117.7113037109375,34.02997589111328
90887249,2018,2018-12-20,9860,2018-12-12,1130,016590,NA,3,1,6,3610,0,1,1,NA,2,103,I-10 W/B,WATERMAN AVE.,600,W,N,A,-,Y,NA,NA,10,NA,NA,NA,NA,NA,W,N,4,0,1,3,A,-,03,22350,NA,N,C,C,A,A,H,-,A,D,0,NA,NA,NA,NA,Y,NA,A,01,0,0,1,0,0,0,0,0,0,-,-,34.06398010253906,-117.28526306152344,SAN BERNARDINO,SAN BERNARDINO,-117.28525543212892,34.063907623291016
90887372,2018,2018-12-20,9860,2018-12-12,1255,016800,NA,3,1,4,3603,0,1,1,NA,2,214,I-215 S/B,WASHINGTON ST,450,N,N,A,-,Y,NA,NA,215,NA,NA,NA,NA,NA,S,Y,3,0,1,2,A,-,03,22350,NA,N,C,C,A,A,H,-,E,D,0,NA,NA,NA,NA,Y,NA,A,01,0,1,0,0,0,0,0,0,0,-,-,34.04853057861328,-117.30651092529295,SAN BERNARDINO,COLTON,-117.30648040771484,34.048492431640625
9088780,2020,2020-06-08,3600,2020-02-28,1118,F7786,RC047,5,5,6,3616,0,0,0,NA,0,001,CARNELIAN ST,BASELINE RD,500,N,N,A,-,N,NA,NA,NA,NA,NA,NA,NA,NA,NA,N,4,0,1,2,A,-,08,22100,B,N,D,C,A,A,H,-,A,D,0,NA,NA,NA,NA,Y,NA,A,01,0,0,1,0,0,0,0,0,0,-,-,NA,NA,SAN BERNARDINO,RANCHO CUCAMONGA,-117.61612701416016,34.122920989990234
90889914,2018,2018-12-26,9855,2018-12-07,1612,018727,NA,5,2,6,3607,0,1,1,NA,2,103,I-10 E/B (SAN BERNARDINO FWY),FOURTH ST.,3399,E,N,A,-,Y,NA,NA,10,NA,NA,NA,NA,NA,E,Y,2,0,1,3,A,-,07,21658,A,N,B,C,A,A,H,-,B,D,0,NA,NA,Y,NA,Y,NA,A,01,1,0,0,0,0,0,0,0,1,-,-,34.07448959350586,-117.61802673339844,SAN BERNARDINO,ONTARIO,-117.61804962158205,34.074459075927734
90890071,2018,2018-12-26,9865,2018-12-16,1305,018392,NA,7,1,9,3600,0,3,5,NA,2,001,SCHOOL RD,OAK LN,140,W,N,A,-,N,NA,NA,NA,NA,NA,NA,NA,NA,NA,Y,2,0,2,1,A,-,03,22350,NA,N,E,I,A,A,H,-,A,D,0,NA,NA,NA,NA,Y,NA,A,07,1,1,0,0,0,0,0,0,0,-,-,34.23368835449219,-117.20453643798828,SAN BERNARDINO,UNINCORPORATED,-117.20458221435548,34.233619689941406
90890223,2018,2018-12-26,9835,2018-12-21,0650,014807,NA,5,1,9,3600,0,1,A,NA,2,777,I-15 S/B,YATES WELL RD,7181,S,N,B,-,Y,NA,NA,15,NA,NA,NA,NA,NA,S,N,4,0,1,2,A,-,03,22350,NA,N,C,C,A,B,H,-,B,D,0,NA,NA,NA,Y,Y,NA,G,25,0,0,1,0,0,0,0,0,0,-,-,35.51631164550781,-115.43135833740234,SAN BERNARDINO,UNINCORPORATED,-115.43058013916016,35.51597595214844
90890655,2018,2018-12-26,9860,2018-11-09,1445,021392,NA,5,2,9,3600,0,3,5,NA,2,002,MARSHALL BOULEVARD,STERLING AVENUE,11,E,N,A,-,N,NA,NA,NA,NA,NA,NA,NA,NA,NA,Y,1,1,0,1,A,-,03,22350,NA,N,F,A,A,A,H,-,A,A,0,NA,NA,Y,NA,Y,NA,C,02,0,0,0,0,0,0,0,1,0,-,-,34.14950180053711,-117.24356079101563,SAN BERNARDINO,UNINCORPORATED,-117.2436752319336,34.14944076538086
90891518,2018,2018-12-27,9870,2018-12-22,2320,019593,NA,6,3,9,3600,0,1,3,NA,1,031,STATE ROUTE 62 (TWENTYNINE PALMS HWY),BORDER AVENUE,574,W,N,A,-,Y,NA,NA,62,NA,NA,NA,NA,NA,NA,Y,3,0,4,3,A,-,01,23152,A,N,C,C,A,A,H,-,D,D,0,NA,NA,NA,NA,Y,Y,A,01,0,3,1,0,0,0,0,0,0,-,-,34.13494873046875,-116.30265808105467,SAN BERNARDINO,UNINCORPORATED,-116.30265808105467,34.135032653808594
90891715,2018,2018-12-27,9860,2018-12-15,0330,019466,NA,6,3,9,3600,0,1,1,NA,2,151,I-15 N/B,OAKIE FLAT RD,2112,S,N,A,-,Y,NA,NA,15,NA,NA,NA,NA,NA,N,Y,3,0,1,2,A,-,03,22350,NA,N,C,C,A,A,H,-,D,D,0,NA,NA,NA,Y,Y,NA,A,01,0,1,0,0,0,0,0,0,0,-,-,34.27313995361328,-117.44912719726563,SAN BERNARDINO,UNINCORPORATED,-117.44940185546876,34.27314758300781
90894073,2018,2018-12-31,9860,2018-12-25,0145,021030,NA,2,3,9,3600,0,1,1,NA,2,216,I-215 S/B,DEVORE RD.,1200,N,N,C,-,Y,NA,NA,215,NA,NA,NA,NA,NA,S,Y,4,0,1,2,A,-,03,22350,NA,M,C,C,A,B,H,-,C,D,0,NA,NA,NA,NA,Y,NA,D,22,0,0,1,0,0,0,0,0,0,-,-,34.22357177734375,-117.40638732910156,SAN BERNARDINO,UNINCORPORATED,-117.4063720703125,34.2236213684082
90896521,2018,2019-02-07,9860,2018-12-25,0255,020766,NA,2,3,6,3610,0,1,1,NA,2,104,I-10 W/B FROM WATERMAN AVE,WATERMAN AVE,374,E,N,B,C,Y,NA,NA,10,NA,NA,NA,R,NA,W,Y,3,0,2,1,A,-,03,22350,NA,N,E,I,A,B,H,-,C,D,0,NA,NA,NA,NA,Y,NA,A,07,0,2,0,0,0,0,0,0,0,-,-,34.06454086303711,-117.27735137939452,SAN BERNARDINO,SAN BERNARDINO,-117.27735137939452,34.06454086303711
90897101,2018,2019-01-03,9860,2018-12-25,0655,014777,NA,2,1,9,3600,0,1,1,NA,2,152,I-15 N/B,OAK HILL ROAD,7392,S,N,B,C,Y,NA,NA,15,NA,NA,NA,NA,NA,N,Y,4,0,1,1,A,-,08,22107,NA,N,F,A,A,B,H,-,B,D,0,NA,NA,NA,NA,Y,NA,J,48,0,0,1,0,0,0,0,0,0,-,-,34.34537887573242,-117.44539642333984,SAN BERNARDINO,UNINCORPORATED,-117.4453353881836,34.3452262878418
90897281,2018,2019-01-03,9835,2018-12-30,2050,021824,NA,7,2,9,3600,0,1,1,NA,2,077,I-15 N/B,YATES WELL RD,7445,N,N,A,-,Y,NA,NA,15,NA,NA,NA,NA,NA,N,Y,4,0,1,4,A,-,03,22350,NA,N,C,C,A,A,H,-,D,D,0,NA,NA,NA,NA,Y,NA,A,01,0,0,1,0,0,0,0,0,0,-,-,35.55830001831055,-115.41210174560548,SAN BERNARDINO,UNINCORPORATED,-115.41202545166016,35.558265686035156
90899478,2019,2019-01-08,9860,2019-01-03,1500,020654,NA,4,2,4,3640,0,1,1,NA,2,106,I-10 W/B,COUNTY LINE RD,5280,W,N,A,-,Y,NA,NA,10,NA,NA,NA,NA,NA,W,Y,4,0,3,2,A,-,08,22107,NA,N,D,C,A,A,H,-,A,D,0,NA,NA,NA,NA,Y,NA,A,07,0,0,3,0,0,0,0,0,0,-,-,34.012939453125,-117.07586669921876,SAN BERNARDINO,YUCAIPA,-117.07585144042967,34.01302719116211
90899800,2018,2019-01-08,9855,2018-12-31,1740,020151,NA,1,2,6,3607,0,1,1,NA,2,152,I-15 S/B (ONTARIO FWY),JURUPA ST.,2500,N,N,A,-,Y,NA,NA,15,NA,NA,NA,NA,NA,S,Y,4,0,2,3,A,-,03,22350,NA,N,C,C,A,A,H,-,C,D,0,NA,NA,NA,NA,Y,NA,A,01,0,0,2,0,0,0,0,0,0,-,-,34.05472183227539,-117.54736328125,SAN BERNARDINO,ONTARIO,-117.5473175048828,34.0546989440918
90899896,2018,2019-01-08,9865,2018-12-14,2330,020717,NA,5,3,9,3600,0,3,5,NA,2,001,BIRCHWOOD DRIVE,PINEWOOD DRIVE,309,S,N,A,-,N,NA,NA,NA,NA,NA,NA,NA,NA,NA,Y,2,0,2,1,A,-,01,23152,A,F,E,I,A,A,H,-,D,D,0,NA,NA,NA,NA,Y,Y,A,01,1,0,1,0,0,0,0,0,0,-,-,34.253238677978516,-117.2043914794922,SAN BERNARDINO,UNINCORPORATED,-117.20433044433594,34.25314712524414
90900295,2019,2019-01-08,9855,2019-01-04,1706,017597,NA,5,2,5,3611,0,1,1,NA,2,203,SR-210 E/B (FOOTHILL FWY),MOUNTAIN AVE,500,E,N,A,-,Y,NA,NA,NA,NA,NA,NA,NA,NA,NA,N,4,0,1,2,A,-,03,22350,NA,N,C,C,A,A,H,-,B,D,0,NA,NA,NA,NA,Y,NA,A,01,0,0,1,0,0,0,0,0,0,-,-,34.1345100402832,-118.66301727294922,SAN BERNARDINO,UPLAND,-117.66879272460938,34.13451385498047
90900448,2019,2019-01-09,9855,2019-01-01,0557,014637,NA,2,3,6,3604,0,1,1,NA,2,153,I-15 S/B (ONTARIO FWY),DUNCAN CANYON RD.,2000,N,N,G,-,Y,NA,NA,15,NA,NA,NA,NA,NA,S,Y,4,0,1,1,C,-,18,NA,NA,N,F,A,A,A,H,-,C,D,0,NA,NA,NA,Y,Y,NA,-,-,0,0,1,0,0,0,0,0,0,-,-,34.1682014465332,-117.45771026611328,SAN BERNARDINO,FONTANA,-117.45774841308594,34.168243408203125
9090119,2020,2020-06-05,3600,2020-02-27,1503,F7786,RC002,4,5,6,3616,0,0,0,NA,0,006,ETIWANDA AV,ARROW RTE,886,N,N,A,-,N,NA,NA,NA,NA,NA,NA,NA,NA,NA,Y,4,0,1,2,A,-,09,21801,A,N,D,C,A,A,H,-,A,D,0,NA,NA,NA,NA,Y,NA,A,01,0,0,1,0,0,0,0,0,0,-,-,NA,NA,SAN BERNARDINO,RANCHO CUCAMONGA,-117.52375030517578,34.101436614990234
90901435,2018,2019-01-10,9865,2018-12-31,1200,018392,NA,1,1,9,3600,0,1,3,NA,1,010,SR-18 NORTHBOUND,MORMON RD,528,S,N,A,-,Y,NA,NA,18,NA,NA,NA,NA,NA,N,N,4,0,1,1,C,-,18,NA,NA,N,E,I,A,A,H,-,A,D,0,NA,NA,NA,NA,Y,NA,-,-,0,0,1,0,0,0,0,0,0,-,-,34.2305908203125,-117.29653167724608,SAN BERNARDINO,UNINCORPORATED,-117.29653930664063,34.230594635009766
90902545,2019,2019-01-11,9860,2019-01-10,0545,016575,NA,4,3,9,3600,0,1,1,NA,2,102,I-10 W/B,CEDAR AVE,3880,E,N,A,-,Y,NA,NA,10,NA,NA,NA,NA,NA,W,Y,4,0,2,2,A,-,08,22107,NA,N,B,C,A,A,H,-,C,D,0,NA,NA,NA,NA,Y,NA,A,01,0,0,2,0,0,0,0,0,0,-,-,34.068450927734375,-117.38300323486328,SAN BERNARDINO,UNINCORPORATED,-117.38300323486328,34.06850051879883
90902710,2019,2019-01-11,9860,2019-01-06,1430,020426,NA,7,2,4,3603,0,1,1,NA,2,103,I-10 EB TO 9TH STREET,LA CADENA DR,300,W,N,A,-,Y,NA,NA,10,NA,NA,NA,R,NA,E,Y,4,0,2,1,A,-,08,22107,NA,N,E,I,A,A,H,-,A,D,0,NA,NA,NA,NA,Y,NA,A,01,0,0,2,0,0,0,0,0,0,-,-,34.06584930419922,-117.325439453125,SAN BERNARDINO,COLTON,-117.325439453125,34.06584930419922
9090384,2020,2020-09-18,3600,2020-03-08,1948,G5396,HE134,7,5,5,3619,0,0,0,NA,0,HE3,RT 395,YUCCA TERRACE DR,0,NA,Y,A,-,Y,SBD,8,395,-,-,6.12,H,-,S,Y,3,0,1,2,A,-,09,21802,A,N,D,C,A,A,H,-,D,D,0,NA,NA,NA,NA,Y,NA,-,NA,0,1,0,0,0,0,0,0,0,-,-,NA,NA,SAN BERNARDINO,HESPERIA,-117.39955139160156,34.43391418457031
90905174,2019,2019-01-15,9835,2019-01-06,0840,020883,NA,7,1,9,3600,0,3,5,NA,2,039,NIPTON RD,I-15 NB FROM NIPTON RD,0,NA,Y,B,-,Y,NA,NA,NA,NA,NA,NA,NA,NA,NA,Y,3,0,1,1,A,-,03,22350,NA,N,F,A,A,A,H,-,A,D,0,NA,NA,NA,NA,Y,NA,A,07,0,1,0,0,0,0,0,0,0,-,-,35.47246170043945,-115.44741058349608,SAN BERNARDINO,UNINCORPORATED,NA,NA
90906556,2019,2019-01-17,9860,2019-01-15,1640,016651,NA,2,2,9,3600,0,1,1,NA,2,151,I-15 N/B,GLEN HELEN PKY,3432,S,N,C,-,Y,NA,NA,15,NA,NA,NA,NA,NA,N,Y,4,0,1,1,A,-,03,22350,NA,N,F,A,A,B,H,-,A,D,0,NA,NA,NA,NA,Y,NA,A,01,0,0,1,0,0,0,0,0,0,-,-,34.19388961791992,-117.4208526611328,SAN BERNARDINO,UNINCORPORATED,-117.42076110839844,34.19379806518555
9090704,2020,2020-07-01,3600,2020-03-02,1829,A9947,RC002,1,5,6,3616,0,0,0,NA,0,RC6,FOOTHILL BL,PROMENADE PL,0,NA,Y,A,-,N,NA,NA,NA,NA,NA,NA,NA,NA,NA,Y,2,0,1,2,A,-,03,22350,NA,N,B,C,A,A,H,-,C,A,0,NA,NA,Y,NA,Y,NA,C,02,1,0,0,0,0,0,0,0,1,-,-,NA,NA,SAN BERNARDINO,RANCHO CUCAMONGA,NA,NA
90907787,2019,2019-01-21,9860,2019-01-14,0823,019269,NA,1,1,4,3603,0,1,1,NA,2,214,I-215 S/B,UNION PACIFIC RAILROAD,315,N,N,B,-,Y,NA,NA,215,NA,NA,NA,NA,NA,S,Y,4,0,1,2,D,-,00,NA,NA,N,B,C,A,A,H,-,A,D,0,NA,NA,NA,Y,Y,NA,-,-,0,0,1,0,0,0,0,0,0,-,-,34.02743148803711,-117.33242034912108,SAN BERNARDINO,COLTON,-117.3323974609375,34.02740478515625
90909332,2019,2019-01-23,9835,2019-01-15,1240,015842,NA,2,1,9,3600,0,1,1,NA,2,077,I-15 N/B,BAILEY RD,2693,N,N,B,C,Y,NA,NA,15,NA,NA,NA,NA,NA,N,Y,3,0,1,1,A,-,03,22350,NA,N,F,A,A,B,H,-,A,D,0,NA,NA,NA,NA,Y,NA,A,01,0,1,0,0,0,0,0,0,0,-,-,35.468101501464844,-115.5128173828125,SAN BERNARDINO,UNINCORPORATED,-115.51284027099608,35.46819305419922
90910408,2019,2019-01-24,9860,2019-01-14,2046,021502,NA,1,2,9,3600,0,1,1,NA,2,151,I-15 N/B,GLEN HELEN PARKWAY,3730,S,N,B,C,Y,NA,NA,15,NA,NA,NA,NA,NA,N,Y,4,0,1,1,A,-,03,22350,NA,N,E,I,A,B,H,-,D,D,0,NA,NA,NA,NA,Y,NA,A,01,0,0,1,0,0,0,0,0,0,-,-,34.193519592285156,-117.42130279541016,SAN BERNARDINO,UNINCORPORATED,-117.4211883544922,34.193389892578125
90910484,2019,2019-01-24,9865,2019-01-15,1635,014696,NA,2,2,9,3600,0,1,3,NA,1,030,SR-18,FOREST SERVICE ROAD 2N15,4224,S,N,D,-,Y,NA,NA,18,NA,NA,NA,NA,NA,NA,Y,4,0,2,2,A,-,03,22350,NA,N,A,C,A,C,H,-,D,A,0,NA,NA,NA,NA,Y,NA,A,01,0,0,2,0,0,0,0,0,0,-,-,34.25075149536133,-117.01325988769533,SAN BERNARDINO,UNINCORPORATED,-117.01326751708984,34.25075912475586
90911294,2019,2019-01-24,9865,2019-01-19,1735,020388,NA,6,2,9,3600,0,1,3,NA,1,030,SR-18,GLORY RIDGE RD,4752,S,N,A,-,Y,NA,NA,18,NA,NA,NA,NA,NA,NA,Y,4,0,1,2,C,-,18,NA,NA,N,C,C,A,A,H,-,D,D,0,NA,NA,NA,NA,Y,Y,-,-,0,0,1,0,0,0,0,0,0,-,-,34.25008010864258,-117.01490783691406,SAN BERNARDINO,UNINCORPORATED,-117.01438903808594,34.24983596801758
90911301,2019,2019-01-24,9860,2019-01-17,0610,019269,NA,4,1,9,3600,0,1,1,NA,2,151,I-15 N/B,MATHEWS RANCH RD,1056,N,N,B,C,Y,NA,NA,15,NA,NA,NA,NA,NA,N,Y,4,0,2,2,A,-,03,22350,NA,N,E,I,A,B,H,-,D,D,0,NA,NA,NA,NA,Y,NA,D,22,0,0,2,0,0,0,0,0,0,-,-,34.24943161010742,-117.44181060791016,SAN BERNARDINO,UNINCORPORATED,-117.4417724609375,34.24951171875
90912917,2019,2019-01-25,9860,2019-01-16,0156,020766,NA,3,3,9,3600,0,1,1,NA,2,152,I-15 N/B,CLEGHORN RD,1584,N,N,B,C,Y,NA,NA,15,NA,NA,NA,NA,NA,N,N,2,0,1,2,A,-,08,22107,NA,N,B,C,A,B,H,-,D,D,0,NA,NA,NA,Y,Y,NA,A,01,1,0,0,0,0,0,0,0,0,-,-,34.30228042602539,-117.46022033691406,SAN BERNARDINO,UNINCORPORATED,-117.4601821899414,34.30231857299805
90913139,2019,2019-01-28,9860,2019-01-16,1620,016646,NA,3,2,4,3603,0,1,1,NA,2,214,I-215 S/B,SANTA FE RR O/C,1056,N,N,A,-,Y,NA,NA,215,NA,NA,NA,NA,NA,S,N,4,0,1,2,A,-,03,22350,NA,N,C,C,A,A,D,E,A,D,0,NA,NA,NA,NA,Y,NA,A,01,0,0,1,0,0,0,0,0,0,-,-,34.02671813964844,-117.33313751220705,SAN BERNARDINO,COLTON,-117.33309936523438,34.026676177978516
90913441,2019,2019-01-28,9855,2019-01-16,2215,020690,NA,3,3,5,3611,0,1,1,NA,2,203,SR-210 W/B (FOOTHILL FWY),MOUNTAIN AVE.,950,W,N,B,-,Y,NA,NA,210,NA,NA,NA,NA,NA,W,Y,4,0,1,1,A,-,08,22107,NA,N,E,I,A,B,H,-,D,D,0,NA,NA,NA,NA,Y,NA,A,01,0,0,1,0,0,0,0,0,0,-,-,34.13494873046875,-117.67372894287108,SAN BERNARDINO,UPLAND,-117.67369842529295,34.134700775146484
90915102,2019,2019-01-29,9855,2019-01-18,1718,017506,NA,5,2,6,3604,0,1,1,NA,2,201,SR-210 E/B (FOOTHILL FWY),BEECH AVE.,1000,W,N,A,-,Y,NA,NA,210,NA,NA,NA,NA,NA,E,Y,3,0,1,2,A,-,07,21658,A,N,B,C,A,A,H,-,C,D,0,NA,NA,Y,NA,Y,NA,A,01,0,1,0,0,0,0,0,0,1,-,-,34.13642120361328,-117.47590637207033,SAN BERNARDINO,FONTANA,-117.47591400146484,34.136260986328125
90915198,2019,2019-01-30,9835,2019-01-21,1245,020053,NA,1,1,9,3600,0,1,3,NA,1,013,SR-58 W/B,US-395,32736,E,N,A,G,Y,NA,NA,58,NA,NA,NA,NA,NA,W,Y,2,0,2,3,A,-,05,21460,A,N,B,C,A,A,H,-,A,D,0,NA,NA,NA,Y,Y,NA,G,25,2,0,0,0,0,0,0,0,0,-,-,34.96192932128906,-117.4422607421875,SAN BERNARDINO,UNINCORPORATED,-117.4422607421875,34.96192932128906
90915959,2019,2019-01-30,9855,2019-01-15,2220,016215,NA,2,3,6,3607,0,1,1,NA,2,152,I-15 S/B (ONTARIO FWY),JURUPA ST.,5070,N,N,B,C,Y,NA,NA,15,NA,NA,NA,NA,NA,S,Y,4,0,1,1,A,-,03,22350,NA,N,E,I,A,B,H,-,C,D,0,NA,NA,NA,NA,Y,NA,A,01,0,0,1,0,0,0,0,0,0,-,-,34.061500549316406,-117.5451889038086,SAN BERNARDINO,ONTARIO,-117.54515075683594,34.06148910522461
90916765,2019,2019-01-31,9855,2019-01-19,2000,019947,NA,6,2,5,3602,0,1,3,NA,2,071,SR-71 NB TO CHINO AVENUE,CHINO AVE.,600,S,N,A,-,Y,NA,NA,71,NA,NA,NA,R,NA,N,Y,3,0,3,2,A,-,03,22350,NA,N,C,C,A,A,H,-,B,D,0,NA,NA,NA,NA,Y,NA,A,01,0,1,2,0,0,0,0,0,0,-,-,34.011329650878906,-117.73014831542967,SAN BERNARDINO,CHINO,-117.73014831542967,34.011329650878906
90917033,2019,2019-12-04,9860,2019-01-22,0347,021675,NA,2,3,9,3600,0,1,1,NA,2,151,I-15 N/B,DEBRIS CONE CREEK,130,S,N,A,-,Y,NA,NA,15,NA,NA,NA,NA,NA,N,Y,2,0,1,1,A,-,08,22107,NA,N,E,I,A,A,H,-,D,D,0,NA,NA,NA,NA,Y,NA,D,22,1,0,0,0,0,0,0,0,0,-,-,34.28926086425781,-117.4513702392578,SAN BERNARDINO,UNINCORPORATED,-117.45153045654295,34.28923797607422