CASE_ID,ACCIDENT_YEAR,PROC_DATE,JURIS,COLLISION_DATE,COLLISION_TIME,OFFICER_ID,REPORTING_DISTRICT,DAY_OF_WEEK,CHP_SHIFT,POPULATION,CNTY_CITY_LOC,SPECIAL_COND,BEAT_TYPE,CHP_BEAT_TYPE,CITY_DIVISION_LAPD,CHP_BEAT_CLASS,BEAT_NUMBER,PRIMARY_RD,SECONDARY_RD,DISTANCE,DIRECTION,INTERSECTION,WEATHER_1,WEATHER_2,STATE_HWY_IND,CALTRANS_COUNTY,CALTRANS_DISTRICT,STATE_ROUTE,ROUTE_SUFFIX,POSTMILE_PREFIX,POSTMILE,LOCATION_TYPE,RAMP_INTERSECTION,SIDE_OF_HWY,TOW_AWAY,COLLISION_SEVERITY,NUMBER_KILLED,NUMBER_INJURED,PARTY_COUNT,PRIMARY_COLL_FACTOR,PCF_CODE_OF_VIOL,PCF_VIOL_CATEGORY,PCF_VIOLATION,PCF_VIOL_SUBSECTION,HIT_AND_RUN,TYPE_OF_COLLISION,MVIW,PED_ACTION,ROAD_SURFACE,ROAD_COND_1,ROAD_COND_2,LIGHTING,CONTROL_DEVICE,CHP_ROAD_TYPE,PEDESTRIAN_ACCIDENT,BICYCLE_ACCIDENT,MOTORCYCLE_ACCIDENT,TRUCK_ACCIDENT,NOT_PRIVATE_PROPERTY,ALCOHOL_INVOLVED,STWD_VEHTYPE_AT_FAULT,CHP_VEHTYPE_AT_FAULT,COUNT_SEVERE_INJ,COUNT_VISIBLE_INJ,COUNT_COMPLAINT_PAIN,COUNT_PED_KILLED,COUNT_PED_INJURED,COUNT_BICYCLIST_KILLED,COUNT_BICYCLIST_INJURED,COUNT_MC_KILLED,COUNT_MC_INJURED,PRIMARY_RAMP,SECONDARY_RAMP,LATITUDE,LONGITUDE,COUNTY,CITY,POINT_X,POINT_Y
91004284,2019,2019-06-05,9834,2019-06-04,1040,019916,NA,2,1,9,3600,0,2,4,NA,1,067,PARKER DAM RD,SR-62,41184,E,N,A,-,N,NA,NA,NA,NA,NA,NA,NA,NA,NA,Y,4,0,2,1,C,-,18,NA,NA,N,E,H,A,A,H,-,A,D,0,NA,NA,NA,NA,Y,NA,-,-,0,0,2,0,0,0,0,0,0,-,-,34.225341796875,-114.20062255859376,SAN BERNARDINO,UNINCORPORATED,-114.20301055908205,34.22378158569336
9100481,2020,2020-10-27,3604,2020-02-02,0101,1298,NA,7,5,6,3604,0,0,0,NA,0,NA,CHERRY AV,RT 10,80,S,N,A,-,Y,SBD,8,10,-,-,13.346,R,4,E,Y,3,0,1,1,A,-,01,23152,A,N,E,I,A,A,H,-,C,A,0,NA,NA,NA,NA,Y,Y,A,01,0,1,0,0,0,0,0,0,0,-,EO,NA,NA,SAN BERNARDINO,FONTANA,-117.48576354980467,34.065956115722656
91004847,2019,2019-06-06,9860,2019-05-27,0721,012988,NA,1,1,9,3600,0,1,3,NA,1,380,SR-38 (MILLCREEK RD),JULIAN DR  E,2112,E,N,A,-,Y,NA,NA,38,NA,NA,NA,NA,NA,NA,Y,3,0,1,1,A,-,08,22107,NA,N,E,I,A,B,H,-,A,A,0,NA,NA,NA,NA,Y,NA,A,01,0,1,0,0,0,0,0,0,0,-,-,34.07358169555664,-117.0724868774414,SAN BERNARDINO,UNINCORPORATED,-117.072509765625,34.0736198425293
91005556,2019,2019-06-07,9860,2019-06-05,0800,016658,NA,3,1,5,3608,0,1,1,NA,2,105,I-10 W/B,FORD ST. U/C,2112,E,N,A,-,Y,NA,NA,10,NA,NA,NA,NA,NA,W,Y,4,0,3,2,A,-,03,22350,NA,N,C,C,A,A,H,-,A,D,0,NA,NA,NA,NA,Y,NA,A,01,0,0,3,0,0,0,0,0,0,-,-,34.0369987487793,-117.15026092529295,SAN BERNARDINO,REDLANDS,-117.150146484375,34.037227630615234
91005787,2019,2019-06-07,9860,2019-05-30,2040,020533,NA,4,2,4,3603,0,1,1,NA,2,214,I-215 S/B TO I-10 W/B,I-215,550,W,N,A,-,Y,NA,NA,215,NA,NA,NA,R,NA,S,Y,3,0,1,1,A,-,01,23152,A,N,F,A,A,A,H,-,C,D,0,NA,NA,NA,NA,Y,Y,A,01,0,1,0,0,0,0,0,0,0,-,-,34.06507873535156,-117.29849243164063,SAN BERNARDINO,COLTON,-117.29849243164063,34.06507873535156
91006453,2019,2019-06-10,9850,2019-06-04,2045,021643,NA,2,2,9,3600,0,1,2,NA,2,054,US-395,KRAMER ROAD,14784,N,N,A,-,N,NA,NA,395,NA,NA,NA,NA,NA,NA,Y,4,0,1,2,A,-,03,22350,NA,N,C,C,A,A,D,-,D,D,0,NA,NA,NA,Y,Y,NA,A,01,0,0,1,0,0,0,0,0,0,-,-,34.905250549316406,-117.51554870605467,SAN BERNARDINO,UNINCORPORATED,-117.51554107666016,34.905250549316406
9100658,2020,2020-11-23,3610,2020-05-17,1915,51166,NA,7,5,6,3610,0,0,0,NA,0,POLICE,N MOUNTAIN  VIEW AV,W 8TH ST,0,NA,Y,A,-,N,NA,NA,NA,NA,NA,NA,NA,NA,NA,Y,4,0,5,2,A,-,09,21802,B,N,D,C,A,A,H,-,B,D,0,NA,NA,NA,NA,Y,NA,A,01,0,0,5,0,0,0,0,0,0,-,-,34.114261627197266,-117.28701019287108,SAN BERNARDINO,SAN BERNARDINO,-117.28740692138672,34.11391830444336
91006791,2019,2019-06-10,9860,2019-05-29,1443,016646,NA,3,2,4,3603,0,1,1,NA,2,214,I-215 S/B,SANTA FE RR OVERCROSSING,200,N,N,A,-,Y,NA,NA,215,NA,NA,NA,NA,NA,S,Y,4,0,1,3,A,-,03,22350,NA,N,C,C,A,A,D,E,A,D,0,NA,NA,NA,NA,Y,NA,D,22,0,0,1,0,0,0,0,0,0,-,-,34.02669906616211,-117.33316040039063,SAN BERNARDINO,COLTON,-117.33312225341795,34.02665710449219
91007206,2019,2019-06-11,9860,2019-05-29,1817,016646,NA,3,2,9,3600,0,3,5,NA,2,002,7072 TIPPECANOE AVENUE,PACIFIC STREET,1056,S,N,A,-,N,NA,NA,NA,NA,NA,NA,NA,NA,NA,Y,2,0,1,2,A,-,08,22107,NA,N,C,E,A,A,H,-,A,D,0,NA,NA,NA,NA,Y,NA,A,01,1,0,0,0,0,0,0,0,0,-,-,34.12540054321289,-117.26181793212892,SAN BERNARDINO,UNINCORPORATED,-117.26185607910156,34.12571716308594
91007286,2019,2019-06-11,9835,2019-06-02,1130,021959,NA,7,1,9,3600,0,1,1,NA,2,075,I-15 S/B,HALLORAN SPRINGS RD,9504,S,N,A,-,Y,NA,NA,15,NA,NA,NA,NA,NA,S,Y,3,0,2,2,A,-,07,21658,A,N,B,C,A,A,H,-,A,D,0,NA,NA,NA,NA,Y,NA,A,01,0,2,0,0,0,0,0,0,0,-,-,35.363948822021484,-115.91953277587892,SAN BERNARDINO,UNINCORPORATED,-115.91941833496094,35.36377716064453
91007408,2019,2019-06-11,9855,2019-05-29,2255,018000,NA,3,3,6,3607,0,1,3,NA,2,601,SR-60 WB TO EUCLID AVENUE,EUCLID AVE.,45,E,N,A,-,Y,NA,NA,60,NA,NA,NA,R,NA,W,Y,3,0,2,2,A,-,03,22350,NA,N,C,C,A,A,H,-,C,A,0,NA,NA,NA,NA,Y,NA,A,01,0,2,0,0,0,0,0,0,0,-,-,34.03105926513672,-117.65046691894533,SAN BERNARDINO,ONTARIO,-117.65046691894533,34.03105926513672
91008002,2019,2019-06-11,9855,2019-06-01,1450,020151,NA,6,2,9,3600,0,3,5,NA,2,001,ETIWANDA AVE.,VALLEY BLVD.,0,NA,Y,A,-,N,NA,NA,NA,NA,NA,NA,NA,NA,NA,Y,3,0,1,2,A,-,09,21453,C,N,A,C,A,A,H,-,A,A,0,NA,NA,NA,NA,Y,NA,A,07,0,1,0,0,0,0,0,0,0,-,-,34.07102966308594,-117.52406311035156,SAN BERNARDINO,UNINCORPORATED,-117.52420806884766,34.070980072021484
91008379,2019,2019-06-12,9865,2019-05-30,1600,020725,NA,4,2,9,3600,0,1,3,NA,1,022,STATE ROUTE 18,SIBERIA CREEK TRAIL,5808,S,N,A,-,Y,NA,NA,18,NA,NA,NA,NA,NA,NA,Y,1,1,0,1,A,-,03,22350,NA,N,E,I,A,A,H,-,A,A,0,NA,NA,NA,NA,Y,NA,A,01,0,0,0,0,0,0,0,0,0,-,-,34.22315979003906,-117.04247283935548,SAN BERNARDINO,UNINCORPORATED,-117.04253387451172,34.22322082519531
91010533,2019,2019-06-14,9855,2019-06-07,1400,019303,NA,5,2,6,3604,0,1,1,NA,2,101,I-10 E/B (SAN BERNARDINO FWY),ETIWANDA AVE.,2500,E,N,A,-,Y,NA,NA,10,NA,NA,NA,NA,NA,E,Y,4,0,2,3,A,-,03,22350,NA,F,C,C,A,A,H,-,A,D,0,NA,NA,NA,NA,Y,NA,D,22,0,0,2,0,0,0,0,0,0,-,-,34.0673713684082,-117.52542877197266,SAN BERNARDINO,FONTANA,-117.52542877197266,34.067386627197266
91010747,2019,2019-06-17,9860,2019-06-05,2150,020553,NA,3,2,4,3618,0,1,1,NA,2,202,SR-210 W/B,ORANGE ST,10,W,N,A,-,Y,NA,NA,210,NA,NA,NA,NA,NA,W,Y,3,0,2,3,A,-,03,22350,NA,N,C,C,A,A,H,-,D,D,0,NA,NA,NA,NA,Y,NA,A,01,0,1,1,0,0,0,0,0,0,-,-,34.131919860839844,-117.21321105957033,SAN BERNARDINO,HIGHLAND,-117.21321105957033,34.13206481933594
91010764,2019,2019-06-17,9860,2019-06-07,1455,020533,NA,5,2,9,3600,0,1,1,NA,2,102,I-10 E/B,CEDAR AVE,2640,E,N,A,-,Y,NA,NA,10,NA,NA,NA,NA,NA,E,Y,3,0,1,1,A,-,08,22107,NA,N,F,A,A,A,H,-,A,D,0,NA,NA,NA,NA,Y,NA,A,01,0,1,0,0,0,0,0,0,0,-,-,34.06806945800781,-117.3856964111328,SAN BERNARDINO,UNINCORPORATED,-117.38570404052734,34.06819152832031
91010881,2019,2019-06-17,9860,2019-06-15,1937,021371,NA,6,2,9,3600,0,3,5,NA,2,001,MIDDLE FORK RD,LYTLE CREED RD,1584,W,N,A,-,N,NA,NA,NA,NA,NA,NA,NA,NA,NA,Y,3,0,3,1,A,-,01,23152,A,N,E,I,A,A,H,-,B,D,0,NA,NA,NA,NA,Y,Y,A,01,0,3,0,0,0,0,0,0,0,-,-,34.242008209228516,-117.50261688232422,SAN BERNARDINO,UNINCORPORATED,-117.50261688232422,34.242008209228516
91011022,2019,2019-06-17,9835,2019-06-09,0930,017180,NA,7,1,9,3600,0,1,1,NA,2,047,I-40 W/B,CRUCERO RD,58608,E,N,A,-,Y,NA,NA,40,NA,NA,NA,NA,NA,W,Y,4,0,1,2,A,-,08,22107,NA,N,C,C,A,A,H,-,A,D,0,NA,NA,NA,Y,Y,NA,D,22,0,0,1,0,0,0,0,0,0,-,-,34.722259521484375,-115.97370910644533,SAN BERNARDINO,UNINCORPORATED,-115.97368621826172,34.72205352783203
9101127,2019,2020-07-17,3607,2019-12-27,1910,20211,43,5,5,6,3607,0,0,0,NA,0,011,SAN ANTONIO AV,4TH ST,0,NA,Y,A,-,N,NA,NA,NA,NA,NA,NA,NA,NA,NA,N,4,0,1,2,A,-,12,22450,A,N,D,C,A,-,H,-,C,A,0,NA,NA,NA,NA,Y,NA,A,07,0,0,1,0,0,0,0,0,0,-,-,NA,NA,SAN BERNARDINO,ONTARIO,-117.66068267822266,34.07789993286133
9101143,2019,2020-07-14,3607,2019-12-16,1625,19889,950,1,5,6,3607,0,0,0,NA,0,041,4TH ST,CENTER AV,0,NA,Y,A,-,N,NA,NA,NA,NA,NA,NA,NA,NA,NA,Y,3,0,3,2,A,-,12,21453,A,N,B,C,A,A,H,-,A,A,0,NA,NA,NA,NA,Y,NA,-,-,0,1,2,0,0,0,0,0,0,-,-,NA,NA,SAN BERNARDINO,ONTARIO,-117.57933807373048,34.07748031616211
91011867,2019,2019-06-18,9835,2019-06-01,0110,022143,NA,6,3,3,3601,0,1,1,NA,2,071,I-15 N/B,L STREET,528,S,N,A,-,Y,NA,NA,NA,NA,NA,NA,NA,NA,NA,Y,2,0,9,6,A,-,01,23152,A,N,E,I,A,A,H,-,D,D,0,NA,NA,NA,NA,Y,Y,A,01,2,1,6,0,0,0,0,0,0,-,-,34.81140899658203,-117.06449127197266,SAN BERNARDINO,BARSTOW,-117.05809020996094,34.884281158447266
91012578,2019,2019-06-18,9835,2019-06-10,1253,020883,NA,1,1,9,3600,0,1,1,NA,2,076,I-15 N/B,CIMA RD,9926,S,N,A,-,Y,NA,NA,15,NA,NA,NA,NA,NA,N,Y,3,0,3,6,A,-,03,22350,NA,N,B,C,A,A,H,-,A,D,0,NA,NA,NA,NA,Y,NA,A,01,0,1,2,0,0,0,0,0,0,-,-,35.43281936645508,-115.7056884765625,SAN BERNARDINO,UNINCORPORATED,-115.70569610595705,35.43282699584961
91013559,2019,2019-06-19,9855,2019-06-15,1323,018335,NA,6,1,6,3607,0,1,1,NA,2,103,I-10 E/B (SAN BERNARDINO FWY),ARCHIBALD AVE.,1500,W,N,A,-,Y,NA,NA,10,NA,NA,NA,NA,NA,E,N,4,0,1,2,A,-,07,21658,A,N,B,C,A,A,H,-,A,D,0,NA,NA,NA,NA,Y,NA,A,01,0,0,1,0,0,0,0,0,0,-,-,34.06747817993164,-117.5995635986328,SAN BERNARDINO,ONTARIO,-117.59955596923828,34.0676155090332
91014946,2019,2019-06-21,9860,2019-06-12,1500,019467,NA,3,2,9,3600,0,3,5,NA,2,003,OPAL AVE,CITRUS AVE,0,NA,Y,A,-,N,NA,NA,NA,NA,NA,NA,NA,NA,NA,N,4,0,1,2,A,-,21,22106,NA,N,D,C,A,A,H,-,A,A,0,NA,NA,NA,NA,Y,NA,A,07,0,0,1,0,0,0,0,0,0,-,-,34.05546188354492,-117.13449096679688,SAN BERNARDINO,UNINCORPORATED,-117.1344985961914,34.05546951293945
91015197,2018,2019-06-21,9835,2018-11-14,1315,21751,NA,3,1,9,3600,0,1,1,NA,2,074,INTERSTATE 15 NORTHBOUND,RASOR RD,5966,S,N,A,-,Y,NA,NA,15,NA,NA,NA,NA,NA,N,Y,1,1,0,1,A,-,08,22107,NA,N,E,I,A,A,H,-,A,D,0,NA,NA,NA,NA,Y,NA,A,01,0,0,0,0,0,0,0,0,0,-,-,35.12358856201172,-116.22590637207033,SAN BERNARDINO,UNINCORPORATED,-116.22588348388672,35.12355041503906
91015630,2019,2019-06-24,9860,2019-06-14,1730,020533,NA,5,2,9,3600,0,3,5,NA,2,002,FIFTH ST.,SUNNYSIDE AVE,75,E,N,A,-,N,NA,NA,NA,NA,NA,NA,NA,NA,NA,N,4,0,2,2,A,-,03,22350,NA,N,C,C,A,A,H,-,A,D,0,NA,NA,NA,NA,Y,NA,A,01,0,0,2,0,0,0,0,0,0,-,-,34.10831069946289,-117.26226043701172,SAN BERNARDINO,UNINCORPORATED,-117.26229095458984,34.108341217041016
91015932,2019,2019-10-25,9860,2019-04-01,1903,019725,NA,1,2,9,3600,0,1,1,NA,2,152,INTERSTATE 15 SOUTHBOUND,STATE ROUTE 138,8976,N,N,A,-,Y,NA,NA,15,NA,NA,NA,NA,NA,S,Y,1,1,0,1,A,-,08,22107,NA,N,E,I,A,A,H,-,B,D,0,NA,NA,NA,NA,Y,NA,A,07,0,0,0,0,0,0,0,0,0,-,-,34.3348503112793,-117.48275756835938,SAN BERNARDINO,UNINCORPORATED,-117.48249816894533,34.33485412597656
91017677,2019,2019-06-26,9855,2019-06-15,1720,020151,NA,6,2,5,3602,0,1,3,NA,2,603,SR-60 W/B (POMONA FWY),PIPELINE AVE.,550,W,N,A,-,Y,NA,NA,60,NA,NA,NA,NA,NA,W,Y,4,0,1,3,A,-,01,23152,A,F,C,C,A,A,H,-,A,D,0,NA,NA,NA,NA,Y,Y,D,22,0,0,1,0,0,0,0,0,0,-,-,34.028560638427734,-117.71729278564452,SAN BERNARDINO,CHINO,-117.71728515625,34.02854919433594
91018515,2019,2019-06-28,9860,2019-06-14,1700,019062,NA,5,2,5,3609,0,1,1,NA,2,201,SR-210 W/B,CACTUS AVE,1400,E,N,A,-,Y,NA,NA,210,NA,NA,NA,NA,NA,W,Y,4,0,3,2,C,-,18,NA,NA,N,C,C,A,A,H,-,A,D,0,NA,NA,NA,NA,Y,NA,-,-,0,0,3,0,0,0,0,0,0,-,-,34.136070251464844,-117.37850189208984,SAN BERNARDINO,RIALTO,-117.37850189208984,34.13595962524414
91019057,2019,2019-06-27,9855,2019-06-19,1250,015626,NA,3,1,5,3602,0,1,3,NA,2,603,SR-60 E/B (POMONA FWY),PIPELINE AVE.,1188,W,N,A,-,Y,NA,NA,60,NA,NA,NA,NA,NA,E,Y,2,0,2,1,A,-,08,22107,NA,N,E,I,A,A,H,-,A,D,0,NA,NA,NA,NA,Y,NA,A,07,2,0,0,0,0,0,0,0,0,-,-,34.02762985229492,-117.71916961669922,SAN BERNARDINO,CHINO,-117.71913909912108,34.02756118774414
91019230,2019,2019-06-27,9850,2019-06-11,1830,018211,NA,2,2,9,3600,0,1,3,NA,2,060,SR-138 W/B,GRAMERCY RD,635,W,N,A,-,Y,NA,NA,138,NA,NA,NA,NA,NA,W,Y,3,0,1,2,A,-,03,22350,NA,N,C,C,A,A,H,-,A,D,0,NA,NA,Y,Y,Y,NA,C,02,0,1,0,0,0,0,0,0,1,-,-,34.377838134765625,-117.55873107910156,SAN BERNARDINO,UNINCORPORATED,-117.55875396728516,34.377784729003906
91022258,2019,2019-07-01,9835,2019-06-21,0642,021176,NA,5,1,9,3600,0,1,3,NA,1,013,SR-58 W/B,US-395,142,E,N,A,-,Y,NA,NA,58,NA,NA,NA,NA,NA,W,Y,4,0,1,3,A,-,03,22350,NA,N,C,C,A,A,H,-,A,A,0,NA,NA,NA,Y,Y,NA,A,01,0,0,1,0,0,0,0,0,0,-,-,34.992061614990234,-117.54044342041016,SAN BERNARDINO,UNINCORPORATED,-117.54042053222656,34.99226760864258
91022329,2019,2019-07-01,9855,2019-06-30,1450,019303,NA,7,2,6,3607,0,1,3,NA,2,601,SR-60 E/B (POMONA FWY),ARCHIBALD AVE.,100,E,N,A,-,Y,NA,NA,60,NA,NA,NA,NA,NA,E,N,3,0,1,2,A,-,07,21658,A,N,B,C,A,A,H,-,A,D,0,NA,NA,Y,NA,Y,NA,A,01,0,1,0,0,0,0,0,0,1,-,-,34.03042984008789,-117.58396911621094,SAN BERNARDINO,ONTARIO,-117.5839614868164,34.03050231933594
91022421,2019,2019-07-01,9860,2019-06-25,0720,019251,NA,2,1,6,3610,0,1,1,NA,2,216,I-215 S/B,DEVORE RD,3696,S,N,A,-,Y,NA,NA,215,NA,NA,NA,NA,NA,S,Y,4,0,1,1,A,-,08,22107,NA,N,E,I,A,A,H,-,A,D,0,NA,NA,NA,NA,Y,NA,A,01,0,0,1,0,0,0,0,0,0,-,-,34.215309143066406,-117.39306640625,SAN BERNARDINO,SAN BERNARDINO,-117.39303588867188,34.21535110473633
9102536,2020,2020-08-07,3602,2020-04-25,1045,3964,NA,6,5,5,3602,0,0,0,NA,0,001,RIVERSIDE AV,3RD ST,22,W,N,A,-,N,NA,NA,NA,NA,NA,NA,NA,NA,NA,Y,3,0,3,3,A,-,12,21453,A,N,D,C,A,A,H,-,A,A,0,NA,NA,NA,NA,Y,NA,A,01,0,2,1,0,0,0,0,0,0,-,-,NA,NA,SAN BERNARDINO,CHINO,-117.69595336914063,34.019039154052734
91025418,2019,2019-07-08,9860,2019-06-26,2315,021229,NA,3,3,9,3600,0,2,4,NA,1,410,VALLEY BLVD,LINDEN AVE,25,W,N,B,-,N,NA,NA,NA,NA,NA,NA,NA,NA,NA,Y,4,0,1,2,A,-,03,22350,NA,N,C,C,A,A,H,-,C,A,0,NA,NA,NA,NA,Y,NA,A,01,0,0,1,0,0,0,0,0,0,-,-,34.07044982910156,-117.40101623535156,SAN BERNARDINO,UNINCORPORATED,-117.4008560180664,34.07048034667969
91026824,2019,2019-07-09,9860,2019-06-16,0055,021229,NA,7,3,6,3610,0,1,1,NA,2,202,SR-210 W/B,DEL ROSA AVE,2640,E,N,B,-,Y,NA,NA,210,NA,NA,NA,NA,NA,W,Y,3,0,1,3,A,-,01,23152,A,N,B,C,A,A,H,-,C,D,0,NA,NA,NA,NA,Y,Y,A,01,0,1,0,0,0,0,0,0,0,-,-,34.13890075683594,-117.24317932128906,SAN BERNARDINO,SAN BERNARDINO,-117.24317169189452,34.138919830322266
91027009,2019,2019-07-09,9855,2019-07-01,1847,019732,NA,1,2,9,3600,0,3,5,NA,2,004,RIVERSIDE DR.,TOWNE AVE.,0,NA,Y,A,-,N,NA,NA,NA,NA,NA,NA,NA,NA,NA,Y,4,0,1,2,A,-,09,21801,A,N,A,C,A,A,A,-,A,A,0,NA,NA,NA,NA,Y,NA,A,07,0,0,1,0,0,0,0,0,0,-,-,34.01913070678711,-117.7399673461914,SAN BERNARDINO,UNINCORPORATED,-117.74009704589844,34.0190315246582
91027098,2019,2019-07-09,9860,2019-06-30,0910,014777,NA,7,1,9,3600,0,1,1,NA,2,152,I-15 S/B,SR-138,7022,N,N,A,-,Y,NA,NA,15,NA,NA,NA,NA,NA,S,Y,4,0,3,2,A,-,07,21658,A,N,B,C,A,A,H,-,A,D,0,NA,NA,Y,NA,Y,NA,A,07,0,0,3,0,0,0,0,0,2,-,-,34.3302001953125,-117.48240661621094,SAN BERNARDINO,UNINCORPORATED,-117.48247528076172,34.3302001953125
91028041,2019,2019-07-10,9860,2019-07-03,1502,020282,NA,3,2,9,3600,0,3,5,NA,2,002,TIPPECANOE AVE,6TH ST,0,NA,Y,A,-,N,NA,NA,NA,NA,NA,NA,NA,NA,NA,Y,4,0,1,2,A,-,09,21801,A,N,D,C,A,A,H,-,A,A,0,NA,NA,NA,NA,Y,NA,D,22,0,0,1,0,0,0,0,0,0,-,-,34.11016845703125,-117.26107788085938,SAN BERNARDINO,UNINCORPORATED,-117.26101684570313,34.110191345214844
9102912,2020,2020-11-14,3600,2020-04-29,1247,H5174,TW003,3,5,3,3617,0,0,0,NA,0,TW1,RT 62,ENCELIA AV,0,NA,Y,A,-,Y,SBD,8,62,-,-,30.695,I,5,W,Y,3,0,2,2,A,-,12,21453,A,N,D,I,A,A,H,-,A,A,0,NA,NA,NA,NA,Y,Y,A,01,0,2,0,0,0,0,0,0,0,-,-,34.135398864746094,-116.09825897216795,SAN BERNARDINO,TWENTYNINE PALMS,-116.09822082519533,34.13539505004883
91030011,2019,2019-07-12,9860,2019-07-04,0600,016590,NA,4,1,6,3610,0,1,1,NA,2,216,I-215 S/B TO SR-210 W/B,I-215 N/B TO SR-210 W/B,87,W,N,B,-,Y,NA,NA,215,NA,NA,NA,R,NA,S,Y,2,0,1,1,B,-,22,NA,NA,N,F,A,A,A,H,-,A,D,0,NA,NA,Y,NA,Y,NA,C,02,1,0,0,0,0,0,0,0,1,-,-,34.14398956298828,-117.32073211669922,SAN BERNARDINO,SAN BERNARDINO,-117.32073211669922,34.14398956298828
91030643,2019,2019-07-15,9855,2019-07-08,2222,020151,NA,1,3,6,3607,0,1,1,NA,2,103,I-10 E/B TO FOURTH ST.,FOURTH ST.,825,W,N,A,-,Y,NA,NA,10,NA,NA,NA,R,NA,E,Y,3,0,2,2,A,-,03,22350,NA,N,C,C,A,A,H,-,C,D,0,NA,NA,NA,NA,Y,NA,A,01,0,1,1,0,0,0,0,0,0,-,-,34.07910919189453,-117.62648010253906,SAN BERNARDINO,ONTARIO,-117.62648010253906,34.07910919189453
91031629,2019,2019-07-16,9850,2019-07-06,0528,015860,NA,6,3,9,3600,0,1,1,NA,2,084,I-15 S/B,DALE EVANS PKY,10982,S,N,A,-,Y,NA,NA,15,NA,NA,NA,NA,NA,S,Y,2,0,2,1,A,-,08,22107,NA,N,E,I,A,A,H,-,A,D,0,NA,NA,NA,NA,Y,NA,A,01,1,0,1,0,0,0,0,0,0,-,-,34.61457824707031,-117.24122619628906,SAN BERNARDINO,UNINCORPORATED,-117.24118041992188,34.614540100097656
91033835,2019,2019-07-19,9865,2019-07-10,0650,015271,NA,3,1,9,3600,0,1,3,NA,2,021,SR-330,LIVE OAK DR,10560,S,N,A,-,Y,NA,NA,330,NA,NA,NA,NA,NA,NA,Y,3,0,1,2,A,-,03,22350,NA,N,F,A,A,A,D,-,A,D,0,NA,NA,Y,NA,Y,NA,C,02,0,1,0,0,0,0,0,0,1,-,-,34.194889068603516,-117.1513214111328,SAN BERNARDINO,UNINCORPORATED,-117.15133666992188,34.194908142089844
91034658,2019,2019-07-22,9860,2019-07-14,0050,020572,NA,7,3,6,3610,0,1,1,NA,2,202,SR-210 W/B,WATERMAN AVE,1584,E,N,A,-,Y,NA,NA,210,NA,NA,NA,NA,NA,W,Y,4,0,1,2,A,-,03,22350,NA,F,C,C,A,A,H,-,D,D,0,NA,NA,NA,NA,Y,NA,-,99,0,0,1,0,0,0,0,0,0,-,-,34.14506912231445,-117.27542877197266,SAN BERNARDINO,SAN BERNARDINO,-117.27542877197266,34.1451301574707
91036520,2019,2019-07-24,9850,2019-07-15,0410,021562,NA,1,3,9,3600,0,1,3,NA,2,060,SR-138 E/B,OASIS RD.,1000,E,N,A,-,Y,NA,NA,138,NA,NA,NA,NA,NA,E,N,2,0,1,2,A,-,05,21460,A,F,B,C,A,A,H,-,D,D,0,NA,NA,NA,NA,Y,NA,-,99,1,0,0,0,0,0,0,0,0,-,-,34.43846130371094,-117.63948822021484,SAN BERNARDINO,UNINCORPORATED,-117.63950347900392,34.438438415527344
91037599,2019,2019-07-25,9855,2019-07-19,1613,018989,NA,5,2,6,3607,0,1,1,NA,2,101,I-10 E/B (SAN BERNARDINO FWY),I-15 N/B (ONTARIO FWY),350,E,N,A,-,Y,NA,NA,10,NA,NA,NA,NA,NA,E,Y,3,0,1,1,A,-,03,22350,NA,N,F,A,A,A,H,-,A,D,0,NA,NA,Y,NA,Y,NA,C,02,0,1,0,0,0,0,0,0,1,-,-,34.067501068115234,-117.54299926757813,SAN BERNARDINO,ONTARIO,-117.54299926757813,34.06734848022461
91037850,2019,2019-07-25,9860,2019-07-18,0720,019269,NA,4,1,9,3600,0,3,5,NA,2,003,OAK GLEN RD,RASPBERRY LN,445,S,N,A,-,N,NA,NA,NA,NA,NA,NA,NA,NA,NA,N,4,0,1,2,A,-,08,22107,NA,N,G,B,E,A,H,-,A,D,0,Y,NA,NA,NA,Y,NA,D,22,0,0,1,0,1,0,0,0,0,-,-,34.04494094848633,-116.9442901611328,SAN BERNARDINO,UNINCORPORATED,-116.94430541992188,34.04496765136719