CASE_ID,ACCIDENT_YEAR,PROC_DATE,JURIS,COLLISION_DATE,COLLISION_TIME,OFFICER_ID,REPORTING_DISTRICT,DAY_OF_WEEK,CHP_SHIFT,POPULATION,CNTY_CITY_LOC,SPECIAL_COND,BEAT_TYPE,CHP_BEAT_TYPE,CITY_DIVISION_LAPD,CHP_BEAT_CLASS,BEAT_NUMBER,PRIMARY_RD,SECONDARY_RD,DISTANCE,DIRECTION,INTERSECTION,WEATHER_1,WEATHER_2,STATE_HWY_IND,CALTRANS_COUNTY,CALTRANS_DISTRICT,STATE_ROUTE,ROUTE_SUFFIX,POSTMILE_PREFIX,POSTMILE,LOCATION_TYPE,RAMP_INTERSECTION,SIDE_OF_HWY,TOW_AWAY,COLLISION_SEVERITY,NUMBER_KILLED,NUMBER_INJURED,PARTY_COUNT,PRIMARY_COLL_FACTOR,PCF_CODE_OF_VIOL,PCF_VIOL_CATEGORY,PCF_VIOLATION,PCF_VIOL_SUBSECTION,HIT_AND_RUN,TYPE_OF_COLLISION,MVIW,PED_ACTION,ROAD_SURFACE,ROAD_COND_1,ROAD_COND_2,LIGHTING,CONTROL_DEVICE,CHP_ROAD_TYPE,PEDESTRIAN_ACCIDENT,BICYCLE_ACCIDENT,MOTORCYCLE_ACCIDENT,TRUCK_ACCIDENT,NOT_PRIVATE_PROPERTY,ALCOHOL_INVOLVED,STWD_VEHTYPE_AT_FAULT,CHP_VEHTYPE_AT_FAULT,COUNT_SEVERE_INJ,COUNT_VISIBLE_INJ,COUNT_COMPLAINT_PAIN,COUNT_PED_KILLED,COUNT_PED_INJURED,COUNT_BICYCLIST_KILLED,COUNT_BICYCLIST_INJURED,COUNT_MC_KILLED,COUNT_MC_INJURED,PRIMARY_RAMP,SECONDARY_RAMP,LATITUDE,LONGITUDE,COUNTY,CITY,POINT_X,POINT_Y
91037937,2019,2019-07-25,9855,2019-07-20,0438,016215,NA,6,3,5,3630,0,1,3,NA,2,071,SR-71 S/B (CHINO FWY),SOQUEL CANYON PKWY.,1570,N,N,A,-,Y,NA,NA,71,NA,NA,NA,NA,NA,S,Y,3,0,2,2,A,-,03,22350,NA,N,C,C,A,A,H,-,C,D,0,NA,NA,NA,NA,Y,Y,A,01,0,2,0,0,0,0,0,0,0,-,-,33.971168518066406,-117.69303131103516,SAN BERNARDINO,CHINO HILLS,-117.69303131103516,33.97116470336914
91039377,2019,2019-07-26,9870,2019-07-19,0922,019593,NA,5,1,9,3600,0,1,3,NA,1,031,SR 62 (TWENTYNINE PALMS HIGHWAY),EL REPOSO ROAD,75,E,N,A,-,Y,NA,NA,62,NA,NA,NA,NA,NA,NA,Y,4,0,2,2,A,-,03,22350,NA,N,C,C,A,A,H,-,A,D,0,NA,NA,NA,NA,Y,NA,D,22,0,0,2,0,0,0,0,0,0,-,-,34.135040283203125,-116.31262969970705,SAN BERNARDINO,UNINCORPORATED,-116.31262969970705,34.134979248046875
91041733,2019,2019-07-30,9855,2019-07-25,2110,018313,NA,4,2,9,3600,0,3,5,NA,2,004,RIVERSIDE DR.,TOWNE AVE.,0,NA,Y,A,-,N,NA,NA,NA,NA,NA,NA,NA,NA,NA,N,3,0,1,2,A,-,09,21801,A,N,D,C,A,A,H,-,C,A,0,NA,NA,NA,NA,Y,NA,A,01,0,1,0,0,0,0,0,0,0,-,-,34.01905822753906,-117.74006652832033,SAN BERNARDINO,UNINCORPORATED,-117.74009704589844,34.0190315246582
9104429,2020,2020-10-13,3600,2020-01-01,0450,19944,67,3,5,6,3616,0,0,0,NA,0,032,4TH ST,RT 10,0,NA,Y,A,-,Y,SBD,8,10,-,-,5.391,R,4,W,Y,2,0,4,2,A,-,01,23153,A,N,D,D,A,A,H,-,C,A,0,NA,NA,NA,NA,Y,Y,A,01,1,0,3,0,0,0,0,0,0,-,WF,NA,NA,SAN BERNARDINO,RANCHO CUCAMONGA,-117.62132263183594,34.07661437988281
9104526,2020,2020-06-29,3607,2020-01-20,1740,20219,121,1,5,6,3607,0,0,0,NA,0,012,HOLT BL,SAN ANTONIO AV,149,W,N,A,-,N,NA,NA,NA,NA,NA,NA,NA,NA,NA,N,4,0,1,2,A,-,03,22350,NA,F,C,C,A,A,H,-,C,A,0,NA,NA,NA,NA,Y,NA,-,99,0,0,1,0,0,0,0,0,0,-,-,NA,NA,SAN BERNARDINO,ONTARIO,-117.6610870361328,34.063331604003906
91046111,2019,2019-08-06,9855,2019-07-30,0755,015626,NA,2,1,5,3630,0,1,3,NA,2,071,SR-71 S/B (CHINO FWY),EUCLID AVE.,20,N,N,A,-,Y,NA,NA,71,NA,NA,NA,NA,NA,S,Y,2,0,1,2,A,-,07,21658,A,N,B,C,A,A,H,-,A,D,0,NA,NA,Y,NA,Y,NA,D,22,1,0,0,0,0,0,0,0,1,-,-,33.93059158325195,-117.65952301025392,SAN BERNARDINO,CHINO HILLS,-117.65952301025392,33.93058776855469
91047807,2019,2019-08-08,9835,2019-06-12,0124,015354,NA,3,3,9,3600,0,1,1,NA,2,074,INTERSTATE 15 NORTHBOUND,W. BAKER BLVD.,12038,S,N,A,-,Y,NA,NA,NA,NA,NA,NA,NA,NA,NA,Y,1,2,0,1,A,-,08,22107,NA,N,F,A,A,A,H,-,D,D,0,NA,NA,NA,NA,Y,NA,A,01,0,0,0,0,0,0,0,0,0,-,-,35.1343994140625,-116.61209869384766,SAN BERNARDINO,UNINCORPORATED,NA,NA
91048496,2019,2019-08-08,9865,2019-08-03,1150,019929,NA,6,1,9,3600,0,3,5,NA,2,003,SHORE DRIVE,ELYSIAN BLVD,0,NA,Y,A,-,N,NA,NA,NA,NA,NA,NA,NA,NA,NA,N,3,0,1,1,A,-,03,22350,NA,N,F,A,A,A,H,-,A,D,0,NA,Y,NA,NA,Y,NA,L,04,0,1,0,0,0,0,1,0,0,-,-,34.26517105102539,-116.93128204345705,SAN BERNARDINO,UNINCORPORATED,-116.83129119873048,34.26517105102539
91048792,2019,2019-08-09,9860,2019-07-30,1407,016646,NA,2,2,4,3603,0,1,1,NA,2,214,I-215 S/B,SANTA FE RAILROAD O/C,500,N,N,A,-,Y,NA,NA,215,NA,NA,NA,NA,NA,S,Y,4,0,1,2,A,-,03,22350,NA,N,C,C,A,A,D,E,A,D,0,NA,NA,NA,NA,Y,NA,A,01,0,0,1,0,0,0,0,0,0,-,-,34.02671813964844,-117.33313751220705,SAN BERNARDINO,COLTON,-117.33309936523438,34.026676177978516
91049155,2019,2019-08-09,9855,2019-08-02,1524,018989,NA,5,2,6,3607,0,1,1,NA,2,103,I-10 W/B (SAN BERNARDINO FWY),4TH ST,215,W,N,A,-,Y,NA,NA,10,NA,NA,NA,NA,NA,W,Y,2,0,2,2,A,-,03,22350,NA,N,C,C,A,A,H,-,A,D,0,NA,NA,Y,NA,Y,NA,C,02,1,0,1,0,0,0,0,0,1,-,-,34.07870101928711,-117.62470245361328,SAN BERNARDINO,ONTARIO,-117.624755859375,34.07860565185547
91049871,2019,2019-08-12,9850,2019-07-31,2056,018211,NA,3,2,9,3600,0,3,5,NA,2,006,SAGE ST.,DAISY RD,84,E,N,A,-,N,NA,NA,NA,NA,NA,NA,NA,NA,NA,N,3,0,1,1,A,-,03,22350,NA,N,E,H,A,A,H,-,D,D,0,NA,NA,Y,NA,Y,NA,C,02,0,1,0,0,0,0,0,0,1,-,-,34.401180267333984,-117.42962646484376,SAN BERNARDINO,UNINCORPORATED,-117.4296417236328,34.40120315551758
9105017,2020,2020-06-16,3607,2020-02-26,0613,20122,250,3,5,6,3607,0,0,0,NA,0,071,VINEYARD AV,RAYMOND WY,25,S,N,A,-,N,NA,NA,NA,NA,NA,NA,NA,NA,NA,Y,4,0,1,2,A,-,03,22350,NA,N,D,C,A,A,H,-,A,A,0,NA,NA,NA,NA,Y,NA,A,01,0,0,1,0,0,0,0,0,0,-,-,NA,NA,SAN BERNARDINO,ONTARIO,NA,NA
91050421,2019,2019-08-12,9860,2019-08-04,1620,020051,NA,7,2,6,3610,0,1,1,NA,2,214,I-215 N/B,MILL ST,400,N,N,A,-,Y,NA,NA,215,NA,NA,NA,NA,NA,N,Y,3,0,1,2,A,-,03,22350,NA,N,C,C,A,A,H,-,A,D,0,NA,NA,NA,NA,Y,NA,A,01,0,1,0,0,0,0,0,0,0,-,-,34.09341812133789,-117.3017807006836,SAN BERNARDINO,SAN BERNARDINO,-117.3018035888672,34.09341812133789
91050640,2019,2019-08-13,9860,2019-08-02,0227,021375,NA,5,3,4,3618,0,1,1,NA,2,203,SR-210 W/B,5TH ST,5700,E,N,A,-,Y,NA,NA,NA,NA,NA,NA,NA,NA,NA,Y,3,0,1,1,A,-,01,23152,A,N,E,I,A,A,H,-,D,D,0,NA,NA,NA,NA,Y,Y,A,01,0,1,0,0,0,0,0,0,0,-,-,34.092220306396484,-117.20050811767578,SAN BERNARDINO,HIGHLAND,-117.19882202148438,34.10797119140625
91051393,2019,2019-08-13,9850,2019-08-02,1132,019908,NA,5,1,5,3612,0,1,1,NA,2,082,I-15 S/B,BEAR VALLEY RD,1214,S,N,A,-,Y,NA,NA,15,NA,NA,NA,NA,NA,S,Y,4,0,1,2,A,-,03,22350,NA,N,B,C,A,A,H,-,A,D,0,NA,NA,Y,NA,Y,NA,C,02,0,0,1,0,0,0,0,0,1,-,-,34.467491149902344,-117.3486099243164,SAN BERNARDINO,VICTORVILLE,-117.34864807128906,34.4675178527832
91054055,2019,2019-08-19,9860,2019-08-10,1840,020346,NA,6,2,9,3600,0,3,5,NA,2,004,LINDEN AVE,7TH STREET,0,NA,Y,A,-,N,NA,NA,NA,NA,NA,NA,NA,NA,NA,Y,4,0,1,2,A,-,09,21802,A,N,D,C,A,A,H,-,A,D,0,NA,NA,NA,NA,Y,NA,A,01,0,0,1,0,0,0,0,0,0,-,-,34.04030990600586,-117.40071105957033,SAN BERNARDINO,UNINCORPORATED,-117.40077209472656,34.04030990600586
91056154,2019,2019-08-21,9855,2019-08-09,1800,017903,NA,5,2,6,3616,0,1,1,NA,2,153,I-15 N/B TO SR-210 E/B,CHERRY AVE.,200,E,N,A,-,Y,NA,NA,NA,NA,NA,NA,NA,NA,NA,Y,3,0,4,2,A,-,03,22350,NA,N,C,C,A,A,H,-,A,D,0,NA,NA,NA,NA,Y,NA,A,01,0,1,3,0,0,0,0,0,0,-,-,34.13534164428711,-117.4877471923828,SAN BERNARDINO,RANCHO CUCAMONGA,-117.4879150390625,34.14326858520508
91057803,2019,2019-08-22,9865,2019-08-17,1630,019879,NA,6,2,9,3600,0,1,3,NA,1,034,SR-18 N/B,US FOREST SERVICE RD 3N03,5280,N,N,A,-,Y,NA,NA,18,NA,NA,NA,NA,NA,N,N,3,0,1,1,A,-,03,22350,NA,N,B,I,A,A,H,-,A,D,0,NA,NA,Y,NA,Y,NA,C,02,0,1,0,0,0,0,0,0,1,-,-,34.33237838745117,-116.82953643798828,SAN BERNARDINO,UNINCORPORATED,-116.82953643798828,34.33237075805664
9105827,2020,2020-08-06,3600,2020-04-11,0455,G4520,TW005,6,5,3,3617,0,0,0,NA,0,TW1,AMBOY RD,BAGDAD HWY,580,E,N,A,-,N,NA,NA,NA,NA,NA,NA,NA,NA,NA,Y,4,0,1,1,A,-,03,22350,NA,N,E,I,A,B,F,-,D,D,0,NA,NA,NA,NA,Y,NA,D,22,0,0,1,0,0,0,0,0,0,-,-,34.165260314941406,-116.01701354980467,SAN BERNARDINO,TWENTYNINE PALMS,-116.01707458496094,34.16509246826172
91058541,2019,2019-08-23,9860,2019-08-14,0745,012988,NA,3,1,4,3640,0,1,1,NA,2,106,I-10 WESTBOUND,YUCAIPA BLVD,1584,W,N,A,-,Y,NA,NA,10,NA,NA,NA,NA,NA,W,Y,4,0,3,2,D,-,00,NA,NA,N,C,C,A,A,H,-,A,D,0,NA,NA,NA,NA,Y,NA,-,-,0,0,3,0,0,0,0,0,0,-,-,34.02785110473633,-117.12422943115234,SAN BERNARDINO,YUCAIPA,-117.12422943115234,34.02783966064453
91058559,2019,2019-08-23,9860,2019-08-19,1730,016821,NA,1,2,9,3600,0,1,1,NA,2,152,I-15 N/B,OAK HILL ROAD,5280,S,N,A,-,Y,NA,NA,15,NA,NA,NA,NA,NA,N,Y,4,0,1,2,A,-,03,22350,NA,N,C,C,A,A,H,-,A,D,0,NA,NA,NA,NA,Y,NA,A,07,0,0,1,0,0,0,0,0,0,-,-,34.35268020629883,-117.43834686279295,SAN BERNARDINO,UNINCORPORATED,-117.43834686279295,34.35268020629883
91058624,2019,2019-09-06,9870,2019-08-22,1920,016935,NA,4,2,9,3600,0,1,3,NA,1,031,STATE ROUTE 62 (TWENTYNINE PALMS HWY),BONAIR ROAD,1000,E,N,A,-,Y,NA,NA,62,NA,NA,NA,NA,NA,NA,Y,3,0,1,2,A,-,01,23152,F,N,D,C,A,A,H,-,A,D,0,NA,NA,NA,NA,Y,NA,E,22,0,1,0,0,0,0,0,0,0,-,-,34.13505935668945,-116.30397033691406,SAN BERNARDINO,UNINCORPORATED,-116.30397033691406,34.13502502441406
91058733,2019,2019-08-26,9860,2019-08-16,1550,019429,NA,5,2,6,3610,0,1,1,NA,2,202,SR-210 E/B,GOLDEN AVE,500,E,N,A,-,Y,NA,NA,210,NA,NA,NA,NA,NA,E,Y,4,0,1,2,A,-,03,22350,NA,N,C,C,A,A,H,-,A,D,0,NA,NA,NA,NA,Y,NA,A,01,0,0,1,0,0,0,0,0,0,-,-,34.143619537353516,-117.25936889648438,SAN BERNARDINO,SAN BERNARDINO,-117.25937652587892,34.143592834472656
91059796,2019,2019-08-26,9855,2019-08-16,0843,016268,NA,5,1,6,3607,0,1,3,NA,2,601,SR-60 W/B (POMONA FWY),GROVE AVE.,550,E,N,A,-,Y,NA,NA,60,NA,NA,NA,NA,NA,W,Y,4,0,2,3,A,-,07,21658,A,N,B,C,A,A,H,-,A,D,0,NA,NA,NA,Y,Y,NA,A,07,0,0,2,0,0,0,0,0,0,-,-,34.0306510925293,-117.62281799316406,SAN BERNARDINO,ONTARIO,-117.62281799316406,34.03059387207031
91062404,2019,2019-08-29,9860,2019-08-20,1252,015495,NA,2,1,9,3600,0,3,5,NA,2,002,HIGHLAND AVE.,STERLING AVE.,100,W,N,A,-,N,NA,NA,NA,NA,NA,NA,NA,NA,NA,Y,2,0,2,5,A,-,01,23152,A,N,B,C,A,A,H,-,A,A,0,NA,NA,NA,NA,Y,Y,A,01,1,1,0,0,0,0,0,0,0,-,-,34.13584899902344,-117.24381256103516,SAN BERNARDINO,UNINCORPORATED,-117.24398803710938,34.13582992553711
9106419,2020,2020-08-19,3605,2020-06-03,1123,443,NA,3,5,4,3605,0,0,0,NA,0,NA,SAN BERNARDINO ST,FREMONT AV,0,NA,Y,A,-,N,NA,NA,NA,NA,NA,NA,NA,NA,NA,N,4,0,1,2,A,-,04,21703,NA,N,C,C,A,A,H,-,A,A,0,NA,NA,NA,NA,Y,NA,A,01,0,0,1,0,0,0,0,0,0,-,-,NA,NA,SAN BERNARDINO,MONTCLAIR,-117.69387817382813,34.07765197753906
91064630,2019,2019-08-30,9855,2019-08-27,1310,016829,NA,2,1,5,3611,0,1,1,NA,2,103,I-10 W/B (SAN BERNARDINO FWY),MOUNTAIN AVE.,200,E,N,A,-,Y,NA,NA,10,NA,NA,NA,NA,NA,W,Y,4,0,1,3,A,-,03,22350,NA,N,C,C,A,A,H,-,A,D,0,NA,NA,NA,NA,Y,NA,D,22,0,0,1,0,0,0,0,0,0,-,-,34.08742904663086,-117.66525268554688,SAN BERNARDINO,UPLAND,-117.66525268554688,34.087425231933594
91064748,2019,2019-08-30,9865,2019-08-22,1520,019879,NA,4,2,9,3600,0,1,3,NA,2,014,SR-138,OLD MILL RD,5280,N,N,A,-,Y,NA,NA,138,NA,NA,NA,NA,NA,NA,Y,3,0,1,2,A,-,03,22350,NA,N,D,C,A,A,H,-,A,D,0,NA,NA,NA,NA,Y,NA,A,01,0,1,0,0,0,0,0,0,0,-,-,34.264259338378906,-117.28717803955078,SAN BERNARDINO,UNINCORPORATED,-117.28718566894533,34.26422882080078
9106515,2020,2020-07-08,3600,2020-02-08,2137,H6877,YV011,6,5,3,3631,0,0,0,NA,0,0YV,JOSHUA LN,TWENTYNINE PALMS OUTER HWY,0,NA,Y,A,-,N,NA,NA,NA,NA,NA,NA,NA,NA,NA,Y,3,0,1,1,A,-,07,21658,A,N,E,I,A,A,H,-,C,A,0,NA,NA,NA,NA,Y,Y,A,01,0,1,0,0,0,0,0,0,0,-,-,34.12247848510742,-116.413818359375,SAN BERNARDINO,YUCCA VALLEY,-116.413949,34.123185
91065838,2019,2019-09-03,9834,2019-08-29,0730,015182,NA,4,1,9,3600,0,1,2,NA,1,095,US 95 S/B,I-40,26400,N,N,A,-,Y,NA,NA,NA,NA,NA,NA,NA,NA,NA,Y,2,0,1,1,A,-,08,22107,NA,N,E,I,A,A,H,-,A,D,0,NA,NA,Y,NA,Y,NA,C,02,1,0,0,0,0,0,0,0,1,-,-,34.924869537353516,-114.78118133544922,SAN BERNARDINO,UNINCORPORATED,NA,NA
91067049,2019,2019-09-04,9860,2019-08-25,1600,020533,NA,7,2,4,3603,0,1,1,NA,2,214,I-215 N/B FROM WASHINGTON ST W/B,WASHINGTON ST,65,N,N,A,-,Y,NA,NA,215,NA,NA,NA,R,NA,N,N,4,0,2,2,A,-,06,21755,NA,M,B,C,A,A,H,-,A,D,0,NA,NA,NA,NA,Y,NA,A,01,0,0,2,0,0,0,0,0,0,-,-,34.04867172241211,-117.30441284179688,SAN BERNARDINO,COLTON,-117.30441284179688,34.04867172241211
91067089,2019,2019-09-04,9860,2019-08-25,1644,020426,NA,7,2,4,3603,0,1,1,NA,2,214,I-215 S/B,BARTON ROAD,1400,S,N,A,-,Y,NA,NA,215,NA,NA,NA,NA,NA,S,Y,2,0,2,2,A,-,03,22350,NA,N,C,C,A,A,D,E,A,D,0,NA,NA,NA,NA,Y,Y,D,22,1,0,1,0,0,0,0,0,0,-,-,34.03078079223633,-117.32861328125,SAN BERNARDINO,COLTON,-117.32860565185548,34.03077697753906
91067319,2019,2019-09-04,9860,2019-08-03,1425,020533,NA,6,2,9,3600,0,2,4,NA,2,411,CEDAR AVE.,VALLEY BLVD,30,S,N,A,-,Y,NA,NA,NA,NA,NA,NA,NA,NA,NA,N,4,0,1,2,A,-,03,22350,NA,M,C,C,A,A,H,-,A,D,0,NA,NA,NA,NA,Y,NA,A,01,0,0,1,0,0,0,0,0,0,-,-,34.07027053833008,-117.39614105224608,SAN BERNARDINO,UNINCORPORATED,-117.39610290527344,34.070396423339844
91068224,2019,2019-09-05,9855,2019-09-03,0953,013860,NA,2,1,6,3616,0,1,1,NA,2,201,SR-210 W/B (FOOTHILL FWY),HAVEN AVE.,157,E,N,A,-,Y,NA,NA,210,NA,NA,NA,NA,NA,W,Y,4,0,1,2,A,-,03,22350,NA,N,C,C,A,A,H,-,A,D,0,NA,NA,NA,NA,Y,NA,D,22,0,0,1,0,0,0,0,0,0,-,-,34.136199951171875,-117.57520294189452,SAN BERNARDINO,RANCHO CUCAMONGA,-117.57520294189452,34.13619613647461
91068615,2019,2019-09-05,9865,2019-08-30,1350,020725,NA,5,1,9,3600,0,1,3,NA,2,021,SR-330,LIVE OAK DRIVE,4224,S,N,A,-,Y,NA,NA,330,NA,NA,NA,NA,NA,NA,Y,3,0,1,1,A,-,03,22350,NA,N,E,I,A,A,H,-,A,A,0,NA,NA,Y,NA,Y,NA,C,02,0,1,0,0,0,0,0,0,1,-,-,34.20830154418945,-117.15013885498048,SAN BERNARDINO,UNINCORPORATED,-117.15016174316406,34.20832061767578
91070078,2019,2019-09-09,9865,2019-08-29,1527,014696,NA,4,2,9,3600,0,3,5,NA,2,002,RUNNING SPRINGS SCHOOL ROAD,PINE MANOR LANE,87,S,N,A,-,N,NA,NA,NA,NA,NA,NA,NA,NA,NA,N,3,0,2,1,A,-,08,22107,NA,N,E,I,A,A,H,-,A,D,0,NA,NA,NA,NA,Y,NA,A,01,0,2,0,0,0,0,0,0,0,-,-,34.19279861450195,-117.09343719482422,SAN BERNARDINO,UNINCORPORATED,-117.09343719482422,34.19274139404297
91072110,2019,2019-09-11,9855,2019-09-04,0230,018000,NA,3,3,6,3616,0,1,1,NA,2,203,SR-210 E/B (FOOTHILL FWY),ARCHIBALD AVE.,922,E,N,A,-,Y,NA,NA,210,NA,NA,NA,NA,NA,E,Y,4,0,1,1,A,-,08,22107,NA,N,E,I,A,A,H,-,C,D,0,NA,NA,NA,NA,Y,NA,A,01,0,0,1,0,0,0,0,0,0,-,-,34.13494110107422,-117.5903778076172,SAN BERNARDINO,RANCHO CUCAMONGA,-117.59039306640624,34.13515090942383
91072166,2019,2019-09-11,9855,2019-09-05,0845,013232,NA,4,1,6,3607,0,1,1,NA,2,103,INTERSTATE 10 WESTBOUND,HAVEN AVE.,2640,W,N,A,-,Y,NA,NA,10,NA,NA,NA,NA,NA,W,N,4,0,1,2,A,-,07,21658,A,N,B,C,A,A,H,-,A,D,0,NA,NA,Y,NA,Y,NA,C,02,0,0,1,0,0,0,0,0,0,-,-,34.067691802978516,-117.5832977294922,SAN BERNARDINO,ONTARIO,-117.5832977294922,34.06767272949219
91072200,2019,2019-09-11,9860,2019-09-02,0800,016651,NA,1,1,9,3600,0,3,5,NA,2,004,LOCUST AVE,7TH ST,98,N,N,B,-,Y,NA,NA,NA,NA,NA,NA,NA,NA,NA,Y,3,0,1,1,A,-,08,22107,NA,N,F,A,A,A,H,-,A,A,0,NA,NA,Y,NA,Y,NA,C,02,0,1,0,0,0,0,0,0,1,-,-,34.040828704833984,-117.40939331054688,SAN BERNARDINO,UNINCORPORATED,-117.4094696044922,34.04084777832031
91074353,2019,2019-09-13,9834,2019-09-11,1310,018755,NA,3,1,9,3600,0,1,1,NA,2,021,JOHN WILKIE MEMORIAL SAFETY REST AREA,GOFFS RD,7392,W,N,A,-,Y,NA,NA,NA,NA,NA,NA,NA,NA,NA,N,2,0,1,2,A,-,13,22515,A,N,H,J,A,A,H,-,A,D,0,NA,NA,NA,Y,Y,NA,A,07,1,0,0,0,0,0,0,0,0,-,-,34.80839157104492,-115.21913146972656,SAN BERNARDINO,UNINCORPORATED,NA,NA
91074625,2019,2019-09-13,9855,2019-09-11,1500,017506,NA,3,2,6,3604,0,1,1,NA,2,153,I-15 S/B (ONTARIO FWY),SR-210 W/B,800,N,N,A,-,Y,NA,NA,15,NA,NA,NA,NA,NA,S,Y,4,0,1,2,A,-,07,21658,A,N,B,C,A,A,H,-,A,D,0,NA,NA,NA,NA,Y,NA,A,07,0,0,1,0,0,0,0,0,0,-,-,34.142799377441406,-117.4884033203125,SAN BERNARDINO,FONTANA,-117.48842620849608,34.14282989501953
91074646,2019,2019-09-16,9860,2019-09-04,1315,016590,NA,3,1,4,3603,0,1,1,NA,2,214,I-215 N/B,IOWA AVE.,301,N,N,A,-,Y,NA,NA,215,NA,NA,NA,NA,NA,N,Y,4,0,1,3,A,-,03,22350,NA,M,C,C,A,A,H,-,A,D,0,NA,NA,NA,NA,Y,NA,A,01,0,0,1,0,0,0,0,0,0,-,-,34.02476119995117,-117.33441162109376,SAN BERNARDINO,COLTON,-117.33452606201172,34.024871826171875
91074732,2019,2019-09-16,9860,2019-09-05,1622,019484,NA,4,2,9,3600,0,1,1,NA,2,151,I-15 S/B,KENWOOD AVE,4224,S,N,A,-,Y,NA,NA,15,NA,NA,NA,NA,NA,S,Y,4,0,2,3,A,-,03,22350,NA,N,B,C,A,A,H,-,A,D,0,NA,NA,NA,NA,Y,NA,A,01,0,0,2,0,0,0,0,0,0,-,-,34.22993850708008,-117.41726684570313,SAN BERNARDINO,UNINCORPORATED,-117.41702270507813,34.23027038574219
91074736,2019,2019-09-16,9860,2019-09-05,1016,012988,NA,4,1,9,3600,0,1,1,NA,2,152,I-15 SOUTHBOUND,OAK HILL RD,7920,S,N,B,-,Y,NA,NA,15,NA,NA,NA,NA,NA,S,Y,4,0,1,2,A,-,07,21658,A,N,B,C,A,A,H,-,A,D,0,NA,NA,NA,Y,Y,NA,G,25,0,0,1,0,0,0,0,0,0,-,-,34.34600067138672,-117.45094299316406,SAN BERNARDINO,UNINCORPORATED,-117.45086669921876,34.34585952758789
91074853,2019,2019-09-16,9860,2019-09-09,1350,021363,NA,1,1,6,3610,0,1,1,NA,2,214,I-215 N/B,RIALTO AVE,40,S,N,A,-,Y,NA,NA,215,NA,NA,NA,NA,NA,N,N,4,0,1,1,C,-,18,NA,NA,N,E,J,A,A,H,-,A,D,0,NA,NA,NA,NA,Y,NA,-,-,0,0,1,0,0,0,0,0,0,-,-,34.100650787353516,-117.30174255371094,SAN BERNARDINO,SAN BERNARDINO,-117.30172729492188,34.100650787353516
91075612,2019,2019-09-16,9855,2019-09-08,1640,016051,NA,7,2,9,3600,0,3,5,NA,2,004,CENTRAL AVE.,MAITLAND STREET,0,NA,Y,A,-,N,NA,NA,NA,NA,NA,NA,NA,NA,NA,Y,3,0,1,2,A,-,09,21802,A,N,D,C,A,A,H,-,A,A,0,NA,NA,NA,NA,Y,NA,A,07,0,1,0,0,0,0,0,0,0,-,-,34.0537109375,-117.6892318725586,SAN BERNARDINO,UNINCORPORATED,-117.689453125,34.05363845825195
91075825,2019,2019-09-16,9855,2019-09-12,1550,018989,NA,4,2,5,3611,0,1,1,NA,2,103,I-10 W/B (SAN BERNARDINO FWY),EUCLID AVE.,250,W,N,A,-,Y,NA,NA,10,NA,NA,NA,NA,NA,W,Y,4,0,1,3,A,-,03,22350,NA,N,C,C,A,A,H,-,A,D,0,NA,NA,NA,NA,Y,NA,D,22,0,0,1,0,0,0,0,0,0,-,-,34.087398529052734,-117.652099609375,SAN BERNARDINO,UPLAND,-117.652099609375,34.087432861328125
91076061,2019,2019-09-17,9855,2019-09-06,0544,017704,NA,5,3,5,3602,0,1,3,NA,2,603,SR-60 E/B (POMONA FWY),MOUNTAIN AVE.,1500,E,N,A,-,Y,NA,NA,60,NA,NA,NA,NA,NA,E,Y,4,0,1,1,A,-,08,22107,NA,N,E,I,A,A,H,-,A,D,0,NA,NA,NA,NA,Y,NA,A,01,0,0,1,0,0,0,0,0,0,-,-,34.03036880493164,-117.66201782226563,SAN BERNARDINO,CHINO,-117.66201782226563,34.03028869628906
91076116,2019,2019-09-17,9855,2019-09-06,1459,017704,NA,5,2,6,3607,0,1,1,NA,2,101,I-10 W/B (SAN BERNARDINO FWY),MILLIKEN AVE.,2000,E,N,A,-,Y,NA,NA,10,NA,NA,NA,NA,NA,W,N,4,0,1,2,A,-,03,22350,NA,F,C,C,A,A,H,-,A,D,0,NA,NA,NA,NA,Y,NA,-,99,0,0,1,0,0,0,0,0,0,-,-,34.06752014160156,-117.5539779663086,SAN BERNARDINO,ONTARIO,-117.5539779663086,34.06754684448242