CASE_ID,ACCIDENT_YEAR,PROC_DATE,JURIS,COLLISION_DATE,COLLISION_TIME,OFFICER_ID,REPORTING_DISTRICT,DAY_OF_WEEK,CHP_SHIFT,POPULATION,CNTY_CITY_LOC,SPECIAL_COND,BEAT_TYPE,CHP_BEAT_TYPE,CITY_DIVISION_LAPD,CHP_BEAT_CLASS,BEAT_NUMBER,PRIMARY_RD,SECONDARY_RD,DISTANCE,DIRECTION,INTERSECTION,WEATHER_1,WEATHER_2,STATE_HWY_IND,CALTRANS_COUNTY,CALTRANS_DISTRICT,STATE_ROUTE,ROUTE_SUFFIX,POSTMILE_PREFIX,POSTMILE,LOCATION_TYPE,RAMP_INTERSECTION,SIDE_OF_HWY,TOW_AWAY,COLLISION_SEVERITY,NUMBER_KILLED,NUMBER_INJURED,PARTY_COUNT,PRIMARY_COLL_FACTOR,PCF_CODE_OF_VIOL,PCF_VIOL_CATEGORY,PCF_VIOLATION,PCF_VIOL_SUBSECTION,HIT_AND_RUN,TYPE_OF_COLLISION,MVIW,PED_ACTION,ROAD_SURFACE,ROAD_COND_1,ROAD_COND_2,LIGHTING,CONTROL_DEVICE,CHP_ROAD_TYPE,PEDESTRIAN_ACCIDENT,BICYCLE_ACCIDENT,MOTORCYCLE_ACCIDENT,TRUCK_ACCIDENT,NOT_PRIVATE_PROPERTY,ALCOHOL_INVOLVED,STWD_VEHTYPE_AT_FAULT,CHP_VEHTYPE_AT_FAULT,COUNT_SEVERE_INJ,COUNT_VISIBLE_INJ,COUNT_COMPLAINT_PAIN,COUNT_PED_KILLED,COUNT_PED_INJURED,COUNT_BICYCLIST_KILLED,COUNT_BICYCLIST_INJURED,COUNT_MC_KILLED,COUNT_MC_INJURED,PRIMARY_RAMP,SECONDARY_RAMP,LATITUDE,LONGITUDE,COUNTY,CITY,POINT_X,POINT_Y
91287383,2020,2020-08-17,9835,2020-08-08,1215,022078,NA,6,1,9,3600,0,1,1,NA,2,074,I-15 S/B,ZZYZX RD,6494,N,N,A,-,Y,NA,NA,15,NA,NA,NA,NA,NA,S,Y,4,0,1,1,A,-,08,22107,NA,N,E,I,A,A,H,-,A,D,0,NA,NA,NA,NA,Y,NA,A,07,0,0,1,0,0,0,0,0,0,-,-,35.201229095458984,-116.12103271484376,SAN BERNARDINO,UNINCORPORATED,-116.12098693847656,35.20118713378906
91287819,2020,2020-08-18,9855,2020-08-07,1742,020161,NA,5,2,4,3605,0,1,1,NA,2,103,I-10 E/B TO MONTE VISTA AVENUE,MONTE VISTA AVE.,30,W,N,A,-,Y,NA,NA,10,NA,NA,NA,R,NA,E,Y,4,0,1,2,A,-,08,22107,NA,N,C,A,A,A,H,-,A,D,0,NA,NA,NA,NA,Y,NA,A,01,0,0,1,0,0,0,0,0,0,-,-,34.08135986328125,-117.69841003417967,SAN BERNARDINO,MONTCLAIR,-117.69841003417967,34.08135986328125
91288083,2020,2020-08-18,9850,2020-08-10,1914,021758,NA,1,2,5,3612,0,1,1,NA,2,083,I-15 S/B TO ROY ROGERS DR OFF-RAMP,ROY ROGERS DR,247,S,N,A,-,Y,NA,NA,15,NA,NA,NA,R,NA,S,Y,2,0,1,1,A,-,01,23152,A,N,E,I,A,A,H,-,A,D,0,NA,NA,NA,NA,Y,Y,A,01,1,0,0,0,0,0,0,0,0,-,-,34.52014923095703,-117.32025146484376,SAN BERNARDINO,VICTORVILLE,-117.32025146484376,34.52014923095703
91288370,2020,2020-08-18,9870,2020-08-13,0930,016935,NA,4,1,9,3600,0,2,4,NA,2,042,AMBOY ROAD,RADLEY ROAD,451,W,N,A,-,N,NA,NA,NA,NA,NA,NA,NA,NA,NA,Y,3,0,1,1,A,-,08,22107,NA,N,E,I,A,A,D,-,A,D,0,NA,NA,NA,NA,Y,NA,A,07,0,1,0,0,0,0,0,0,0,-,-,34.165428161621094,-115.76268768310548,SAN BERNARDINO,UNINCORPORATED,NA,NA
91289530,2020,2020-08-20,9855,2020-08-11,1742,020006,NA,2,2,6,3607,0,1,1,NA,2,103,I-10 E/B (SAN BERNARDINO FWY),VINEYARD AVE.,2300,W,N,A,-,Y,NA,NA,10,NA,NA,NA,NA,NA,E,N,4,0,1,2,A,-,03,22350,NA,N,C,C,A,A,H,-,A,D,0,NA,NA,NA,NA,Y,NA,A,01,0,0,1,0,0,0,0,0,0,-,-,34.07324981689453,-117.61602783203124,SAN BERNARDINO,ONTARIO,-117.61600494384766,34.07328796386719
91289549,2020,2020-08-20,9870,2020-08-18,1347,018467,NA,2,1,9,3600,0,2,4,NA,2,032,ALTA LOMA DRIVE,SUNSET ROAD,0,NA,Y,B,-,N,NA,NA,NA,NA,NA,NA,NA,NA,NA,Y,4,0,1,2,A,-,12,22450,A,N,D,C,A,B,H,-,A,A,0,NA,NA,NA,NA,Y,NA,A,01,0,0,1,0,0,0,0,0,0,-,-,34.120399475097656,-116.31800079345705,SAN BERNARDINO,UNINCORPORATED,-116.31803131103516,34.12042999267578
91289937,2020,2020-08-21,9860,2020-08-16,1558,018275,NA,7,2,9,3600,0,3,5,NA,2,002,MACY STREET,MESA STREET,0,NA,Y,A,-,N,NA,NA,NA,NA,NA,NA,NA,NA,NA,Y,4,0,3,2,A,-,12,22450,A,N,D,C,A,A,H,-,A,A,0,NA,NA,NA,NA,Y,NA,A,01,0,0,3,0,0,0,0,0,0,-,-,34.13969039916992,-117.33985137939452,SAN BERNARDINO,UNINCORPORATED,-117.33985137939452,34.139678955078125
91289942,2020,2020-08-21,9860,2020-08-14,1608,020282,NA,5,2,5,3608,0,1,1,NA,2,104,I-10 EB TO SR-210 WB,LUGONIA AVE,82,E,N,A,-,Y,NA,NA,NA,NA,NA,NA,NA,NA,NA,N,4,0,1,2,A,-,07,21658,A,N,B,C,A,A,H,-,A,D,0,NA,NA,NA,NA,Y,NA,A,01,0,0,1,0,0,0,0,0,0,-,-,34.06990051269531,-117.20143127441406,SAN BERNARDINO,REDLANDS,NA,NA
91290033,2020,2020-08-21,9860,2020-08-08,0032,022103,NA,6,3,6,3610,0,1,1,NA,2,216,I-215 S/B,9TH ST,150,N,N,A,-,Y,NA,NA,215,NA,NA,NA,NA,NA,S,Y,2,0,1,3,A,-,01,23152,A,N,C,C,A,A,H,-,C,D,0,NA,NA,NA,Y,Y,Y,A,07,1,0,0,0,0,0,0,0,0,-,-,34.116241455078125,-117.30294799804688,SAN BERNARDINO,SAN BERNARDINO,-117.30297088623048,34.116241455078125
91291349,2020,2020-08-24,9865,2020-08-16,0925,018392,NA,7,1,9,3600,0,1,3,NA,2,045,SR-38,JENKS LAKE ROAD EAST,528,E,N,A,-,Y,NA,NA,38,NA,NA,NA,NA,NA,NA,N,3,0,1,1,D,-,00,NA,NA,N,F,A,A,A,H,-,A,D,0,NA,NA,Y,NA,Y,NA,-,-,0,1,0,0,0,0,0,0,1,-,-,34.173789978027344,-116.84642028808594,SAN BERNARDINO,UNINCORPORATED,-116.84642791748048,34.17383575439453
91291831,2020,2020-08-25,9860,2020-08-15,0050,021229,NA,6,3,6,3610,0,1,1,NA,2,216,I-215 N/B,BASELINE ST,528,N,N,A,-,Y,NA,NA,215,NA,NA,NA,NA,NA,N,Y,3,0,1,1,A,-,01,23152,A,N,E,I,A,A,H,-,C,D,0,NA,NA,NA,NA,Y,Y,A,01,0,1,0,0,0,0,0,0,0,-,-,34.123199462890625,-117.30242156982422,SAN BERNARDINO,SAN BERNARDINO,-117.30249786376952,34.123199462890625
91293378,2020,2020-08-27,9860,2020-08-14,1610,019674,NA,5,2,4,3640,0,1,1,NA,2,105,I-10 E/B,YUCAIPA BLVD,2640,W,N,A,-,Y,NA,NA,10,NA,NA,NA,NA,NA,E,Y,4,0,1,2,A,-,03,22350,NA,N,B,C,A,A,H,-,A,D,0,NA,NA,Y,NA,Y,NA,C,02,0,0,1,0,0,0,0,0,1,-,-,34.0283203125,-117.12763214111328,SAN BERNARDINO,YUCAIPA,-117.12762451171876,34.02832794189453
91293411,2020,2020-08-27,9855,2020-08-18,0525,018313,NA,2,3,6,3607,0,1,1,NA,2,103,I-10 E/B (SAN BERNARDINO FWY),ARCHIBALD AVE.,1500,E,N,A,-,Y,NA,NA,10,NA,NA,NA,NA,NA,E,Y,4,0,1,2,A,-,07,21658,A,F,B,C,A,A,H,-,B,D,0,NA,NA,NA,NA,Y,NA,-,99,0,0,1,0,0,0,0,0,0,-,-,34.06740951538086,-117.5888900756836,SAN BERNARDINO,ONTARIO,-117.5888900756836,34.067527770996094
91295749,2020,2020-08-31,9860,2020-08-27,1330,020282,NA,4,1,3,3690,0,1,1,NA,2,214,I-215 N/B,BARTON RD,1584,S,N,A,-,Y,NA,NA,215,NA,NA,NA,NA,NA,N,N,4,0,2,2,A,-,07,21658,A,N,B,C,A,A,H,-,A,D,0,NA,NA,NA,NA,Y,NA,A,01,0,0,2,0,0,0,0,0,0,-,-,34.03023147583008,-117.32893371582033,SAN BERNARDINO,GRAND TERRACE,-117.32894897460938,34.03024673461914
91296814,2020,2020-09-01,9850,2020-08-21,0955,017377,NA,5,1,9,3600,0,2,4,NA,2,057,SHEEP CREEK ROAD,BEGONIA ROAD,47,S,N,A,-,N,NA,NA,NA,NA,NA,NA,NA,NA,NA,Y,4,0,1,1,A,-,08,22107,NA,N,E,I,A,A,H,-,A,D,0,NA,NA,NA,NA,Y,NA,A,01,0,0,1,0,0,0,0,0,0,-,-,34.50971984863281,-117.57280731201172,SAN BERNARDINO,UNINCORPORATED,-117.57285308837892,34.50981140136719
91296849,2020,2020-09-01,9855,2020-08-23,0545,018335,NA,7,3,6,3604,0,1,1,NA,2,101,I-10 E/B (SAN BERNARDINO FWY),CHERRY AVE.,50,E,N,A,-,Y,NA,NA,10,NA,NA,NA,NA,NA,E,Y,3,0,1,1,A,-,08,22107,NA,N,E,I,A,A,H,-,B,D,0,NA,NA,NA,NA,Y,NA,A,07,0,1,0,0,0,0,0,0,0,-,-,34.06597137451172,-117.48809814453124,SAN BERNARDINO,FONTANA,-117.48809814453124,34.06604766845703
91298849,2020,2020-09-04,9855,2020-08-29,2150,020913,NA,6,2,6,3604,0,1,1,NA,2,153,I-15 N/B (ONTARIO FWY),DUNCAN CANYON RD.,2000,S,N,A,-,Y,NA,NA,15,NA,NA,NA,NA,NA,N,Y,4,0,2,3,A,-,03,22350,NA,N,C,C,A,A,H,-,D,D,0,NA,NA,NA,NA,Y,NA,A,01,0,0,2,0,0,0,0,0,0,-,-,34.15871810913086,-117.46869659423828,SAN BERNARDINO,FONTANA,-117.4687042236328,34.15872573852539
9130141,2020,2020-11-04,3605,2020-07-04,2500,400,NA,6,5,4,3605,0,0,0,NA,0,NA,EARNHAROT WY,GREENWOOD AV,16,W,N,A,-,N,NA,NA,NA,NA,NA,NA,NA,NA,NA,Y,3,0,1,1,A,-,08,22107,NA,M,F,I,A,A,H,-,C,D,0,NA,NA,NA,NA,Y,NA,A,01,0,1,0,0,0,0,0,0,0,-,-,NA,NA,SAN BERNARDINO,MONTCLAIR,NA,NA
91302737,2020,2020-09-11,9870,2020-09-03,1820,019709,NA,4,2,9,3600,0,3,5,NA,2,003,ABERDEEN DRIVE,YUCCA MESA ROAD,5,E,N,A,-,N,NA,NA,NA,NA,NA,NA,NA,NA,NA,Y,4,0,1,2,A,-,08,22107,NA,N,A,C,A,A,H,-,A,D,0,NA,NA,NA,NA,Y,NA,D,22,0,0,1,0,0,0,0,0,0,-,-,34.19300842285156,-116.36940002441406,SAN BERNARDINO,UNINCORPORATED,-116.369384765625,34.19300842285156
91304471,2020,2020-09-14,9835,2020-09-06,2320,021399,NA,7,3,9,3600,0,1,1,NA,2,045,I-40 E/B,HECTOR RD,15893,E,N,A,-,Y,NA,NA,40,NA,NA,NA,NA,NA,E,Y,4,0,3,1,A,-,08,22107,NA,N,F,A,A,A,H,-,D,D,0,NA,NA,NA,NA,Y,NA,D,22,0,0,3,0,0,0,0,0,0,-,-,34.779598236083984,-116.39980316162108,SAN BERNARDINO,UNINCORPORATED,-116.3997802734375,34.77969741821289
91305026,2020,2020-09-15,9855,2020-09-03,0700,014980,NA,4,1,5,3602,0,1,3,NA,2,603,SR-60 W/B (POMONA FWY),EUCLID AVE.,3000,W,N,A,-,Y,NA,NA,60,NA,NA,NA,NA,NA,W,Y,4,0,2,4,A,-,03,22350,NA,N,C,C,A,A,H,-,A,D,0,NA,NA,NA,NA,Y,NA,D,22,0,0,2,0,0,0,0,0,0,-,-,34.030540466308594,-117.660400390625,SAN BERNARDINO,CHINO,-117.660400390625,34.03049850463867
91305912,2020,2020-09-16,9860,2020-09-09,0550,014829,NA,3,3,9,3600,0,1,1,NA,2,152,I-15 S/B,SR-138,1056,S,N,A,-,Y,NA,NA,15,NA,NA,NA,NA,NA,S,N,4,0,1,2,A,-,03,22350,NA,N,C,C,A,A,H,-,D,D,0,NA,NA,NA,NA,Y,NA,A,01,0,0,1,0,0,0,0,0,0,-,-,34.30175018310547,-117.46051025390624,SAN BERNARDINO,UNINCORPORATED,-117.46035003662108,34.30189514160156
91305933,2020,2020-09-16,9850,2020-09-08,0800,017377,NA,2,1,5,3619,0,1,1,NA,2,082,INTERSTATE 15 NORTHBOUND,MAIN STREET,674,N,N,A,-,Y,NA,NA,15,NA,NA,NA,NA,NA,N,Y,3,0,1,1,A,-,08,22107,NA,N,F,A,A,A,H,-,A,D,0,NA,NA,NA,NA,Y,NA,A,07,0,1,0,0,0,0,0,0,0,-,-,34.428489685058594,-117.37879943847656,SAN BERNARDINO,HESPERIA,-117.37885284423828,34.428531646728516
9130628,2020,2020-11-05,3610,2020-06-18,0935,50584,NA,4,5,6,3610,0,0,0,NA,0,DAVID,E CENTRAL AV,TIPPECANOE AV,223,E,N,B,-,N,NA,NA,NA,NA,NA,NA,NA,NA,NA,Y,4,0,1,2,A,-,03,22350,NA,F,C,C,A,A,H,-,A,A,0,NA,NA,NA,NA,Y,Y,A,01,0,0,1,0,0,0,0,0,0,-,-,34.08665084838867,-117.24790191650392,SAN BERNARDINO,SAN BERNARDINO,-117.259033203125,34.08586120605469
91306713,2020,2020-09-17,9860,2020-09-10,1935,021980,NA,4,2,6,3610,0,1,1,NA,2,201,SR-210 E/B,CAJON BLVD,370,W,N,A,-,Y,NA,NA,210,NA,NA,NA,NA,NA,E,Y,4,0,1,2,A,-,03,22350,NA,N,C,C,A,A,H,-,D,D,0,NA,NA,NA,Y,Y,NA,A,01,0,0,1,0,0,0,0,0,0,-,-,34.14191818237305,-117.32235717773438,SAN BERNARDINO,SAN BERNARDINO,-117.32237243652344,34.14193344116211
91307607,2020,2020-09-21,9860,2020-09-09,1640,020426,NA,3,2,6,3610,0,1,1,NA,2,216,I-215 N/B,MASSACHUSETTS AVE,150,N,N,A,-,Y,NA,NA,215,NA,NA,NA,NA,NA,N,Y,4,0,1,3,A,-,07,21658,A,N,B,C,A,A,H,-,A,D,0,NA,NA,NA,NA,Y,NA,A,08,0,0,1,0,0,0,0,0,0,-,-,34.13343811035156,-117.30874633789063,SAN BERNARDINO,SAN BERNARDINO,-117.30870819091795,34.13349151611328
91307617,2020,2020-09-21,9860,2020-08-02,1920,020051,NA,7,2,9,3600,0,3,5,NA,2,002,MACY ST,BLAKE ST,250,N,N,A,-,N,NA,NA,NA,NA,NA,NA,NA,NA,NA,Y,4,0,1,4,A,-,08,22107,NA,F,H,G,A,A,H,-,B,D,0,NA,Y,NA,NA,Y,NA,A,01,0,0,1,0,0,0,1,0,0,-,-,34.15129089355469,-117.3397979736328,SAN BERNARDINO,UNINCORPORATED,-117.33985137939452,34.1512336730957
91307843,2020,2020-09-21,9860,2020-09-12,2220,021169,NA,6,3,5,3609,0,1,1,NA,2,103,I-10 E/B,PEPPER AVE,1830,W,N,A,-,Y,NA,NA,NA,NA,NA,NA,NA,NA,NA,Y,4,0,2,2,A,-,01,23152,A,N,C,C,A,A,H,-,C,D,0,NA,NA,NA,NA,Y,Y,A,01,0,0,2,0,0,0,0,0,0,-,-,34.068721771240234,-117.35926818847656,SAN BERNARDINO,RIALTO,-117.35900115966795,34.06876754760742
91313312,2020,2020-09-28,9860,2020-09-27,0745,019321,NA,7,1,9,3600,0,1,1,NA,2,152,I-15 S/B,SR-138,16896,N,N,A,-,Y,NA,NA,15,NA,NA,NA,NA,NA,S,Y,4,0,1,1,A,-,08,22107,NA,N,F,A,A,A,H,-,A,D,0,NA,NA,Y,NA,Y,NA,C,02,0,0,1,0,0,0,0,0,1,-,-,34.346920013427734,-117.46791076660156,SAN BERNARDINO,UNINCORPORATED,-117.46795654296876,34.346824645996094
91313956,2020,2020-09-29,9855,2020-09-18,0445,021483,NA,5,3,6,3604,0,1,1,NA,2,153,I-15 N/B (ONTARIO FWY),DUNCAN CANYON RD.,750,S,N,A,-,Y,NA,NA,15,NA,NA,NA,NA,NA,N,Y,3,0,1,2,A,-,03,22350,NA,N,C,C,A,A,H,-,C,D,0,NA,NA,NA,Y,Y,Y,A,01,0,1,0,0,0,0,0,0,0,-,-,34.16381072998047,-117.46244049072266,SAN BERNARDINO,FONTANA,-117.46247863769533,34.16386032104492
9131513,2020,2020-09-30,3604,2020-07-17,0916,1349,NA,5,5,6,3604,0,0,0,NA,0,NA,CITRUS  AV,SLOVER AV,186,N,N,A,-,N,NA,NA,NA,NA,NA,NA,NA,NA,NA,N,3,0,1,2,A,-,08,22107,NA,N,B,G,A,A,H,-,A,A,0,NA,Y,NA,NA,Y,NA,E,22,0,1,0,0,0,0,1,0,0,-,-,NA,NA,SAN BERNARDINO,FONTANA,-117.45382690429688,34.063507080078125
91315210,2020,2020-09-30,9835,2020-09-29,0615,021113,NA,2,1,9,3600,0,1,1,NA,2,072,I-15 N/B,CALICO BLVD,7286,S,N,A,-,Y,NA,NA,15,NA,NA,NA,NA,NA,N,Y,4,0,2,1,A,-,08,22107,NA,N,E,I,A,A,H,-,B,D,0,NA,NA,NA,NA,Y,NA,A,01,0,0,2,0,0,0,0,0,0,-,-,34.90610885620117,-116.85997772216795,SAN BERNARDINO,UNINCORPORATED,-116.8599853515625,34.90614318847656
91317225,2020,2020-10-05,9860,2020-09-22,1255,017098,NA,2,1,9,3600,0,3,5,NA,2,004,LOCUST AVE,HAWTHORNE AVE,250,N,N,A,-,N,NA,NA,NA,NA,NA,NA,NA,NA,NA,Y,3,0,1,2,A,-,09,21801,A,N,A,C,A,A,H,-,A,D,0,NA,NA,NA,NA,Y,NA,A,07,0,1,0,0,0,0,0,0,0,-,-,34.08243942260742,-117.40959930419922,SAN BERNARDINO,UNINCORPORATED,-117.40956115722656,34.081974029541016
91318098,2020,2020-10-06,9855,2020-09-29,1609,015919,NA,2,2,6,3607,0,1,1,NA,2,101,I-10 E/B (SAN BERNARDINO FWY),I-15,1900,E,N,A,-,Y,NA,NA,10,NA,NA,NA,NA,NA,E,N,4,0,1,2,A,-,03,22350,NA,N,C,C,A,A,H,-,A,D,0,NA,NA,NA,NA,Y,NA,A,01,0,0,1,0,0,0,0,0,0,-,-,34.06731033325195,-117.53890228271484,SAN BERNARDINO,ONTARIO,-117.53890228271484,34.06730270385742
91320631,2020,2020-10-09,9850,2020-10-03,2210,021516,NA,6,3,9,3600,0,3,5,NA,2,006,LONE PINE CANYON RD,VIRGININA ST.,330,N,N,A,-,N,NA,NA,NA,NA,NA,NA,NA,NA,NA,Y,3,0,1,1,A,-,01,23152,A,N,E,I,A,A,H,-,D,D,0,NA,NA,NA,NA,Y,Y,A,01,0,1,0,0,0,0,0,0,0,-,-,34.3573112487793,-117.62429809570313,SAN BERNARDINO,UNINCORPORATED,-117.624264,34.357334
91321024,2020,2020-10-09,9860,2020-10-06,1200,016590,NA,2,1,6,3610,0,1,1,NA,2,214,I-215 N/B,INLAND CENTER DR.,600,S,N,B,-,Y,NA,NA,215,NA,NA,NA,NA,NA,N,Y,4,0,1,1,A,-,08,22107,NA,F,E,I,A,A,H,-,A,D,0,NA,NA,NA,NA,Y,NA,A,01,0,0,1,0,0,0,0,0,0,-,-,34.08681106567383,-117.30182647705078,SAN BERNARDINO,SAN BERNARDINO,-117.30162048339844,34.086856842041016
91321381,2020,2020-10-12,9860,2020-10-08,1845,020533,NA,4,2,9,3600,0,1,1,NA,2,102,I-10 E/B,CEDAR AVE,5280,W,N,A,-,Y,NA,NA,10,NA,NA,NA,NA,NA,E,N,4,0,1,2,A,-,03,22350,NA,N,C,C,A,A,H,-,B,D,0,NA,NA,NA,NA,Y,NA,A,08,0,0,1,0,0,0,0,0,0,-,-,34.067588806152344,-117.41303253173828,SAN BERNARDINO,UNINCORPORATED,-117.41302490234376,34.06752395629883
91321480,2020,2020-10-12,9860,2020-10-02,2240,022103,NA,5,3,9,3600,0,3,5,NA,2,002,N. 4TH AVE,W. HILL DR,465,S,N,A,-,N,NA,NA,NA,NA,NA,NA,NA,NA,NA,Y,3,0,1,3,A,-,01,23152,A,N,B,E,A,A,H,-,C,D,0,NA,NA,NA,NA,Y,Y,A,01,0,1,0,0,0,0,0,0,0,-,-,34.17417907714844,-117.30924224853516,SAN BERNARDINO,UNINCORPORATED,-117.30927276611328,34.174198150634766
91322650,2020,2020-10-13,9860,2020-09-30,1553,019725,NA,3,2,9,3600,0,3,5,NA,2,004,ORANGE ST,CEDAR AVE,50,W,N,A,-,N,NA,NA,NA,NA,NA,NA,NA,NA,NA,N,4,0,1,2,A,-,21,22106,NA,N,C,C,A,A,H,-,A,A,0,NA,NA,NA,NA,Y,NA,D,22,0,0,1,0,0,0,0,0,0,-,-,34.06501007080078,-117.39682006835938,SAN BERNARDINO,UNINCORPORATED,-117.3966064453125,34.06499099731445
91323453,2020,2020-11-13,9835,2020-10-13,1300,021824,NA,2,1,9,3600,0,1,1,NA,2,075,I-15 S/B,E BAKER BLVD,25608,N,N,A,-,Y,NA,NA,15,NA,NA,NA,NA,NA,S,Y,4,0,1,1,C,-,18,NA,NA,N,F,A,A,A,H,-,A,D,0,NA,NA,Y,NA,Y,NA,-,-,0,0,1,0,0,0,0,0,1,-,-,35.320701599121094,-115.98789978027344,SAN BERNARDINO,UNINCORPORATED,-115.98790740966795,35.320709228515625
91324396,2020,2020-10-15,9850,2020-10-13,1845,021878,NA,2,2,5,3612,0,3,5,NA,2,005,ANACAPA ROAD,DEL GADO ROAD,0,NA,Y,A,-,N,NA,NA,NA,NA,NA,NA,NA,NA,NA,Y,3,0,1,2,A,-,01,23152,A,F,D,C,A,A,H,-,D,A,0,NA,NA,NA,NA,Y,Y,A,08,0,1,0,0,0,0,0,0,0,-,-,34.50497817993164,-117.34268188476563,SAN BERNARDINO,VICTORVILLE,-117.34271240234376,34.50497817993164
9132482,2020,2020-11-16,3600,2020-06-26,1706,G7660,HI005,5,5,4,3618,0,0,0,NA,0,HI1,9TH ST,MCKINLEY ST,0,NA,Y,A,-,N,NA,NA,NA,NA,NA,NA,NA,NA,NA,N,4,0,1,2,A,-,09,21802,A,N,D,-,A,-,-,-,A,D,0,NA,NA,NA,NA,Y,NA,A,01,0,0,1,0,0,0,0,0,0,-,-,34.11574172973633,-117.23751831054688,SAN BERNARDINO,HIGHLAND,-117.23748016357422,34.11573028564453
91326262,2020,2020-10-19,9855,2020-10-11,1922,021156,NA,7,2,6,3616,0,1,1,NA,2,152,I-15 S/B (ONTARIO FWY),4TH ST.,2640,N,N,A,-,Y,NA,NA,15,NA,NA,NA,NA,NA,S,Y,4,0,1,2,A,-,07,21658,A,F,B,C,A,A,H,-,C,D,0,NA,NA,NA,NA,Y,NA,-,99,0,0,1,0,0,0,0,0,0,-,-,34.093299865722656,-117.54369354248048,SAN BERNARDINO,RANCHO CUCAMONGA,-117.54368591308594,34.093299865722656
91327268,2020,2020-10-20,9860,2020-10-16,1645,021371,NA,5,2,6,3610,0,1,1,NA,2,214,I-215 N/B,ORANGE SHOW RD,2050,S,N,A,-,Y,NA,NA,215,NA,NA,NA,NA,NA,N,Y,4,0,1,3,A,-,03,22350,NA,N,C,C,A,A,H,-,A,D,0,NA,NA,NA,NA,Y,NA,A,01,0,0,1,0,0,0,0,0,0,-,-,34.07249069213867,-117.29541778564452,SAN BERNARDINO,SAN BERNARDINO,-117.29548645019533,34.07249450683594
91327734,2020,2020-10-21,9855,2020-10-10,2055,019675,NA,6,2,6,3604,0,1,1,NA,2,201,SR-210 E/B (FOOTHILL FWY),CHERRY AVE.,375,W,N,A,-,Y,NA,NA,210,NA,NA,NA,NA,NA,E,Y,3,0,1,1,A,-,01,23152,A,N,E,I,A,A,H,-,D,D,0,NA,NA,NA,NA,Y,Y,D,22,0,1,0,0,0,0,0,0,0,-,-,34.136131286621094,-117.48860931396484,SAN BERNARDINO,FONTANA,-117.48860931396484,34.13625717163086
91330827,2020,2020-10-26,9860,2020-10-16,1840,021371,NA,5,2,6,3610,0,1,1,NA,2,202,SR-210 W/B,E ST,200,W,N,A,-,Y,NA,NA,210,NA,NA,NA,NA,NA,W,Y,4,0,1,3,A,-,07,21658,A,F,B,C,A,A,C,-,C,D,0,NA,NA,NA,NA,Y,NA,A,01,0,0,1,0,0,0,0,0,0,-,-,34.145721435546875,-117.294921875,SAN BERNARDINO,SAN BERNARDINO,-117.294921875,34.14573287963867
91331704,2020,2020-10-26,9860,2020-10-18,1611,020533,NA,7,2,6,3610,0,1,1,NA,2,103,I-10 E/B,WATERMAN AVE,100,W,N,A,-,Y,NA,NA,10,NA,NA,NA,NA,NA,E,Y,4,0,1,3,A,-,03,22350,NA,N,C,C,A,A,H,-,A,D,0,NA,NA,NA,NA,Y,NA,A,01,0,0,1,0,0,0,0,0,0,-,-,34.06412124633789,-117.27921295166016,SAN BERNARDINO,SAN BERNARDINO,-117.27921295166016,34.064109802246094
91332279,2020,2020-10-27,9835,2020-10-16,0140,017111,NA,5,3,9,3600,0,1,1,NA,2,074,I-15 S/B,RASOR RD.,9979,N,N,A,-,Y,NA,NA,15,NA,NA,NA,NA,NA,S,Y,3,0,1,1,A,-,01,23152,A,N,F,A,A,A,H,-,D,D,0,NA,NA,NA,NA,Y,Y,A,01,0,1,0,0,0,0,0,0,0,-,-,35.15679931640625,-116.19059753417967,SAN BERNARDINO,UNINCORPORATED,-116.19058990478516,35.15679168701172
91332893,2020,2020-10-28,9850,2020-10-17,1410,022256,NA,6,2,9,3600,0,1,1,NA,2,084,I-15 N/B,QUARRY RD,465,S,N,A,-,Y,NA,NA,15,NA,NA,NA,NA,NA,N,Y,2,0,2,1,A,-,08,22107,NA,N,E,I,A,A,H,-,A,D,0,NA,NA,NA,NA,Y,NA,A,01,2,0,0,0,0,0,0,0,0,-,-,34.57746124267578,-117.27140808105467,SAN BERNARDINO,UNINCORPORATED,-117.27134704589844,34.5774040222168