CASE_ID,ACCIDENT_YEAR,PROC_DATE,JURIS,COLLISION_DATE,COLLISION_TIME,OFFICER_ID,REPORTING_DISTRICT,DAY_OF_WEEK,CHP_SHIFT,POPULATION,CNTY_CITY_LOC,SPECIAL_COND,BEAT_TYPE,CHP_BEAT_TYPE,CITY_DIVISION_LAPD,CHP_BEAT_CLASS,BEAT_NUMBER,PRIMARY_RD,SECONDARY_RD,DISTANCE,DIRECTION,INTERSECTION,WEATHER_1,WEATHER_2,STATE_HWY_IND,CALTRANS_COUNTY,CALTRANS_DISTRICT,STATE_ROUTE,ROUTE_SUFFIX,POSTMILE_PREFIX,POSTMILE,LOCATION_TYPE,RAMP_INTERSECTION,SIDE_OF_HWY,TOW_AWAY,COLLISION_SEVERITY,NUMBER_KILLED,NUMBER_INJURED,PARTY_COUNT,PRIMARY_COLL_FACTOR,PCF_CODE_OF_VIOL,PCF_VIOL_CATEGORY,PCF_VIOLATION,PCF_VIOL_SUBSECTION,HIT_AND_RUN,TYPE_OF_COLLISION,MVIW,PED_ACTION,ROAD_SURFACE,ROAD_COND_1,ROAD_COND_2,LIGHTING,CONTROL_DEVICE,CHP_ROAD_TYPE,PEDESTRIAN_ACCIDENT,BICYCLE_ACCIDENT,MOTORCYCLE_ACCIDENT,TRUCK_ACCIDENT,NOT_PRIVATE_PROPERTY,ALCOHOL_INVOLVED,STWD_VEHTYPE_AT_FAULT,CHP_VEHTYPE_AT_FAULT,COUNT_SEVERE_INJ,COUNT_VISIBLE_INJ,COUNT_COMPLAINT_PAIN,COUNT_PED_KILLED,COUNT_PED_INJURED,COUNT_BICYCLIST_KILLED,COUNT_BICYCLIST_INJURED,COUNT_MC_KILLED,COUNT_MC_INJURED,PRIMARY_RAMP,SECONDARY_RAMP,LATITUDE,LONGITUDE,COUNTY,CITY,POINT_X,POINT_Y
92206056,2023,2023-10-23,9855,2023-10-11,2342,022510,NA,3,3,6,3607,0,1,1,NA,2,152,I-15 N/B (ONTARIO FWY),JURUPA ST,1584,S,N,A,-,Y,SBD,NA,15,NA,NA,0.715,H,NA,R,Y,4,0,1,2,A,-,07,21658,A,N,C,C,A,A,H,-,D,D,0,NA,NA,NA,Y,Y,NA,A,01,0,0,1,0,0,0,0,0,0,-,-,34.04378890991211,-117.5500030517578,SAN BERNARDINO,ONTARIO,-117.55015563964844,34.04378890991211
92207228,2023,2023-10-24,9860,2023-10-15,1225,021451,NA,7,1,6,3610,0,1,1,NA,2,103,I-10 W/B,WATERMAN AVE,900,W,N,A,-,Y,SBD,NA,10,NA,NA,25.095,H,NA,L,Y,4,0,2,7,A,-,03,22350,NA,M,C,C,A,A,H,-,A,D,0,NA,NA,NA,NA,Y,NA,A,01,0,0,2,0,0,0,0,0,0,-,-,34.064208984375,-117.28188323974608,SAN BERNARDINO,SAN BERNARDINO,-117.28187561035156,34.06420135498047
92207379,2023,2023-10-24,9860,2023-10-17,840,016536,NA,2,1,9,3600,0,1,1,NA,2,106,I-10 EASTBOUND,WILDWOOD CANYON ROAD,2534,E,N,A,-,Y,SBD,NA,10,NA,R,38.717,H,NA,R,Y,4,0,1,3,A,-,07,21658,A,N,B,C,A,A,H,-,A,D,0,NA,NA,NA,Y,Y,NA,G,25,0,0,1,0,0,0,0,0,0,-,-,34.00965881347656,-117.06868743896484,SAN BERNARDINO,UNINCORPORATED,-117.06869506835938,34.00965881347656
92208133,2023,2023-10-25,9855,2023-10-05,1320,021543,NA,4,1,6,3607,0,1,1,NA,2,152,I-15 S/B (ONTARIO FWY),JURUPA AVE.,1584,N,N,A,-,Y,SBD,NA,15,NA,NA,1.454,H,NA,L,Y,3,0,1,2,A,-,03,22350,NA,N,F,C,A,A,H,-,A,D,0,NA,NA,Y,Y,Y,NA,C,02,0,1,0,0,0,0,0,0,1,-,-,34.054100036621094,-117.54753112792967,SAN BERNARDINO,ONTARIO,-117.54759216308594,34.05411911010742
92208287,2023,2023-10-25,9835,2023-07-16,2040,022846,NA,7,2,3,3601,0,1,1,NA,2,070,I-15,OUTLET CENTER DR,4752,N,N,A,-,Y,SBD,NA,15,NA,NA,66.622,H,NA,R,Y,1,1,0,1,A,-,08,22107,NA,N,F,A,A,A,H,-,D,D,0,NA,NA,NA,NA,Y,NA,A,07,0,0,0,0,0,0,0,0,0,-,-,34.82271957397461,-117.09358215332033,SAN BERNARDINO,BARSTOW,-117.09366607666016,34.82273483276367
92209363,2023,2023-10-26,9860,2023-09-27,730,014963,NA,3,1,4,3603,0,1,1,NA,2,103,I-10 E/B TO MT. VERNON AVE.,MT. VERNON AVE.,30,W,N,A,-,Y,SBD,NA,10,NA,R,23.259,H,NA,R,Y,4,0,1,1,A,-,08,22107,NA,N,E,I,A,A,H,-,A,D,0,NA,NA,NA,NA,Y,NA,A,01,0,0,1,0,0,0,0,0,0,-,-,34.064579010009766,-117.31343841552734,SAN BERNARDINO,COLTON,-117.31343841552734,34.06481170654297
9221636,2020,2021-02-25,3600,2020-11-25,1800,H8264,AD310,3,5,3,3613,0,0,0,NA,0,AD2,RT 395,RANCHO RD,0,NA,Y,A,-,Y,SBD,8,395,-,-,14.77,H,-,N,Y,4,0,1,2,A,-,04,21703,NA,N,C,C,A,A,H,-,C,A,0,NA,NA,NA,NA,Y,NA,A,01,0,0,1,0,0,0,0,0,0,-,-,NA,NA,SAN BERNARDINO,ADELANTO,-117.40519714355467,34.559051513671875
9222164,2021,2021-03-22,3611,2021-01-16,1436,3296,3611,6,5,5,3611,0,0,0,NA,0,001,MOUNTAIN AV,RT 210,36,N,N,A,-,Y,SBD,8,210,-,-,1.337,R,4,W,NA,4,0,1,2,A,-,03,22350,NA,M,C,C,A,A,H,-,A,A,0,NA,NA,NA,NA,Y,NA,A,01,0,0,1,0,0,0,0,0,0,-,WO,NA,NA,SAN BERNARDINO,UPLAND,-117.67316436767578,34.13475036621094
92222840,2023,2023-10-30,9855,2023-10-08,530,021543,NA,7,3,6,3607,0,1,1,NA,2,152,I-15 N/B (ONTARIO FWY),JURUPA ST.,50,S,N,A,-,Y,SBD,NA,15,NA,NA,1.002,H,NA,R,Y,3,0,2,2,A,-,01,23152,A,F,C,C,A,A,H,-,C,D,0,NA,NA,NA,NA,Y,Y,A,07,0,2,0,0,0,0,0,0,0,-,-,34.04790115356445,-117.54988098144533,SAN BERNARDINO,ONTARIO,-117.54991912841795,34.04790496826172
92222857,2023,2023-10-30,9855,2023-09-19,1210,015299,NA,2,1,6,3607,0,1,3,NA,2,601,SR-60 E/B (POMONA FWY),HAVEN AVENUE,1750,W,N,A,-,Y,SBD,NA,60,NA,R,8.556,H,NA,R,N,4,0,1,3,A,-,07,21658,A,N,C,C,A,A,H,-,A,D,0,NA,NA,NA,NA,Y,NA,A,01,0,0,1,0,0,0,0,0,0,-,-,34.03030014038086,-117.58158111572266,SAN BERNARDINO,ONTARIO,-117.5815887451172,34.03025436401367
92222959,2023,2023-10-31,9850,2023-10-15,326,023006,NA,7,3,5,3619,0,1,1,NA,2,082,NB I-15,MAIN ST,2400,S,N,A,-,Y,SBD,NA,15,NA,NA,33.545,H,NA,R,Y,4,0,1,2,A,-,08,22107,NA,N,C,C,A,A,D,-,D,B,0,NA,NA,NA,Y,Y,NA,D,22,0,0,1,0,0,0,0,0,0,-,-,34.421138763427734,-117.38452911376952,SAN BERNARDINO,HESPERIA,-117.38458251953124,34.42116928100586
92223264,2023,2023-10-31,9830,2023-10-22,1435,022390,NA,7,2,9,3600,0,1,2,NA,1,063,US-395,HOFFMAN RD,10560,S,N,A,-,Y,SBD,NA,395,NA,NA,66.801,H,NA,R,Y,2,0,4,2,A,-,08,22107,NA,N,B,C,A,A,H,-,A,D,0,NA,NA,NA,NA,Y,NA,A,07,2,2,0,0,0,0,0,0,0,-,-,35.28662109375,-117.6162567138672,SAN BERNARDINO,UNINCORPORATED,-117.61627197265624,35.28662109375
92223383,2023,2023-10-31,9850,2023-10-22,2130,023055,NA,7,2,5,3619,0,1,1,NA,2,081,I-15 NB,OAK HILL RD,3168,N,N,A,-,Y,SBD,NA,15,NA,R,29.3,H,NA,R,Y,4,0,2,2,A,-,03,22350,NA,N,C,C,A,A,D,-,D,D,0,NA,NA,NA,NA,Y,NA,D,22,0,0,2,0,0,0,0,0,0,-,-,34.37002182006836,-117.42606353759766,SAN BERNARDINO,HESPERIA,-117.42604064941406,34.3700065612793
9222365,2021,2021-03-05,3600,2021-02-10,0937,E4795,VC070,3,5,5,3612,0,0,0,NA,0,VC5,RT 395,LUNA RD,866,S,N,A,-,Y,SBD,8,395,-,-,10.01,H,-,S,N,4,0,1,2,A,-,03,22350,NA,N,C,C,A,A,H,-,A,D,0,NA,NA,NA,NA,Y,NA,A,01,0,0,1,0,0,0,0,0,0,-,-,NA,NA,SAN BERNARDINO,VICTORVILLE,-117.39950561523438,34.490291595458984
92224058,2023,2023-10-31,9860,2023-10-22,1350,022439,NA,7,1,4,3603,0,1,1,NA,2,214,I-215 S/B,IOWA AVE,900,S,N,A,-,Y,SBD,NA,215,NA,NA,0.229,H,NA,L,Y,4,0,2,3,A,-,03,22350,NA,N,C,C,A,A,H,-,A,D,0,NA,NA,NA,NA,Y,NA,A,01,0,0,2,0,0,0,0,0,0,-,-,34.02210998535156,-117.33730316162108,SAN BERNARDINO,COLTON,-117.33731079101563,34.022117614746094
92224429,2023,2023-10-31,9860,2023-10-21,530,020002,NA,6,3,6,3610,0,1,1,NA,2,214,I-215 N/B,AUTO CENTER RD,685,S,N,A,-,Y,SBD,NA,215,NA,NA,4.895,H,NA,R,Y,2,0,2,2,A,-,01,23152,A,N,B,C,A,A,H,-,C,D,0,NA,NA,NA,NA,Y,Y,A,01,1,0,1,0,0,0,0,0,0,-,-,34.07638168334961,-117.29551696777344,SAN BERNARDINO,SAN BERNARDINO,-117.29561614990234,34.07636642456055
92225563,2023,2023-11-01,9850,2023-10-24,950,021205,NA,2,1,9,3600,0,2,4,NA,2,053,EL MIRAGE RD,ST ANTHONY AVE,0,NA,Y,A,-,N,NA,NA,NA,NA,NA,NA,NA,NA,NA,Y,3,0,3,2,A,-,09,21801,A,N,D,C,A,A,H,-,A,A,0,NA,NA,NA,NA,Y,NA,A,07,0,1,2,0,0,0,0,0,0,-,-,34.60218048095703,-117.6313934326172,SAN BERNARDINO,UNINCORPORATED,-117.63134002685548,34.60219192504883
92227242,2023,2023-11-03,9855,2023-10-25,858,014637,NA,3,1,6,3616,0,1,1,NA,2,203,SR-210 W/B (FOOTHILL FWY),HERMOSA AVE,900,E,N,B,-,Y,SBD,NA,210,NA,NA,6.588,H,NA,L,Y,3,0,1,2,A,-,07,21658,A,N,B,C,A,A,H,-,A,D,0,NA,NA,Y,NA,Y,NA,A,01,0,1,0,0,0,0,0,0,1,-,-,34.135860443115234,-117.58154296875,SAN BERNARDINO,RANCHO CUCAMONGA,-117.58153533935548,34.13584518432617
9222789,2021,2021-03-16,3610,2021-01-05,1851,51238,NA,2,5,6,3610,0,0,0,NA,0,POLICE,W MILL ST,S EUREKA AV,0,NA,Y,A,-,N,NA,NA,NA,NA,NA,NA,NA,NA,NA,Y,3,0,2,2,A,-,03,22350,NA,N,D,C,A,A,H,-,C,D,0,NA,NA,NA,NA,Y,NA,A,01,0,1,1,0,0,0,0,0,0,-,-,34.09122848510742,-117.31382751464844,SAN BERNARDINO,SAN BERNARDINO,-117.31084442138672,34.09214401245117
92228400,2023,2023-11-06,9860,2023-10-22,900,019009,NA,7,1,9,3600,0,3,5,NA,2,002,KERN ST.,SAN BENITO AVE.,0,NA,Y,A,-,N,NA,NA,NA,NA,NA,NA,NA,NA,NA,N,4,0,1,2,A,-,12,22450,A,F,G,B,D,A,H,-,A,A,0,Y,NA,NA,NA,Y,NA,-,99,0,0,1,0,1,0,0,0,0,-,-,34.154178619384766,-117.34220123291016,SAN BERNARDINO,UNINCORPORATED,-117.34225463867188,34.15419006347656
92229901,2023,2023-11-07,9850,2023-10-27,1630,021342,NA,5,2,9,3600,0,2,4,NA,2,066,PHELAN RD,MESCALERO AVE,2,E,N,A,-,N,NA,NA,NA,NA,NA,NA,NA,NA,NA,Y,4,0,1,2,A,-,06,21755,A,N,B,C,A,A,H,-,A,D,0,NA,NA,Y,Y,Y,NA,C,02,0,0,1,0,0,0,0,0,1,-,-,34.42647171020508,-117.5879364013672,SAN BERNARDINO,UNINCORPORATED,-117.58790588378906,34.4263916015625
92232022,2023,2023-11-09,9855,2023-11-03,1500,021156,NA,5,2,6,3607,0,1,1,NA,2,103,I-10 E/B (SAN BERNARDINO FWY),ARCHIBALD AVENUE,800,E,N,A,-,Y,SBD,NA,10,NA,NA,7.326,H,NA,R,N,4,0,1,3,A,-,03,22350,NA,N,C,C,A,A,D,-,A,D,0,NA,NA,NA,NA,Y,NA,A,01,0,0,1,0,0,0,0,0,0,-,-,34.06748962402344,-117.59044647216795,SAN BERNARDINO,ONTARIO,-117.59044647216795,34.067543029785156
9223545,2021,2021-03-01,3600,2021-01-29,2248,H9003,BL2,5,5,2,3680,0,0,0,NA,0,BL2,BIG BEAR BL,EUREKA DR,110,W,N,A,-,Y,SBD,8,18,-,-,49.84,H,-,S,Y,4,0,2,3,A,-,09,21804,NA,N,D,C,A,C,G,-,C,D,0,NA,NA,NA,NA,Y,NA,A,07,0,0,2,0,0,0,0,0,0,-,-,34.2436408996582,-116.89920806884766,SAN BERNARDINO,BIG BEAR LAKE,-116.89867401123048,34.24350357055664
9223575,2021,2021-03-18,3604,2021-01-20,0214,1156,NA,3,5,6,3604,0,0,0,NA,0,NA,MILLER,TANGELO AV,136,E,N,A,-,N,NA,NA,NA,NA,NA,NA,NA,NA,NA,Y,4,0,1,1,A,-,08,22107,NA,N,E,I,A,A,H,-,C,D,0,NA,NA,NA,NA,Y,NA,D,22,0,0,1,0,0,0,0,0,0,-,-,NA,NA,SAN BERNARDINO,FONTANA,-117.42068481445313,34.11396408081055
92236509,2023,2023-11-15,9860,2023-11-08,1510,022843,NA,3,2,4,3603,0,1,1,NA,2,103,I-10 W/B,9TH ST,528,W,N,A,-,Y,SBD,NA,10,NA,R,22.582,H,NA,L,Y,4,0,1,4,A,-,03,22350,NA,N,C,C,A,A,H,-,A,D,0,NA,NA,NA,NA,Y,NA,A,07,0,0,1,0,0,0,0,0,0,-,-,34.06616973876953,-117.32518768310548,SAN BERNARDINO,COLTON,-117.32518005371094,34.06622314453125
92237835,2023,2023-11-16,9855,2023-11-09,1527,023027,NA,4,2,6,3607,0,1,3,NA,2,601,SR-60 W/B (POMONA FWY),GROVE AVE,2075,E,N,A,-,Y,SBD,NA,60,NA,R,6.228,H,NA,L,N,4,0,1,3,A,-,03,22350,NA,N,C,C,A,A,H,-,A,D,0,NA,NA,NA,NA,Y,NA,D,22,0,0,1,0,0,0,0,0,0,-,-,34.0306282043457,-117.62216186523438,SAN BERNARDINO,ONTARIO,-117.62216186523438,34.03059387207031
92239099,2023,2023-11-17,9855,2023-10-24,1115,021873,NA,2,1,9,3600,0,3,5,NA,2,001,ALMOND AVE.,IVY AVE.,300,S,N,A,-,N,NA,NA,NA,NA,NA,NA,NA,NA,NA,N,3,0,1,2,A,-,21,22106,NA,N,D,C,A,A,H,-,A,A,0,NA,NA,NA,NA,Y,NA,A,01,0,1,0,0,0,0,0,0,0,-,-,34.10334014892578,-117.49311065673828,SAN BERNARDINO,UNINCORPORATED,-117.4931640625,34.10343933105469
92240452,2023,2023-11-20,9855,2023-11-02,510,020963,NA,4,3,6,3616,0,1,1,NA,2,202,SR-210 W/B (FOOTHILL FWY),HAVEN AVE.,581,E,N,A,-,Y,SBD,NA,210,NA,NA,7.037,H,NA,L,Y,4,0,1,3,A,-,03,22350,NA,N,C,C,A,A,H,-,C,D,0,NA,NA,NA,NA,Y,NA,A,01,0,0,1,0,0,0,0,0,0,-,-,34.13624954223633,-117.57373046875,SAN BERNARDINO,RANCHO CUCAMONGA,-117.57373046875,34.136287689208984
92241083,2023,2023-11-20,9855,2023-11-13,1700,021742,NA,1,2,5,3602,0,1,3,NA,2,071,SR-71 N/B TO SR-60 E/B,RIVERISDE DRIVE,800,S,N,A,-,Y,SBD,NA,71,NA,R,0.329,H,NA,L,Y,3,0,2,2,A,-,03,22350,NA,N,C,D,A,A,H,-,B,D,0,NA,NA,NA,NA,Y,NA,A,07,0,2,0,0,0,0,0,0,0,-,-,34.0171012878418,-117.74112701416016,SAN BERNARDINO,CHINO,-117.74128723144533,34.01693344116211
92245881,2023,2023-11-28,9860,2023-11-14,1805,022439,NA,2,2,5,3608,0,1,1,NA,2,104,I-10 W/B,CALIFORNIA ST,1400,E,N,A,-,Y,SBD,NA,10,NA,NA,28.59,H,NA,L,N,4,0,1,3,A,-,03,22350,NA,N,C,C,A,A,H,-,C,D,0,NA,NA,NA,NA,Y,NA,A,07,0,0,1,0,0,0,0,0,0,-,-,34.0667610168457,-117.22138214111328,SAN BERNARDINO,REDLANDS,-117.22138214111328,34.06675338745117
9224667,2021,2021-03-13,3600,2021-01-09,1619,D8273,HE422,6,5,5,3612,0,0,0,NA,0,004,CALPELLA AV,CARPELLA AV 7633,0,NA,N,A,-,N,NA,NA,NA,NA,NA,NA,NA,NA,NA,N,3,0,1,1,B,-,22,NA,NA,N,F,I,A,A,G,-,A,D,0,NA,NA,Y,NA,Y,NA,C,02,0,1,0,0,0,0,0,0,1,-,-,34.3907585144043,-117.24685668945313,SAN BERNARDINO,VICTORVILLE,NA,NA
9224754,2020,2021-02-12,3600,2020-12-11,1134,F8556,RC052,5,5,6,3616,0,0,0,NA,0,004,GROVE AV,SAN BERNARDINO RD,0,NA,Y,A,-,N,NA,NA,NA,NA,NA,NA,NA,NA,NA,N,4,0,1,3,A,-,09,21801,A,N,D,C,A,A,H,-,A,A,0,NA,NA,NA,NA,Y,NA,A,01,0,0,1,0,0,0,0,0,0,-,-,NA,NA,SAN BERNARDINO,RANCHO CUCAMONGA,-117.62854766845705,34.10472869873047
92247825,2023,2023-11-29,9855,2023-11-20,705,021873,NA,1,1,6,3604,0,1,1,NA,2,101,I-10 W/B (SAN BERNARDINO FWY),CHERRY AVE.,2700,E,N,A,-,Y,SBD,NA,10,NA,NA,13.717,H,NA,L,Y,3,0,1,2,A,-,08,22107,NA,N,B,C,A,A,H,-,A,D,0,NA,NA,NA,NA,Y,NA,A,01,0,1,0,0,0,0,0,0,0,-,-,34.06618881225586,-117.47928619384766,SAN BERNARDINO,FONTANA,-117.4792938232422,34.066226959228516
9224788,2020,2021-02-12,3600,2020-10-23,1717,H5191,RC200,5,5,6,3616,0,0,0,NA,0,0RC,ARROW RTE,PECAN AV,0,NA,Y,A,-,N,NA,NA,NA,NA,NA,NA,NA,NA,NA,Y,4,0,1,2,A,-,12,21453,A,N,D,C,A,A,H,-,A,A,0,NA,NA,NA,NA,Y,NA,A,01,0,0,1,0,0,0,0,0,0,-,-,NA,NA,SAN BERNARDINO,RANCHO CUCAMONGA,-117.51937103271484,34.09904098510742
92247989,2023,2023-11-29,9835,2023-11-19,1800,023106,NA,7,2,9,3600,0,1,1,NA,2,075,I 15 SB,HALLORAN SPRINGS RD,38016,S,N,A,-,Y,SBD,NA,15,NA,NA,142.351,H,NA,R,Y,3,0,1,1,A,-,01,23152,A,N,E,I,A,A,H,-,D,D,0,NA,NA,NA,NA,Y,Y,A,01,0,1,0,0,0,0,0,0,0,-,-,35.315059661865234,-115.99624633789063,SAN BERNARDINO,UNINCORPORATED,-115.99626159667967,35.3150749206543
92250035,2023,2023-12-01,9855,2023-11-24,522,022865,NA,5,3,6,3604,0,1,1,NA,2,153,I-15 S/B (ONTARIO FWY),SIERRA AVE.,3168,S,N,A,-,Y,SBD,NA,15,NA,NA,12.214,H,NA,L,Y,4,0,1,1,A,-,08,22107,NA,N,F,A,A,A,H,-,C,D,0,NA,NA,NA,NA,Y,NA,A,01,0,0,1,0,0,0,0,0,0,-,-,34.175819396972656,-117.44567108154295,SAN BERNARDINO,FONTANA,-117.44563293457033,34.1757698059082
92250166,2023,2023-12-01,9835,2023-11-27,700,021448,NA,1,1,9,3600,0,1,1,NA,2,072,I-15,GHOST TOWN ROAD,6864,N,N,A,-,Y,SBD,NA,15,NA,R,83.188,H,NA,R,N,4,0,1,2,A,-,03,22350,NA,F,C,C,A,A,H,-,A,D,0,NA,NA,NA,NA,Y,NA,-,99,0,0,1,0,0,0,0,0,0,-,-,34.90591049194336,-116.86338043212892,SAN BERNARDINO,UNINCORPORATED,-116.86333465576172,34.90568923950195
9225631,2021,2021-03-29,3600,2021-02-04,0700,H8994,HE107,4,5,5,3619,0,0,0,NA,0,HE1,11TH AV,SYCAMORE ST,0,NA,Y,A,-,N,NA,NA,NA,NA,NA,NA,NA,NA,NA,Y,3,0,1,2,A,-,09,21802,A,N,D,C,A,A,H,-,A,D,0,NA,NA,NA,NA,Y,NA,A,01,0,1,0,0,0,0,0,0,0,-,-,NA,NA,SAN BERNARDINO,HESPERIA,-117.3210906982422,34.46345520019531
92256324,2023,2023-12-07,9855,2023-11-27,1945,023023,NA,1,2,6,3604,0,1,1,NA,2,153,I-15 S/B TO DUNCAN CANYON ROAD,DUNCAN CANYON ROAD,175,N,N,A,-,Y,NA,NA,NA,NA,NA,NA,NA,NA,NA,Y,2,0,2,1,A,-,01,23153,A,N,E,I,A,A,H,-,C,D,0,NA,NA,NA,NA,Y,Y,A,07,1,1,0,0,0,0,0,0,0,-,-,34.16563034057617,-117.46327209472656,SAN BERNARDINO,FONTANA,-117.46327209472656,34.16563034057617
92258107,2023,2023-12-11,9860,2023-12-01,1550,021980,NA,5,2,9,3600,0,3,5,NA,2,002,WATERMAN AVE,6TH ST,0,NA,Y,A,-,N,NA,NA,NA,NA,NA,NA,NA,NA,NA,N,2,0,1,2,A,-,03,22350,NA,N,H,G,A,A,H,-,A,A,0,NA,Y,NA,NA,Y,NA,L,04,1,0,0,0,0,0,1,0,0,-,-,34.11014938354492,-117.27870178222656,SAN BERNARDINO,UNINCORPORATED,-117.27877044677734,34.110233306884766
9225864,2021,2021-03-04,3609,2021-01-22,1051,8510,R1146,5,5,5,3609,0,0,0,NA,0,003,CACTUS AV,RIALTO AV,27,N,N,A,-,N,NA,NA,NA,NA,NA,NA,NA,NA,NA,Y,4,0,1,2,A,-,03,22350,NA,N,C,C,A,A,H,-,A,A,0,NA,NA,NA,NA,Y,NA,A,07,0,0,1,0,0,0,0,0,0,-,-,34.099700927734375,-117.3834991455078,SAN BERNARDINO,RIALTO,-117.38346099853516,34.09952926635742
9225868,2021,2021-03-04,3609,2021-01-24,0412,9091,RI173,7,5,5,3609,0,0,0,NA,0,004,RIVERSIDE AV,RANDALL AV,100,S,N,B,-,N,NA,NA,NA,NA,NA,NA,NA,NA,NA,Y,3,0,1,1,B,-,22,NA,NA,N,E,I,A,A,H,-,C,D,0,NA,NA,NA,NA,Y,NA,A,01,0,1,0,0,0,0,0,0,0,-,-,34.08489990234375,-117.37039947509766,SAN BERNARDINO,RIALTO,-117.37033081054688,34.0847053527832
92260911,2023,2023-12-13,9855,2023-05-21,134,020963,NA,7,3,6,3616,0,1,1,NA,2,201,STATE ROUTE 210 EASTBOUND (FOOTHILL FWY),ROCHESTER AVENUE,1055,W,N,A,-,Y,SBD,NA,210,NA,NA,8.463,H,NA,R,Y,1,1,2,2,A,-,01,23152,A,N,C,C,A,A,H,-,D,D,0,NA,NA,NA,NA,Y,Y,A,01,0,0,2,0,0,0,0,0,0,-,-,34.13637161254883,-117.54888916015624,SAN BERNARDINO,RANCHO CUCAMONGA,-117.54888916015624,34.13648223876953
92260912,2023,2023-12-13,9860,2023-12-05,1245,018275,NA,2,1,4,3603,0,1,1,NA,2,214,I-215 S/B,BARTON ROAD,1000,S,N,A,-,Y,SBD,NA,215,NA,NA,1.041,H,NA,L,Y,3,0,2,5,A,-,03,22350,NA,N,C,C,A,A,H,-,A,D,0,NA,NA,NA,NA,Y,NA,D,22,0,1,1,0,0,0,0,0,0,-,-,34.031028747558594,-117.32826232910156,SAN BERNARDINO,COLTON,-117.32829284667967,34.03105545043945
92262097,2023,2023-12-14,9860,2023-12-06,540,017098,NA,3,3,9,3600,0,1,1,NA,2,151,I-15 N/B TO I-215 S/B,DEVORE OH BRIDGE NUMBER 54-0818,120,N,N,A,-,Y,SBD,NA,15,NA,NA,15.967,H,NA,R,Y,2,0,1,1,A,-,08,22107,NA,N,F,A,A,A,H,-,B,D,0,NA,NA,NA,NA,Y,NA,A,01,1,0,0,0,0,0,0,0,0,-,-,34.21923828125,-117.4101791381836,SAN BERNARDINO,UNINCORPORATED,-117.41049194335938,34.21928405761719
92262102,2023,2023-12-14,9855,2023-12-01,2137,020963,NA,5,2,6,3607,0,1,1,NA,2,152,INTERSTATE 15 SOUTHBOUND,FOURTH STREET,1800,N,N,A,-,Y,SBD,NA,15,NA,NA,3.422,H,NA,L,Y,4,0,3,2,A,-,08,22107,NA,N,B,C,A,A,H,-,D,D,0,NA,NA,NA,NA,Y,NA,-,-,0,0,3,0,0,0,0,0,0,-,-,34.082340240478516,-117.54502105712892,SAN BERNARDINO,ONTARIO,-117.54495239257813,34.082340240478516
92264940,2023,2023-12-18,9850,2023-12-09,445,022889,NA,6,3,5,3612,0,1,1,NA,2,083,I-15 S/B,STODDARD WELLS RD,2640,S,N,A,-,Y,SBD,NA,15,NA,NA,43.955,H,NA,L,Y,4,0,1,2,A,-,01,23152,A,N,A,C,A,A,H,-,D,D,0,NA,NA,NA,NA,Y,Y,A,01,0,0,1,0,0,0,0,0,0,-,-,34.5494384765625,-117.294189453125,SAN BERNARDINO,VICTORVILLE,-117.29415893554688,34.54940414428711
92265850,2023,2023-12-19,9870,2023-12-08,1507,023314,NA,5,2,9,3600,0,1,3,NA,1,011,STATE ROUTE 62 (TWENTYNINE PALMS HIGHWAY),YUCCA PARK ROAD,653,W,N,A,-,Y,SBD,NA,62,NA,NA,7.49,H,NA,R,Y,4,0,1,2,A,-,03,22350,NA,N,C,C,A,A,H,-,A,D,0,NA,NA,NA,Y,Y,NA,A,01,0,0,1,0,0,0,0,0,0,-,-,34.1025505065918,-116.49461364746094,SAN BERNARDINO,UNINCORPORATED,-116.49462127685548,34.102569580078125
92266421,2023,2023-12-19,9855,2023-11-28,1740,019732,NA,2,2,5,3602,0,1,3,NA,2,603,SR-60 E/B (POMONA FWY),RAMONA AVE,1800,E,N,B,-,Y,SBD,NA,60,NA,R,1.715,H,NA,R,N,3,0,1,2,A,-,03,22350,NA,N,C,C,A,A,H,-,C,A,0,NA,NA,Y,NA,Y,NA,C,02,0,1,0,0,0,0,0,0,1,-,-,34.03010940551758,-117.70078277587892,SAN BERNARDINO,CHINO,-117.70078277587892,34.03007507324219