CASE_ID,ACCIDENT_YEAR,PROC_DATE,JURIS,COLLISION_DATE,COLLISION_TIME,OFFICER_ID,REPORTING_DISTRICT,DAY_OF_WEEK,CHP_SHIFT,POPULATION,CNTY_CITY_LOC,SPECIAL_COND,BEAT_TYPE,CHP_BEAT_TYPE,CITY_DIVISION_LAPD,CHP_BEAT_CLASS,BEAT_NUMBER,PRIMARY_RD,SECONDARY_RD,DISTANCE,DIRECTION,INTERSECTION,WEATHER_1,WEATHER_2,STATE_HWY_IND,CALTRANS_COUNTY,CALTRANS_DISTRICT,STATE_ROUTE,ROUTE_SUFFIX,POSTMILE_PREFIX,POSTMILE,LOCATION_TYPE,RAMP_INTERSECTION,SIDE_OF_HWY,TOW_AWAY,COLLISION_SEVERITY,NUMBER_KILLED,NUMBER_INJURED,PARTY_COUNT,PRIMARY_COLL_FACTOR,PCF_CODE_OF_VIOL,PCF_VIOL_CATEGORY,PCF_VIOLATION,PCF_VIOL_SUBSECTION,HIT_AND_RUN,TYPE_OF_COLLISION,MVIW,PED_ACTION,ROAD_SURFACE,ROAD_COND_1,ROAD_COND_2,LIGHTING,CONTROL_DEVICE,CHP_ROAD_TYPE,PEDESTRIAN_ACCIDENT,BICYCLE_ACCIDENT,MOTORCYCLE_ACCIDENT,TRUCK_ACCIDENT,NOT_PRIVATE_PROPERTY,ALCOHOL_INVOLVED,STWD_VEHTYPE_AT_FAULT,CHP_VEHTYPE_AT_FAULT,COUNT_SEVERE_INJ,COUNT_VISIBLE_INJ,COUNT_COMPLAINT_PAIN,COUNT_PED_KILLED,COUNT_PED_INJURED,COUNT_BICYCLIST_KILLED,COUNT_BICYCLIST_INJURED,COUNT_MC_KILLED,COUNT_MC_INJURED,PRIMARY_RAMP,SECONDARY_RAMP,LATITUDE,LONGITUDE,COUNTY,CITY,POINT_X,POINT_Y
9242176,2021,2021-04-19,3600,2021-03-09,0209,S2984,YC407,2,5,4,3640,0,0,0,NA,0,YC3,OUTER HWY 10 S,YUCAIPA BL,226,E,N,B,-,N,NA,NA,NA,NA,NA,NA,NA,NA,NA,Y,4,0,1,1,A,-,01,23152,B,N,E,I,A,-,H,-,C,A,0,NA,NA,NA,NA,Y,Y,A,07,0,0,1,0,0,0,0,0,0,-,-,NA,NA,SAN BERNARDINO,YUCAIPA,-117.11978149414063,34.02558517456055
92423077,2024,2024-06-25,9855,2024-06-16,705,021978,NA,7,1,6,3607,0,1,1,NA,2,152,I-15 S/B (ONTARIO FWY),PHILADELPHIA ST.,1660,N,N,A,-,Y,SBD,NA,15,NA,NA,0.318,H,NA,L,N,4,0,1,1,A,-,03,22350,NA,N,H,A,A,A,H,-,A,D,0,NA,NA,NA,NA,Y,NA,A,01,0,0,1,0,0,0,0,0,0,-,-,34.03807067871094,-117.55056762695313,SAN BERNARDINO,ONTARIO,-117.55043792724608,34.03807067871094
92423082,2024,2024-06-25,9855,2024-06-15,1320,023010,NA,6,1,5,3602,0,1,3,NA,2,071,SR-71 S/B (CHINO FWY),SR-83 (EUCLID AVE.),200,N,N,A,-,Y,SBD,NA,71,NA,R,7.946,H,NA,L,N,4,0,1,2,A,-,03,22350,NA,N,C,C,A,A,H,-,A,D,0,NA,NA,NA,NA,Y,NA,A,01,0,0,1,0,0,0,0,0,0,-,-,33.931060791015625,-117.65995025634766,SAN BERNARDINO,CHINO,-117.65974426269533,33.931175231933594
92423758,2024,2024-08-14,9860,2024-06-17,1830,023503,NA,1,2,9,3600,0,1,1,NA,2,151,I-15 N/B (TRUCK BYPASS),KENWOOD AVE,1003,S,N,A,-,Y,NA,NA,NA,NA,NA,NA,NA,NA,NA,N,4,0,1,2,A,-,08,22107,NA,N,B,C,A,A,H,-,A,D,0,NA,NA,NA,NA,Y,NA,A,01,0,0,1,0,0,0,0,0,0,-,-,34.234840393066406,-117.4218978881836,SAN BERNARDINO,UNINCORPORATED,-117.42672729492188,34.23811721801758
9242388,2021,2021-04-06,3604,2021-01-23,1958,1375,NA,6,5,6,3604,0,0,0,NA,0,NA,RANDALL AV,CITRUS AV,0,NA,Y,C,-,N,NA,NA,NA,NA,NA,NA,NA,NA,NA,Y,4,0,1,3,A,-,12,21453,A,N,D,C,A,B,H,-,C,A,0,NA,NA,NA,NA,Y,NA,D,22,0,0,1,0,0,0,0,0,0,-,-,NA,NA,SAN BERNARDINO,FONTANA,-117.45473480224608,34.084774017333984
92424745,2024,2024-06-27,9865,2024-06-18,1355,023822,NA,2,1,9,3600,0,1,3,NA,1,010,SR-18,MPM 15.15,30,S,N,A,-,Y,SBD,NA,18,NA,R,15.049,H,NA,R,Y,4,0,1,1,C,-,18,NA,NA,N,E,I,A,A,H,-,A,D,0,NA,NA,NA,NA,Y,NA,-,-,0,0,1,0,0,0,0,0,0,-,-,34.225040435791016,-117.30116271972656,SAN BERNARDINO,UNINCORPORATED,-117.30117797851563,34.22500228881836
92425175,2024,2024-06-27,9855,2024-06-20,1815,022584,NA,4,2,6,3616,0,1,1,NA,2,203,SR-210 E/B (FOOTHILL FWY),HAVEN AVE.,1637,E,N,A,-,Y,SBD,NA,210,NA,NA,7.237,H,NA,R,N,4,0,1,2,A,-,03,22350,NA,N,C,C,A,A,H,-,A,D,0,NA,NA,NA,NA,Y,NA,A,01,0,0,1,0,0,0,0,0,0,-,-,34.1362190246582,-117.5702667236328,SAN BERNARDINO,RANCHO CUCAMONGA,-117.57028198242188,34.13632583618164
92430247,2024,2024-07-03,9835,2024-07-02,335,022490,NA,2,3,9,3600,0,1,3,NA,1,012,SR-58 E/B,LENWOOD RD,5755,E,N,A,-,Y,SBD,NA,58,NA,R,31.48,H,NA,R,Y,3,0,1,1,A,-,08,22107,NA,N,F,0,A,A,H,-,D,D,0,NA,NA,NA,NA,Y,NA,D,22,0,1,0,0,0,0,0,0,0,-,-,34.91215896606445,-117.10002899169922,SAN BERNARDINO,UNINCORPORATED,-117.09999084472656,34.91221618652344
92432857,2024,2024-07-08,9855,2024-04-26,2156,023023,NA,5,2,9,3600,0,3,5,NA,2,001,WHITTRAM AVENUE,CHERRY AVENUE,0,NA,Y,A,-,N,NA,NA,NA,NA,NA,NA,NA,NA,NA,Y,4,0,1,2,A,-,12,21453,A,M,D,C,A,A,H,-,C,A,0,NA,NA,NA,NA,Y,NA,A,08,0,0,1,0,0,0,0,0,0,-,-,34.09571075439453,-117.48880004882813,SAN BERNARDINO,UNINCORPORATED,-117.48883819580078,34.09574508666992
92433890,2024,2024-07-09,9865,2024-06-30,1645,023822,NA,7,2,9,3600,0,1,3,NA,2,031,SR-38,POLIQUE CANYON RD,0,NA,Y,A,-,Y,SBD,NA,38,NA,R,54.05,H,NA,R,Y,3,0,1,3,A,-,09,21802,A,N,A,2,A,A,H,-,A,A,0,NA,NA,NA,NA,Y,NA,A,07,0,1,0,0,0,0,0,0,0,-,-,34.26499938964844,-116.92093658447266,SAN BERNARDINO,UNINCORPORATED,-116.92093658447266,34.26498794555664
92435073,2024,2024-07-10,9850,2024-06-28,1540,021639,NA,5,2,5,3619,0,1,1,NA,2,081,I-15 N/B,RANCHERO RD,5280,S,N,A,-,Y,SBD,NA,15,NA,R,29.164,H,NA,R,N,4,0,2,2,A,-,03,22350,NA,F,C,C,A,A,D,-,A,D,0,NA,NA,NA,NA,Y,NA,-,99,0,0,2,0,0,0,0,0,0,-,-,34.368438720703125,-117.42745208740234,SAN BERNARDINO,HESPERIA,-117.42748260498048,34.36846160888672
92440496,2024,2024-07-16,9835,2024-06-05,1740,022980,NA,3,2,9,3600,0,1,1,NA,2,072,I-15 SOUTHBOUND,YERMO ROAD,1190,S,N,A,-,Y,SBD,NA,15,NA,R,85.873,H,NA,L,Y,1,1,1,4,A,-,03,22350,NA,N,C,C,A,A,H,-,A,D,0,NA,NA,NA,Y,Y,NA,G,25,0,1,0,0,0,0,0,0,0,-,-,34.91109085083008,-116.81670379638672,SAN BERNARDINO,UNINCORPORATED,-116.8166961669922,34.911094665527344
9244907,2021,2021-04-05,3608,2021-01-19,1801,3818,NA,2,5,5,3608,0,0,0,NA,0,NA,REDLANDS BL,NEW YORK ST,576,W,N,A,-,N,NA,NA,NA,NA,NA,NA,NA,NA,NA,Y,4,0,1,2,A,-,03,22350,NA,N,C,C,A,A,H,-,C,D,0,NA,NA,NA,NA,Y,NA,A,01,0,0,1,0,0,0,0,0,0,-,-,NA,NA,SAN BERNARDINO,REDLANDS,-117.197509765625,34.05998992919922
9244917,2021,2021-04-01,3610,2021-01-30,1809,51118,NA,6,5,6,3610,0,0,0,NA,0,ADAM,W 9TH ST,N  J ST,650,E,N,A,-,N,NA,NA,NA,NA,NA,NA,NA,NA,NA,Y,3,0,4,2,A,-,08,22107,NA,F,D,C,A,A,H,-,C,D,0,NA,NA,NA,NA,Y,NA,A,01,0,1,3,0,0,0,0,0,0,-,-,NA,NA,SAN BERNARDINO,SAN BERNARDINO,-117.30345916748048,34.11579132080078
9244961,2021,2021-04-13,3600,2021-01-31,2229,G7724,CH001,7,5,5,3630,0,0,0,NA,0,CH1,GRAND AV,PLEASANT HILL DR,3275,W,N,A,-,N,NA,NA,NA,NA,NA,NA,NA,NA,NA,Y,3,0,1,1,A,-,03,22350,NA,N,F,J,A,A,H,-,C,A,0,NA,NA,NA,NA,Y,Y,A,07,0,1,0,0,0,0,0,0,0,-,-,NA,NA,SAN BERNARDINO,CHINO HILLS,-117.7809600830078,33.9976921081543
9246375,2021,2021-04-01,3604,2021-01-17,0113,1299,NA,7,5,6,3604,0,0,0,NA,0,004,SIERRA AV,JURUPA AV,0,NA,Y,A,-,N,NA,NA,NA,NA,NA,NA,NA,NA,NA,Y,3,0,3,2,A,-,12,21453,A,N,D,C,A,A,H,-,C,A,0,NA,NA,NA,NA,Y,NA,A,01,0,1,2,0,0,0,0,0,0,-,-,NA,NA,SAN BERNARDINO,FONTANA,-117.43550872802734,34.04829788208008
92481344,2024,2024-07-22,9860,2024-07-18,1215,019429,NA,4,1,4,3603,0,1,1,NA,2,214,I-215 S/B,IOWA AVE,1056,N,N,A,-,Y,SBD,NA,215,NA,NA,0.647,H,NA,L,N,4,0,1,2,A,-,03,22350,NA,N,C,C,A,A,H,-,A,D,0,NA,NA,NA,NA,Y,NA,A,07,0,0,1,0,0,0,0,0,0,-,-,34.02690887451172,-117.33286285400392,SAN BERNARDINO,COLTON,-117.3328857421875,34.02692794799805
9248613,2021,2021-04-09,3602,2021-03-12,0947,3550,NA,5,5,5,3602,0,0,0,NA,0,001,RIVERSIDE DR,WRIGHT AV,32,E,N,A,-,N,NA,NA,NA,NA,NA,NA,NA,NA,NA,Y,3,0,1,1,A,-,01,23152,F,N,E,I,A,A,H,-,A,D,0,NA,NA,NA,NA,Y,NA,A,01,0,1,0,0,0,0,0,0,0,-,-,34.01100158691406,-117.42179870605467,SAN BERNARDINO,CHINO,-117.70442199707033,34.01897048950195
9250200,2021,2021-05-03,3605,2021-04-06,1858,452,NA,2,5,4,3605,0,0,0,NA,0,NA,KINGSLEY ST,PRADERA AV,13,E,N,A,-,N,NA,NA,NA,NA,NA,NA,NA,NA,NA,Y,3,0,1,2,A,-,03,22350,NA,N,C,C,A,A,H,-,A,D,0,NA,NA,NA,NA,Y,NA,-,NA,0,1,0,0,0,0,0,0,0,-,-,NA,NA,SAN BERNARDINO,MONTCLAIR,-117.7148895263672,34.06684112548828
9250314,2020,2021-04-28,3611,2020-09-19,0020,3194,3611,6,5,5,3611,0,0,0,NA,0,004,EUCLID AV,8TH ST,0,NA,Y,A,-,NA,NA,NA,NA,NA,NA,NA,NA,NA,NA,NA,4,0,1,2,A,-,03,22350,NA,N,C,C,A,A,H,-,C,A,0,NA,NA,NA,NA,Y,NA,A,01,0,0,1,0,0,0,0,0,0,-,-,NA,NA,SAN BERNARDINO,UPLAND,-117.65129089355467,34.09246063232422
92508457,2024,2024-07-23,9860,2024-07-11,1845,022439,NA,4,2,5,3608,0,1,1,NA,2,104,I-10 W/B,ALABAMA ST,1200,E,N,A,-,Y,SBD,NA,10,NA,NA,29.543,H,NA,L,N,3,0,1,2,A,-,01,23152,A,M,C,C,A,A,H,-,A,D,0,NA,NA,NA,Y,Y,Y,A,01,0,1,0,0,0,0,0,0,0,-,-,34.06673049926758,-117.20462799072266,SAN BERNARDINO,REDLANDS,-117.20462799072266,34.06672286987305
9251723,2021,2021-04-22,3604,2021-03-29,2033,1298,NA,1,5,6,3604,0,0,0,NA,0,NA,CANYON CREST DR,AMBERWOOD DR,270,E,N,A,-,N,NA,NA,NA,NA,NA,NA,NA,NA,NA,N,3,0,1,2,A,-,11,21954,A,N,G,B,D,A,H,-,C,D,0,Y,NA,NA,NA,Y,Y,N,60,0,1,0,0,1,0,0,0,0,-,-,NA,NA,SAN BERNARDINO,FONTANA,-117.48573303222656,34.037410736083984
9251741,2021,2021-04-26,3604,2021-02-27,2115,1231,NA,6,5,6,3604,0,0,0,NA,0,NA,MANGO AV,SIERRA LAKES,0,NA,Y,A,-,N,NA,NA,NA,NA,NA,NA,NA,NA,NA,Y,3,0,1,2,A,-,08,22107,NA,N,A,C,A,A,H,-,C,A,0,NA,NA,NA,NA,Y,NA,A,07,0,1,0,0,0,0,0,0,0,-,-,NA,NA,SAN BERNARDINO,FONTANA,-117.43305206298828,34.13856506347656
9252532,2021,2021-04-20,3600,2021-02-23,0211,G8525,VC063,2,5,5,3612,0,0,0,NA,0,VC3,11TH AV,HICKORY AV,227,E,N,A,-,N,NA,NA,NA,NA,NA,NA,NA,NA,NA,N,4,0,1,1,A,-,08,22107,NA,N,H,-,A,A,H,-,C,D,0,NA,NA,NA,NA,Y,NA,A,01,0,0,1,0,0,0,0,0,0,-,-,NA,NA,SAN BERNARDINO,VICTORVILLE,-117.32171630859376,34.47673034667969
9254483,2021,2021-04-30,3600,2021-04-01,1315,E6889,HE118,4,5,5,3619,0,0,0,NA,0,HE1,MAIN ST,MARIPOSA RD,45,W,N,A,-,N,NA,NA,NA,NA,NA,NA,NA,NA,NA,N,4,0,1,2,A,-,08,22107,NA,N,B,C,A,A,H,-,A,D,0,NA,NA,Y,NA,Y,NA,A,07,0,0,1,0,0,0,0,0,1,-,-,NA,NA,SAN BERNARDINO,HESPERIA,-117.37771606445313,34.42677688598633
9254726,2021,2021-05-06,3600,2021-03-16,1344,I1566,AP014,2,5,5,3621,0,0,0,NA,0,AP2,OCOTILLA RD,RAMONA AV,996,S,N,A,-,N,NA,NA,NA,NA,NA,NA,NA,NA,NA,N,3,0,1,2,A,-,03,22350,NA,N,D,C,A,A,H,-,A,D,0,NA,NA,Y,NA,Y,NA,C,06,0,1,0,0,0,0,0,0,1,-,-,NA,NA,SAN BERNARDINO,APPLE VALLEY,-117.16413879394533,34.51250076293945
9255945,2021,2021-05-12,3604,2021-04-18,1600,1375,NA,7,5,6,3604,0,0,0,NA,0,NA,SIERRA AV,MERRILL AV,100,N,N,A,-,N,NA,NA,NA,NA,NA,NA,NA,NA,NA,Y,4,0,1,2,A,-,09,21804,A,N,D,C,A,A,H,-,A,A,0,NA,NA,NA,NA,Y,NA,A,01,0,0,1,0,0,0,0,0,0,-,-,NA,NA,SAN BERNARDINO,FONTANA,-117.43572235107422,34.092403411865234
9256091,2020,2021-05-04,3600,2020-12-13,1459,D6180,HE116,7,5,5,3619,0,0,0,NA,0,HE1,EUCALYPTUS ST,A AVENUE,0,NA,Y,A,-,N,NA,NA,NA,NA,NA,NA,NA,NA,NA,Y,1,1,1,2,A,-,12,22450,A,N,C,A,A,A,H,-,A,A,0,NA,NA,Y,NA,Y,NA,A,01,0,1,0,0,0,0,0,1,0,-,-,NA,NA,SAN BERNARDINO,HESPERIA,-117.29277801513672,34.45555877685547
9256140,2021,2021-06-03,3600,2021-03-27,1827,F6904,HI004,6,5,4,3618,0,0,0,NA,0,HI1,PACIFIC ST,VICTORIA AV,0,NA,Y,A,-,N,NA,NA,NA,NA,NA,NA,NA,NA,NA,Y,1,1,3,4,A,-,01,23152,F,F,D,C,A,A,H,-,A,A,0,NA,NA,NA,NA,Y,NA,A,01,0,0,3,0,0,0,0,0,0,-,-,NA,NA,SAN BERNARDINO,HIGHLAND,-117.22621154785156,34.12854766845703
9257053,2021,2021-05-14,3610,2021-03-09,2230,51195,NA,2,5,6,3610,0,0,0,NA,0,CHARLI,N SEPULVEDA ALY,E 42ND ST,173,S,N,B,-,N,NA,NA,NA,NA,NA,NA,NA,NA,NA,Y,3,0,1,2,A,-,00,22107,I,N,D,C,A,A,H,-,C,D,0,NA,NA,Y,NA,Y,NA,A,01,0,1,0,0,0,0,0,0,1,-,-,34.166778564453125,-117.28500366210938,SAN BERNARDINO,SAN BERNARDINO,-117.28282165527344,34.16627502441406
92572098,2024,2024-07-23,9850,2024-07-13,2315,022386,NA,6,3,5,3619,0,1,1,NA,2,082,I-15 NB,BEAR VALLEY RD,2640,S,N,A,-,Y,SBD,NA,15,NA,NA,36.754,H,NA,R,Y,3,0,2,3,A,-,08,22107,NA,N,B,2,A,A,D,-,D,D,0,NA,NA,NA,NA,Y,NA,A,01,0,1,1,0,0,0,0,0,0,-,-,34.460201263427734,-117.35401153564452,SAN BERNARDINO,HESPERIA,-117.35404205322266,34.4602165222168
9259432,2021,2021-05-19,3602,2021-05-05,1008,3299,NA,3,5,5,3602,0,0,0,NA,0,001,CHINO HILLS PKWY,TELEPHONE AV,0,NA,Y,A,-,N,NA,NA,NA,NA,NA,NA,NA,NA,NA,Y,3,0,1,2,A,-,09,21804,A,N,D,C,A,A,H,-,A,D,0,NA,NA,NA,NA,Y,NA,A,01,0,1,0,0,0,0,0,0,0,-,-,33.9827995300293,-117.69339752197266,SAN BERNARDINO,CHINO,-117.69332122802734,33.982749938964844
9262191,2021,2021-05-19,3609,2021-03-21,1236,02334,R1144,7,5,5,3609,0,0,0,NA,0,003,RIALTO AV,CEDAR AV,0,NA,Y,A,-,N,NA,NA,NA,NA,NA,NA,NA,NA,NA,Y,4,0,1,2,A,-,12,21453,A,F,D,D,A,A,H,-,A,A,0,NA,NA,NA,NA,Y,NA,A,01,0,0,1,0,0,0,0,0,0,-,-,34.69940185546875,-117.39649963378906,SAN BERNARDINO,RIALTO,-117.39656066894533,34.099525451660156
9262334,2021,2021-05-13,3600,2021-04-04,2149,H5821,HE418,7,5,5,3619,0,0,0,NA,0,HE04,RANCHERO RD,PEACH AV,0,NA,Y,A,-,N,NA,NA,NA,NA,NA,NA,NA,NA,NA,Y,3,0,1,2,A,-,05,21752,D,N,B,C,A,A,H,-,C,A,0,NA,NA,Y,NA,Y,NA,C,02,0,1,0,0,0,0,0,0,1,-,-,NA,NA,SAN BERNARDINO,HESPERIA,-117.26002502441406,34.387237548828125
9262891,2021,2021-05-13,3609,2021-04-18,1458,02334,RI125,7,5,5,3609,0,0,0,NA,0,001,LILAC AV,VAN KOEVERING ST,0,NA,Y,A,-,N,NA,NA,NA,NA,NA,NA,NA,NA,NA,N,4,0,1,2,A,-,09,21802,A,N,D,C,A,A,H,-,A,A,0,NA,NA,NA,NA,Y,NA,A,01,0,0,1,0,0,0,0,0,0,-,-,34.121700286865234,-117.38040161132813,SAN BERNARDINO,RIALTO,-117.37913513183594,34.11258316040039
9263221,2021,2021-06-15,3608,2021-04-03,1642,5007,SB CE,6,5,5,3608,0,0,0,NA,0,NA,ALABAMA ST,RT 10,0,NA,Y,A,-,Y,SBD,8,10,-,-,29.687,R,4,W,Y,3,0,1,2,D,-,00,NA,NA,N,D,D,A,A,H,-,A,D,0,NA,NA,NA,NA,Y,NA,-,-,0,1,0,0,0,0,0,0,0,-,WF,34.06734085083008,-117.20873260498048,SAN BERNARDINO,REDLANDS,-117.20256042480467,34.066402435302734
9266217,2021,2021-06-08,3600,2021-04-29,2253,G8588,AP005,4,5,5,3621,0,0,0,NA,0,AP1,SENECA RD,MANDAN RD,0,NA,Y,A,-,N,NA,NA,NA,NA,NA,NA,NA,NA,NA,Y,4,0,1,2,A,-,12,22450,A,N,B,C,A,A,H,-,D,D,0,NA,NA,NA,NA,Y,Y,A,01,0,0,1,0,0,0,0,0,0,-,-,NA,NA,SAN BERNARDINO,APPLE VALLEY,-117.25067901611328,34.514801025390625
9267617,2021,2021-06-04,3605,2021-05-05,1148,456,NA,3,5,4,3605,0,0,0,NA,0,NA,MORENO ST,CENTRAL AV,170,E,N,A,-,N,NA,NA,NA,NA,NA,NA,NA,NA,NA,Y,3,0,1,2,A,-,09,21804,A,N,D,C,A,A,H,-,A,D,0,NA,NA,NA,NA,Y,NA,A,01,0,1,0,0,0,0,0,0,0,-,-,NA,NA,SAN BERNARDINO,MONTCLAIR,-117.68984222412108,34.08876037597656
9267696,2021,2021-05-25,3600,2021-05-14,2350,5366,VC013,5,5,5,3612,0,0,0,NA,0,VC4,AMARGOSA RD,EUCALYPTUS ST,2452,N,N,A,-,N,NA,NA,NA,NA,NA,NA,NA,NA,NA,Y,2,0,3,2,A,-,05,21460,A,N,A,C,A,A,H,-,C,D,0,NA,NA,NA,NA,Y,NA,A,01,1,1,1,0,0,0,0,0,0,-,-,NA,NA,SAN BERNARDINO,VICTORVILLE,-117.35369873046876,34.46147918701172
9267964,2021,2021-05-26,3610,2021-03-20,1255,51209,NA,6,5,6,3610,0,0,0,NA,0,POLICE,E HARWICK DR,SHADY GLEN LN,259,E,N,A,-,N,NA,NA,NA,NA,NA,NA,NA,NA,NA,Y,3,0,3,1,A,-,08,22107,NA,N,A,I,A,A,H,-,A,D,0,NA,NA,NA,NA,Y,NA,A,01,0,1,2,0,0,0,0,0,0,-,-,34.053131103515625,-117.28304290771484,SAN BERNARDINO,SAN BERNARDINO,-117.28228759765624,34.05270004272461
9268456,2021,2021-06-25,3600,2021-05-05,1040,I1568,VC013,3,5,5,3612,0,0,0,NA,0,VC4,DUNIA RD,BEAR VALLEY RD,0,NA,Y,A,-,N,NA,NA,NA,NA,NA,NA,NA,NA,NA,N,4,0,1,2,A,-,12,21453,A,N,D,C,A,A,H,-,A,A,0,NA,NA,NA,NA,Y,NA,A,07,0,0,1,0,0,0,0,0,0,-,-,NA,NA,SAN BERNARDINO,VICTORVILLE,-117.35366821289063,34.47041320800781
9268954,2021,2021-05-28,3608,2021-04-24,0219,4024,NA,6,5,5,3608,0,0,0,NA,0,NA,COLTON AV,TRI CITY CENTER DR,0,NA,Y,A,-,N,NA,NA,NA,NA,NA,NA,NA,NA,NA,Y,4,0,1,1,A,-,01,23152,A,N,E,I,A,A,H,-,C,A,0,NA,NA,NA,NA,Y,Y,-,-,0,0,1,0,0,0,0,0,0,-,-,34.062950134277344,-117.20601654052734,SAN BERNARDINO,REDLANDS,-117.20542907714844,34.0628776550293
9269382,2021,2021-05-28,3604,2021-05-11,1658,769,NA,2,5,6,3604,0,0,0,NA,0,003,SIERRA,HOLLY DR,112,N,N,A,-,N,NA,NA,NA,NA,NA,NA,NA,NA,NA,Y,3,0,1,2,A,-,08,22107,NA,N,B,C,A,A,H,-,A,D,0,NA,NA,NA,NA,Y,NA,A,01,0,1,0,0,0,0,0,0,0,-,-,NA,NA,SAN BERNARDINO,FONTANA,-117.43569183349608,34.08064651489258
9269833,2021,2021-06-08,3610,2021-03-25,2147,50709,NA,4,5,6,3610,0,0,0,NA,0,BAKER,WEST HIGHLAND AV,NORTH ARROWHEAD AV,0,NA,Y,B,C,N,NA,NA,NA,NA,NA,NA,NA,NA,NA,N,4,0,1,2,A,-,09,21801,A,N,D,C,A,B,H,-,C,A,0,NA,NA,NA,NA,Y,NA,A,01,0,0,1,0,0,0,0,0,0,-,-,34.13597106933594,-117.28964996337892,SAN BERNARDINO,SAN BERNARDINO,-117.28964996337892,34.1359748840332
9270730,2021,2021-06-09,3600,2021-04-25,1649,H1532,YC001,7,5,4,3640,0,0,0,NA,0,YC02,WILDWOOD CYN RD,BRYANT ST,0,NA,Y,A,-,N,NA,NA,NA,NA,NA,NA,NA,NA,NA,N,4,0,1,2,A,-,12,22450,NA,N,D,C,A,A,H,-,A,A,0,NA,NA,NA,NA,Y,NA,-,NA,0,0,1,0,0,0,0,0,0,-,-,NA,NA,SAN BERNARDINO,YUCAIPA,-117.0344696044922,34.0157356262207
9273426,2021,2021-07-16,3602,2021-06-01,1436,2798,NA,2,5,5,3602,0,0,0,NA,0,001,EUCALYPTUS AV,RAMONA AV,0,NA,Y,A,-,N,NA,NA,NA,NA,NA,NA,NA,NA,NA,N,3,0,1,2,A,-,09,21804,A,N,D,C,A,A,H,-,A,D,0,NA,NA,NA,NA,Y,NA,A,07,0,1,0,0,0,0,0,0,0,-,-,33.9900016784668,-117.70600128173828,SAN BERNARDINO,CHINO,-117.70648193359376,33.98991394042969
9273456,2021,2021-06-29,3600,2021-06-07,1612,G9467,AP023,1,5,5,3621,0,0,0,NA,0,AP1,RT 18,RANCHERIAS RD,0,NA,Y,A,-,Y,SBD,8,18,-,-,91.58,H,-,N,Y,3,0,1,2,A,-,03,22350,NA,N,C,C,A,A,H,-,A,A,0,NA,NA,NA,NA,Y,NA,A,01,0,1,0,0,0,0,0,0,0,-,-,NA,NA,SAN BERNARDINO,APPLE VALLEY,-117.22582244873048,34.52952194213867
9274615,2021,2021-07-08,3602,2021-05-17,1315,3817,NA,1,5,5,3602,0,0,0,NA,0,001,RAMONA AV,RT 60,77,S,N,A,-,Y,SBD,8,60,-,R,1.494,R,4,E,N,4,0,1,2,A,-,03,22350,NA,M,C,C,A,A,H,-,A,A,0,NA,NA,Y,NA,Y,Y,C,02,0,0,1,0,0,0,0,0,1,-,EO,34.02914047241211,-117.70680236816406,SAN BERNARDINO,CHINO,-117.70462036132813,34.03006362915039
9276329,2021,2021-09-13,3604,2021-08-19,0306,1163,NA,4,5,6,3604,0,0,0,NA,0,NA,BASELINE AVE,JUNIPER AVE,0,NA,Y,A,-,N,NA,NA,NA,NA,NA,NA,NA,NA,NA,Y,3,0,1,2,A,-,12,21453,A,N,D,C,A,A,H,-,C,A,0,NA,NA,NA,NA,Y,NA,J,48,0,1,0,0,0,0,0,0,0,-,-,NA,NA,SAN BERNARDINO,FONTANA,-117.44023895263672,34.12130355834961
9276355,2021,2021-09-09,3600,2021-07-15,0840,F5565,H1003,4,5,4,3618,0,0,0,NA,0,H11,BASELINE ST,ELM ST,0,NA,Y,A,-,N,NA,NA,NA,NA,NA,NA,NA,NA,NA,Y,3,0,2,2,A,-,09,21801,A,N,D,C,A,A,H,-,A,D,0,NA,NA,NA,NA,Y,NA,J,48,0,2,0,0,0,0,0,0,0,-,-,NA,NA,SAN BERNARDINO,HIGHLAND,-117.24606323242188,34.12131118774414
9277060,2021,2021-06-08,3610,2021-04-06,0905,51268,NA,2,5,6,3610,0,0,0,NA,0,CHARLI,NORTH SIERRA WY,WEST HIGHLAND AV,0,NA,Y,A,-,N,NA,NA,NA,NA,NA,NA,NA,NA,NA,Y,2,0,1,2,A,-,12,21453,A,N,D,C,A,A,A,H,A,A,0,NA,NA,NA,NA,Y,NA,A,01,1,0,0,0,0,0,0,0,0,-,-,NA,NA,SAN BERNARDINO,SAN BERNARDINO,-117.28514099121094,34.135955810546875
9277200,2021,2021-06-14,3610,2021-04-17,1300,51209,NA,6,5,6,3610,0,0,0,NA,0,CHARLI,EAST HIGHLAND AV,N GOLDEN,85,E,N,A,-,N,NA,NA,NA,NA,NA,NA,NA,NA,NA,Y,4,0,3,4,A,-,03,22350,NA,N,B,C,A,A,H,-,A,D,0,NA,NA,NA,NA,Y,NA,A,08,0,0,3,0,0,0,0,0,0,-,-,34.13587188720703,-117.2611083984375,SAN BERNARDINO,SAN BERNARDINO,-117.26084136962892,34.13587188720703
9277375,2021,2021-06-10,3600,2021-05-11,1749,E4795,VC020,2,5,5,3612,0,0,0,NA,0,VC3,BEAR VALLEY RD,COTTONWOOD AV,83,W,N,A,-,N,NA,NA,NA,NA,NA,NA,NA,NA,NA,Y,3,0,3,2,A,-,09,21801,A,N,D,C,A,A,H,-,A,A,0,NA,NA,NA,NA,Y,NA,A,01,0,1,2,0,0,0,0,0,0,-,-,NA,NA,SAN BERNARDINO,VICTORVILLE,-117.33897399902344,34.470489501953125