CASE_ID,ACCIDENT_YEAR,PROC_DATE,JURIS,COLLISION_DATE,COLLISION_TIME,OFFICER_ID,REPORTING_DISTRICT,DAY_OF_WEEK,CHP_SHIFT,POPULATION,CNTY_CITY_LOC,SPECIAL_COND,BEAT_TYPE,CHP_BEAT_TYPE,CITY_DIVISION_LAPD,CHP_BEAT_CLASS,BEAT_NUMBER,PRIMARY_RD,SECONDARY_RD,DISTANCE,DIRECTION,INTERSECTION,WEATHER_1,WEATHER_2,STATE_HWY_IND,CALTRANS_COUNTY,CALTRANS_DISTRICT,STATE_ROUTE,ROUTE_SUFFIX,POSTMILE_PREFIX,POSTMILE,LOCATION_TYPE,RAMP_INTERSECTION,SIDE_OF_HWY,TOW_AWAY,COLLISION_SEVERITY,NUMBER_KILLED,NUMBER_INJURED,PARTY_COUNT,PRIMARY_COLL_FACTOR,PCF_CODE_OF_VIOL,PCF_VIOL_CATEGORY,PCF_VIOLATION,PCF_VIOL_SUBSECTION,HIT_AND_RUN,TYPE_OF_COLLISION,MVIW,PED_ACTION,ROAD_SURFACE,ROAD_COND_1,ROAD_COND_2,LIGHTING,CONTROL_DEVICE,CHP_ROAD_TYPE,PEDESTRIAN_ACCIDENT,BICYCLE_ACCIDENT,MOTORCYCLE_ACCIDENT,TRUCK_ACCIDENT,NOT_PRIVATE_PROPERTY,ALCOHOL_INVOLVED,STWD_VEHTYPE_AT_FAULT,CHP_VEHTYPE_AT_FAULT,COUNT_SEVERE_INJ,COUNT_VISIBLE_INJ,COUNT_COMPLAINT_PAIN,COUNT_PED_KILLED,COUNT_PED_INJURED,COUNT_BICYCLIST_KILLED,COUNT_BICYCLIST_INJURED,COUNT_MC_KILLED,COUNT_MC_INJURED,PRIMARY_RAMP,SECONDARY_RAMP,LATITUDE,LONGITUDE,COUNTY,CITY,POINT_X,POINT_Y
94719885,2025,2025-06-10,9865,2025-05-22,2309,021840,NA,4,3,9,3600,0,1,3,NA,2,017,SR-173,JOHN MUIR RD,550,E,N,A,-,Y,SBD,NA,173,NA,NA,20.404,H,NA,R,N,4,0,1,1,A,-,08,22107,NA,M,E,I,A,A,H,-,D,D,0,NA,NA,NA,NA,Y,NA,A,01,0,0,1,0,0,0,0,0,0,-,-,34.25170135498047,-117.17967224121094,SAN BERNARDINO,UNINCORPORATED,-117.17974090576172,34.25162887573242
94720339,2025,2025-06-10,9860,2025-06-02,1422,022539,NA,1,2,4,3603,0,1,1,NA,2,214,I-215 N/B,WASHINGTON ST,3168,S,N,A,-,Y,SBD,NA,215,NA,NA,2.093,H,NA,R,Y,4,0,2,2,A,-,03,22350,NA,N,C,C,A,A,H,-,A,D,0,NA,NA,NA,NA,Y,NA,A,01,0,0,2,0,0,0,0,0,0,-,-,34.04199981689453,-117.31539154052734,SAN BERNARDINO,COLTON,-117.31541442871094,34.04202651977539
94723193,2025,2025-06-12,9860,2025-06-03,1255,022539,NA,2,1,6,3610,0,1,1,NA,2,202,SR-210 E/B,WATERMAN AVE,3696,E,N,A,-,Y,SBD,NA,210,NA,R,24.964,H,NA,R,Y,3,0,1,2,A,-,03,22350,NA,N,C,C,A,A,H,-,A,D,0,NA,NA,NA,Y,Y,NA,F,26,0,1,0,0,0,0,0,0,0,-,-,34.14432144165039,-117.2656478881836,SAN BERNARDINO,SAN BERNARDINO,-117.26564025878906,34.14436340332031
94726180,2025,2025-06-16,9865,2025-06-08,1500,019929,NA,7,2,9,3600,0,3,5,NA,2,003,3N14,HOLCOMB CREEK ROAD,1056,E,N,A,-,N,NA,NA,NA,NA,NA,NA,NA,NA,NA,N,3,0,1,2,A,-,21,22106,NA,N,G,B,E,A,H,-,A,D,0,Y,NA,NA,NA,Y,NA,A,07,0,1,0,0,1,0,0,0,0,-,-,34.30025100708008,-116.98062133789063,SAN BERNARDINO,UNINCORPORATED,NA,NA
94730264,2025,2025-06-18,9855,2025-06-04,2340,023007,NA,3,3,6,3604,0,1,1,NA,2,101,I-10 W/B (SAN BERNARDINO FWY),ETIWANDA AVENUE,2190,E,N,A,-,Y,SBD,NA,10,NA,NA,11.559,H,NA,L,Y,4,0,1,2,A,-,01,23152,A,M,B,C,A,A,H,-,D,D,0,NA,NA,NA,NA,Y,Y,A,01,0,0,1,0,0,0,0,0,0,-,-,34.06779861450195,-117.51673126220705,SAN BERNARDINO,FONTANA,-117.5167236328125,34.067840576171875
94736033,2025,2025-06-23,9835,2025-06-13,1420,023679,NA,5,2,9,3600,0,1,1,NA,2,074,I-15 N/B,BAKER BLVD,5280,S,N,A,-,Y,SBD,NA,15,NA,R,134.821,H,NA,R,Y,4,0,3,3,A,-,03,22350,NA,N,C,C,A,A,H,-,A,D,0,NA,NA,NA,NA,Y,NA,A,01,0,0,3,0,0,0,0,0,0,-,-,35.245361328125,-116.09407806396484,SAN BERNARDINO,UNINCORPORATED,-116.09406280517578,35.24535369873047
94736920,2025,2025-06-24,9860,2025-06-09,1458,023693,NA,1,2,6,3610,0,1,1,NA,2,216,I-215 S/B,SR-210,3168,N,N,A,-,Y,SBD,NA,215,NA,NA,10.786,H,NA,L,N,3,0,1,2,A,-,03,22350,NA,N,C,C,A,A,H,-,A,D,0,NA,NA,NA,Y,Y,NA,A,01,0,1,0,0,0,0,0,0,0,-,-,34.1540412902832,-117.32511138916016,SAN BERNARDINO,SAN BERNARDINO,-117.32509613037108,34.15404510498047
94736925,2025,2025-06-24,9860,2025-06-12,1240,016575,NA,4,1,6,3610,0,1,1,NA,2,214,I-215 SOUTHBOUND,MILL STREET,450,N,N,A,-,Y,SBD,NA,215,NA,NA,6.162,H,NA,L,Y,2,0,2,1,A,-,01,23152,A,N,E,8,A,A,H,-,A,D,0,NA,NA,NA,NA,Y,Y,A,07,1,0,1,0,0,0,0,0,0,-,-,34.09357833862305,-117.30211639404295,SAN BERNARDINO,SAN BERNARDINO,-117.302001953125,34.09358215332031
9473717,2022,2022-08-18,3608,2022-07-12,1718,4202,3608,2,5,5,3608,0,0,0,NA,0,NA,WEST SAN BERNARDINO AV,WEBSTER ST,0,NA,Y,A,-,N,NA,NA,NA,NA,NA,NA,NA,NA,NA,Y,3,0,3,2,A,-,09,21804,A,N,D,C,A,A,H,-,A,D,0,NA,NA,NA,NA,Y,NA,A,01,0,1,2,0,0,0,0,0,0,-,-,NA,NA,SAN BERNARDINO,REDLANDS,-117.18675994873048,34.07730484008789
9473732,2022,2022-08-19,3608,2022-06-30,0036,5144,NA,4,5,5,3608,0,0,0,NA,0,NA,SAN TIMOTEO CANYON RD,ALESSANDRO RD,1635,W,N,A,-,N,NA,NA,NA,NA,NA,NA,NA,NA,NA,Y,3,0,1,2,A,-,07,21658,A,N,D,C,A,A,G,-,D,A,0,NA,NA,NA,NA,Y,NA,A,01,0,1,0,0,0,0,0,0,0,-,-,34.05400085449219,-117.11499786376952,SAN BERNARDINO,REDLANDS,-117.18502044677734,34.01527786254883
94737588,2025,2025-06-24,9850,2025-06-12,1715,024259,NA,4,2,9,3600,0,2,4,NA,2,053,EL MIRAGE RD,RICHARDSON RD,1056,W,N,A,-,N,NA,NA,NA,NA,NA,NA,NA,NA,NA,Y,3,0,4,4,A,-,06,21751,NA,N,A,C,A,A,H,-,A,D,0,NA,NA,NA,NA,Y,NA,A,07,0,2,2,0,0,0,0,0,0,-,-,34.601661682128906,-117.4753189086914,SAN BERNARDINO,UNINCORPORATED,NA,NA
94741330,2025,2025-06-26,9855,2025-06-16,1432,016146,NA,1,2,5,3611,0,1,1,NA,2,203,SR-210 E/B (FOOTHILL FWY),BASELINE ROAD,2640,E,N,A,-,Y,SBD,NA,210,NA,NA,0.074,H,NA,R,N,4,0,1,2,A,-,08,22107,NA,N,B,C,A,A,H,-,A,A,0,NA,NA,NA,NA,Y,NA,-,-,0,0,1,0,0,0,0,0,0,-,-,34.12491989135742,-117.6915283203125,SAN BERNARDINO,UPLAND,-117.69152069091795,34.124908447265625
9474762,2022,2022-08-01,3600,2022-06-08,0212,E4991,AP018,3,5,5,3621,0,0,0,NA,0,004,YUCCA LOMA RD,LAKOTA RD,0,NA,Y,A,-,N,NA,NA,NA,NA,NA,NA,NA,NA,NA,Y,4,0,1,1,A,-,08,22107,NA,N,F,-,A,A,H,-,D,A,0,NA,NA,NA,NA,Y,Y,A,07,0,0,1,0,0,0,0,0,0,-,-,NA,NA,SAN BERNARDINO,APPLE VALLEY,-117.20335388183594,34.500492095947266
94749599,2025,2025-07-07,9860,2025-06-20,1716,022890,NA,5,2,9,3600,0,1,1,NA,2,218,I-215 S/B,IOWA AVE,950,S,N,A,-,Y,SBD,NA,215,NA,NA,0.214,H,NA,L,N,3,0,2,4,A,-,03,22350,NA,N,C,2,A,A,H,-,A,D,0,NA,NA,Y,NA,Y,NA,A,01,0,2,0,0,0,0,0,0,2,-,-,34.02190017700195,-117.33740997314452,SAN BERNARDINO,UNINCORPORATED,-117.33747863769533,34.021942138671875
94751997,2025,2026-01-05,9860,2025-06-26,1852,024246,NA,4,2,9,3600,0,1,1,NA,2,102,I-10 E/B,CEDAR AVE,480,E,N,A,-,Y,SBD,NA,10,NA,R,18.587,H,NA,R,Y,3,0,1,2,A,-,03,22350,NA,N,C,2,A,A,H,-,A,D,0,NA,NA,NA,NA,Y,NA,A,01,0,1,0,0,0,0,0,0,0,-,-,34.068450927734375,-117.39446258544922,SAN BERNARDINO,UNINCORPORATED,-117.39446258544922,34.06841278076172
9475201,2022,2022-07-11,3604,2022-05-28,1658,1299,SANBE,6,5,6,3604,0,0,0,NA,0,004,CHERRY AV,RANCHERIAS DR,200,E,N,B,-,N,NA,NA,NA,NA,NA,NA,NA,NA,NA,Y,3,0,1,1,A,-,08,22107,NA,N,E,I,A,A,H,-,A,A,0,NA,NA,NA,NA,Y,NA,A,08,0,1,0,0,0,0,0,0,0,-,-,NA,NA,SAN BERNARDINO,FONTANA,-117.50122833251952,34.037376403808594
94752226,2025,2025-07-07,9855,2025-06-29,400,022584,NA,7,3,6,3604,0,1,1,NA,2,201,SR-210 W/B (FOOTHILL FWY),CITRUS AVE,1637,W,N,A,-,Y,SBD,NA,210,NA,NA,13.598,H,NA,L,Y,3,0,1,1,A,-,08,22107,NA,N,H,C,A,A,H,-,D,D,0,NA,NA,NA,NA,Y,NA,A,07,0,1,0,0,0,0,0,0,0,-,-,34.136661529541016,-117.45931243896484,SAN BERNARDINO,FONTANA,-117.45931243896484,34.136592864990234
94754084,2025,2025-07-08,9855,2025-06-05,1032,020620,NA,4,1,6,3607,0,1,1,NA,2,103,I-10 W/B (SAN BERNARDINO FWY),HAVEN AVE.,1193,W,N,A,-,Y,SBD,NA,10,NA,NA,7.924,H,NA,L,Y,2,0,1,2,A,-,03,22350,NA,N,F,A,A,A,H,-,A,D,0,NA,NA,Y,NA,Y,NA,C,02,1,0,0,0,0,0,0,0,1,-,-,34.06766891479492,-117.5800323486328,SAN BERNARDINO,ONTARIO,-117.5800323486328,34.06765365600586
94754970,2025,2025-07-09,9860,2025-06-30,1450,022319,NA,1,2,4,3603,0,1,1,NA,2,214,I-215 S/B,COOLEY DR.,1200,S,N,A,-,Y,SBD,NA,215,NA,NA,3.504,H,NA,L,N,3,0,3,2,A,-,03,22350,NA,N,C,C,A,A,H,-,A,D,0,NA,NA,NA,NA,Y,NA,A,07,0,2,1,0,0,0,0,0,0,-,-,34.05644989013672,-117.29863739013672,SAN BERNARDINO,COLTON,-117.29848480224608,34.0564079284668
94758811,2025,2025-07-11,9835,2025-07-08,1429,020109,NA,2,2,9,3600,0,1,1,NA,2,070,INTERSTATE 15 NORTHBOUND,WILD WASH RD,7920,N,N,A,-,Y,SBD,NA,15,NA,NA,57.403,H,NA,R,Y,1,1,1,2,A,-,01,23152,A,N,C,C,A,A,H,-,A,D,0,NA,NA,NA,NA,Y,Y,A,01,1,0,0,0,0,0,0,0,0,-,-,34.72072982788086,-117.19492340087892,SAN BERNARDINO,UNINCORPORATED,-117.1949462890625,34.720741271972656
94759561,2025,2025-07-14,9860,2025-07-11,622,022950,NA,5,1,5,3609,0,1,1,NA,2,102,I-10 E/B,RIVERSIDE AVE,1162,E,N,A,-,Y,SBD,NA,10,NA,NA,20.207,H,NA,R,Y,4,0,1,2,A,-,01,23152,A,N,B,C,A,A,H,-,A,D,0,NA,NA,NA,NA,Y,Y,A,01,0,0,1,0,0,0,0,0,0,-,-,34.06861877441406,-117.3662109375,SAN BERNARDINO,RIALTO,-117.3662109375,34.06870651245117
94763275,2025,2025-07-16,9860,2025-07-03,235,022931,NA,4,3,9,3600,0,1,3,NA,1,010,SR-138,I-15,24,E,N,A,-,N,NA,NA,NA,NA,NA,NA,NA,NA,NA,Y,4,0,3,2,A,-,03,22350,NA,N,C,C,A,A,H,-,C,A,0,NA,NA,NA,NA,Y,NA,A,01,0,0,3,0,0,0,0,0,0,-,-,34.31196975708008,-117.47337341308594,SAN BERNARDINO,UNINCORPORATED,-117.47551727294922,34.311744689941406
94763415,2025,2025-07-16,9855,2025-07-05,35,023027,NA,6,3,9,3600,0,3,5,NA,2,001,ARROW RTE.,LIME AVE.,10,W,N,A,-,N,NA,NA,NA,NA,NA,NA,NA,NA,NA,Y,2,0,1,1,A,-,01,23152,A,N,E,8,A,A,H,-,C,D,0,NA,NA,NA,NA,Y,Y,A,01,1,0,0,0,0,0,0,0,0,-,-,34.099361419677734,-117.46470642089844,SAN BERNARDINO,UNINCORPORATED,-117.46468353271484,34.09926986694336
9476661,2022,2022-08-09,3600,2022-03-02,1052,F6913,RC029,3,5,6,3616,0,0,0,NA,0,005,CHURCH ST,RAMONA AV,0,NA,Y,A,-,N,NA,NA,NA,NA,NA,NA,NA,NA,NA,N,3,0,1,2,A,-,11,21950,B,N,B,G,A,A,H,-,A,A,0,NA,Y,NA,NA,Y,NA,L,04,0,1,0,0,0,0,1,0,0,-,-,NA,NA,SAN BERNARDINO,RANCHO CUCAMONGA,-117.58908081054688,34.11404037475586
9476729,2022,2022-07-19,3610,2022-06-01,0850,50469,NA,3,5,6,3610,0,0,0,NA,0,POLICE,SOUTH WATERMAN AV,E RIALTO AV,0,NA,Y,A,-,N,NA,NA,NA,NA,NA,NA,NA,NA,NA,Y,4,0,2,2,A,-,12,21453,A,N,D,C,A,A,H,-,A,A,0,NA,NA,NA,NA,Y,NA,A,01,0,0,2,0,0,0,0,0,0,-,-,NA,NA,SAN BERNARDINO,SAN BERNARDINO,-117.2787628173828,34.10085678100586
9476787,2022,2022-07-19,3610,2022-06-03,1617,51391,NA,5,5,6,3610,0,0,0,NA,0,POLICE,W ORANGE SHOW RD,S E ST,0,NA,Y,A,-,N,NA,NA,NA,NA,NA,NA,NA,NA,NA,Y,3,0,2,2,A,-,09,21453,C,N,A,I,A,A,H,-,A,A,0,NA,NA,NA,NA,Y,NA,A,01,0,1,1,0,0,0,0,0,0,-,-,34.078529357910156,-117.29199981689452,SAN BERNARDINO,SAN BERNARDINO,-117.29413604736328,34.07956314086914
9476798,2022,2022-07-19,3610,2022-06-10,0210,51384,NA,5,5,6,3610,0,0,0,NA,0,POLICE,E 9TH ST,NORTH WATERMAN AV,0,NA,Y,A,-,N,NA,NA,NA,NA,NA,NA,NA,NA,NA,Y,4,0,2,2,A,-,12,21453,A,F,D,C,A,A,A,H,C,A,0,NA,NA,NA,NA,Y,NA,A,07,0,0,2,0,0,0,0,0,0,-,-,NA,NA,SAN BERNARDINO,SAN BERNARDINO,-117.2787857055664,34.11579513549805
94770578,2025,2025-07-21,9860,2025-07-09,1550,022843,NA,3,2,9,3600,0,1,1,NA,2,151,I-15 N/B,CLEGHORN RD.,6336,S,N,A,-,Y,SBD,NA,15,NA,R,18.797,H,NA,R,Y,4,0,1,2,A,-,07,21658,A,N,C,C,A,A,H,-,A,D,0,NA,NA,Y,NA,Y,NA,A,01,0,0,1,0,0,0,0,0,1,-,-,34.282501220703125,-117.45200347900392,SAN BERNARDINO,UNINCORPORATED,-117.45201110839844,34.282501220703125
94773043,2025,2025-07-22,9870,2025-07-20,330,021288,NA,7,3,9,3600,0,1,3,NA,1,011,SR-62 (TWENTYNINE PALMS HWY.),ROSE EDEN DRIVE,300,W,N,A,-,Y,SBD,NA,62,NA,NA,5.708,H,NA,R,Y,4,0,1,1,C,-,18,NA,NA,N,E,H,A,A,H,-,C,D,0,NA,NA,NA,NA,Y,NA,-,-,0,0,1,0,0,0,0,0,0,-,-,34.088680267333984,-116.5207977294922,SAN BERNARDINO,UNINCORPORATED,-116.52081298828124,34.08869552612305
94776279,2025,2025-08-01,9860,2025-07-12,1300,022553,NA,6,1,5,3609,0,1,1,NA,2,102,I-10 E/B TO RIVERSIDE AVENUE,RIVERSIDE AVE,375,W,N,A,-,Y,NA,NA,NA,NA,NA,NA,NA,NA,NA,N,4,0,1,3,A,-,01,23152,A,M,C,C,A,A,H,-,A,D,0,NA,NA,NA,NA,Y,Y,A,01,0,0,1,0,0,0,0,0,0,-,-,34.06843185424805,-117.3718719482422,SAN BERNARDINO,RIALTO,-117.37281799316406,34.06858825683594
94779571,2025,2025-07-28,9850,2025-07-24,1640,024350,NA,4,2,9,3600,0,3,5,NA,2,002,OFFHIGHWAY,LOS FLORES ST,528,S,N,A,-,N,NA,NA,NA,NA,NA,NA,NA,NA,NA,Y,4,0,2,1,A,-,03,38305,NA,N,F,A,A,A,H,-,A,D,0,NA,NA,NA,NA,Y,NA,D,22,0,0,2,0,0,0,0,0,0,-,-,34.36410140991211,-117.3143310546875,SAN BERNARDINO,UNINCORPORATED,NA,NA
9477965,2022,2022-08-04,3600,2022-07-09,1138,I4861,TW006,6,5,3,3617,0,0,0,NA,0,0TW,SUNRISE DR,SALADIN AV,0,NA,Y,A,-,N,NA,NA,NA,NA,NA,NA,NA,NA,NA,N,3,0,1,2,A,-,12,22450,A,N,D,C,A,A,H,-,A,D,0,NA,NA,Y,NA,Y,NA,C,06,0,1,0,0,0,0,0,0,1,-,-,34.1161003112793,-116.03121948242188,SAN BERNARDINO,TWENTYNINE PALMS,-116.03124237060548,34.116111755371094
94781389,2025,2025-07-29,9870,2025-07-27,1145,020280,NA,7,1,9,3600,0,1,3,NA,1,031,STATE ROUTE 62 (TWENTYNINE PALMS HIGHWAY),SIERRA AVENUE,0,NA,Y,A,-,Y,SBD,NA,62,NA,NA,23.545,H,NA,R,Y,4,0,1,2,A,-,09,21801,A,N,D,C,A,A,H,-,A,A,0,NA,NA,NA,NA,Y,NA,A,01,0,0,1,0,0,0,0,0,0,-,-,34.13515853881836,-116.22299957275392,SAN BERNARDINO,UNINCORPORATED,-116.22299957275392,34.13513946533203
94783052,2025,2025-07-30,9855,2025-07-28,1320,021838,NA,1,1,9,3600,0,3,5,NA,2,001,WHITTRAM AVE,MULBERRY AVE,300,E,N,A,-,N,NA,NA,NA,NA,NA,NA,NA,NA,NA,Y,3,0,1,3,A,-,08,22107,NA,N,B,2,A,A,H,-,A,D,0,NA,NA,NA,NA,Y,NA,D,22,0,1,0,0,0,0,0,0,0,-,-,34.094661712646484,-117.50534057617188,SAN BERNARDINO,UNINCORPORATED,-117.50528717041016,34.09455108642578
9478746,2022,2022-08-11,3604,2022-07-06,0806,1409,NA,3,5,6,3604,0,0,0,NA,0,002,CITRUS AV,BASELINE AV,115,S,N,A,-,N,NA,NA,NA,NA,NA,NA,NA,NA,NA,Y,3,0,3,2,A,-,08,22107,NA,N,C,C,A,A,H,-,A,A,0,NA,NA,NA,NA,Y,NA,A,07,0,1,2,0,0,0,0,0,0,-,-,NA,NA,SAN BERNARDINO,FONTANA,-117.45350646972656,34.12144088745117
94787478,2025,2025-08-04,9860,2025-07-25,1128,022553,NA,5,1,4,3603,0,1,1,NA,2,214,I-215 N/B,COOLEY DR  E,1003,S,N,A,-,Y,SBD,NA,215,NA,NA,3.536,H,NA,R,Y,3,0,1,2,A,-,08,22107,NA,N,B,C,A,A,H,-,A,D,0,NA,NA,Y,NA,Y,NA,C,02,0,1,0,0,0,0,0,0,1,-,-,34.056800842285156,-117.29815673828124,SAN BERNARDINO,COLTON,-117.29812622070313,34.05678939819336
94789089,2025,2025-08-04,9860,2025-07-25,2220,023234,NA,5,3,4,3603,0,1,1,NA,2,214,I-215 N/B,WASHINGTON ST,2640,N,N,A,-,Y,SBD,NA,215,NA,NA,3.061,H,NA,R,Y,4,0,1,2,A,-,08,22107,NA,N,B,C,A,A,H,-,D,D,0,NA,NA,Y,NA,Y,NA,A,01,0,0,1,0,0,0,0,0,1,-,-,34.05107879638672,-117.30249786376952,SAN BERNARDINO,COLTON,-117.30247497558594,34.05105972290039
94793956,2025,2025-08-07,9850,2025-08-01,1028,023055,NA,5,1,5,3619,0,1,1,NA,2,082,I-15 S/B,JOSHUA STREET,2640,N,N,A,-,Y,SBD,NA,15,NA,NA,32.873,H,NA,L,Y,4,0,2,1,C,-,18,NA,NA,N,E,J,A,A,H,-,A,D,0,NA,NA,NA,NA,Y,NA,-,-,0,0,2,0,0,0,0,0,0,-,-,34.41307067871094,-117.3914031982422,SAN BERNARDINO,HESPERIA,-117.39127349853516,34.413002014160156
94797165,2025,2025-08-11,9860,2025-07-14,2140,023656,NA,1,2,5,3608,0,1,1,NA,2,203,I-10 W/B FROM SR-210 E/B,I-10,792,N,N,A,-,Y,NA,NA,NA,NA,NA,NA,NA,NA,NA,Y,4,0,1,1,A,-,08,22107,NA,N,E,8,A,A,H,-,D,D,0,NA,NA,NA,NA,Y,NA,A,01,0,0,1,0,0,0,0,0,0,-,-,34.06861877441406,-117.20184326171876,SAN BERNARDINO,REDLANDS,NA,NA
94797366,2025,2025-08-11,9865,2025-08-02,510,023931,NA,6,3,9,3600,0,1,3,NA,2,021,SR-330,MPM 39.43,80,S,N,A,-,Y,SBD,NA,330,NA,NA,39.406,H,NA,R,Y,3,0,2,1,A,-,08,22107,NA,N,E,I,A,A,H,-,B,D,0,NA,NA,NA,NA,Y,NA,D,22,0,2,0,0,0,0,0,0,0,-,-,34.1939582824707,-117.15113830566406,SAN BERNARDINO,UNINCORPORATED,-117.15113067626952,34.19393539428711
9480044,2022,2022-07-20,3605,2022-06-22,1630,429,NA,3,5,4,3605,0,0,0,NA,0,NA,STATE ST,GREENWOOD AV,0,NA,Y,A,-,N,NA,NA,NA,NA,NA,NA,NA,NA,NA,N,2,0,2,2,A,-,03,22350,NA,N,C,-,A,A,H,-,A,A,0,NA,NA,NA,NA,Y,NA,A,01,1,1,0,0,0,0,0,0,0,-,-,NA,NA,SAN BERNARDINO,MONTCLAIR,NA,NA
9480114,2022,2022-08-10,3600,2022-05-27,0946,I1078,VC016,5,5,5,3612,0,0,0,NA,0,VC2,LA PAZ DR,ROY ROBERS DR,0,NA,N,A,-,N,NA,NA,NA,NA,NA,NA,NA,NA,NA,Y,4,0,1,2,A,-,03,22350,NA,N,D,C,A,A,H,-,A,A,0,NA,NA,NA,NA,Y,NA,A,01,0,0,1,0,0,0,0,0,0,-,-,34.51982116699219,-117.3173370361328,SAN BERNARDINO,VICTORVILLE,-117.3173370361328,34.51987075805664
9480162,2022,2022-07-26,3603,2022-06-21,0101,4813,CPD,2,5,4,3603,0,0,0,NA,0,003,S RANCHO AV,W AGUA MANSA RD,300,N,N,A,-,N,NA,NA,NA,NA,NA,NA,NA,NA,NA,N,3,0,1,1,A,-,05,21650,NA,N,H,I,A,A,H,-,C,D,0,NA,NA,NA,NA,Y,NA,D,22,0,1,0,0,0,0,0,0,0,-,-,34.054080963134766,-117.33474731445313,SAN BERNARDINO,COLTON,-117.33479309082033,34.05491256713867
94804659,2025,2025-08-15,9860,2025-08-05,337,023656,NA,2,3,6,3610,0,1,1,NA,2,202,SR-210 E/B,ARDEN AVE,686,E,N,A,-,Y,SBD,NA,210,NA,R,27.013,H,NA,R,N,4,0,1,2,A,-,03,22350,NA,N,C,C,A,A,H,-,D,D,0,NA,NA,NA,NA,Y,NA,D,22,0,0,1,0,0,0,0,0,0,-,-,34.13438034057617,-117.23271942138672,SAN BERNARDINO,SAN BERNARDINO,-117.23273468017578,34.13435363769531
94804711,2025,2025-08-15,9860,2025-07-31,1325,022719,NA,4,1,4,3603,0,1,1,NA,2,214,I-215 S/B,IOWA AVE,875,N,N,A,-,Y,SBD,NA,215,NA,NA,0.578,H,NA,L,N,4,0,1,2,A,-,03,22350,NA,N,C,C,A,A,H,-,A,D,0,NA,NA,NA,NA,Y,NA,D,22,0,0,1,0,0,0,0,0,0,-,-,34.02613830566406,-117.33360290527344,SAN BERNARDINO,COLTON,-117.33361053466795,34.02614974975586
94804957,2025,2025-08-15,9834,2025-08-15,1307,021720,NA,5,1,9,3600,0,1,2,NA,1,093,US-95,FIVE MILE RD,11616,S,N,A,-,Y,SBD,NA,95,NA,NA,51.107,H,NA,R,Y,3,0,1,1,A,-,08,22107,NA,N,E,I,A,A,H,-,A,A,0,NA,NA,Y,NA,Y,NA,C,02,0,1,0,0,0,0,0,0,1,-,-,34.73870086669922,-114.60243225097656,SAN BERNARDINO,UNINCORPORATED,-114.60240173339844,34.73870086669922
9480682,2022,2022-11-08,3608,2022-06-30,1725,4536,SBSVP,4,5,5,3608,0,0,0,NA,0,NA,ORIENTAL AV,EUREKA ST,0,NA,N,A,-,N,NA,NA,NA,NA,NA,NA,NA,NA,NA,Y,3,0,1,3,A,-,08,22107,NA,N,B,E,A,A,H,-,A,D,0,NA,NA,NA,NA,Y,NA,A,01,0,1,0,0,0,0,0,0,0,-,-,34.05852127075195,-117.18009948730467,SAN BERNARDINO,REDLANDS,-117.18629455566406,34.058536529541016
9480708,2022,2022-07-29,3610,2022-06-30,0754,50584,NA,4,5,6,3610,0,0,0,NA,0,DAVID,E BARTON RD,SOUTH WATERMAN AV,0,NA,Y,A,-,N,NA,NA,NA,NA,NA,NA,NA,NA,NA,N,4,0,1,2,A,-,12,21453,A,N,D,C,A,A,H,-,A,A,0,NA,NA,Y,NA,Y,NA,C,02,0,0,1,0,0,0,0,0,1,-,-,34.0518913269043,-117.27870178222656,SAN BERNARDINO,SAN BERNARDINO,-117.27872467041016,34.05191421508789
94808992,2025,2025-08-19,9855,2025-08-12,830,018313,NA,2,1,4,3605,0,1,1,NA,2,103,I-10 E/B (SAN BERNARDINO FWY),MONTE VISTA AVE,1500,W,N,A,-,Y,SBD,NA,10,NA,NA,0.357,H,NA,R,Y,4,0,4,4,A,-,07,21658,A,M,B,C,A,A,H,-,A,D,0,NA,NA,NA,NA,Y,NA,A,01,0,0,4,0,0,0,0,0,0,-,-,34.08168029785156,-117.70404052734376,SAN BERNARDINO,MONTCLAIR,-117.70404052734376,34.081729888916016
9480939,2022,2022-07-29,3610,2022-07-08,1943,51285,NA,5,5,6,3610,0,0,0,NA,0,DAVID,E REDLANDS BL,S CLUB WY,0,NA,Y,A,-,N,NA,NA,NA,NA,NA,NA,NA,NA,NA,Y,4,0,1,2,A,-,12,21453,A,F,D,C,A,A,H,-,A,A,0,NA,NA,NA,NA,Y,NA,A,01,0,0,1,0,0,0,0,0,0,-,-,34.06330108642578,-117.2838134765625,SAN BERNARDINO,SAN BERNARDINO,-117.2838134765625,34.06305694580078