CASE_ID,ACCIDENT_YEAR,PROC_DATE,JURIS,COLLISION_DATE,COLLISION_TIME,OFFICER_ID,REPORTING_DISTRICT,DAY_OF_WEEK,CHP_SHIFT,POPULATION,CNTY_CITY_LOC,SPECIAL_COND,BEAT_TYPE,CHP_BEAT_TYPE,CITY_DIVISION_LAPD,CHP_BEAT_CLASS,BEAT_NUMBER,PRIMARY_RD,SECONDARY_RD,DISTANCE,DIRECTION,INTERSECTION,WEATHER_1,WEATHER_2,STATE_HWY_IND,CALTRANS_COUNTY,CALTRANS_DISTRICT,STATE_ROUTE,ROUTE_SUFFIX,POSTMILE_PREFIX,POSTMILE,LOCATION_TYPE,RAMP_INTERSECTION,SIDE_OF_HWY,TOW_AWAY,COLLISION_SEVERITY,NUMBER_KILLED,NUMBER_INJURED,PARTY_COUNT,PRIMARY_COLL_FACTOR,PCF_CODE_OF_VIOL,PCF_VIOL_CATEGORY,PCF_VIOLATION,PCF_VIOL_SUBSECTION,HIT_AND_RUN,TYPE_OF_COLLISION,MVIW,PED_ACTION,ROAD_SURFACE,ROAD_COND_1,ROAD_COND_2,LIGHTING,CONTROL_DEVICE,CHP_ROAD_TYPE,PEDESTRIAN_ACCIDENT,BICYCLE_ACCIDENT,MOTORCYCLE_ACCIDENT,TRUCK_ACCIDENT,NOT_PRIVATE_PROPERTY,ALCOHOL_INVOLVED,STWD_VEHTYPE_AT_FAULT,CHP_VEHTYPE_AT_FAULT,COUNT_SEVERE_INJ,COUNT_VISIBLE_INJ,COUNT_COMPLAINT_PAIN,COUNT_PED_KILLED,COUNT_PED_INJURED,COUNT_BICYCLIST_KILLED,COUNT_BICYCLIST_INJURED,COUNT_MC_KILLED,COUNT_MC_INJURED,PRIMARY_RAMP,SECONDARY_RAMP,LATITUDE,LONGITUDE,COUNTY,CITY,POINT_X,POINT_Y
9666794,2024,2024-03-13,3600,2024-01-03,1939,F6913,RC033,3,5,6,3616,0,0,0,NA,0,005,ARROW RT,HAVEN AV,0,NA,Y,A,-,N,NA,NA,NA,NA,NA,NA,NA,NA,NA,Y,3,0,2,2,A,-,12,21453,A,N,A,C,A,A,H,-,C,A,0,NA,NA,NA,NA,Y,NA,A,01,0,2,0,0,0,0,0,0,0,-,-,NA,NA,SAN BERNARDINO,RANCHO CUCAMONGA,-117.57594299316406,34.09920120239258
9668580,2024,2024-04-24,3600,2024-02-12,1027,H7754,YC303,1,5,4,3640,0,0,0,NA,0,YC2,BRYANT ST,VELARDO DR,209,N,N,A,-,N,NA,NA,NA,NA,NA,NA,NA,NA,NA,Y,3,0,2,2,A,-,06,21750,A,N,B,C,A,A,H,-,A,A,0,NA,NA,NA,NA,Y,NA,D,22,0,1,1,0,0,0,0,0,0,-,-,NA,NA,SAN BERNARDINO,YUCAIPA,-117.03449249267578,34.0225830078125
9669075,2024,2024-04-19,3610,2024-02-23,1545,51382,NA,5,5,6,3610,0,0,0,NA,0,NA,WEST HIGHLAND AV,N VALENCIA AV,0,NA,Y,A,-,N,NA,NA,NA,NA,NA,NA,NA,NA,NA,N,4,0,1,2,A,-,00,21458,A,F,G,B,B,A,H,-,A,A,0,Y,NA,NA,NA,Y,NA,N,60,0,0,1,0,1,0,0,0,0,-,-,34.13628005981445,-117.28923034667967,SAN BERNARDINO,SAN BERNARDINO,-117.27252197265624,34.135902404785156
9669333,2024,2024-05-15,3610,2024-03-15,817,51407,NA,5,5,6,3610,0,0,0,NA,0,NA,3RD ST,FRONTAGE RD,0,NA,Y,A,-,N,NA,NA,NA,NA,NA,NA,NA,NA,NA,Y,4,0,1,2,A,-,08,22107,NA,N,B,C,A,A,H,-,A,A,0,NA,NA,NA,NA,Y,NA,D,22,0,0,1,0,0,0,0,0,0,-,-,34.10457992553711,-117.30223083496094,SAN BERNARDINO,SAN BERNARDINO,-114.16065216064452,34.26077651977539
9669563,2024,2024-05-01,3603,2024-02-11,2142,4861,CPD,7,5,4,3603,0,0,0,NA,0,001,N RANCHO AVE,W C ST,0,NA,Y,A,-,N,NA,NA,NA,NA,NA,NA,NA,NA,NA,Y,3,0,5,2,A,-,09,21801,A,F,D,C,A,A,H,-,C,A,0,NA,NA,NA,NA,Y,NA,D,22,0,5,0,0,0,0,0,0,0,-,-,34.073951721191406,-117.3352508544922,SAN BERNARDINO,COLTON,-117.33523559570313,34.0739631652832
9669889,2024,2024-03-19,3605,2024-01-07,1258,457,NA,7,5,4,3605,0,0,0,NA,0,NA,SAN BERNARDINO ST,RAMONA AV,17,W,N,A,-,N,NA,NA,NA,NA,NA,NA,NA,NA,NA,NA,4,0,1,2,A,-,03,22350,NA,N,D,C,A,A,H,-,A,A,0,NA,NA,NA,NA,Y,NA,A,07,0,0,1,0,0,0,0,0,0,-,-,34.07786178588867,-117.07032012939452,SAN BERNARDINO,MONTCLAIR,-117.70703887939452,34.07783889770508
9671016,2023,2024-03-14,3600,2023-12-14,1302,H8994,HE103,4,5,5,3619,0,0,0,NA,0,HE1,SEQUOIA ST,BALSAM AV,0,NA,Y,A,-,N,NA,NA,NA,NA,NA,NA,NA,NA,NA,Y,4,0,2,3,A,-,09,21802,A,N,D,C,A,A,H,-,A,A,0,NA,NA,NA,NA,Y,NA,A,07,0,0,2,0,0,0,0,0,0,-,-,NA,NA,SAN BERNARDINO,HESPERIA,-117.32993316650392,34.46879577636719
9671688,2024,2024-05-17,3600,2024-03-17,957,J1624,VC060,7,5,5,3612,0,0,0,NA,0,VC6,RT 395,EUCALYPTUS ST,0,NA,Y,A,-,Y,SBD,8,395,-,-,7.61,H,-,N,Y,3,0,2,3,A,-,03,22350,NA,N,C,C,A,A,H,-,A,A,0,NA,NA,NA,NA,Y,NA,D,22,0,1,1,0,0,0,0,0,0,-,-,34.45539093017578,-117.39962768554688,SAN BERNARDINO,VICTORVILLE,-117.39966583251952,34.45552444458008
9673529,2024,2024-07-03,3610,2024-02-05,1459,51337,NA,1,5,6,3610,0,0,0,NA,0,NA,HIGHLAND AV,LINCOLN DR,0,NA,Y,B,C,N,NA,NA,NA,NA,NA,NA,NA,NA,NA,Y,4,0,1,2,A,-,09,21800,A,N,A,C,A,B,H,-,A,A,0,NA,NA,NA,NA,Y,NA,D,22,0,0,1,0,0,0,0,0,0,-,-,34.13600158691406,-117.30500030517578,SAN BERNARDINO,SAN BERNARDINO,-117.3054428100586,34.13603591918945
9673695,2024,2024-04-26,3610,2024-02-01,926,51436,NA,4,5,6,3610,0,0,0,NA,0,NA,W BASELINE ST,N D ST,0,NA,Y,C,-,N,NA,NA,NA,NA,NA,NA,NA,NA,NA,N,4,0,1,2,A,-,03,22350,NA,N,D,C,A,B,H,-,A,A,0,NA,NA,NA,NA,Y,NA,A,01,0,0,1,0,0,0,0,0,0,-,-,NA,NA,SAN BERNARDINO,SAN BERNARDINO,-117.29193115234376,34.1213493347168
9673836,2024,2024-03-20,3600,2024-01-27,1206,I3985,HE2,6,5,5,3619,0,0,0,NA,0,HE202,I AV,E AV,0,NA,Y,A,-,N,NA,NA,NA,NA,NA,NA,NA,NA,NA,Y,3,0,2,2,A,-,12,22450,A,N,D,C,A,A,H,-,A,A,0,NA,NA,NA,NA,Y,NA,A,01,0,1,1,0,0,0,0,0,0,-,-,NA,NA,SAN BERNARDINO,HESPERIA,-117.2771224975586,34.44892120361328
9674160,2024,2024-04-29,3605,2024-02-25,1645,472,NA,7,5,4,3605,0,0,0,NA,0,NA,KINGSLEY ST,LEHIGH AV,251,W,N,A,-,N,NA,NA,NA,NA,NA,NA,NA,NA,NA,N,4,0,2,2,A,-,03,22350,NA,N,C,C,A,A,H,-,A,D,0,NA,NA,NA,NA,Y,NA,A,08,0,0,2,0,0,0,0,0,0,-,-,34.066829681396484,-117.70989227294922,SAN BERNARDINO,MONTCLAIR,-117.71062469482422,34.066810607910156
9676510,2024,2024-06-26,3600,2024-04-26,1425,G6203,HE313,5,5,5,3619,0,0,0,NA,0,HE3,7TH AV,ORANGE ST,0,NA,Y,A,-,N,NA,NA,NA,NA,NA,NA,NA,NA,NA,Y,2,0,2,2,A,-,01,23152,A,N,D,C,A,A,H,-,A,A,0,NA,NA,NA,NA,Y,Y,D,22,1,1,0,0,0,0,0,0,0,-,-,NA,NA,SAN BERNARDINO,HESPERIA,-117.31610107421876,34.4215087890625
9676896,2024,2024-06-05,3610,2024-04-21,1600,51554,NA,7,5,6,3610,0,0,0,NA,0,NA,NORTH ARROWHEAD AV,W RIALTO AV,0,NA,Y,A,-,N,NA,NA,NA,NA,NA,NA,NA,NA,NA,N,4,0,3,2,A,-,12,21453,A,N,D,C,A,A,A,H,A,A,0,NA,NA,NA,NA,Y,NA,A,01,0,0,3,0,0,0,0,0,0,-,-,34.1008415222168,-117.28964233398438,SAN BERNARDINO,SAN BERNARDINO,-117.28964996337892,34.10084533691406
9676914,2024,2024-06-05,3600,2024-04-24,1553,D3381,VC025,3,5,5,3612,0,0,0,NA,0,VC3,CYPRESS AV,NISQUALLI RD,0,NA,Y,A,-,N,NA,NA,NA,NA,NA,NA,NA,NA,NA,N,4,0,1,2,A,-,10,21954,B,M,G,B,A,A,H,-,A,A,0,NA,Y,NA,NA,Y,NA,A,01,0,0,1,0,0,0,1,0,0,-,-,34.48527145385742,-117.31678771972656,SAN BERNARDINO,VICTORVILLE,-117.31684112548828,34.48527145385742
9678335,2024,2024-04-12,3600,2024-02-21,623,12318,VC021,3,5,5,3612,0,0,0,NA,0,VC3,NISQUALLI RD,HESPERIA RD,2,N,N,A,-,N,NA,NA,NA,NA,NA,NA,NA,NA,NA,Y,2,0,2,2,A,-,12,21453,NA,N,D,C,A,A,H,-,A,A,0,NA,NA,NA,NA,Y,NA,A,01,1,0,1,0,0,0,0,0,0,-,-,NA,NA,SAN BERNARDINO,VICTORVILLE,-117.29015350341795,34.48550033569336
9678359,2024,2024-04-15,3608,2024-02-14,1340,4345,SANBE,3,5,5,3608,0,0,0,NA,0,NA,6TH ST,CITRUS AV,153,S,N,A,-,N,NA,NA,NA,NA,NA,NA,NA,NA,NA,N,4,0,1,2,A,-,09,21804,A,N,D,C,A,A,H,-,A,A,0,NA,NA,NA,NA,Y,NA,A,07,0,0,1,0,0,0,0,0,0,-,-,NA,NA,SAN BERNARDINO,REDLANDS,-117.18035888671876,34.05513000488281
9678360,2024,2024-04-16,3608,2024-02-11,1640,5255,3608,7,5,5,3608,0,0,0,NA,0,NA,LIVE OAK CANYON RD,RT 10,4963,W,N,A,-,N,NA,NA,NA,NA,NA,NA,NA,NA,NA,Y,3,0,2,1,A,-,03,22350,NA,N,E,I,A,A,H,-,A,A,0,NA,NA,NA,NA,Y,NA,A,01,0,1,1,0,0,0,0,0,0,-,-,NA,NA,SAN BERNARDINO,REDLANDS,-117.10800170898438,34.00758361816406
9679084,2023,2024-04-03,3600,2023-12-24,1337,J3264,CH025,7,5,5,3630,0,0,0,NA,0,CH1,GRAND AV,CHINO HILLS PKWY,364,NA,N,A,-,N,NA,NA,NA,NA,NA,NA,NA,NA,NA,N,3,0,1,2,A,-,03,22350,NA,N,C,C,A,A,H,-,A,D,0,NA,NA,Y,NA,Y,NA,O,05,0,1,0,0,0,0,0,0,0,-,-,33.994781494140625,-117.58490753173828,SAN BERNARDINO,CHINO HILLS,-117.75868225097656,33.99562072753906
9679225,2024,2024-03-29,3600,2024-02-27,2251,I4812,BL100,2,5,2,3680,0,0,0,NA,0,BL1,BIG BEAR BL,PINE KNOT AV,114,N,N,A,-,Y,SBD,8,18,-,-,45.89,H,-,N,Y,4,0,1,1,A,-,03,22350,NA,N,F,A,A,A,H,-,D,D,0,NA,NA,NA,NA,Y,Y,A,01,0,0,1,0,0,0,0,0,0,-,-,NA,NA,SAN BERNARDINO,BIG BEAR LAKE,-116.95737457275392,34.2381477355957
9683498,2024,2024-06-06,3610,2024-03-11,638,51415,NA,1,5,6,3610,0,0,0,NA,0,NA,E CENTRAL AV,SOUTH WATERMAN AV,0,NA,Y,A,-,N,NA,NA,NA,NA,NA,NA,NA,NA,NA,Y,4,0,1,2,A,-,12,21453,A,N,D,C,A,A,H,-,A,A,0,NA,NA,NA,NA,Y,NA,A,01,0,0,1,0,0,0,0,0,0,-,-,34.08600997924805,-117.27880096435548,SAN BERNARDINO,SAN BERNARDINO,-117.27881622314452,34.08597946166992
9685093,2024,2024-06-03,3600,2024-04-03,1412,I1632,HE102,3,5,5,3619,0,0,0,NA,0,HE1,COTTONWOOD AV,SYCAMORE ST,21,S,N,A,-,N,NA,NA,NA,NA,NA,NA,NA,NA,NA,N,4,0,1,2,A,-,03,22350,NA,N,C,C,A,A,H,-,A,D,0,NA,NA,NA,NA,Y,NA,A,01,0,0,1,0,0,0,0,0,0,-,-,NA,NA,SAN BERNARDINO,HESPERIA,-117.33863830566406,34.46322250366211
9686696,2024,2024-07-18,3600,2024-05-02,2112,J2802,HE308,4,5,5,3619,0,0,0,NA,0,HE5,MAIN ST,LOCUST AV,528,E,N,A,-,N,NA,NA,NA,NA,NA,NA,NA,NA,NA,Y,3,0,1,2,A,-,00,21650,A,F,D,C,A,A,H,-,C,D,0,NA,NA,NA,NA,Y,NA,D,22,0,1,0,0,0,0,0,0,0,-,-,NA,NA,SAN BERNARDINO,HESPERIA,-117.33212280273438,34.42705154418945
9686746,2024,2024-07-23,3604,2024-05-22,2123,680,NA,3,5,6,3604,0,0,0,NA,0,NA,OLEANDER AV,HARVEY DR,0,NA,Y,A,-,N,NA,NA,NA,NA,NA,NA,NA,NA,NA,Y,4,0,1,3,A,-,01,23152,A,N,B,C,A,A,H,-,C,D,0,NA,NA,NA,NA,Y,Y,A,01,0,0,1,0,0,0,0,0,0,-,-,34.110599517822266,-117.44898986816406,SAN BERNARDINO,FONTANA,-117.44889831542967,34.11070251464844
9687803,2024,2024-05-07,3600,2024-03-02,1907,G4514,RC052,6,5,6,3616,0,0,0,NA,0,RC4,GROVE AV,TAPIA VIA,0,NA,Y,B,C,N,NA,NA,NA,NA,NA,NA,NA,NA,NA,Y,3,0,2,2,A,-,05,21651,A,N,A,C,A,B,H,-,C,D,0,NA,NA,NA,NA,Y,NA,A,01,0,1,1,0,0,0,0,0,0,-,-,NA,NA,SAN BERNARDINO,RANCHO CUCAMONGA,-117.62854766845705,34.101810455322266
9689409,2024,2024-06-21,3608,2024-04-01,830,5218,3608,1,5,5,3608,0,0,0,NA,0,901,BROOKSIDE AV,SAN MATEO ST,750,W,N,A,-,N,NA,NA,NA,NA,NA,NA,NA,NA,NA,N,3,0,1,2,A,-,03,22350,NA,M,C,C,A,A,H,-,A,A,0,NA,NA,NA,NA,Y,NA,A,01,0,1,0,0,0,0,0,0,0,-,-,NA,NA,SAN BERNARDINO,REDLANDS,-117.20024871826172,34.047271728515625
9689530,2024,2024-07-08,3608,2024-03-27,810,4298,3608,3,5,5,3608,0,0,0,NA,0,901,CENTRAL AV,GROVE,18,W,N,A,-,N,NA,NA,NA,NA,NA,NA,NA,NA,NA,N,3,0,2,2,A,-,03,22350,A,N,C,C,A,A,H,-,A,A,0,NA,NA,NA,NA,Y,NA,A,01,0,1,1,0,0,0,0,0,0,-,-,NA,NA,SAN BERNARDINO,REDLANDS,-117.16053771972656,34.0571403503418
9689561,2024,2024-05-30,3600,2024-04-05,1219,H9747,VC054,5,5,5,3612,0,0,0,NA,0,VC7,CIVIC DR,INVERNESS CIR,0,NA,Y,A,-,N,NA,NA,NA,NA,NA,NA,NA,NA,NA,Y,4,0,1,2,A,-,09,21802,A,N,D,C,A,A,H,-,A,D,0,NA,NA,NA,NA,Y,NA,A,01,0,0,1,0,0,0,0,0,0,-,-,NA,NA,SAN BERNARDINO,VICTORVILLE,-117.32371520996094,34.51689910888672
9689563,2024,2024-05-30,3600,2024-04-02,1043,F4772,VC024,2,5,5,3612,0,0,0,NA,0,VC3,GREEN TREE BL,GREENBRIAR DR,184,W,N,A,-,N,NA,NA,NA,NA,NA,NA,NA,NA,NA,Y,4,0,1,2,A,-,09,21801,A,N,D,C,A,A,D,-,A,D,0,NA,NA,NA,NA,Y,NA,A,07,0,0,1,0,0,0,0,0,0,-,-,34.49980926513672,-117.30686950683594,SAN BERNARDINO,VICTORVILLE,-117.30693817138672,34.49992370605469
9689597,2024,2024-07-02,3600,2024-03-01,1339,H7541,VC059,5,5,5,3612,0,0,0,NA,0,VC4,AMETHYST RD,NORTHSTAR AV,0,NA,Y,A,-,N,NA,NA,NA,NA,NA,NA,NA,NA,NA,Y,4,0,1,2,A,-,03,22350,NA,N,D,C,A,A,H,-,A,D,0,NA,NA,NA,NA,Y,NA,A,01,0,0,1,0,0,0,0,0,0,-,-,34.477638244628906,-117.3643035888672,SAN BERNARDINO,VICTORVILLE,-117.36431121826172,34.477657318115234
9690885,2024,2024-04-25,3600,2024-03-13,1656,J2651,VC021,3,5,5,3612,0,0,0,NA,0,VC03,HESPERIA RD,SILICA DR,0,NA,Y,A,-,N,NA,NA,NA,NA,NA,NA,NA,NA,NA,Y,4,0,2,2,A,-,12,21453,A,N,D,C,A,A,H,-,A,A,0,NA,NA,NA,NA,Y,NA,A,01,0,0,2,0,0,0,0,0,0,-,-,34.47819900512695,-117.2910385131836,SAN BERNARDINO,VICTORVILLE,-117.29105377197266,34.47822570800781
9691334,2024,2024-04-13,3600,2024-03-03,1552,G4514,RC005,7,5,6,3616,0,0,0,NA,0,RC6,BASEL LINE RD,VICTORIA PARK LN,0,NA,Y,B,-,N,NA,NA,NA,NA,NA,NA,NA,NA,NA,Y,3,0,1,2,A,-,12,21453,A,N,D,C,A,A,H,-,A,A,0,NA,NA,NA,NA,Y,NA,A,07,0,1,0,0,0,0,0,0,0,-,-,NA,NA,SAN BERNARDINO,RANCHO CUCAMONGA,-117.52954864501952,34.12107849121094
9691442,2024,2024-04-11,3600,2024-02-26,2326,G7681,RC040,1,5,6,3616,0,0,0,NA,0,RC1,BASELINE RD,AMETHYST AV,0,NA,Y,C,-,N,NA,NA,NA,NA,NA,NA,NA,NA,NA,Y,3,0,1,2,A,-,03,22350,NA,N,C,C,A,B,H,-,C,A,0,NA,NA,NA,NA,Y,NA,A,01,0,1,0,0,0,0,0,0,0,-,-,NA,NA,SAN BERNARDINO,RANCHO CUCAMONGA,-117.59818267822266,34.12153625488281
9692237,2024,2025-05-01,3600,2024-01-12,1751,H6873,NE006,5,5,2,3606,0,0,0,NA,0,NE1,J ST,RT 40,51,E,N,A,-,Y,SBD,8,40,-,R,142.229,R,4,E,N,4,0,1,2,A,-,09,21804,NA,N,D,C,A,A,H,-,C,D,0,NA,NA,NA,NA,Y,NA,A,07,0,0,1,0,0,0,0,0,0,-,EF,NA,NA,SAN BERNARDINO,NEEDLES,-114.61241149902344,34.841529846191406
9692778,2024,2024-06-03,3600,2024-04-27,1055,F5143,GRAND,6,5,3,3690,0,0,0,NA,0,LL2,MT VERNON,DE BERRY ST,0,NA,Y,A,-,N,NA,NA,NA,NA,NA,NA,NA,NA,NA,Y,4,0,1,2,A,-,07,21658,NA,N,B,C,A,A,H,-,A,D,0,NA,NA,NA,NA,Y,NA,A,01,0,0,1,0,0,0,0,0,0,-,-,NA,NA,SAN BERNARDINO,GRAND TERRACE,-117.31364440917967,34.030250549316406
9693117,2024,2024-07-26,3600,2024-05-06,1317,G4510,SB046,1,5,4,3618,0,0,0,NA,0,HI7,TIPPECANOE AV,5TH ST,0,NA,Y,A,-,N,NA,NA,NA,NA,NA,NA,NA,NA,NA,N,4,0,1,3,B,-,22,NA,NA,N,B,C,A,A,H,-,A,A,0,NA,NA,NA,NA,Y,NA,D,22,0,0,1,0,0,0,0,0,0,-,-,34.10813903808594,-117.26103973388672,SAN BERNARDINO,HIGHLAND,-117.26101684570313,34.10832595825195
9695155,2024,2024-10-07,3600,2024-03-24,1708,I1982,YC403,7,5,4,3640,0,0,0,NA,0,YC3,OAK GLEN RD,RT 10,0,NA,Y,C,-,Y,SBD,8,10,-,R,37.177,R,4,W,Y,4,0,1,2,A,-,12,21453,A,N,D,C,A,B,H,-,A,A,0,NA,NA,NA,NA,Y,NA,D,22,0,0,1,0,0,0,0,0,0,-,WF,NA,NA,SAN BERNARDINO,YUCAIPA,-117.09359741210938,34.01581573486328
9695547,2024,2024-07-11,3600,2024-05-04,1844,I8688,VC023,6,5,5,3612,0,0,0,NA,0,VC3,BEAR VALLEY RD,7TH AV,0,NA,Y,A,-,N,NA,NA,NA,NA,NA,NA,NA,NA,NA,Y,4,0,3,3,A,-,03,22350,NA,N,A,C,A,A,H,-,B,A,0,NA,NA,NA,NA,Y,NA,D,22,0,0,3,0,0,0,0,0,0,-,-,34.47145080566406,-117.31201171875,SAN BERNARDINO,VICTORVILLE,-117.31237030029295,34.47071838378906
9696586,2024,2024-06-21,3600,2024-04-12,1859,D3381,AD315,5,5,5,3612,0,0,0,NA,0,0AO,PALMDALE RD,VERBENA RD,0,NA,Y,A,-,Y,SBD,8,18,-,-,102.33,H,-,S,Y,4,0,2,2,A,-,03,22350,NA,N,C,C,A,A,H,-,B,A,0,NA,NA,NA,NA,Y,NA,A,01,0,0,2,0,0,0,0,0,0,-,-,34.50667190551758,-117.42032623291016,SAN BERNARDINO,VICTORVILLE,-117.4233856201172,34.50667190551758
9696764,2024,2024-08-02,3600,2024-04-11,744,F3800,YC108,4,5,4,3640,0,0,0,NA,0,YC3,AVENUE E,8TH ST,0,NA,Y,A,-,N,NA,NA,NA,NA,NA,NA,NA,NA,NA,N,3,0,1,2,A,-,09,21800,NA,N,D,C,A,A,H,-,A,A,0,NA,NA,NA,NA,Y,NA,-,-,0,1,0,0,0,0,0,0,0,-,-,NA,NA,SAN BERNARDINO,YUCAIPA,-117.06925964355467,34.02483367919922
9696787,2024,2024-07-23,3604,2024-03-28,1306,1477,NA,4,5,6,3604,0,0,0,NA,0,NA,SIERRA LAKES PKWY,TIBURON DR,0,NA,Y,A,-,N,NA,NA,NA,NA,NA,NA,NA,NA,NA,N,4,0,1,2,A,-,05,21650,1,N,H,-,A,A,H,-,A,A,0,NA,NA,NA,NA,Y,NA,M,94,0,0,1,0,0,0,0,0,0,-,-,NA,NA,SAN BERNARDINO,FONTANA,-117.4424285888672,34.13877487182617
9697119,2024,2024-06-26,3608,2024-04-02,1732,5218,3608,2,5,5,3608,0,0,0,NA,0,901,SAN BERNARDINO AV,MARIGOLD AV,0,NA,Y,A,-,N,NA,NA,NA,NA,NA,NA,NA,NA,NA,N,3,0,1,2,A,-,06,21755,NA,M,B,C,A,A,H,-,A,A,0,NA,NA,Y,NA,Y,NA,A,01,0,1,0,0,0,0,0,0,1,-,-,NA,NA,SAN BERNARDINO,REDLANDS,-117.23301696777344,34.077571868896484
9697122,2024,2024-06-26,3608,2024-04-17,1547,4345,SANBE,3,5,5,3608,0,0,0,NA,0,NA,GARDEN ST,CAJON ST,148,S,N,A,-,N,NA,NA,NA,NA,NA,NA,NA,NA,NA,Y,3,0,1,1,A,-,03,22350,NA,N,E,I,A,A,H,-,A,A,0,NA,NA,NA,NA,Y,NA,A,07,0,1,0,0,0,0,0,0,0,-,-,NA,NA,SAN BERNARDINO,REDLANDS,-117.1690673828125,34.03873062133789
9697132,2024,2024-05-04,3608,2024-03-23,749,4866,NA,6,5,5,3608,0,0,0,NA,0,NA,N UNIVERSITY ST,E CITRUS AV,0,NA,Y,A,-,N,NA,NA,NA,NA,NA,NA,NA,NA,NA,Y,3,0,2,2,D,-,00,NA,NA,N,D,C,A,A,H,-,A,A,0,NA,NA,NA,NA,Y,NA,-,-,0,1,1,0,0,0,0,0,0,-,-,NA,NA,SAN BERNARDINO,REDLANDS,-117.16683959960938,34.05554962158203
9697791,2024,2024-06-26,3610,2024-04-07,2039,51512,NA,7,5,6,3610,0,0,0,NA,0,NA,N DEL ROSA DR,E DATE ST,96,N,N,A,-,N,NA,NA,NA,NA,NA,NA,NA,NA,NA,Y,4,0,1,2,A,-,05,21651,B,N,A,C,A,A,H,-,C,A,0,NA,NA,NA,NA,Y,NA,A,01,0,0,1,0,0,0,0,0,0,-,-,34.143699645996094,-117.25240325927734,SAN BERNARDINO,SAN BERNARDINO,-117.25242614746094,34.14391326904297
9698392,2024,2024-09-05,3600,2024-06-24,2158,J5330,BL207,1,5,2,3680,0,0,0,NA,0,BL2,CATALINA RD,BIG BEAR BL,187,E,N,A,-,N,NA,NA,NA,NA,NA,NA,NA,NA,NA,Y,3,0,2,1,A,-,01,23152,NA,N,E,I,A,A,H,-,C,D,0,NA,NA,NA,NA,Y,Y,A,01,0,2,0,0,0,0,0,0,0,-,-,NA,NA,SAN BERNARDINO,BIG BEAR LAKE,-116.88211059570313,34.247859954833984
9699169,2024,2024-08-22,3600,2024-05-01,58,J4506,HE218,3,5,5,3619,0,0,0,NA,0,HE2,MAIN ST,I AVENUE,83,W,N,A,-,N,NA,NA,NA,NA,NA,NA,NA,NA,NA,Y,3,0,3,3,A,-,05,21460,A,N,G,B,F,A,H,-,C,A,0,Y,NA,NA,NA,Y,Y,A,01,0,3,0,0,1,0,0,0,0,-,-,NA,NA,SAN BERNARDINO,HESPERIA,-117.28334808349608,34.41884994506836
9699340,2024,2024-06-27,3604,2024-04-05,811,1411,NA,5,5,6,3604,0,0,0,NA,0,NA,VALLEY BL,ALMOND AV,0,NA,Y,C,-,N,NA,NA,NA,NA,NA,NA,NA,NA,NA,Y,3,0,1,2,A,-,12,21453,A,N,D,C,A,B,H,-,A,A,0,NA,NA,NA,Y,Y,NA,D,22,0,1,0,0,0,0,0,0,0,-,-,NA,NA,SAN BERNARDINO,FONTANA,-117.49317932128906,34.07018280029297
9699637,2024,2024-07-19,3610,2024-05-02,737,51436,NA,4,5,6,3610,0,0,0,NA,0,NA,S I ST,W MILL ST,0,NA,Y,A,-,N,NA,NA,NA,NA,NA,NA,NA,NA,NA,N,3,0,3,2,A,-,09,21801,A,N,D,C,A,A,H,-,A,A,0,NA,NA,NA,NA,Y,NA,A,01,0,1,2,0,0,0,0,0,0,-,-,NA,NA,SAN BERNARDINO,SAN BERNARDINO,-117.30315399169922,34.0921630859375
9700327,2024,2024-06-10,3608,2024-04-24,1200,5372,3608,3,5,5,3608,0,0,0,NA,0,901,E COLTON AV,N WABASH AV,15,W,N,A,-,N,NA,NA,NA,NA,NA,NA,NA,NA,NA,Y,3,0,1,2,A,-,12,22450,A,N,D,C,A,A,H,-,A,D,0,NA,NA,NA,NA,Y,NA,A,01,0,1,0,0,0,0,0,0,0,-,-,NA,NA,SAN BERNARDINO,REDLANDS,-117.13904571533205,34.06285095214844
9700825,2024,2024-07-23,3610,2024-05-02,900,51119,NA,4,5,6,3610,0,0,0,NA,0,NA,N BELLE ST,W 30TH ST,0,NA,Y,A,-,N,NA,NA,NA,NA,NA,NA,NA,NA,NA,Y,3,0,2,2,A,-,09,21801,A,N,A,C,A,A,H,-,A,A,0,NA,NA,NA,NA,Y,NA,D,23,0,1,1,0,0,0,0,0,0,-,-,NA,NA,SAN BERNARDINO,SAN BERNARDINO,-117.27977752685548,34.145965576171875
9702219,2024,2024-10-04,3600,2024-03-15,1855,I4869,AP003,5,5,5,3621,0,0,0,NA,0,001,RT 18,TAO RD,80,E,N,A,-,Y,SBD,8,18,-,-,93.16,H,-,N,Y,3,0,2,2,A,-,01,23153,A,N,B,D,A,A,H,-,C,A,0,NA,NA,NA,NA,Y,Y,-,-,0,2,0,0,0,0,0,0,0,-,-,NA,NA,SAN BERNARDINO,APPLE VALLEY,-117.25131988525392,34.537322998046875
9702235,2024,2024-07-22,3610,2024-05-30,1224,51181,NA,4,5,6,3610,0,0,0,NA,0,NA,RT 215,INLAND CENTER DR,0,NA,Y,A,-,Y,SBD,8,215,-,-,5.858,R,4,S,N,4,0,1,2,A,-,12,21453,A,N,D,C,A,A,H,-,A,A,0,NA,NA,NA,NA,Y,NA,-,-,0,0,1,0,0,0,0,0,0,-,-,NA,NA,SAN BERNARDINO,SAN BERNARDINO,-117.302001953125,34.08916473388672
9702582,2024,2024-06-14,3604,2024-04-10,2022,1475,NA,3,5,6,3604,0,0,0,NA,0,NA,FOOTHILL BL,CHERRY AV,0,NA,Y,A,-,N,NA,NA,NA,NA,NA,NA,NA,NA,NA,Y,4,0,2,2,A,-,12,21453,A,N,C,C,A,A,H,-,C,A,0,NA,NA,NA,NA,Y,NA,A,07,0,0,2,0,0,0,0,0,0,-,-,NA,NA,SAN BERNARDINO,FONTANA,-117.48876953125,34.10649108886719