CASE_ID,ACCIDENT_YEAR,PROC_DATE,JURIS,COLLISION_DATE,COLLISION_TIME,OFFICER_ID,REPORTING_DISTRICT,DAY_OF_WEEK,CHP_SHIFT,POPULATION,CNTY_CITY_LOC,SPECIAL_COND,BEAT_TYPE,CHP_BEAT_TYPE,CITY_DIVISION_LAPD,CHP_BEAT_CLASS,BEAT_NUMBER,PRIMARY_RD,SECONDARY_RD,DISTANCE,DIRECTION,INTERSECTION,WEATHER_1,WEATHER_2,STATE_HWY_IND,CALTRANS_COUNTY,CALTRANS_DISTRICT,STATE_ROUTE,ROUTE_SUFFIX,POSTMILE_PREFIX,POSTMILE,LOCATION_TYPE,RAMP_INTERSECTION,SIDE_OF_HWY,TOW_AWAY,COLLISION_SEVERITY,NUMBER_KILLED,NUMBER_INJURED,PARTY_COUNT,PRIMARY_COLL_FACTOR,PCF_CODE_OF_VIOL,PCF_VIOL_CATEGORY,PCF_VIOLATION,PCF_VIOL_SUBSECTION,HIT_AND_RUN,TYPE_OF_COLLISION,MVIW,PED_ACTION,ROAD_SURFACE,ROAD_COND_1,ROAD_COND_2,LIGHTING,CONTROL_DEVICE,CHP_ROAD_TYPE,PEDESTRIAN_ACCIDENT,BICYCLE_ACCIDENT,MOTORCYCLE_ACCIDENT,TRUCK_ACCIDENT,NOT_PRIVATE_PROPERTY,ALCOHOL_INVOLVED,STWD_VEHTYPE_AT_FAULT,CHP_VEHTYPE_AT_FAULT,COUNT_SEVERE_INJ,COUNT_VISIBLE_INJ,COUNT_COMPLAINT_PAIN,COUNT_PED_KILLED,COUNT_PED_INJURED,COUNT_BICYCLIST_KILLED,COUNT_BICYCLIST_INJURED,COUNT_MC_KILLED,COUNT_MC_INJURED,PRIMARY_RAMP,SECONDARY_RAMP,LATITUDE,LONGITUDE,COUNTY,CITY,POINT_X,POINT_Y
9723452,2024,2024-10-29,3600,2024-09-19,856,F4772,VC026,4,5,5,3612,0,0,0,NA,0,VC4,PALMDALE RD,MARIPOSA RD,0,NA,Y,A,-,N,NA,NA,NA,NA,NA,NA,NA,NA,NA,Y,4,0,1,2,A,-,03,22350,NA,N,C,C,A,A,H,-,A,A,0,NA,NA,NA,NA,Y,NA,A,01,0,0,1,0,0,0,0,0,0,-,-,34.50822830200195,-117.32131958007813,SAN BERNARDINO,VICTORVILLE,NA,NA
9723802,2024,2024-10-11,3608,2024-08-27,1634,4903,NA,2,5,5,3608,0,0,0,NA,0,NA,E PIONEER AV,AUSTIN WY,0,NA,Y,A,-,N,NA,NA,NA,NA,NA,NA,NA,NA,NA,Y,3,0,1,2,A,-,09,21802,A,N,D,C,A,A,H,-,A,A,0,NA,NA,NA,NA,Y,NA,A,01,0,1,0,0,0,0,0,0,0,-,-,NA,NA,SAN BERNARDINO,REDLANDS,-117.16983032226563,34.080902099609375
9723806,2024,2024-10-11,3608,2024-08-09,1043,4202,3608,5,5,5,3608,0,0,0,NA,0,NA,INDUSTRIAL PARK AV,WEST COLTON AV,148,N,N,A,-,N,NA,NA,NA,NA,NA,NA,NA,NA,NA,Y,4,0,1,2,A,-,09,21804,A,N,D,C,A,A,H,-,A,D,0,NA,NA,NA,NA,Y,NA,A,01,0,0,1,0,0,0,0,0,0,-,-,NA,NA,SAN BERNARDINO,REDLANDS,-117.20164489746094,34.06328582763672
9723811,2024,2024-10-23,3608,2024-01-05,1659,5218,3608,5,5,5,3608,0,0,0,NA,0,901,E BROCKTON AV,N 6TH ST,0,NA,Y,A,-,N,NA,NA,NA,NA,NA,NA,NA,NA,NA,N,3,0,1,2,A,-,12,22450,NA,N,D,C,A,A,H,-,A,A,0,NA,NA,NA,NA,Y,NA,A,01,0,1,0,0,0,0,0,0,0,-,-,NA,NA,SAN BERNARDINO,REDLANDS,-117.18032073974608,34.066368103027344
9723964,2024,2024-10-21,3600,2024-09-27,1131,J2651,VC051,5,5,5,3612,0,0,0,NA,0,VC06,VILLAGE DR,LLANADA AV,0,NA,Y,A,-,N,NA,NA,NA,NA,NA,NA,NA,NA,NA,N,4,0,1,2,A,-,09,21801,A,N,D,C,A,A,H,-,A,A,0,NA,NA,NA,NA,Y,NA,A,01,0,0,1,0,0,0,0,0,0,-,-,34.545379638671875,-117.33396911621094,SAN BERNARDINO,VICTORVILLE,-117.33399963378906,34.54540252685547
9723968,2024,2024-10-17,3600,2024-09-04,1319,D3381,VC024,3,5,5,3612,0,0,0,NA,0,VC3,3RD AV,WARWICK ST,0,NA,Y,A,-,N,NA,NA,NA,NA,NA,NA,NA,NA,NA,Y,4,0,1,2,A,-,03,22350,NA,N,C,C,A,A,H,-,A,A,0,NA,NA,NA,NA,Y,NA,A,01,0,0,1,0,0,0,0,0,0,-,-,34.497398376464844,-117.30359649658205,SAN BERNARDINO,VICTORVILLE,-117.30374145507813,34.497459411621094
9724340,2024,2024-08-15,3604,2024-06-15,950,1457,NA,6,5,6,3604,0,0,0,NA,0,002,OLEANDER,BASELINE,1050,N,N,A,-,N,NA,NA,NA,NA,NA,NA,NA,NA,NA,Y,4,0,1,2,A,-,08,22107,NA,N,C,E,A,A,G,-,A,A,0,NA,NA,NA,NA,Y,NA,A,01,0,0,1,0,0,0,0,0,0,-,-,NA,NA,SAN BERNARDINO,FONTANA,-117.4489517211914,34.12431716918945
9725153,2024,2025-01-02,3610,2024-07-13,42,51562,NA,6,5,6,3610,0,0,0,NA,0,NA,KENDALL DR,N E ST,40,E,N,A,-,N,NA,NA,NA,NA,NA,NA,NA,NA,NA,Y,4,0,1,1,A,-,03,22350,A,N,F,I,A,A,H,-,C,A,0,NA,NA,NA,NA,Y,NA,A,01,0,0,1,0,0,0,0,0,0,-,-,NA,NA,SAN BERNARDINO,SAN BERNARDINO,-117.30040740966795,34.16181564331055
9725579,2024,2024-08-20,3610,2024-07-21,2231,51382,NA,7,5,6,3610,0,0,0,NA,0,NA,W 36TH ST,N E ST,0,NA,Y,A,-,N,NA,NA,NA,NA,NA,NA,NA,NA,NA,Y,3,0,2,1,A,-,08,22107,NA,N,E,I,A,A,H,-,C,D,0,NA,NA,NA,NA,Y,NA,A,01,0,1,1,0,0,0,0,0,0,-,-,34.15652084350586,-117.29405212402344,SAN BERNARDINO,SAN BERNARDINO,-117.29404449462892,34.15647506713867
9725580,2024,2024-08-20,3610,2024-07-18,1850,51511,NA,4,5,6,3610,0,0,0,NA,0,NA,W 2ND ST,N MERIDIAN AV,0,NA,Y,A,-,N,NA,NA,NA,NA,NA,NA,NA,NA,NA,N,3,0,1,2,A,-,17,21200,A,N,D,G,A,A,H,-,A,A,0,NA,Y,NA,NA,Y,Y,L,04,0,1,0,0,0,0,1,0,0,-,-,NA,NA,SAN BERNARDINO,SAN BERNARDINO,-117.34851837158205,34.10313415527344
9727354,2024,2024-12-11,3600,2024-10-24,1630,C8620,RC023,4,5,6,3616,0,0,0,NA,0,RC2,WILSON AV,HIGH MEADOW PL,0,NA,Y,A,-,N,NA,NA,NA,NA,NA,NA,NA,NA,NA,N,3,0,1,2,A,-,06,21755,A,N,C,C,A,A,H,-,A,D,0,NA,NA,Y,NA,Y,NA,C,03,0,1,0,0,0,0,0,0,1,-,-,NA,NA,SAN BERNARDINO,RANCHO CUCAMONGA,-117.5610122680664,34.15060806274414
9729131,2024,2024-09-09,3603,2024-07-14,1541,5212,CPD,7,5,4,3603,0,0,0,NA,0,002,E VALLEY BL,MT VERNON AV,0,NA,Y,A,-,N,NA,NA,NA,NA,NA,NA,NA,NA,NA,N,4,0,1,2,A,-,03,22350,NA,N,C,C,A,A,H,-,A,A,0,NA,NA,NA,NA,Y,NA,A,01,0,0,1,0,0,0,0,0,0,-,-,34.0654182434082,-117.31385803222656,SAN BERNARDINO,COLTON,-117.3138427734375,34.0654411315918
9730949,2024,2024-10-07,3610,2024-07-28,300,51525,NA,7,5,6,3610,0,0,0,NA,0,NA,RT 18,OLD WATERMAN CANYON RD,0,NA,N,A,-,Y,SBD,8,18,-,R,13.3,H,-,S,Y,4,0,1,1,A,-,03,22350,NA,N,F,A,A,-,H,-,D,D,0,NA,NA,NA,NA,Y,NA,A,07,0,0,1,0,0,0,0,0,0,-,-,NA,NA,SAN BERNARDINO,SAN BERNARDINO,-117.2913055419922,34.217288970947266
9731005,2024,2024-10-25,3600,2024-08-04,1657,D3381,VC066,7,5,5,3612,0,0,0,NA,0,VC4,RT 395,JOSHUA DELL RD,0,NA,Y,A,-,Y,SBD,8,395,-,-,7.87,H,-,N,Y,3,0,6,2,A,-,05,21460,A,N,A,C,A,A,H,-,A,A,0,NA,NA,NA,NA,Y,NA,A,01,0,1,5,0,0,0,0,0,0,-,-,34.44855880737305,-117.3996124267578,SAN BERNARDINO,VICTORVILLE,-117.39958190917967,34.4594612121582
9731124,2024,2024-10-10,3600,2024-05-29,2044,F8489,AP018,3,5,5,3621,0,0,0,NA,0,AP4,RT 18,QUINNAULT RD,0,NA,Y,A,-,Y,SBD,8,18,-,-,88.369,I,5,S,N,4,0,1,2,A,-,03,22350,NA,N,D,D,A,A,H,-,C,A,0,NA,NA,Y,NA,Y,NA,C,02,0,0,1,0,0,0,0,0,1,-,-,NA,NA,SAN BERNARDINO,APPLE VALLEY,-117.18149566650392,34.500518798828125
9731560,2024,2024-09-12,3604,2024-08-14,743,989,NA,3,5,6,3604,0,0,0,NA,0,NA,CHERRY AV,BEECH AV,0,NA,Y,A,-,N,NA,NA,NA,NA,NA,NA,NA,NA,NA,N,3,0,1,2,A,-,12,21453,A,N,D,G,A,A,H,-,A,A,0,NA,Y,NA,NA,Y,NA,L,04,0,1,0,0,0,0,1,0,0,-,-,34.150638580322266,-117.48693084716795,SAN BERNARDINO,FONTANA,NA,NA
9731852,2024,2024-09-18,3600,2024-08-02,2106,J3215,VC042,5,5,5,3612,0,0,0,NA,0,VC1,D ST,6TH ST,0,NA,Y,A,-,N,NA,NA,NA,NA,NA,NA,NA,NA,NA,Y,2,0,1,2,A,-,11,21955,NA,N,G,B,D,A,H,-,C,A,0,Y,NA,NA,NA,Y,NA,N,60,1,0,0,0,1,0,0,0,0,-,-,34.5369987487793,-117.29299926757813,SAN BERNARDINO,VICTORVILLE,-117.29373931884766,34.53702163696289
9731926,2024,2024-09-09,3600,2024-07-29,2048,B9547,HE203,1,5,5,3619,0,0,0,NA,0,HE2,BEAR VALLEY RD,JACARANDA AV,377,W,N,A,-,N,NA,NA,NA,NA,NA,NA,NA,NA,NA,Y,3,0,3,3,A,-,03,22350,NA,N,C,C,A,A,H,-,C,A,0,NA,NA,NA,NA,Y,NA,A,01,0,1,2,0,0,0,0,0,0,-,-,NA,NA,SAN BERNARDINO,HESPERIA,-117.26454925537108,34.47106170654297
9733397,2024,2024-09-20,3600,2024-08-08,711,G4514,RC010,4,5,6,3616,0,0,0,NA,0,RC3,DAY CREEK BL,BANYAN ST,0,NA,Y,A,-,N,NA,NA,NA,NA,NA,NA,NA,NA,NA,N,4,0,1,2,A,-,10,21950,A,N,G,C,A,A,H,-,A,A,0,NA,NA,NA,NA,Y,NA,A,01,0,0,1,0,0,0,0,0,0,-,-,NA,NA,SAN BERNARDINO,RANCHO CUCAMONGA,-117.53675079345705,34.1431999206543
9734378,2024,2024-09-25,3610,2024-08-16,1715,51324,NA,5,5,6,3610,0,0,0,NA,0,NA,N ARDEN AV,E PACIFIC ST,0,NA,Y,A,-,N,NA,NA,NA,NA,NA,NA,NA,NA,NA,Y,3,0,4,2,A,-,09,21801,A,N,A,C,A,A,H,-,A,A,0,NA,NA,NA,NA,Y,NA,A,01,0,3,1,0,0,0,0,0,0,-,-,34.1285514831543,-117.2349090576172,SAN BERNARDINO,SAN BERNARDINO,-117.23487854003906,34.12855911254883
9734379,2024,2024-10-17,3610,2024-08-14,2300,51362,NA,3,5,6,3610,0,0,0,NA,0,NA,N RAMONA AV,W BASELINE ST,0,NA,Y,A,-,N,NA,NA,NA,NA,NA,NA,NA,NA,NA,N,4,0,1,2,A,-,14,21201,D,N,G,G,A,A,H,-,C,D,0,NA,Y,NA,NA,Y,NA,L,04,0,0,1,0,0,0,1,0,0,-,-,34.12133026123047,-117.32083892822266,SAN BERNARDINO,SAN BERNARDINO,-117.32088470458984,34.12132263183594
9734682,2024,2024-09-25,3604,2024-07-29,1048,989,NA,1,5,6,3604,0,0,0,NA,0,NA,SLOVER AV,MULBERRY AV,27,E,N,A,-,N,NA,NA,NA,NA,NA,NA,NA,NA,NA,Y,4,0,1,2,A,-,03,22350,NA,N,B,C,A,A,H,-,A,A,0,NA,NA,NA,NA,Y,NA,A,01,0,0,1,0,0,0,0,0,0,-,-,34.06285095214844,-117.50666046142578,SAN BERNARDINO,FONTANA,-117.5065689086914,34.06278991699219
9734763,2024,2024-09-27,3604,2024-07-26,1244,768,NA,5,5,6,3604,0,0,0,NA,0,NA,EAST AV,MILLER AV,0,NA,Y,A,-,N,NA,NA,NA,NA,NA,NA,NA,NA,NA,N,3,0,1,2,A,-,17,21457,B,N,D,C,A,A,H,-,A,A,0,NA,NA,NA,NA,Y,NA,A,01,0,1,0,0,0,0,0,0,0,-,-,34.11330032348633,-117.51467895507813,SAN BERNARDINO,FONTANA,-117.51454925537108,34.11343002319336
9735159,2024,2024-10-22,3600,2024-09-20,1001,J2651,VC063,5,5,5,3612,0,0,0,NA,0,VC04,11TH AV,TOKAY ST,0,NA,Y,A,-,N,NA,NA,NA,NA,NA,NA,NA,NA,NA,Y,4,0,1,2,A,-,09,21801,A,N,D,C,A,A,H,-,A,A,0,NA,NA,NA,NA,Y,NA,A,07,0,0,1,0,0,0,0,0,0,-,-,NA,NA,SAN BERNARDINO,VICTORVILLE,-117.32118225097656,34.47236633300781
9735289,2024,2024-10-22,3603,2024-09-21,1707,5213,CPD,6,5,4,3603,0,0,0,NA,0,002,E SHASTA DR,N ILLINOIS,0,NA,Y,A,-,N,NA,NA,NA,NA,NA,NA,NA,NA,NA,N,3,0,1,2,A,-,12,22450,NA,N,D,C,A,A,H,-,A,D,0,NA,NA,Y,NA,Y,NA,C,02,0,1,0,0,0,0,0,0,1,-,-,NA,NA,SAN BERNARDINO,COLTON,-117.30896759033205,34.07270431518555
9735459,2024,2024-10-29,3600,2024-10-07,921,I9526,HE318,1,5,5,3619,0,0,0,NA,0,HE5,HICKORY AV,JOSHUA ST,0,NA,Y,A,-,N,NA,NA,NA,NA,NA,NA,NA,NA,NA,Y,4,0,2,2,A,-,09,21802,A,N,D,C,A,A,H,-,A,A,0,NA,NA,NA,NA,Y,NA,A,01,0,0,2,0,0,0,0,0,0,-,-,NA,NA,SAN BERNARDINO,HESPERIA,-117.33155822753906,34.40278625488281
9735481,2024,2024-10-24,3604,2024-09-06,1645,1135,3604,5,5,6,3604,0,0,0,NA,0,003,FOOTHILL BL,LAUREL AV,0,NA,Y,A,-,N,NA,NA,NA,NA,NA,NA,NA,NA,NA,Y,3,0,1,2,A,-,01,23152,A,N,A,C,A,A,H,-,A,A,0,NA,NA,NA,NA,Y,Y,A,07,0,1,0,0,0,0,0,0,0,-,-,34.10675811767578,-117.4140625,SAN BERNARDINO,FONTANA,-117.41400146484376,34.10669708251953
9735595,2024,2024-10-30,3600,2024-09-23,2033,J2793,HE218,1,5,5,3619,0,0,0,NA,0,HE2,MAIN ST,E AV,0,NA,Y,A,-,N,NA,NA,NA,NA,NA,NA,NA,NA,NA,Y,3,0,4,2,A,-,12,21453,A,N,D,C,A,A,H,-,C,A,0,NA,NA,NA,NA,Y,NA,A,01,0,3,1,0,0,0,0,0,0,-,-,NA,NA,SAN BERNARDINO,HESPERIA,-117.29254150390624,34.42021942138672
9737289,2024,2024-09-24,3605,2024-08-14,2323,457,NA,3,5,4,3605,0,0,0,NA,0,NA,CENTRAL AVE,ORCHARD ST,34,N,N,A,-,N,NA,NA,NA,NA,NA,NA,NA,NA,NA,Y,2,0,5,2,A,-,03,22350,NA,F,D,C,A,A,H,-,C,A,0,NA,NA,NA,NA,Y,NA,A,01,1,2,2,0,0,0,0,0,0,-,-,34.07035827636719,-117.68073272705078,SAN BERNARDINO,MONTCLAIR,-117.68962860107422,34.070472717285156
9738543,2024,2024-10-02,3600,2024-08-05,1950,H9757,HI001,1,5,4,3618,0,0,0,NA,0,HI1,BASELINE ST,OSBUN RD,0,NA,Y,A,-,N,NA,NA,NA,NA,NA,NA,NA,NA,NA,N,4,0,1,2,A,-,08,22107,NA,F,G,G,A,A,H,-,C,A,0,NA,Y,NA,NA,Y,NA,A,01,0,0,1,0,0,0,1,0,0,-,-,34.12141036987305,-117.24881744384766,SAN BERNARDINO,HIGHLAND,-117.24877166748048,34.12131118774414
9739486,2024,2024-10-10,3610,2024-08-24,1108,J2819,HI001,6,5,6,3610,0,0,0,NA,0,HI1,6TH ST,DEL ROSA DR,0,NA,Y,A,-,N,NA,NA,NA,NA,NA,NA,NA,NA,NA,Y,4,0,1,2,A,-,09,21801,A,N,D,C,A,A,H,-,A,A,0,NA,NA,NA,NA,Y,NA,A,01,0,0,1,0,0,0,0,0,0,-,-,34.11016082763672,-117.25106048583984,SAN BERNARDINO,SAN BERNARDINO,-117.25178527832033,34.11018753051758
9742391,2024,2024-10-22,3604,2024-08-29,1655,1460,NA,4,5,6,3604,0,0,0,NA,0,003,ARROW BL,TOKAY,0,NA,Y,A,-,N,NA,NA,NA,NA,NA,NA,NA,NA,NA,N,4,0,1,2,A,-,09,21802,A,N,D,C,A,A,H,-,A,A,0,NA,NA,NA,NA,Y,NA,A,01,0,0,1,0,0,0,0,0,0,-,-,NA,NA,SAN BERNARDINO,FONTANA,-117.45588684082033,34.09928894042969
9742397,2024,2024-10-22,3604,2024-08-21,540,958,NA,3,5,6,3604,0,0,0,NA,0,NA,CHERRY AV,EL MOLINO ST,305,S,N,A,-,N,NA,NA,NA,NA,NA,NA,NA,NA,NA,Y,3,0,3,2,A,-,09,21801,A,N,D,C,A,A,H,-,B,D,0,NA,NA,NA,NA,Y,NA,A,01,0,3,0,0,0,0,0,0,0,-,-,NA,NA,SAN BERNARDINO,FONTANA,-117.4888916015625,34.073394775390625
9742467,2024,2024-10-25,3603,2024-09-12,2055,4974,CPD,4,5,4,3603,0,0,0,NA,0,001,N RANCHO AV,LONG BEACH DR,0,NA,Y,A,-,N,NA,NA,NA,NA,NA,NA,NA,NA,NA,Y,4,0,1,2,A,-,09,21803,A,M,D,C,A,A,H,-,C,D,0,NA,NA,NA,NA,Y,NA,A,01,0,0,1,0,0,0,0,0,0,-,-,34.083778381347656,-117.33464050292967,SAN BERNARDINO,COLTON,-117.33438110351563,34.083961486816406
9742473,2024,2024-10-25,3600,2024-09-24,1833,D3381,VC059,2,5,5,3612,0,0,0,NA,0,VC4,BEAR VALLEY RD,COBALT RD,0,NA,Y,A,-,N,NA,NA,NA,NA,NA,NA,NA,NA,NA,Y,4,0,1,2,A,-,09,21801,A,N,D,C,A,A,H,-,B,A,0,NA,NA,NA,NA,Y,NA,D,22,0,0,1,0,0,0,0,0,0,-,-,34.4703483581543,-117.37310791015624,SAN BERNARDINO,VICTORVILLE,-117.37313842773438,34.470359802246094
9742501,2024,2024-10-23,3604,2024-09-09,1438,989,NA,1,5,6,3604,0,0,0,NA,0,NA,MERRILL AV,CYPRESS AV,0,NA,Y,A,-,N,NA,NA,NA,NA,NA,NA,NA,NA,NA,Y,4,0,2,3,A,-,12,22450,A,N,D,C,A,A,H,-,A,A,0,NA,NA,NA,NA,Y,NA,A,01,0,0,2,0,0,0,0,0,0,-,-,34.092018127441406,-117.44442749023438,SAN BERNARDINO,FONTANA,-117.44445037841795,34.09210968017578
9742506,2024,2024-10-25,3604,2024-08-24,1554,1460,NA,6,5,6,3604,0,0,0,NA,0,002,FOOTHILL BL,CHERRY AV,517,E,N,A,-,N,NA,NA,NA,NA,NA,NA,NA,NA,NA,Y,4,0,1,3,A,-,03,22350,NA,N,C,C,A,A,H,-,A,A,0,NA,NA,NA,Y,Y,NA,F,26,0,0,1,0,0,0,0,0,0,-,-,NA,NA,SAN BERNARDINO,FONTANA,-117.48706817626952,34.10649108886719
9742564,2024,2024-10-30,3604,2024-09-23,710,1139,NA,1,5,6,3604,0,0,0,NA,0,003,SIERRA AV,MERRILL AV,546,S,N,A,-,N,NA,NA,NA,NA,NA,NA,NA,NA,NA,N,3,0,1,2,A,-,11,21955,NA,N,G,B,D,A,H,-,A,D,0,Y,NA,NA,NA,Y,NA,N,60,0,1,0,0,1,0,0,0,0,-,-,34.09209060668945,-117.43570709228516,SAN BERNARDINO,FONTANA,-117.43572235107422,34.090633392333984
9743559,2024,2024-11-21,3600,2024-11-01,1526,H8994,HE420,5,5,5,3619,0,0,0,NA,0,HE4,RANCHERO RD,SANTA FE AV E,247,E,N,A,-,N,NA,NA,NA,NA,NA,NA,NA,NA,NA,Y,4,0,1,3,A,-,03,22350,NA,N,C,C,A,A,H,-,A,A,0,NA,NA,NA,NA,Y,NA,A,01,0,0,1,0,0,0,0,0,0,-,-,NA,NA,SAN BERNARDINO,HESPERIA,-117.31095886230467,34.383052825927734
9743863,2024,2024-12-04,3600,2024-11-07,2100,J2651,VC020,4,5,5,3612,0,0,0,NA,0,VC04,BEAR VALLEY RD,COTTONWOOD AV,0,NA,Y,A,-,N,NA,NA,NA,NA,NA,NA,NA,NA,NA,N,4,0,1,2,A,-,10,21950,A,N,G,B,B,A,H,-,C,A,0,Y,NA,NA,NA,Y,NA,A,07,0,0,1,0,1,0,0,0,0,-,-,34.47053909301758,-117.33869934082033,SAN BERNARDINO,VICTORVILLE,-117.33869934082033,34.47048568725586
9743865,2024,2024-12-20,3600,2024-11-01,1906,J2651,VC032,5,5,5,3612,0,0,0,NA,0,VC02,HESPERIA RD,SUNSET DR,0,NA,Y,A,-,N,NA,NA,NA,NA,NA,NA,NA,NA,NA,Y,4,0,1,2,A,-,09,21801,A,N,D,C,A,A,H,-,C,A,0,NA,NA,Y,NA,Y,NA,A,01,0,0,1,0,0,0,0,0,1,-,-,34.50331115722656,-117.29334259033205,SAN BERNARDINO,VICTORVILLE,-117.2949447631836,34.50281524658203
9743925,2024,2024-11-26,3608,2024-10-22,1649,4298,3608,2,5,5,3608,0,0,0,NA,0,901,CHURCH ST,COLTON AV,0,NA,Y,A,-,N,NA,NA,NA,NA,NA,NA,NA,NA,NA,Y,3,0,2,2,A,-,09,21801,A,N,A,C,A,A,H,-,A,A,0,NA,NA,NA,NA,Y,NA,A,07,0,2,0,0,0,0,0,0,0,-,-,NA,NA,SAN BERNARDINO,REDLANDS,-117.17379760742188,34.06282043457031
9744055,2024,2024-10-21,3600,2024-08-21,1712,F8556,RC018,3,5,6,3616,0,0,0,NA,0,005,ARROW RT,RED OAK ST,197,W,N,A,-,N,NA,NA,NA,NA,NA,NA,NA,NA,NA,Y,4,0,2,2,A,-,09,21804,A,N,D,C,A,A,H,-,A,D,0,NA,NA,NA,NA,Y,NA,D,22,0,0,2,0,0,0,0,0,0,-,-,NA,NA,SAN BERNARDINO,RANCHO CUCAMONGA,-117.56973266601563,34.09914016723633
9745929,2024,2024-11-14,3610,2024-08-27,2029,51456,NA,2,5,6,3610,0,0,0,NA,0,NA,E 3RD ST,LANKERSHIM AV,416,W,N,A,-,N,NA,NA,NA,NA,NA,NA,NA,NA,NA,Y,2,0,1,2,A,-,07,21658,A,N,A,E,A,A,H,-,D,D,0,NA,NA,NA,Y,Y,NA,G,25,1,0,0,0,0,0,0,0,0,-,-,NA,NA,SAN BERNARDINO,SAN BERNARDINO,-117.23626708984376,34.10675811767578
9746192,2024,2024-10-30,3610,2024-08-30,1312,51436,NA,5,5,6,3610,0,0,0,NA,0,NA,S E ST,S HUNTS LN,0,NA,Y,A,-,N,NA,NA,NA,NA,NA,NA,NA,NA,NA,Y,4,0,2,2,A,-,09,21801,A,N,A,C,A,A,A,H,A,A,0,NA,NA,NA,NA,Y,NA,A,01,0,0,2,0,0,0,0,0,0,-,-,NA,NA,SAN BERNARDINO,SAN BERNARDINO,-117.28758239746094,34.06449508666992
9746223,2024,2024-10-30,3610,2024-08-28,648,51570,NA,3,5,6,3610,0,0,0,NA,0,NA,N KENDALL DR,W 36TH ST,769,N,N,A,-,N,NA,NA,NA,NA,NA,NA,NA,NA,NA,NA,4,0,1,1,A,-,03,22350,NA,N,E,I,A,A,H,-,A,D,0,NA,NA,NA,NA,Y,NA,A,01,0,0,1,0,0,0,0,0,0,-,-,34.15718078613281,-117.29400634765624,SAN BERNARDINO,SAN BERNARDINO,NA,NA
9746384,2024,2024-11-01,3600,2024-10-03,1435,C9389,YC103,4,5,4,3640,0,0,0,NA,0,YC1,YUCAIPA BL,12TH ST,0,NA,Y,A,-,N,NA,NA,NA,NA,NA,NA,NA,NA,NA,Y,2,0,1,1,A,-,08,22107,NA,N,E,J,A,A,H,-,A,A,0,NA,NA,NA,NA,Y,NA,A,07,1,0,0,0,0,0,0,0,0,-,-,NA,NA,SAN BERNARDINO,YUCAIPA,-117.0867156982422,34.0338249206543
9747135,2024,2024-10-24,3600,2024-10-04,1248,G4510,HI021,5,5,4,3618,0,0,0,NA,0,HI3,ORANGE ST,GREENSPOT RD,6,S,N,A,-,N,NA,NA,NA,NA,NA,NA,NA,NA,NA,N,3,0,1,1,A,-,03,22350,NA,N,F,A,A,A,H,-,A,D,0,NA,NA,Y,NA,Y,NA,C,02,0,1,0,0,0,0,0,0,1,-,-,34.09992980957031,-117.1823501586914,SAN BERNARDINO,HIGHLAND,-117.18248748779295,34.108253479003906
9747743,2024,2026-01-05,3608,2024-10-25,2500,5071,3608,5,5,5,3608,0,0,0,NA,0,901,TEXAS ST,LUGONIA AV,0,NA,Y,A,-,N,NA,NA,NA,NA,NA,NA,NA,NA,NA,Y,3,0,1,2,A,-,12,21453,NA,N,D,C,A,A,H,-,A,A,0,NA,NA,NA,NA,Y,NA,A,01,0,1,0,0,0,0,0,0,0,-,-,NA,NA,SAN BERNARDINO,REDLANDS,-117.19116973876952,34.07007598876953
9747754,2024,2024-12-18,3608,2024-11-05,1747,3969,NA,2,5,5,3608,0,0,0,NA,0,NA,ORANGE ST,SUN AV,0,NA,Y,A,-,N,NA,NA,NA,NA,NA,NA,NA,NA,NA,Y,3,0,3,2,A,-,03,22350,NA,N,C,C,A,A,H,-,C,D,0,NA,NA,NA,NA,Y,NA,A,07,0,1,2,0,0,0,0,0,0,-,-,NA,NA,SAN BERNARDINO,REDLANDS,-117.18251037597656,34.06404495239258
9748406,2023,2024-11-13,3602,2023-12-22,1241,1256,NA,5,5,5,3602,0,0,0,NA,0,NA,RAMONA AV,PHILADELPHIA ST,260,S,N,A,-,N,NA,NA,NA,NA,NA,NA,NA,NA,NA,Y,3,0,2,2,A,-,09,21804,A,N,D,C,A,A,H,-,A,D,0,NA,NA,NA,NA,Y,NA,A,01,0,2,0,0,0,0,0,0,0,-,-,34.033409118652344,-117.65692138671876,SAN BERNARDINO,CHINO,-117.70688629150392,34.03276824951172
9748548,2024,2024-12-30,3600,2024-10-09,145,G6204,RC032,3,5,6,3616,0,0,0,NA,0,RC5,FOOTHILL BL,HAVEN AV,0,NA,Y,A,-,N,NA,NA,NA,NA,NA,NA,NA,NA,NA,Y,3,0,2,2,A,-,12,21453,A,N,D,C,A,A,H,-,C,A,0,NA,NA,NA,NA,Y,NA,A,07,0,2,0,0,0,0,0,0,0,-,-,NA,NA,SAN BERNARDINO,RANCHO CUCAMONGA,-117.57596588134766,34.10639190673828
9749995,2024,2024-11-05,3608,2024-10-03,514,4866,NA,4,5,5,3608,0,0,0,NA,0,NA,W PARK AV,TENNESSEE ST,0,NA,Y,A,-,N,NA,NA,NA,NA,NA,NA,NA,NA,NA,Y,3,0,2,3,A,-,12,21453,A,N,D,C,A,A,H,-,C,A,0,NA,NA,NA,NA,Y,NA,A,01,0,2,0,0,0,0,0,0,0,-,-,NA,NA,SAN BERNARDINO,REDLANDS,-117.20008087158205,34.05923080444336