CASE_ID,ACCIDENT_YEAR,PROC_DATE,JURIS,COLLISION_DATE,COLLISION_TIME,OFFICER_ID,REPORTING_DISTRICT,DAY_OF_WEEK,CHP_SHIFT,POPULATION,CNTY_CITY_LOC,SPECIAL_COND,BEAT_TYPE,CHP_BEAT_TYPE,CITY_DIVISION_LAPD,CHP_BEAT_CLASS,BEAT_NUMBER,PRIMARY_RD,SECONDARY_RD,DISTANCE,DIRECTION,INTERSECTION,WEATHER_1,WEATHER_2,STATE_HWY_IND,CALTRANS_COUNTY,CALTRANS_DISTRICT,STATE_ROUTE,ROUTE_SUFFIX,POSTMILE_PREFIX,POSTMILE,LOCATION_TYPE,RAMP_INTERSECTION,SIDE_OF_HWY,TOW_AWAY,COLLISION_SEVERITY,NUMBER_KILLED,NUMBER_INJURED,PARTY_COUNT,PRIMARY_COLL_FACTOR,PCF_CODE_OF_VIOL,PCF_VIOL_CATEGORY,PCF_VIOLATION,PCF_VIOL_SUBSECTION,HIT_AND_RUN,TYPE_OF_COLLISION,MVIW,PED_ACTION,ROAD_SURFACE,ROAD_COND_1,ROAD_COND_2,LIGHTING,CONTROL_DEVICE,CHP_ROAD_TYPE,PEDESTRIAN_ACCIDENT,BICYCLE_ACCIDENT,MOTORCYCLE_ACCIDENT,TRUCK_ACCIDENT,NOT_PRIVATE_PROPERTY,ALCOHOL_INVOLVED,STWD_VEHTYPE_AT_FAULT,CHP_VEHTYPE_AT_FAULT,COUNT_SEVERE_INJ,COUNT_VISIBLE_INJ,COUNT_COMPLAINT_PAIN,COUNT_PED_KILLED,COUNT_PED_INJURED,COUNT_BICYCLIST_KILLED,COUNT_BICYCLIST_INJURED,COUNT_MC_KILLED,COUNT_MC_INJURED,PRIMARY_RAMP,SECONDARY_RAMP,LATITUDE,LONGITUDE,COUNTY,CITY,POINT_X,POINT_Y
6503507,2014,2016-04-14,9860,2014-04-21,0040,020007,NA,1,3,6,3610,0,1,1,NA,2,216,RT 215,CABLE CREEK,1574,S,N,A,-,Y,SBD,8,215,-,-,13.17,H,-,S,Y,3,0,1,1,A,-,08,22107,NA,N,E,I,A,A,H,-,D,D,1,NA,NA,NA,NA,Y,NA,A,01,0,1,0,0,0,0,0,0,0,-,-,34.17119,-117.33917,SAN BERNARDINO,SAN BERNARDINO,-117.34899194,34.182202
6503805,2014,2014-07-15,9855,2014-04-11,1300,014688,NA,5,1,9,3600,0,1,3,NA,1,011,BEECH AV,ARROW RTE,0,NA,Y,A,-,N,NA,NA,NA,NA,NA,NA,NA,NA,NA,Y,4,0,1,2,D,-,00,NA,NA,N,A,C,A,A,H,-,A,A,0,NA,NA,NA,NA,Y,NA,-,-,0,0,1,0,0,0,0,0,0,-,-,NA,NA,SAN BERNARDINO,UNINCORPORATED,-117.4712201,34.09928001
6503826,2014,2016-04-16,9855,2014-04-07,0945,012210,NA,1,1,6,3607,0,1,1,NA,2,103,RT 10,4TH ST,1584,W,N,A,-,Y,SBD,8,10,-,-,4.94,H,-,W,N,4,0,1,2,A,-,03,22350,NA,N,C,C,A,A,H,-,A,D,1,NA,NA,NA,NA,Y,NA,A,01,0,0,1,0,0,0,0,0,0,-,-,NA,NA,SAN BERNARDINO,ONTARIO,-117.62782045,34.08036102
6503833,2014,2016-04-16,9855,2014-04-12,1055,014688,NA,6,1,6,3616,0,1,1,NA,2,203,RT 210,SAPPHIRE ST,98,W,N,A,-,Y,SBD,8,210,-,-,4.12,H,-,W,Y,4,0,1,2,A,-,03,22350,NA,N,C,C,A,A,H,-,A,D,1,NA,NA,NA,NA,Y,NA,A,01,0,0,1,0,0,0,0,0,0,-,-,NA,NA,SAN BERNARDINO,RANCHO CUCAMONGA,-117.62460288,34.13502122
6411004,2014,2014-07-07,9865,2014-02-23,1300,19929,NA,7,1,9,3600,0,3,5,NA,2,003,OAK LN,CYPRESS AV,0,NA,Y,A,-,N,NA,NA,NA,NA,NA,NA,NA,NA,NA,Y,4,0,1,2,A,-,09,21800,B,N,D,C,A,A,H,-,A,D,0,NA,NA,NA,NA,Y,NA,A,07,0,0,1,0,0,0,0,0,0,-,-,34.24503,-116.79629,SAN BERNARDINO,UNINCORPORATED,-117.3168201,34.49306011
6409089,2014,2016-03-14,3600,2014-03-02,0307,E7447,HE301,7,5,5,3619,0,0,0,NA,0,001,RT 395,MAIN ST,3168,S,N,A,-,Y,SBD,8,395,-,-,5.01,H,-,N,Y,3,0,1,1,A,-,03,22350,NA,N,-,J,A,A,H,-,C,A,0,NA,NA,NA,NA,Y,NA,-,NA,0,1,0,0,0,0,0,0,0,-,-,NA,NA,SAN BERNARDINO,HESPERIA,-117.39921942,34.41804718
6508680,2014,2016-04-16,9865,2014-05-18,0830,017407,NA,7,1,9,3600,0,1,3,NA,2,011,RT 18,RT 138,2640,N,N,A,-,Y,SBD,8,18,-,-,18.23,H,-,N,N,2,0,1,1,A,-,03,22350,NA,N,E,I,A,A,H,-,A,D,0,NA,NA,Y,NA,Y,NA,C,02,1,0,0,0,0,0,0,0,1,-,-,34.2275,-117.2819,SAN BERNARDINO,UNINCORPORATED,-117.2825569,34.22681955
6509019,2014,2014-08-04,9865,2014-05-21,1525,014696,NA,3,2,9,3600,0,2,4,NA,2,013,LAKE DR,ROSE HILL DR,294,E,N,A,-,N,NA,NA,NA,NA,NA,NA,NA,NA,NA,N,3,0,1,1,A,-,01,21200,5,N,D,I,A,A,H,-,A,A,0,NA,Y,NA,NA,Y,Y,L,04,0,1,0,0,0,0,1,0,0,-,-,34.24226,-117.28759,SAN BERNARDINO,UNINCORPORATED,-117.28750247,34.24249011
6408351,2014,2014-06-24,3608,2014-03-10,1823,4345,NA,1,5,5,3608,0,0,0,NA,0,901,CALIFORNIA ST,LUGONIA AV,0,NA,Y,A,-,N,NA,NA,NA,NA,NA,NA,NA,NA,NA,Y,4,0,2,2,A,-,09,21801,A,N,D,C,A,A,H,-,A,A,0,NA,NA,NA,NA,Y,NA,A,07,0,0,2,0,0,0,0,0,0,-,-,NA,NA,SAN BERNARDINO,REDLANDS,-117.22615003,34.07033005
6425309,2014,2016-02-23,9870,2014-03-02,1345,018842,NA,7,1,9,3600,0,1,3,NA,1,031,RT 62,BORDER AV,802,E,N,B,-,Y,SBD,8,62,-,-,19.3,H,-,W,Y,4,0,1,1,A,-,08,22107,NA,N,E,I,A,A,H,-,A,D,0,NA,NA,NA,NA,Y,NA,A,01,0,0,1,0,0,0,0,0,0,-,-,34.13512,-116.29713,SAN BERNARDINO,UNINCORPORATED,-116.29718,34.13503689
6426039,2014,2014-07-22,3600,2014-03-16,2357,E8470,VC024,7,5,5,3612,0,0,0,NA,0,NA,HESPERIA RD,TIERRA LINDA ST,5,S,N,A,-,N,NA,NA,NA,NA,NA,NA,NA,NA,NA,Y,3,0,2,2,D,-,00,NA,NA,F,C,C,A,A,H,-,D,-,0,NA,NA,Y,NA,Y,NA,-,-,0,1,1,0,0,0,0,0,1,-,-,NA,NA,SAN BERNARDINO,VICTORVILLE,-117.29205897,34.49550633
6514952,2014,2014-06-26,3611,2014-02-19,1336,2365,14,3,5,5,3611,0,0,0,NA,0,001,BENSON AV,FOOTHILL BL,158,N,N,A,-,N,NA,NA,NA,NA,NA,NA,NA,NA,NA,Y,4,0,1,2,A,-,03,22350,NA,N,C,C,A,A,H,-,A,A,0,NA,NA,NA,NA,Y,NA,A,01,0,0,1,0,0,0,0,0,0,-,-,NA,NA,SAN BERNARDINO,UPLAND,-117.68085479,34.10732302
6516314,2014,2014-08-12,3610,2014-03-02,1218,50911,NA,7,5,6,3610,0,0,0,NA,0,NA,E 9TH ST,NORTH SIERRA WY,0,NA,Y,A,-,N,NA,NA,NA,NA,NA,NA,NA,NA,NA,Y,3,0,2,2,A,-,12,21453,A,N,D,C,A,A,H,-,A,A,0,NA,NA,NA,NA,Y,NA,-,-,0,1,1,0,0,0,0,0,0,-,-,NA,NA,SAN BERNARDINO,SAN BERNARDINO,-117.28514001,34.11578006
6518222,2014,2014-07-08,3602,2014-03-10,0855,3368,148,1,5,5,3602,0,0,0,NA,0,005,PINE AV,EUCLID AV,590,E,N,A,-,N,NA,NA,NA,NA,NA,NA,NA,NA,NA,N,4,0,1,2,A,-,03,22350,NA,N,C,C,A,A,H,-,A,D,0,NA,NA,NA,NA,Y,NA,A,01,0,0,1,0,0,0,0,0,0,-,-,NA,NA,SAN BERNARDINO,CHINO,-117.64866317,33.95378603
6519133,2014,2016-04-16,3607,2014-06-07,1146,80357,263,6,5,6,3607,0,0,0,NA,0,052,EUCLID AV,MERION ST,0,NA,Y,A,-,Y,SBD,8,83,-,-,6.58,H,-,S,Y,3,0,4,2,A,-,12,21453,A,N,D,C,A,A,H,-,A,A,0,NA,NA,NA,NA,Y,NA,-,NA,0,1,3,0,0,0,0,0,0,-,-,NA,NA,SAN BERNARDINO,ONTARIO,-117.6509732,34.02175629
6382903,2014,2014-06-17,3600,2014-02-01,0313,B7497,LL007,6,5,3,3615,0,0,0,NA,0,LL2,ANDERSON ST,ACADEMY DR,0,NA,Y,A,-,N,NA,NA,NA,NA,NA,NA,NA,NA,NA,Y,3,0,1,1,A,-,08,22107,NA,M,E,I,A,A,H,-,C,A,0,NA,NA,NA,NA,Y,NA,D,22,0,1,0,0,0,0,0,0,0,-,-,NA,NA,SAN BERNARDINO,LOMA LINDA,-117.26137003,34.05873008
6521588,2014,2014-08-05,3600,2014-05-01,1451,D4301,HE101,4,5,5,3619,0,0,0,NA,0,001,SEQUOIA AV,COTTONWOOD AV,0,NA,Y,A,-,N,NA,NA,NA,NA,NA,NA,NA,NA,NA,Y,4,0,1,2,A,-,09,21802,A,N,D,C,A,A,H,-,A,A,0,NA,NA,NA,NA,Y,NA,A,01,0,0,1,0,0,0,0,0,0,-,-,NA,NA,SAN BERNARDINO,HESPERIA,-117.3386801,34.46871012
6522078,2014,2014-07-22,3608,2014-04-27,2040,4202,3608,7,5,5,3608,0,0,0,NA,0,NA,ORANGE ST,PEARL AV,0,NA,Y,A,-,N,NA,NA,NA,NA,NA,NA,NA,NA,NA,N,4,0,1,2,A,-,10,21950,A,N,G,B,B,A,H,-,C,A,0,Y,NA,NA,NA,Y,NA,A,01,0,0,1,0,1,0,0,0,0,-,-,NA,NA,SAN BERNARDINO,REDLANDS,-117.18255011,34.06133007
6527101,2014,2014-07-08,3611,2014-03-03,1829,2304,NA,1,5,5,3611,0,0,0,NA,0,001,23RD ST,ORANGE DR W,96,E,N,A,-,N,NA,NA,NA,NA,NA,NA,NA,NA,NA,Y,4,0,1,2,A,-,-,NA,NA,N,C,C,A,A,H,-,C,D,0,NA,NA,NA,NA,Y,NA,A,01,0,0,1,0,0,0,0,0,0,-,-,NA,NA,SAN BERNARDINO,UPLAND,-117.65765355,34.14694
6379678,2014,2014-06-03,3603,2014-01-14,1349,CL4012,COLTO,2,5,4,3603,0,0,0,NA,0,004,STEEL RD,HUNTS LN,1584,W,N,A,-,N,NA,NA,NA,NA,NA,NA,NA,NA,NA,Y,4,0,2,3,A,-,09,21804,A,N,D,C,A,A,H,-,A,D,0,NA,NA,NA,NA,Y,NA,A,01,0,0,2,0,0,0,0,0,0,-,-,NA,NA,SAN BERNARDINO,COLTON,-117.29220601,34.06186747
6529914,2014,2016-04-16,9870,2014-06-14,1735,020213,NA,6,2,9,3600,0,1,3,NA,1,031,RT 62,CENTER AV,154,E,N,A,-,Y,SBD,8,62,-,-,19.68,H,-,E,Y,3,0,1,2,A,-,09,21801,A,F,F,A,A,A,H,-,A,D,0,NA,NA,Y,NA,Y,NA,D,22,0,1,0,0,0,0,0,0,1,-,-,34.13514,-116.29046,SAN BERNARDINO,UNINCORPORATED,-116.29054791,34.13503979
6532078,2014,2016-04-16,9835,2014-06-19,1635,16820,NA,4,2,9,3600,0,1,1,NA,2,072,RT 15,CALICO RD,0,NA,Y,A,-,Y,SBD,8,15,-,R,84.492,R,4,N,Y,3,0,2,2,A,-,12,22450,A,N,D,C,A,A,H,-,A,A,1,NA,NA,NA,NA,Y,NA,A,01,0,1,1,0,0,0,0,0,0,-,-,34.9078,-116.83705,SAN BERNARDINO,UNINCORPORATED,-116.84059235,34.90884157
6430429,2014,2016-02-18,9865,2014-03-19,1401,018336,NA,3,2,9,3600,0,1,3,NA,2,031,RT 38,GARDEN PL,287,W,N,A,-,Y,SBD,8,38,-,-,55.55,H,-,E,Y,3,0,1,1,A,-,03,22350,NA,N,E,I,A,A,H,-,A,D,0,NA,NA,NA,NA,Y,NA,A,01,0,1,0,0,0,0,0,0,0,-,-,34.26706,-116.94245,SAN BERNARDINO,UNINCORPORATED,-116.94297789,34.26724416
6533608,2014,2014-08-01,3602,2014-05-05,0734,3060,NA,1,5,5,3602,0,0,0,NA,0,001,RAMONA AV,RIVERSIDE DR,0,NA,Y,A,-,N,NA,NA,NA,NA,NA,NA,NA,NA,NA,N,3,0,1,2,A,-,06,21754,NA,N,B,C,A,A,H,-,A,A,0,NA,NA,Y,NA,Y,NA,C,02,0,1,0,0,0,0,0,0,1,-,-,NA,NA,SAN BERNARDINO,CHINO,-117.70676005,34.01894005
6434800,2014,2014-06-26,3605,2014-03-05,0532,296,NA,3,5,4,3605,0,0,0,NA,0,NA,MONTE VISTA AV,ORCHARD ST,0,NA,Y,A,-,N,NA,NA,NA,NA,NA,NA,NA,NA,NA,Y,4,0,1,2,A,-,09,21801,A,N,B,C,A,A,H,-,C,A,0,NA,NA,NA,NA,Y,NA,A,01,0,0,1,0,0,0,0,0,0,-,-,NA,NA,SAN BERNARDINO,MONTCLAIR,-117.69830002,34.07037011
6533777,2014,2016-04-16,9834,2014-06-13,1415,19916,NA,5,2,9,3600,0,1,2,NA,1,095,RT 95,GOFFS RD,30096,N,N,A,-,Y,SBD,8,95,-,-,89.7,H,-,S,Y,3,0,1,1,A,-,01,23152,A,N,F,A,A,A,H,-,A,D,0,NA,NA,NA,NA,Y,Y,A,07,0,1,0,0,0,0,0,0,0,-,-,35.02507,-114.83149,SAN BERNARDINO,UNINCORPORATED,-114.83149,35.02507
6533853,2014,2016-04-16,9850,2014-06-14,2138,16227,NA,6,2,9,3600,0,1,1,NA,2,084,RT 15,DALE EVANS PKWY,5280,N,N,A,-,Y,SBD,8,15,-,-,52.83,H,-,S,Y,4,0,2,2,A,-,08,22107,NA,N,D,C,A,A,H,-,A,D,1,NA,NA,NA,NA,Y,NA,A,01,0,0,2,0,0,0,0,0,0,-,-,34.66241,-117.21184,SAN BERNARDINO,UNINCORPORATED,-117.21300184,34.65822515
6436934,2014,2014-06-30,9835,2014-03-22,1450,018137,NA,6,2,9,3600,0,3,5,NA,2,032,HARPER LAKE RD,SANTA FE AV,0,NA,Y,A,-,N,NA,NA,NA,NA,NA,NA,NA,NA,NA,Y,3,0,1,2,A,-,03,22350,NA,F,C,C,A,A,H,-,A,D,0,NA,NA,NA,NA,Y,NA,D,22,0,1,0,0,0,0,0,0,0,-,-,34.99423,-117.33023,SAN BERNARDINO,UNINCORPORATED,-117.3302901,34.9944301
6536752,2014,2014-07-30,3607,2014-05-01,0941,80249,130,4,5,6,3607,0,0,0,NA,0,022,VIRGINIA AV,ELMA ST,0,NA,Y,G,-,N,NA,NA,NA,NA,NA,NA,NA,NA,NA,N,4,0,2,2,A,-,09,21802,A,N,D,C,A,A,H,-,A,D,0,NA,NA,NA,NA,Y,NA,-,NA,0,0,2,0,0,0,0,0,0,-,-,NA,NA,SAN BERNARDINO,ONTARIO,-117.63095007,34.06616005
6536758,2014,2014-07-30,3607,2014-05-15,0808,80442,45,4,5,6,3607,0,0,0,NA,0,021,PRINCETON ST,COLUMBIA AV,0,NA,Y,A,-,N,NA,NA,NA,NA,NA,NA,NA,NA,NA,Y,3,0,1,2,A,-,09,21802,A,N,D,D,A,A,H,-,A,A,0,NA,NA,NA,NA,Y,NA,-,NA,0,1,0,0,0,0,0,0,0,-,-,NA,NA,SAN BERNARDINO,ONTARIO,-117.64841006,34.07973009
6537587,2014,2014-06-30,3610,2014-03-06,1850,50343,NA,4,5,6,3610,0,0,0,NA,0,NA,NORTH STATE ST,WEST COLLEGE AV,123,N,N,A,-,N,NA,NA,NA,NA,NA,NA,NA,NA,NA,N,3,0,1,2,A,-,11,21954,A,N,G,B,D,A,H,-,C,D,0,Y,NA,NA,NA,Y,NA,N,60,0,1,0,0,1,0,0,0,0,-,-,NA,NA,SAN BERNARDINO,SAN BERNARDINO,-117.33109,34.17166698
6538268,2014,2016-04-16,9850,2014-06-21,1035,17354,NA,6,1,5,3619,0,1,1,NA,2,081,RT 15,RT 395,2640,S,N,A,-,Y,SBD,8,15,-,-,31.31,H,-,N,Y,4,0,1,1,A,-,08,22107,NA,N,E,I,A,A,H,-,A,D,1,NA,NA,NA,NA,Y,NA,A,01,0,0,1,0,0,0,0,0,0,-,-,34.09056,-117.40889,SAN BERNARDINO,HESPERIA,-117.40591207,34.39403528
6538554,2014,2014-08-13,3603,2014-06-13,0849,CL4012,COLTO,5,5,4,3603,0,0,0,NA,0,004,WASHINGTON ST,MOHAVE DR,0,NA,Y,A,-,N,NA,NA,NA,NA,NA,NA,NA,NA,NA,Y,4,0,1,2,A,-,12,21453,A,N,D,C,A,A,H,-,A,A,0,NA,NA,NA,NA,Y,NA,A,07,0,0,1,0,0,0,0,0,0,-,-,NA,NA,SAN BERNARDINO,COLTON,-117.29127012,34.04907004
6538799,2014,2014-06-27,3610,2014-02-28,0822,50252,NA,5,5,6,3610,0,0,0,NA,0,NA,N MACY ST,WEST HIGHLAND AV,60,N,N,C,-,N,NA,NA,NA,NA,NA,NA,NA,NA,NA,N,4,0,1,2,A,-,03,22350,NA,F,C,C,A,B,H,-,A,A,0,NA,NA,NA,NA,Y,NA,A,01,0,0,1,0,0,0,0,0,0,-,-,NA,NA,SAN BERNARDINO,SAN BERNARDINO,-117.33984,34.13621438
6539710,2014,2014-07-30,3602,2014-05-15,1159,3533,50,4,5,5,3602,0,0,0,NA,0,002,RIVERSIDE DR,OAKS AV,485,W,N,A,-,N,NA,NA,NA,NA,NA,NA,NA,NA,NA,Y,3,0,1,2,A,-,03,22350,NA,N,C,C,A,A,H,-,A,D,0,NA,NA,NA,NA,Y,NA,A,01,0,1,0,0,0,0,0,0,0,-,-,NA,NA,SAN BERNARDINO,CHINO,-117.67783616,34.01915178
6539919,2014,2016-04-14,9860,2014-05-15,1704,16646,NA,4,2,4,3603,0,1,1,NA,2,214,RT 215,WASHINGTON ST,1000,N,N,A,-,Y,SBD,8,215,-,-,2.88,H,-,N,Y,3,0,1,2,A,-,03,22350,NA,N,C,C,A,A,H,-,A,D,1,NA,NA,NA,NA,Y,NA,A,01,0,1,0,0,0,0,0,0,0,-,-,34.051,-117.30248,SAN BERNARDINO,COLTON,-117.30499921,34.04931753
6540803,2014,2014-08-08,3610,2014-01-16,0946,50432,NA,4,5,6,3610,0,0,0,NA,0,NA,SIERRA WY,21ST ST,0,NA,Y,A,G,N,NA,NA,NA,NA,NA,NA,NA,NA,NA,Y,4,0,1,2,A,-,09,21802,A,F,D,C,A,A,H,-,A,A,0,NA,NA,NA,NA,Y,NA,A,01,0,0,1,0,0,0,0,0,0,-,-,NA,NA,SAN BERNARDINO,SAN BERNARDINO,-117.28515004,34.13406006
6541299,2014,2014-07-24,3610,2014-01-09,1658,50049,NA,4,5,6,3610,0,0,0,NA,0,NA,W 3RD ST,N H ST,0,NA,Y,A,-,N,NA,NA,NA,NA,NA,NA,NA,NA,NA,Y,4,0,1,2,A,-,12,21453,A,N,D,C,A,A,H,-,C,A,0,NA,NA,NA,NA,Y,NA,A,01,0,0,1,0,0,0,0,0,0,-,-,NA,NA,SAN BERNARDINO,SAN BERNARDINO,-117.30062003,34.10499011
6542398,2014,2014-07-24,3610,2014-04-07,0707,50808,NA,1,5,6,3610,0,0,0,NA,0,NA,BASELINE ST,DWIGHT ST,0,NA,Y,A,-,N,NA,NA,NA,NA,NA,NA,NA,NA,NA,Y,4,0,2,2,A,-,03,22350,NA,N,C,C,A,A,H,-,A,D,0,NA,NA,NA,NA,Y,NA,A,01,0,0,2,0,0,0,0,0,0,-,-,NA,NA,SAN BERNARDINO,SAN BERNARDINO,-117.25597002,34.1213101
6542488,2014,2014-07-24,3610,2014-04-24,1546,50548,NA,4,5,6,3610,0,0,0,NA,0,NA,N ARDEN AV,E PACIFIC ST,0,NA,Y,A,-,N,NA,NA,NA,NA,NA,NA,NA,NA,NA,Y,4,0,4,2,A,-,09,21801,A,N,D,C,A,A,H,-,A,A,0,NA,NA,NA,NA,Y,NA,A,07,0,0,4,0,0,0,0,0,0,-,-,NA,NA,SAN BERNARDINO,SAN BERNARDINO,-117.23488007,34.12856006
6542491,2014,2014-07-24,3610,2014-04-15,1502,50829,NA,2,5,6,3610,0,0,0,NA,0,NA,N MT VIEW AV,CLUSTER ST,0,NA,Y,A,-,N,NA,NA,NA,NA,NA,NA,NA,NA,NA,N,3,0,1,1,A,-,03,22350,NA,N,F,A,A,A,H,-,A,A,0,NA,NA,Y,NA,Y,NA,C,03,0,1,0,0,0,0,0,0,1,-,-,NA,NA,SAN BERNARDINO,SAN BERNARDINO,-117.28740012,34.09702007
6542531,2014,2014-07-24,3610,2014-04-09,1151,50629,NA,3,5,6,3610,0,0,0,NA,0,NA,S I ST,W MILL ST,0,NA,Y,A,-,N,NA,NA,NA,NA,NA,NA,NA,NA,NA,Y,4,0,1,2,A,-,12,21453,A,N,D,C,A,A,H,-,A,A,0,NA,NA,NA,NA,Y,NA,A,01,0,0,1,0,0,0,0,0,0,-,-,NA,NA,SAN BERNARDINO,SAN BERNARDINO,-117.30315002,34.0921601
6542763,2014,2016-04-16,9850,2014-06-21,2025,014858,NA,6,2,5,3612,0,1,1,NA,2,083,RT 15,PALMDALE RD,938,N,N,A,-,Y,SBD,8,15,-,-,40.75,H,-,N,Y,3,0,1,1,A,-,01,23152,A,N,E,I,A,A,H,-,D,D,1,NA,NA,NA,NA,Y,Y,A,01,0,1,0,0,0,0,0,0,0,-,-,34.51041,-117.32214,SAN BERNARDINO,VICTORVILLE,-117.32181197,34.51124597
6436962,2014,2015-11-12,3600,2014-02-19,2011,H3376,NA,3,5,3,3613,0,0,0,NA,0,024,RT 395,EDISON POLE #4235148E,164,N,N,A,-,Y,SBD,8,395,-,-,12.83,H,-,S,Y,4,0,3,2,A,-,-,NA,NA,N,A,C,A,A,H,-,D,A,0,NA,NA,NA,NA,Y,NA,A,07,0,0,3,0,0,0,0,0,0,-,-,NA,NA,SAN BERNARDINO,ADELANTO,-117.399438,34.53145178
6544747,2014,2014-08-12,3609,2014-06-04,1459,1041,146,3,5,5,3609,0,0,0,NA,0,003,MERRILL AV,CEDAR AV,0,NA,Y,A,-,N,NA,NA,NA,NA,NA,NA,NA,NA,NA,Y,3,0,4,2,A,-,09,21801,A,N,D,C,A,A,H,-,A,A,0,NA,NA,NA,NA,Y,NA,A,08,0,1,3,0,0,0,0,0,0,-,-,NA,NA,SAN BERNARDINO,RIALTO,-117.39652006,34.09224001
6437657,2014,2016-01-06,3600,2014-02-03,1547,C8664,AD106,1,5,3,3613,0,0,0,NA,0,AD1,AIR EXPRESS WY,RT 395,0,NA,Y,B,-,Y,SBD,8,395,-,-,15.707,I,6,N,Y,3,0,10,9,A,-,03,22350,NA,N,B,C,A,A,H,-,A,A,0,NA,NA,NA,NA,Y,NA,A,01,0,1,9,0,0,0,0,0,0,-,-,NA,NA,SAN BERNARDINO,ADELANTO,-117.40963439,34.57209019
6455733,2014,2016-04-16,9860,2014-04-02,1800,18131,NA,3,2,9,3600,0,1,1,NA,2,102,RT 10,CEDAR AV,200,W,N,B,C,Y,SBD,8,10,-,R,18.45,H,-,W,Y,4,0,1,2,A,-,03,22350,NA,N,C,C,A,B,H,-,A,D,1,NA,NA,NA,NA,Y,NA,A,08,0,0,1,0,0,0,0,0,0,-,-,34.06811,-117.39974,SAN BERNARDINO,UNINCORPORATED,-117.39685044,34.06860989
6482617,2014,2014-07-14,3600,2014-04-16,2035,G2613,YC210,3,5,4,3640,0,0,0,NA,0,NA,AVENUE E,1ST ST,136,W,N,A,-,N,NA,NA,NA,NA,NA,NA,NA,NA,NA,N,2,0,1,2,A,-,11,21954,A,N,A,B,-,A,H,-,-,A,0,Y,NA,NA,NA,Y,NA,N,60,1,0,0,0,1,0,0,0,0,-,-,NA,NA,SAN BERNARDINO,YUCAIPA,-117.04144728,34.0265861
6546067,2014,2016-02-23,3601,2014-01-24,0225,P74,3601,5,5,3,3601,0,0,0,NA,0,PATROL,MAIN ST,RT 15,0,NA,Y,A,-,Y,SBD,8,15,-,-,34.009,R,4,S,Y,4,0,1,1,A,-,01,23152,A,N,E,I,A,A,H,-,C,A,0,NA,NA,NA,NA,Y,Y,A,01,0,0,1,0,0,0,0,0,0,-,SO,NA,NA,SAN BERNARDINO,BARSTOW,-117.38047759,34.4268392
6546404,2014,2016-04-16,9855,2014-05-27,0810,011856,NA,2,1,6,3607,0,1,1,NA,2,103,RT 10,HAVEN AV,2640,W,N,A,-,Y,SBD,8,10,-,-,7.67,H,-,W,Y,4,0,1,4,A,-,03,22350,NA,F,C,C,A,A,H,-,A,D,1,NA,NA,NA,NA,Y,NA,D,22,0,0,1,0,0,0,0,0,0,-,-,34.06782,-117.58507,SAN BERNARDINO,ONTARIO,-117.58446708,34.0676849
6546940,2014,2016-03-15,9855,2014-03-16,0355,20006,NA,7,3,6,3616,0,1,1,NA,2,203,RT 210,CARNELIAN ST,1000,E,N,A,-,Y,SBD,8,210,-,-,4.69,H,-,W,Y,4,0,1,1,A,-,08,22107,NA,N,E,I,A,A,H,-,D,D,1,NA,NA,NA,NA,Y,NA,A,01,0,0,1,0,0,0,0,0,0,-,-,34.08095,-117.52826,SAN BERNARDINO,RANCHO CUCAMONGA,-117.61465523,34.13504811
6485437,2014,2014-07-16,9860,2014-04-11,1636,19599,NA,5,2,9,3600,0,2,4,NA,1,410,VALLEY BL,CEDAR AV,100,W,N,A,-,N,NA,NA,NA,NA,NA,NA,NA,NA,NA,Y,3,0,1,2,A,-,03,22350,NA,N,B,C,A,A,H,-,A,A,0,NA,NA,NA,NA,Y,NA,A,08,0,1,0,0,0,0,0,0,0,-,-,34.0703,-117.39522,SAN BERNARDINO,UNINCORPORATED,-117.39642924,34.07048
6496152,2014,2016-04-15,9835,2014-05-30,1440,020437,NA,5,2,9,3600,0,1,1,NA,2,045,RT 40,LAVIC RD,18586,E,N,A,-,Y,SBD,8,40,-,R,45.55,H,-,E,Y,3,0,2,1,A,-,08,22107,NA,N,F,A,A,A,H,-,A,D,1,NA,NA,NA,Y,Y,NA,G,25,0,2,0,0,0,0,0,0,0,-,-,34.7294,-116.242,SAN BERNARDINO,UNINCORPORATED,-116.2411938,34.726209420000004
6548957,2014,2014-08-18,3608,2014-07-01,0910,4214,NA,2,5,5,3608,0,0,0,NA,0,NA,FERN AV,BELLEVUE AV,0,NA,Y,A,-,N,NA,NA,NA,NA,NA,NA,NA,NA,NA,Y,3,0,1,2,A,-,09,21802,A,N,D,C,A,A,H,-,A,D,0,NA,NA,NA,NA,Y,NA,I,11,0,1,0,0,0,0,0,0,0,-,-,NA,NA,SAN BERNARDINO,REDLANDS,-117.20067012,34.0383701
6549713,2014,2014-08-06,9860,2014-05-04,2053,19449,NA,7,2,9,3600,0,3,5,NA,2,004,SLOVER AV,LOCUST AV,40,W,N,A,-,N,NA,NA,NA,NA,NA,NA,NA,NA,NA,Y,4,0,4,2,A,-,01,23152,A,N,C,C,A,A,H,-,C,A,0,NA,NA,NA,NA,Y,Y,A,07,0,0,4,0,0,0,0,0,0,-,-,34.06305,-117.40986,SAN BERNARDINO,UNINCORPORATED,-117.40964169,34.06315
6549782,2014,2016-04-16,9855,2014-05-05,0755,11856,NA,1,1,6,3607,0,1,1,NA,2,101,RT 10,MILLIKEN AV,1584,W,N,A,-,Y,SBD,8,10,-,-,0.88,H,-,W,N,4,0,1,2,A,-,03,22350,NA,N,C,C,A,A,H,-,A,D,1,NA,NA,NA,NA,Y,NA,A,01,0,0,1,0,0,0,0,0,0,-,-,34.06768,-117.56445,SAN BERNARDINO,ONTARIO,-117.6953534,34.08313124
6549792,2014,2014-08-15,3607,2014-06-24,1539,80442,111,2,5,6,3607,0,0,0,NA,0,02L,VIRGINIA AV,G ST,100,S,N,A,-,N,NA,NA,NA,NA,NA,NA,NA,NA,NA,Y,3,0,1,2,A,-,06,21750,NA,N,B,C,A,A,H,-,A,D,0,NA,NA,NA,NA,Y,NA,-,NA,0,1,0,0,0,0,0,0,0,-,-,NA,NA,SAN BERNARDINO,ONTARIO,-117.63108,34.07068