CASE_ID,ACCIDENT_YEAR,PROC_DATE,JURIS,COLLISION_DATE,COLLISION_TIME,OFFICER_ID,REPORTING_DISTRICT,DAY_OF_WEEK,CHP_SHIFT,POPULATION,CNTY_CITY_LOC,SPECIAL_COND,BEAT_TYPE,CHP_BEAT_TYPE,CITY_DIVISION_LAPD,CHP_BEAT_CLASS,BEAT_NUMBER,PRIMARY_RD,SECONDARY_RD,DISTANCE,DIRECTION,INTERSECTION,WEATHER_1,WEATHER_2,STATE_HWY_IND,CALTRANS_COUNTY,CALTRANS_DISTRICT,STATE_ROUTE,ROUTE_SUFFIX,POSTMILE_PREFIX,POSTMILE,LOCATION_TYPE,RAMP_INTERSECTION,SIDE_OF_HWY,TOW_AWAY,COLLISION_SEVERITY,NUMBER_KILLED,NUMBER_INJURED,PARTY_COUNT,PRIMARY_COLL_FACTOR,PCF_CODE_OF_VIOL,PCF_VIOL_CATEGORY,PCF_VIOLATION,PCF_VIOL_SUBSECTION,HIT_AND_RUN,TYPE_OF_COLLISION,MVIW,PED_ACTION,ROAD_SURFACE,ROAD_COND_1,ROAD_COND_2,LIGHTING,CONTROL_DEVICE,CHP_ROAD_TYPE,PEDESTRIAN_ACCIDENT,BICYCLE_ACCIDENT,MOTORCYCLE_ACCIDENT,TRUCK_ACCIDENT,NOT_PRIVATE_PROPERTY,ALCOHOL_INVOLVED,STWD_VEHTYPE_AT_FAULT,CHP_VEHTYPE_AT_FAULT,COUNT_SEVERE_INJ,COUNT_VISIBLE_INJ,COUNT_COMPLAINT_PAIN,COUNT_PED_KILLED,COUNT_PED_INJURED,COUNT_BICYCLIST_KILLED,COUNT_BICYCLIST_INJURED,COUNT_MC_KILLED,COUNT_MC_INJURED,PRIMARY_RAMP,SECONDARY_RAMP,LATITUDE,LONGITUDE,COUNTY,CITY,POINT_X,POINT_Y
7150951,2015,2016-01-12,3603,2015-10-27,2030,CL4757,COLTO,2,5,4,3603,0,0,0,NA,0,001,MILL ST,RANCHO AV,0,NA,Y,A,-,N,NA,NA,NA,NA,NA,NA,NA,NA,NA,N,4,0,1,2,A,-,10,21950,A,N,G,B,B,A,H,-,C,A,0,Y,NA,NA,NA,Y,NA,A,01,0,0,1,0,1,0,0,0,0,-,-,NA,NA,SAN BERNARDINO,COLTON,-117.33367001,34.09230003
7151806,2015,2016-01-14,3602,2015-12-29,0552,3690,NA,2,5,5,3602,0,0,0,NA,0,001,RAMONA AV,PHILADELPHIA ST,0,NA,Y,A,-,N,NA,NA,NA,NA,NA,NA,NA,NA,NA,N,4,0,2,3,A,-,10,21950,A,N,G,B,B,A,H,-,C,A,0,Y,NA,NA,NA,Y,NA,D,22,0,0,2,0,2,0,0,0,0,-,-,NA,NA,SAN BERNARDINO,CHINO,-117.70690001,34.03348
7151813,2015,2016-01-14,3602,2015-12-12,1508,3536,NA,6,5,5,3602,0,0,0,NA,0,005,PINE AV,MEADOWHOUSE AV,0,NA,Y,B,-,N,NA,NA,NA,NA,NA,NA,NA,NA,NA,N,3,0,2,4,A,-,03,22350,NA,F,C,C,A,A,H,-,A,A,0,NA,NA,NA,NA,Y,NA,D,22,0,1,1,0,0,0,0,0,0,-,-,NA,NA,SAN BERNARDINO,CHINO,-117.64124005,33.95578006
7151869,2015,2016-01-23,3602,2015-12-15,0453,3495,NA,2,5,5,3602,0,0,0,NA,0,005,PINE AV,JOHNSON AV,51,W,N,A,-,N,NA,NA,NA,NA,NA,NA,NA,NA,NA,Y,4,0,1,2,A,-,08,22107,NA,N,A,C,A,A,H,-,D,D,0,NA,NA,NA,NA,Y,NA,A,01,0,0,1,0,0,0,0,0,0,-,-,NA,NA,SAN BERNARDINO,CHINO,-117.64613955,33.95446688
7151874,2015,2017-02-02,3602,2015-11-28,1150,1256,NA,6,5,5,3602,0,0,0,NA,0,001,CENTRAL AV,RT 60,45,N,N,A,-,Y,SBD,8,60,-,R,1.169,R,1,W,Y,4,0,1,3,A,-,03,22350,NA,N,C,C,A,A,H,-,A,A,0,NA,NA,Y,NA,Y,NA,A,01,0,0,1,0,0,0,0,0,1,-,WO,NA,NA,SAN BERNARDINO,CHINO,-117.71029558,34.03016837
7152183,2015,2016-01-13,3609,2015-12-04,1538,9632,139,5,5,5,3609,0,0,0,NA,0,004,N RIVERSIDE AV,W 1ST ST,0,NA,Y,A,-,N,NA,NA,NA,NA,NA,NA,NA,NA,NA,Y,4,0,1,1,A,-,03,22350,NA,N,E,I,A,A,H,-,A,A,0,NA,NA,NA,NA,Y,Y,A,01,0,0,1,0,0,0,0,0,0,-,-,NA,NA,SAN BERNARDINO,RIALTO,-117.37047007,34.10057001
7152227,2015,2016-01-13,3609,2015-12-08,1050,1041,162,2,5,5,3609,0,0,0,NA,0,004,RIVERSIDE AV,ALRU ST,0,NA,Y,A,-,N,NA,NA,NA,NA,NA,NA,NA,NA,NA,N,4,0,1,2,A,-,05,21650,1,N,D,G,A,A,H,-,A,D,0,NA,Y,NA,NA,Y,NA,L,04,0,0,1,0,0,0,1,0,0,-,-,34.05141,-117.22129,SAN BERNARDINO,RIALTO,-117.37033007,34.08726012
7152238,2015,2016-01-13,3604,2015-12-18,1849,1196,3604,5,5,6,3604,0,0,0,NA,0,002,S HIGHLAND AV,JUNIPER AV,18,W,N,A,-,N,NA,NA,NA,NA,NA,NA,NA,NA,NA,Y,3,0,2,1,A,-,03,22350,NA,N,E,I,A,A,H,-,C,D,0,NA,NA,NA,NA,Y,NA,A,01,0,1,1,0,0,0,0,0,0,-,-,NA,NA,SAN BERNARDINO,FONTANA,-117.44028931,34.13351
7154835,2015,2016-01-09,3602,2015-12-17,0455,3276,NA,4,5,5,3602,0,0,0,NA,0,001,PIPELINE AV,WALNUT AV,549,N,N,A,-,N,NA,NA,NA,NA,NA,NA,NA,NA,NA,Y,4,0,1,2,A,-,08,22107,NA,N,C,E,A,A,H,-,C,D,0,NA,NA,NA,NA,Y,NA,A,01,0,0,1,0,0,0,0,0,0,-,-,NA,NA,SAN BERNARDINO,CHINO,-117.7155249,34.0276247
7098096,2015,2017-01-12,3610,2015-08-18,1642,25717,NA,2,5,6,3610,0,0,0,NA,0,901,5TH ST,RT 215,0,NA,Y,A,-,Y,SBD,8,215,-,-,7.353,R,4,N,Y,3,0,1,2,A,-,08,22101,D,N,-,C,A,A,H,-,A,A,0,NA,NA,NA,Y,Y,NA,A,01,0,1,0,0,0,0,0,0,0,-,-,NA,NA,SAN BERNARDINO,SAN BERNARDINO,-117.30254958,34.11080764
7155828,2015,2016-01-19,3600,2015-12-13,0231,C8620,RC034,7,5,6,3616,0,0,0,NA,0,RC3,HAVEN AV,6TH ST,0,NA,Y,A,-,N,NA,NA,NA,NA,NA,NA,NA,NA,NA,Y,4,0,2,2,A,-,03,22350,NA,N,C,C,A,A,H,-,C,A,0,NA,NA,NA,NA,Y,NA,A,01,0,0,2,0,0,0,0,0,0,-,-,NA,NA,SAN BERNARDINO,RANCHO CUCAMONGA,-117.57586002,34.08468004
7156370,2015,2016-01-26,3610,2015-12-29,1530,50953,NA,2,5,6,3610,0,0,0,NA,0,NA,E HOSPITALITY LN,S TIPPECANOE AV,0,NA,Y,A,-,N,NA,NA,NA,NA,NA,NA,NA,NA,NA,N,4,0,1,2,A,-,03,22350,NA,N,C,C,A,A,H,-,A,A,0,NA,NA,NA,Y,Y,NA,F,56,0,0,1,0,0,0,0,0,0,-,-,34.06899,-117.2612,SAN BERNARDINO,SAN BERNARDINO,-117.26131013,34.06903001
7099753,2015,2015-11-06,3600,2015-10-15,1708,E4605,VC071,4,5,5,3612,0,0,0,NA,0,NA,EL EVADO RD,LA MESA,0,NA,Y,A,-,N,NA,NA,NA,NA,NA,NA,NA,NA,NA,Y,3,0,2,2,A,-,17,21451,A,N,A,C,A,A,H,-,A,A,0,NA,NA,NA,NA,Y,NA,A,71,0,1,1,0,0,0,0,0,0,-,-,NA,NA,SAN BERNARDINO,VICTORVILLE,-117.34679002,34.48493002
7157460,2015,2016-01-21,3604,2015-12-26,1835,1043,NA,6,5,6,3604,0,0,0,NA,0,NA,MERRILL AV,CATAWBA AV,0,NA,Y,A,-,N,NA,NA,NA,NA,NA,NA,NA,NA,NA,N,3,0,3,2,A,-,01,23152,A,N,D,C,A,A,H,-,C,A,0,NA,NA,NA,NA,Y,Y,A,07,0,2,1,0,0,0,0,0,0,-,-,NA,NA,SAN BERNARDINO,FONTANA,-117.45801009,34.0920701
7157468,2015,2016-01-21,3604,2015-12-27,2224,680,NA,7,5,6,3604,0,0,0,NA,0,NA,BRIDLEPATH,FOXBOROUGH,117,W,N,A,-,N,NA,NA,NA,NA,NA,NA,NA,NA,NA,Y,3,0,1,1,A,-,00,23136,A,M,E,I,A,A,H,-,C,D,0,NA,NA,NA,NA,Y,Y,A,01,0,1,0,0,0,0,0,0,0,-,-,NA,NA,SAN BERNARDINO,FONTANA,-117.48379456,34.16351639
7100654,2017,2017-07-21,3610,2017-06-05,1433,51013,NA,1,5,6,3610,0,0,0,NA,0,POLICE,N VALENCIA AV,EAST HIGHLAND AV,0,NA,Y,A,-,NA,NA,NA,NA,NA,NA,NA,NA,NA,NA,Y,4,0,1,3,A,-,00,22107,1,N,D,C,A,A,H,-,A,A,0,NA,NA,NA,NA,Y,NA,A,01,0,0,1,0,0,0,0,0,0,-,-,34.1359,-117.27249,SAN BERNARDINO,SAN BERNARDINO,-117.27252002,34.1359001
7160630,2015,2016-02-10,3607,2015-11-17,0607,80431,212,2,5,6,3607,0,0,0,NA,0,071,MISSION BL,ARCHIBALD AV,0,NA,Y,-,-,N,NA,NA,NA,NA,NA,NA,NA,NA,NA,Y,2,0,1,2,A,-,00,21457,NA,N,-,-,A,-,-,-,-,-,0,NA,NA,NA,NA,Y,NA,-,NA,1,0,0,0,0,0,0,0,0,-,-,NA,NA,SAN BERNARDINO,ONTARIO,-117.5933501,34.04398006
7160674,2015,2016-01-21,3607,2015-12-07,0007,80481,119,1,5,6,3607,0,0,0,NA,0,012,BENSON AV,D ST,0,NA,Y,A,-,N,NA,NA,NA,NA,NA,NA,NA,NA,NA,Y,3,0,1,1,A,-,08,22107,NA,M,E,I,A,A,H,-,C,D,0,NA,NA,NA,NA,Y,NA,-,NA,0,1,0,0,0,0,0,0,0,-,-,NA,NA,SAN BERNARDINO,ONTARIO,-117.6808001,34.06689008
7161298,2015,2017-02-01,9855,2015-07-25,1235,20904,NA,6,1,4,3605,0,1,1,NA,2,103,RT 10,MONTE VISTA AV,2640,E,N,A,-,Y,SBD,8,10,-,-,0.19,H,-,W,Y,4,0,1,4,A,-,03,22350,NA,N,C,C,A,A,H,-,A,D,1,NA,NA,NA,NA,Y,NA,A,07,0,0,1,0,0,0,0,0,0,-,-,34.08577,-117.68934,SAN BERNARDINO,MONTCLAIR,-117.70704077,34.08198158
7161315,2015,2017-01-14,9855,2015-07-15,0805,13860,NA,3,1,6,3607,0,1,3,NA,2,603,RT 60,MOUNTAIN AV,3500,E,N,A,-,Y,SBD,8,60,-,R,4.24,H,-,W,Y,4,0,1,3,A,-,03,22350,NA,N,C,C,A,A,H,-,A,D,1,NA,NA,NA,NA,Y,NA,A,01,0,0,1,0,0,0,0,0,0,-,-,NA,NA,SAN BERNARDINO,ONTARIO,-117.65680117,34.03049189
7161322,2015,2017-01-18,9855,2015-07-02,0225,20081,NA,4,3,6,3607,0,1,1,NA,2,101,RT 10,RT 15,1300,E,N,A,-,Y,SBD,8,10,-,-,10.19,H,-,E,Y,3,0,1,1,A,-,08,22107,NA,N,E,I,A,A,H,-,C,D,1,NA,NA,NA,NA,Y,NA,A,01,0,1,0,0,0,0,0,0,0,-,-,34.06731,-117.05406,SAN BERNARDINO,ONTARIO,-117.54051591,34.06732082
7161329,2015,2017-01-11,9855,2015-07-15,1925,15498,NA,3,2,6,3604,0,1,1,NA,2,101,RT 10,CHERRY AV,200,E,N,A,-,Y,SBD,8,10,-,-,13.21,H,-,W,Y,3,0,1,3,A,-,03,22350,NA,N,C,C,A,A,H,-,A,D,1,NA,NA,Y,NA,Y,NA,C,02,0,1,0,0,0,0,0,0,1,-,-,34.06629,-117.49008,SAN BERNARDINO,FONTANA,-117.48813239,34.06620695
7161435,2015,2017-02-09,9855,2015-06-19,1430,20904,NA,5,2,6,3607,0,1,1,NA,2,101,RT 10,MILLIKEN AV,900,W,N,A,-,Y,SBD,8,10,-,-,9.01,H,-,W,Y,4,0,1,3,A,-,03,22350,NA,N,C,C,A,A,H,-,A,D,1,NA,NA,NA,NA,Y,NA,A,01,0,0,1,0,0,0,0,0,0,-,-,34.06577,-117.5026,SAN BERNARDINO,ONTARIO,-117.56109071,34.06758659
7102838,2015,2015-10-29,3600,2015-09-06,1907,F5102,AP007,7,5,5,3621,0,0,0,NA,0,AP2,FLATHEAD RD,QUINNAULT RD,0,NA,Y,A,-,N,NA,NA,NA,NA,NA,NA,NA,NA,NA,N,3,0,1,1,A,-,12,22450,NA,N,E,I,A,A,H,-,A,D,0,NA,NA,Y,NA,Y,NA,C,06,0,1,0,0,0,0,0,0,1,-,-,NA,NA,SAN BERNARDINO,APPLE VALLEY,-117.1831101,34.52721012
7102868,2015,2016-01-22,3600,2015-09-25,1534,C3501,AP008,5,5,5,3621,0,0,0,NA,0,AP3,IROQUOIS RD,NISQUALLY RD,0,NA,Y,A,-,N,NA,NA,NA,NA,NA,NA,NA,NA,NA,Y,4,0,1,2,A,-,12,22450,A,N,D,C,A,A,H,-,A,A,0,NA,NA,NA,NA,Y,NA,-,NA,0,0,1,0,0,0,0,0,0,-,-,NA,NA,SAN BERNARDINO,APPLE VALLEY,-117.21386003,34.48663007
7162435,2015,2017-01-14,9855,2015-07-17,1445,16051,NA,5,2,5,3602,0,1,3,NA,2,603,RT 60,RAMONA AV,19,E,N,A,-,Y,SBD,8,60,-,R,1.585,R,1,W,Y,4,0,1,2,A,-,03,22350,NA,N,C,C,A,A,H,-,A,A,1,NA,NA,NA,NA,Y,NA,D,22,0,0,1,0,0,0,0,0,0,TO,-,34.03109,-117.70671,SAN BERNARDINO,CHINO,-117.70303839,34.03026358
7162884,2015,2016-01-20,3607,2015-12-13,2325,80508,96,7,5,6,3607,0,0,0,NA,0,032,LAKE AV,I ST,30,S,N,B,-,N,NA,NA,NA,NA,NA,NA,NA,NA,NA,Y,4,0,1,1,A,-,01,23152,A,N,H,I,A,B,H,-,C,D,0,NA,NA,NA,NA,Y,Y,-,NA,0,0,1,0,0,0,0,0,0,-,-,NA,NA,SAN BERNARDINO,ONTARIO,-117.62207,34.07436
7162905,2015,2016-01-21,3610,2015-12-01,1536,50732,NA,2,5,6,3610,0,0,0,NA,0,NA,W 2ND ST,N J ST,0,NA,Y,A,-,N,NA,NA,NA,NA,NA,NA,NA,NA,NA,N,4,0,1,2,A,-,09,21802,A,N,D,C,A,A,H,-,A,A,0,NA,NA,NA,NA,Y,NA,A,01,0,0,1,0,0,0,0,0,0,-,-,NA,NA,SAN BERNARDINO,SAN BERNARDINO,-117.30541004,34.10271001
7108142,2015,2015-11-05,3610,2015-09-29,1720,50976,NA,2,5,6,3610,0,0,0,NA,0,NA,W HAZEL AV,I ST,52,W,N,A,-,N,NA,NA,NA,NA,NA,NA,NA,NA,NA,Y,4,0,1,3,A,-,08,22107,NA,N,B,E,E,A,H,-,A,D,0,Y,NA,NA,NA,Y,NA,A,01,0,0,1,0,1,0,0,0,0,-,-,34.08685,-117.30317,SAN BERNARDINO,SAN BERNARDINO,-117.30331122,34.08713076
7057894,2015,2015-11-24,3600,2015-10-31,1346,F3091,VC022,6,5,5,3612,0,0,0,NA,0,VC3,PEBBLE BEACH DR,RIDGECREST RD,0,NA,Y,A,-,N,NA,NA,NA,NA,NA,NA,NA,NA,NA,Y,3,0,1,2,A,-,03,22350,NA,N,C,C,A,A,H,-,A,A,0,NA,NA,Y,NA,Y,NA,-,NA,0,1,0,0,0,0,0,0,1,-,-,NA,NA,SAN BERNARDINO,VICTORVILLE,-117.27734004,34.48518001
7167097,2016,2016-03-28,3600,2016-01-07,1424,D2561,VC016,4,5,5,3612,0,0,0,NA,0,NA,7TH ST,GREEN TREE BL,0,NA,Y,B,-,N,NA,NA,NA,NA,NA,NA,NA,NA,NA,N,4,0,1,2,A,-,08,21460,5,N,D,C,A,A,H,-,A,A,0,NA,NA,NA,NA,Y,NA,A,07,0,0,1,0,0,0,0,0,0,-,-,NA,NA,SAN BERNARDINO,VICTORVILLE,-117.32016006,34.50904005
7167579,2015,2016-02-04,3607,2015-11-25,1129,80313,222,3,5,6,3607,0,0,0,NA,0,052,PHILADELPHIA ST,MOUNTAIN AV,0,NA,Y,A,-,N,NA,NA,NA,NA,NA,NA,NA,NA,NA,Y,4,0,2,2,A,-,12,21453,A,N,D,C,A,A,H,-,A,A,0,NA,NA,NA,NA,Y,NA,-,NA,0,0,2,0,0,0,0,0,0,-,-,NA,NA,SAN BERNARDINO,ONTARIO,-117.6690501,34.0336901
7066108,2015,2015-09-24,9870,2015-09-04,1556,21064,NA,5,2,3,3631,1,4,S,NA,2,901,MURRIETA AV,REDONDO ST,0,NA,Y,A,-,N,NA,NA,NA,NA,NA,NA,NA,NA,NA,N,4,0,1,1,C,-,18,NA,NA,N,H,A,A,A,H,-,A,D,0,NA,NA,NA,NA,Y,NA,-,-,0,0,1,0,0,0,0,0,0,-,-,34.13884,-116.40785,SAN BERNARDINO,YUCCA VALLEY,-116.40781002,34.13891005
7170759,2015,2016-02-01,3607,2015-10-03,2230,15133,117,6,5,6,3607,0,0,0,NA,0,032,D ST,CORONA AV,500,W,N,A,-,N,NA,NA,NA,NA,NA,NA,NA,NA,NA,Y,3,0,1,3,A,-,01,23152,A,N,B,E,A,A,H,-,C,A,0,NA,NA,NA,NA,Y,Y,-,NA,0,1,0,0,0,0,0,0,0,-,-,NA,NA,SAN BERNARDINO,ONTARIO,-117.61506652,34.0671229
7170884,2015,2016-02-01,3607,2015-11-24,1848,14757,154,2,5,6,3607,0,0,0,NA,0,051,STATE ST,MOUNTAIN AV,0,NA,Y,A,-,N,NA,NA,NA,NA,NA,NA,NA,NA,NA,N,3,0,1,2,A,-,11,21954,A,N,G,B,E,A,H,-,D,D,0,Y,NA,NA,NA,Y,NA,N,60,0,1,0,0,1,0,0,0,0,-,-,NA,NA,SAN BERNARDINO,ONTARIO,-117.67009003,34.05990011
7170915,2015,2016-02-01,3607,2015-11-30,1509,14997,208,1,5,6,3607,0,0,0,NA,0,061,BON VIEW AV,WOODLAWN ST,500,S,N,A,-,N,NA,NA,NA,NA,NA,NA,NA,NA,NA,Y,4,0,2,3,A,-,03,22350,NA,N,C,C,A,A,H,-,A,D,0,NA,NA,NA,NA,Y,NA,-,NA,0,0,2,0,0,0,0,0,0,-,-,NA,NA,SAN BERNARDINO,ONTARIO,-117.63729819,34.04907971
7173340,2015,2017-01-10,9855,2015-08-24,0620,14980,NA,1,1,6,3607,0,1,3,NA,2,601,RT 60,MILLIKEN AV,500,W,N,A,-,Y,SBD,8,60,-,R,9.85,H,-,W,N,4,0,1,3,A,-,03,22350,NA,N,C,C,A,A,H,-,A,D,1,NA,NA,NA,NA,Y,NA,D,22,0,0,1,0,0,0,0,0,0,-,-,34.62477,-117.55997,SAN BERNARDINO,ONTARIO,-117.56014834,34.02468741
7173349,2015,2016-12-20,9855,2015-08-01,1155,17704,NA,6,1,6,3607,0,1,3,NA,2,601,RT 60,VINEYARD AV,500,W,N,A,-,Y,SBD,8,60,-,R,6.78,H,-,W,N,4,0,2,3,A,-,03,22350,NA,N,C,C,A,A,H,-,A,D,1,NA,NA,NA,NA,Y,NA,A,07,0,0,2,0,0,0,0,0,0,-,-,34.03072,-117.614,SAN BERNARDINO,ONTARIO,-117.61253685,34.03064524
7174689,2016,2016-02-18,3604,2016-01-11,0426,1134,NA,1,5,6,3604,0,0,0,NA,0,003,ARROW BL,TOKAY AV,0,NA,Y,A,-,N,NA,NA,NA,NA,NA,NA,NA,NA,NA,N,4,0,1,2,A,-,09,21802,A,N,D,C,A,A,H,-,D,D,0,NA,NA,NA,NA,Y,NA,-,-,0,0,1,0,0,0,0,0,0,-,-,NA,NA,SAN BERNARDINO,FONTANA,-117.45589011,34.09929006
7066881,2015,2016-07-25,9835,2015-08-18,1950,17864,NA,2,2,9,3600,0,3,5,NA,2,037,NATIONAL TRAILS HWY,AMBOY RD,22176,E,N,A,-,N,NA,NA,NA,NA,NA,NA,NA,NA,NA,Y,3,0,1,1,A,-,01,23152,A,N,F,A,A,A,H,-,D,D,0,NA,NA,NA,NA,Y,Y,D,22,0,1,0,0,0,0,0,0,0,-,-,NA,NA,SAN BERNARDINO,UNINCORPORATED,-115.68457711,34.55941284
7177404,2016,2017-02-11,3602,2016-01-29,0755,3655,NA,5,5,5,3602,0,0,0,NA,0,002,CENTRAL AV,RT 60,14,N,N,A,-,Y,SBD,8,60,-,R,2.51,R,4,W,Y,4,0,2,2,D,-,00,NA,NA,N,D,C,A,A,H,-,A,A,0,NA,NA,NA,NA,Y,NA,-,-,0,0,2,0,0,0,0,0,0,-,WF,NA,NA,SAN BERNARDINO,CHINO,-117.68692701,34.03039457
7177511,2016,2016-02-24,3610,2016-01-15,0727,50569,NA,5,5,6,3610,0,0,0,NA,0,POLICE,W KENDALL DR,LITTLE MOUNTAIN DR,942,W,N,B,-,N,NA,NA,NA,NA,NA,NA,NA,NA,NA,Y,4,0,2,2,A,-,07,21658,A,N,C,C,A,A,H,-,A,D,0,NA,NA,NA,NA,Y,NA,A,01,0,0,2,0,0,0,0,0,0,-,-,NA,NA,SAN BERNARDINO,SAN BERNARDINO,-117.31643,34.16914
7177518,2016,2017-02-15,3610,2016-01-09,1402,50608,NA,6,5,6,3610,0,0,0,NA,0,POLICE,SOUTH WATERMAN AV,RT 10,0,NA,Y,A,-,Y,SBD,8,10,-,-,25.388,R,4,W,Y,4,0,1,2,A,-,09,21801,NA,N,A,C,A,A,H,-,A,D,0,NA,NA,NA,NA,Y,NA,A,01,0,0,1,0,0,0,0,0,0,-,WO,34.06585,-117.27878,SAN BERNARDINO,SAN BERNARDINO,-117.2767869,34.064299
7177530,2016,2017-02-11,3610,2016-01-08,1740,50986,NA,5,5,6,3610,0,0,0,NA,0,POLICE,N MERIDIAN AV,W FOOTHILL BL,0,NA,Y,A,-,Y,SBD,8,66,-,-,20.39,I,5,W,N,3,0,1,2,A,-,05,21650,1,N,D,G,A,A,H,-,C,A,0,NA,Y,NA,NA,Y,NA,L,04,0,1,0,0,0,0,1,0,0,-,-,34.10675,-117.34852,SAN BERNARDINO,SAN BERNARDINO,-117.3485524,34.1068428
7180395,2016,2016-09-21,3604,2016-01-30,1920,1043,NA,6,5,6,3604,0,0,0,NA,0,NA,JUNIPER AV,RT 66,0,NA,Y,A,-,N,NA,NA,NA,NA,NA,NA,NA,NA,NA,Y,4,0,2,2,A,-,08,22107,NA,N,D,C,A,A,H,-,C,A,0,NA,NA,NA,NA,Y,NA,A,01,0,0,2,0,0,0,0,0,0,-,-,NA,NA,SAN BERNARDINO,FONTANA,-117.44019,34.106607
7110035,2015,2015-11-14,3600,2015-08-27,1408,D9733,TW003,4,5,3,3617,0,0,0,NA,0,020,NICHOLSON DR,EL REY AV,443,N,N,A,-,N,NA,NA,NA,NA,NA,NA,NA,NA,NA,Y,4,0,1,1,A,-,00,23109,NA,N,H,A,A,A,H,-,A,D,0,NA,NA,Y,NA,Y,NA,C,02,0,0,1,0,0,0,0,0,1,-,-,NA,NA,SAN BERNARDINO,TWENTYNINE PALMS,-116.08302891,34.13995269
7181093,2016,2016-02-18,3600,2016-01-30,0113,S3852,RC067,6,5,6,3616,0,0,0,NA,0,003,FOOTHILL BL,HAVEN AV,0,NA,Y,A,-,N,NA,NA,NA,NA,NA,NA,NA,NA,NA,N,4,0,2,3,A,-,01,23152,A,N,C,C,A,A,H,-,C,A,0,NA,NA,NA,NA,Y,Y,A,01,0,0,2,0,0,0,0,0,0,-,-,NA,NA,SAN BERNARDINO,RANCHO CUCAMONGA,-117.57597006,34.10656005
7181291,2016,2016-02-22,3607,2016-01-19,1551,80313,176,2,5,6,3607,0,0,0,NA,0,051,BENSON AV,MISSION BL,0,NA,Y,C,-,N,NA,NA,NA,NA,NA,NA,NA,NA,NA,Y,3,0,2,3,A,-,12,21453,A,N,D,C,A,B,H,-,A,A,0,NA,NA,NA,NA,Y,NA,-,NA,0,2,0,0,0,0,0,0,0,-,-,NA,NA,SAN BERNARDINO,ONTARIO,-117.68080005,34.05604005
7181852,2016,2016-02-18,3609,2016-01-03,1820,3156,78,7,5,5,3609,0,0,0,NA,0,002,RIVERSIDE AV,WALNUT AV,320,N,N,A,-,N,NA,NA,NA,NA,NA,NA,NA,NA,NA,Y,4,0,2,3,A,-,01,23152,A,N,C,C,A,A,H,-,C,A,0,NA,NA,NA,NA,Y,Y,A,01,0,0,2,0,0,0,0,0,0,-,-,34.1296,-117.3704,SAN BERNARDINO,RIALTO,-117.37042566,34.1295067
7181896,2016,2017-02-11,3602,2016-01-04,1021,1127,NA,1,5,5,3602,0,0,0,NA,0,002,RT 60,CENTRAL AV,0,NA,Y,A,-,Y,SBD,8,60,-,R,2.552,R,4,E,N,4,0,2,2,A,-,12,21453,A,N,D,D,A,A,H,-,A,A,0,NA,NA,NA,NA,Y,NA,A,01,0,0,2,0,0,0,0,0,0,EF,-,NA,NA,SAN BERNARDINO,CHINO,-117.68619234,34.03022156
7183925,2016,2017-02-11,3607,2016-01-07,1319,80445,293,4,5,6,3607,0,0,0,NA,0,062,PHILADELPHIA ST,EUCLID AV,0,NA,Y,A,-,Y,SBD,8,83,-,-,7.413,I,5,S,N,4,0,1,2,A,-,05,21650,1,N,D,G,A,A,H,-,A,A,0,NA,Y,NA,NA,Y,NA,L,04,0,0,1,0,0,0,1,0,0,-,-,NA,NA,SAN BERNARDINO,ONTARIO,-117.65105514,34.03378762
7187250,2015,2016-03-02,3610,2015-12-24,1321,50532,NA,4,5,6,3610,0,0,0,NA,0,POLICE,EAST HIGHLAND AV,MOUNTAIN AV,252,E,N,A,-,N,NA,NA,NA,NA,NA,NA,NA,NA,NA,Y,3,0,1,2,A,-,09,21804,NA,N,D,C,A,A,H,-,A,D,0,NA,NA,Y,NA,Y,NA,A,08,0,1,0,0,0,0,0,0,1,-,-,NA,NA,SAN BERNARDINO,SAN BERNARDINO,-117.25601981,34.13587
7068698,2015,2017-01-20,3600,2015-08-21,1727,5343,HE301,5,5,5,3619,0,0,0,NA,0,HE3,RT 395,POPLAR ST,1707,N,N,-,-,Y,SBD,8,395,-,-,5.17,H,-,N,Y,3,0,2,2,A,-,05,21460,A,N,A,C,A,-,H,-,-,D,0,NA,NA,NA,NA,Y,NA,A,01,0,2,0,0,0,0,0,0,0,-,-,NA,NA,SAN BERNARDINO,HESPERIA,-117.39953739,34.42031094
7189340,2015,2016-02-23,3610,2015-11-20,1722,50970,NA,5,5,6,3610,0,0,0,NA,0,NA,E DATE ST,E DATE ST 1551,0,NA,N,A,-,N,NA,NA,NA,NA,NA,NA,NA,NA,NA,N,4,0,1,2,A,-,11,21950,B,N,G,B,D,A,H,-,D,D,0,Y,NA,NA,NA,Y,NA,N,60,0,0,1,0,1,0,0,0,0,-,-,34.14098,-117.25361,SAN BERNARDINO,SAN BERNARDINO,-117.25361824,34.14128319
7190344,2016,2016-09-02,3600,2016-02-17,1132,D4321,AP015,3,5,5,3621,0,0,0,NA,0,AP4,BEAR VALLEY RD,CENTRAL RD,0,NA,Y,A,-,N,NA,NA,NA,NA,NA,NA,NA,NA,NA,Y,1,1,1,2,A,-,12,21453,A,F,D,C,A,A,H,-,A,A,0,NA,NA,NA,NA,Y,NA,A,07,0,0,1,0,0,0,0,0,0,-,-,NA,NA,SAN BERNARDINO,APPLE VALLEY,-117.17265004,34.47161006
7190478,2016,2018-09-27,3600,2016-06-25,0217,D8559,HE212,6,5,5,3619,0,0,0,NA,0,HE2,TIMBERLANE AV,JUNIPER ST,60,N,N,A,-,N,NA,NA,NA,NA,NA,NA,NA,NA,NA,Y,1,1,1,2,A,-,01,23152,A,F,A,B,E,A,H,-,D,A,0,Y,NA,Y,NA,Y,Y,C,02,1,0,0,1,0,0,0,0,1,-,-,NA,NA,SAN BERNARDINO,HESPERIA,-117.27337271,34.42018037
7190673,2015,2016-12-19,3609,2015-09-13,2013,9632,NA,7,5,5,3609,0,0,0,NA,0,NA,N CACTUS AV,W ROSEWOOD ST,0,NA,Y,A,-,N,NA,NA,NA,NA,NA,NA,NA,NA,NA,Y,1,1,0,2,D,-,00,NA,NA,N,G,B,B,A,H,-,C,A,0,Y,NA,NA,NA,Y,Y,-,-,0,0,0,1,0,0,0,0,0,-,-,34.11036,-117.3835,SAN BERNARDINO,RIALTO,-117.38348008,34.11036008