CASE_ID,ACCIDENT_YEAR,PROC_DATE,JURIS,COLLISION_DATE,COLLISION_TIME,OFFICER_ID,REPORTING_DISTRICT,DAY_OF_WEEK,CHP_SHIFT,POPULATION,CNTY_CITY_LOC,SPECIAL_COND,BEAT_TYPE,CHP_BEAT_TYPE,CITY_DIVISION_LAPD,CHP_BEAT_CLASS,BEAT_NUMBER,PRIMARY_RD,SECONDARY_RD,DISTANCE,DIRECTION,INTERSECTION,WEATHER_1,WEATHER_2,STATE_HWY_IND,CALTRANS_COUNTY,CALTRANS_DISTRICT,STATE_ROUTE,ROUTE_SUFFIX,POSTMILE_PREFIX,POSTMILE,LOCATION_TYPE,RAMP_INTERSECTION,SIDE_OF_HWY,TOW_AWAY,COLLISION_SEVERITY,NUMBER_KILLED,NUMBER_INJURED,PARTY_COUNT,PRIMARY_COLL_FACTOR,PCF_CODE_OF_VIOL,PCF_VIOL_CATEGORY,PCF_VIOLATION,PCF_VIOL_SUBSECTION,HIT_AND_RUN,TYPE_OF_COLLISION,MVIW,PED_ACTION,ROAD_SURFACE,ROAD_COND_1,ROAD_COND_2,LIGHTING,CONTROL_DEVICE,CHP_ROAD_TYPE,PEDESTRIAN_ACCIDENT,BICYCLE_ACCIDENT,MOTORCYCLE_ACCIDENT,TRUCK_ACCIDENT,NOT_PRIVATE_PROPERTY,ALCOHOL_INVOLVED,STWD_VEHTYPE_AT_FAULT,CHP_VEHTYPE_AT_FAULT,COUNT_SEVERE_INJ,COUNT_VISIBLE_INJ,COUNT_COMPLAINT_PAIN,COUNT_PED_KILLED,COUNT_PED_INJURED,COUNT_BICYCLIST_KILLED,COUNT_BICYCLIST_INJURED,COUNT_MC_KILLED,COUNT_MC_INJURED,PRIMARY_RAMP,SECONDARY_RAMP,LATITUDE,LONGITUDE,COUNTY,CITY,POINT_X,POINT_Y
8330428,2017,2017-04-07,3600,2017-03-15,0800,F3069,VC052,3,5,5,3612,0,0,0,NA,0,VC6,COBALT RD,MOJAVE DR,275,N,N,A,-,N,NA,NA,NA,NA,NA,NA,NA,NA,NA,Y,4,0,1,5,A,-,03,22350,NA,N,C,C,A,A,H,-,A,A,0,NA,NA,NA,NA,Y,NA,-,NA,0,0,1,0,0,0,0,0,0,-,-,NA,NA,SAN BERNARDINO,VICTORVILLE,-117.37306,34.52929342
8330432,2017,2017-04-07,3600,2017-03-04,1638,F5137,VC019,6,5,5,3612,0,0,0,NA,0,VC2,7TH ST,LA PAZ DR,107,S,N,A,-,N,NA,NA,NA,NA,NA,NA,NA,NA,NA,N,4,0,1,2,C,-,18,NA,NA,N,C,C,A,A,H,-,A,A,0,NA,NA,NA,NA,Y,NA,-,-,0,0,1,0,0,0,0,0,0,-,-,NA,NA,SAN BERNARDINO,VICTORVILLE,-117.3130232,34.5164394
8330440,2017,2017-04-06,3600,2017-03-23,1628,F5137,VC023,4,5,5,3612,0,0,0,NA,0,VC3,HESPERIA RD,BEAR VALLEY RD,595,N,N,A,-,N,NA,NA,NA,NA,NA,NA,NA,NA,NA,Y,3,0,1,2,A,-,09,21804,A,N,D,C,A,A,H,-,A,A,0,NA,NA,NA,NA,Y,NA,A,07,0,1,0,0,0,0,0,0,0,-,-,NA,NA,SAN BERNARDINO,VICTORVILLE,-117.29175514,34.47254023
83097288,2024,2024-08-01,3611,2024-06-14,1725,3362,NA,5,5,5,3611,0,0,0,NA,0,002,EUCLID AVE,8TH ST,713,S,N,A,-,N,NA,NA,NA,NA,NA,NA,NA,NA,NA,N,4,0,2,3,A,-,03,22350,NA,N,C,C,A,A,H,-,A,A,0,NA,NA,NA,NA,Y,NA,A,07,0,0,2,0,0,0,0,0,0,-,-,34.09265899658203,-117.65087890625,SAN BERNARDINO,UPLAND,-117.65094757080078,34.09050750732422
8311551,2017,2017-03-08,3603,2017-01-14,1500,CL4697,COLTO,6,5,4,3603,0,0,0,NA,0,002,WESTERN AV,ILLINOIS AV,0,NA,Y,A,-,N,NA,NA,NA,NA,NA,NA,NA,NA,NA,Y,4,0,1,2,A,-,09,21802,A,N,D,C,A,A,H,-,A,D,0,NA,NA,NA,NA,Y,NA,A,01,0,0,1,0,0,0,0,0,0,-,-,NA,NA,SAN BERNARDINO,COLTON,-117.30706013,34.07704006
8311948,2017,2017-02-23,3609,2017-02-06,2318,3802,144,1,5,5,3609,0,0,0,NA,0,003,RIALTO AV,CEDAR AV,0,NA,Y,B,C,N,NA,NA,NA,NA,NA,NA,NA,NA,NA,Y,4,0,2,2,A,-,12,21453,A,N,-,C,A,B,H,-,C,A,0,NA,NA,NA,NA,Y,NA,A,01,0,0,2,0,0,0,0,0,0,-,-,34.09951,-117.39653,SAN BERNARDINO,RIALTO,-117.39656006,34.09952008
8312155,2017,2017-02-27,3600,2017-02-03,1736,G3599,HE101,5,5,5,3619,0,0,0,NA,0,HE1,BEAR VALLEY RD,COTTONWOOD AV,0,NA,Y,A,-,N,NA,NA,NA,NA,NA,NA,NA,NA,NA,Y,4,0,2,2,A,-,17,21451,A,N,D,C,A,A,H,-,B,A,0,NA,NA,NA,NA,Y,NA,A,01,0,0,2,0,0,0,0,0,0,-,-,NA,NA,SAN BERNARDINO,HESPERIA,-117.33870006,34.47049001
8346746,2017,2017-04-17,3603,2017-03-28,1244,CL4819,COLTO,2,5,4,3603,0,0,0,NA,0,004,MT VERNON AV,SANTO ANTONIO DR,50,N,N,A,-,N,NA,NA,NA,NA,NA,NA,NA,NA,NA,Y,4,0,1,3,A,-,03,22350,NA,N,C,C,A,A,H,-,A,A,0,NA,NA,NA,NA,Y,NA,A,07,0,0,1,0,0,0,0,0,0,-,-,NA,NA,SAN BERNARDINO,COLTON,-117.30925,34.05227698
8303855,2016,2017-02-08,3602,2016-11-27,1638,3054,NA,7,5,5,3602,0,0,0,NA,0,003,CHINO AV,RAMONA AV,0,NA,Y,A,-,N,NA,NA,NA,NA,NA,NA,NA,NA,NA,Y,4,0,1,2,A,-,08,22107,NA,N,D,C,A,A,H,-,A,A,0,NA,NA,NA,NA,Y,NA,A,01,0,0,1,0,0,0,0,0,0,-,-,NA,NA,SAN BERNARDINO,CHINO,-117.70668009,34.01170009
8348363,2017,2017-04-27,3604,2017-03-27,1611,681,NA,1,5,6,3604,0,0,0,NA,0,NA,TURNBERRY WY,SUMMIT AV,27,S,N,A,-,N,NA,NA,NA,NA,NA,NA,NA,NA,NA,Y,4,0,1,1,A,-,08,22107,NA,N,E,I,A,A,H,-,A,D,0,NA,NA,NA,NA,Y,NA,A,01,0,0,1,0,0,0,0,0,0,-,-,NA,NA,SAN BERNARDINO,FONTANA,-117.43909482,34.15032613
8348371,2017,2017-04-27,3600,2017-03-23,2005,F6907,VC075,4,5,5,3612,0,0,0,NA,0,VC5,AMARGOSA RD,MIDTOWN DR,0,NA,Y,A,-,N,NA,NA,NA,NA,NA,NA,NA,NA,NA,Y,3,0,2,2,A,-,09,21802,A,N,A,C,A,A,H,-,C,D,0,NA,NA,NA,NA,Y,NA,A,01,0,1,1,0,0,0,0,0,0,-,-,NA,NA,SAN BERNARDINO,VICTORVILLE,-117.33033008,34.52406003
8316581,2017,2017-03-06,3609,2017-01-24,1611,6367,124,2,5,5,3609,0,0,0,NA,0,003,YUCCA AV,GROVE AV,0,NA,Y,A,-,N,NA,NA,NA,NA,NA,NA,NA,NA,NA,Y,3,0,2,2,C,-,18,NA,NA,N,E,I,A,A,H,-,A,D,0,NA,NA,NA,NA,Y,NA,-,-,0,2,0,0,0,0,0,0,0,-,-,34.06325,-117.22588,SAN BERNARDINO,RIALTO,-117.38291004,34.10928005
8352391,2017,2017-05-06,3605,2017-03-21,1953,398,RCSUP,2,5,4,3605,0,0,0,NA,0,NA,MONTE VISTA AV,SAN BERNARDINO ST,0,NA,Y,B,C,N,NA,NA,NA,NA,NA,NA,NA,NA,NA,N,4,0,1,2,A,-,00,21453,NA,M,B,C,A,B,H,-,A,A,0,NA,NA,NA,NA,Y,NA,A,01,0,0,1,0,0,0,0,0,0,-,-,NA,NA,SAN BERNARDINO,MONTCLAIR,-117.69822001,34.07766004
8352400,2017,2017-05-09,3605,2017-04-04,1928,398,3605,2,5,4,3605,0,0,0,NA,0,NA,CENTRAL AV,RT 10,0,NA,Y,A,-,N,NA,NA,NA,NA,NA,NA,NA,NA,NA,Y,4,0,1,2,A,-,12,21453,A,N,D,C,A,A,H,-,C,A,0,NA,NA,NA,NA,Y,NA,A,07,0,0,1,0,0,0,0,0,0,-,-,NA,NA,SAN BERNARDINO,MONTCLAIR,-117.68974005,34.08558006
8319735,2017,2017-03-09,3604,2017-02-02,1643,599,NA,4,5,6,3604,0,0,0,NA,0,NA,ELAINE DR,PALMETTO AV,316,E,N,B,-,N,NA,NA,NA,NA,NA,NA,NA,NA,NA,Y,3,0,1,1,A,-,01,23152,A,N,F,I,A,A,H,-,A,A,0,NA,NA,NA,NA,Y,Y,D,22,0,1,0,0,0,0,0,0,0,-,-,NA,NA,SAN BERNARDINO,FONTANA,-117.42712,34.11717
8320090,2017,2018-02-17,3605,2017-02-02,1216,318,NA,4,5,4,3605,0,0,0,NA,0,NA,MONTE VISTA AV,PALO VERDE ST,0,NA,Y,A,-,Y,SBD,8,10,-,-,0.452,R,4,E,N,4,0,1,2,D,-,00,NA,NA,N,D,C,A,A,H,-,A,A,0,NA,NA,NA,NA,Y,NA,-,-,0,0,1,0,0,0,0,0,0,-,-,NA,NA,SAN BERNARDINO,MONTCLAIR,-117.70258887,34.08168061
8322180,2017,2017-03-22,3600,2017-03-07,0759,G3233,HE123,2,5,5,3619,0,0,0,NA,0,HE1,HERCULES ST,7TH AV,0,NA,Y,A,-,N,NA,NA,NA,NA,NA,NA,NA,NA,NA,Y,4,0,1,2,A,-,09,21800,A,N,A,C,A,A,H,-,A,A,0,NA,NA,NA,NA,Y,NA,A,07,0,0,1,0,0,0,0,0,0,-,-,NA,NA,SAN BERNARDINO,HESPERIA,-117.31313014,34.43544003
8322718,2016,2017-05-03,3600,2016-06-16,2144,C5162,AD207,4,5,3,3613,0,0,0,NA,0,24P11,CHAMBERLAINE WY,RT 395,0,NA,Y,A,-,N,NA,NA,NA,NA,NA,NA,NA,NA,NA,N,3,0,1,2,A,-,11,21955,NA,N,G,B,D,A,H,-,C,D,0,Y,NA,NA,NA,Y,NA,N,60,0,1,0,0,1,0,0,0,0,-,-,NA,NA,SAN BERNARDINO,ADELANTO,-117.41455008,34.58642007
8324521,2017,2017-04-25,3607,2017-01-17,1615,15171,43,2,5,6,3607,0,0,0,NA,0,011,4TH ST,VINE AV,0,NA,Y,B,-,N,NA,NA,NA,NA,NA,NA,NA,NA,NA,N,4,0,1,2,B,-,22,NA,NA,N,G,B,A,B,H,-,A,A,0,NA,NA,NA,NA,Y,NA,-,-,0,0,1,0,0,0,0,0,0,-,-,NA,NA,SAN BERNARDINO,ONTARIO,-117.65600011,34.07791001
8306716,2017,2018-07-20,3610,2017-01-11,1852,50781,NA,3,5,6,3610,0,0,0,NA,0,NA,W 40TH ST,H ST,258,E,N,B,-,N,NA,NA,NA,NA,NA,NA,NA,NA,NA,N,3,0,2,2,A,-,09,21804,NA,N,D,C,A,A,H,-,C,D,0,NA,NA,NA,NA,Y,NA,A,01,0,1,1,0,0,0,0,0,0,-,-,NA,NA,SAN BERNARDINO,SAN BERNARDINO,-117.29964316,34.16461605
8307661,2017,2017-03-21,3610,2017-02-17,1350,50772,NA,5,5,6,3610,0,0,0,NA,0,NA,N STATE ST,UNIVERSITY PKWY,147,E,N,B,C,N,NA,NA,NA,NA,NA,NA,NA,NA,NA,N,4,0,1,2,A,-,09,21804,NA,M,D,C,A,B,H,-,A,D,0,NA,NA,NA,NA,Y,NA,A,01,0,0,1,0,0,0,0,0,0,-,-,NA,NA,SAN BERNARDINO,SAN BERNARDINO,-117.33173753,34.16730561
8360999,2017,2017-05-12,3605,2017-04-30,1712,382,NA,7,5,4,3605,0,0,0,NA,0,NA,BANDERA ST,CENTRAL AV,772,W,N,A,-,N,NA,NA,NA,NA,NA,NA,NA,NA,NA,Y,3,0,1,3,A,-,08,22107,NA,N,B,E,A,A,H,-,A,D,0,NA,NA,NA,NA,Y,NA,A,01,0,1,0,0,0,0,0,0,0,-,-,NA,NA,SAN BERNARDINO,MONTCLAIR,-117.69218663,34.06502
8361017,2017,2017-05-17,3610,2017-04-16,1755,50926,NA,7,5,6,3610,0,0,0,NA,0,NA,N MOUNTAIN VIEW AV,W 27TH ST,0,NA,Y,A,-,N,NA,NA,NA,NA,NA,NA,NA,NA,NA,N,4,0,1,2,A,-,09,21802,A,N,D,C,A,A,H,-,A,A,0,NA,NA,NA,NA,Y,NA,A,07,0,0,1,0,0,0,0,0,0,-,-,34.14064,-117.28746,SAN BERNARDINO,SAN BERNARDINO,-117.28743003,34.14066001
8325321,2017,2017-03-20,3603,2017-02-17,1921,CL4357,COLTO,5,5,4,3603,0,0,0,NA,0,004,MT VERNON AV,SANTO ANTONIO DR,283,S,N,C,-,N,NA,NA,NA,NA,NA,NA,NA,NA,NA,N,2,0,1,2,A,-,00,20001,A,F,G,B,D,B,H,-,C,A,0,Y,NA,NA,NA,Y,Y,A,01,1,0,0,0,1,0,0,0,0,-,-,NA,NA,SAN BERNARDINO,COLTON,-117.30925,34.05136469
8325917,2017,2017-03-22,3608,2017-03-04,2001,4335,3608,6,5,5,3608,0,0,0,NA,0,901,LUGONIA AV,ORANGE ST,0,NA,Y,A,-,N,NA,NA,NA,NA,NA,NA,NA,NA,NA,Y,4,0,3,2,A,-,12,21453,A,N,D,C,A,A,H,-,C,A,0,NA,NA,NA,NA,Y,NA,A,07,0,0,3,0,0,0,0,0,0,-,-,NA,NA,SAN BERNARDINO,REDLANDS,-117.18248,34.07003011
8363524,2017,2017-05-16,3610,2017-04-06,0337,50993,NA,4,5,6,3610,0,0,0,NA,0,POLICE,W 16TH ST,N MT VERNON AV,185,W,N,A,-,N,NA,NA,NA,NA,NA,NA,NA,NA,NA,Y,2,0,1,1,A,-,03,22350,NA,N,B,I,A,A,H,-,C,A,0,NA,NA,NA,NA,Y,NA,A,01,1,0,0,0,0,0,0,0,0,-,-,34.12867,-117.30092,SAN BERNARDINO,SAN BERNARDINO,-117.31441945,34.12875279
8335782,2017,2018-04-11,3610,2017-06-27,2044,51049,NA,2,5,6,3610,0,0,0,NA,0,POLICE,N MACY ST,RT 66,0,NA,Y,A,-,Y,SBD,8,66,-,-,80.78,H,-,W,N,4,0,1,2,A,-,10,21950,A,N,G,B,D,A,H,-,C,A,0,Y,NA,NA,NA,Y,NA,N,60,0,0,1,0,1,0,0,0,0,-,-,34.10681,-117.34130999999999,SAN BERNARDINO,SAN BERNARDINO,-117.34130999999999,34.10681
8365568,2017,2017-05-16,3602,2017-03-07,1340,3172,NA,2,5,5,3602,0,0,0,NA,0,003,CHINO AV,PRECIADO AV,0,NA,Y,A,-,N,NA,NA,NA,NA,NA,NA,NA,NA,NA,Y,4,0,2,3,A,-,09,21802,A,N,D,C,A,A,H,-,A,D,0,NA,NA,NA,NA,Y,NA,A,01,0,0,2,0,0,0,0,0,0,-,-,NA,NA,SAN BERNARDINO,CHINO,-117.7128801,34.0116601
8365884,2017,2017-05-17,3610,2017-04-26,1540,51054,NA,3,5,6,3610,0,0,0,NA,0,POLICE,N MERIDIAN AV,W FOOTHILL BL,17,S,N,B,-,N,NA,NA,NA,NA,NA,NA,NA,NA,NA,Y,4,0,1,2,A,-,12,21453,A,N,B,C,A,A,H,-,A,A,0,NA,NA,NA,NA,Y,NA,A,01,0,0,1,0,0,0,0,0,0,-,-,34.10675,-117.34852,SAN BERNARDINO,SAN BERNARDINO,-117.34852033,34.10673342
8365901,2017,2017-05-17,3610,2017-04-09,2132,51018,NA,7,5,6,3610,0,0,0,NA,0,POLICE,N BOBBETT DR,W BASELINE ST,0,NA,Y,A,-,N,NA,NA,NA,NA,NA,NA,NA,NA,NA,Y,4,0,1,2,A,-,08,22107,NA,N,C,C,A,A,H,-,C,D,0,NA,NA,NA,NA,Y,NA,A,01,0,0,1,0,0,0,0,0,0,-,-,34.121340000000004,-117.2694,SAN BERNARDINO,SAN BERNARDINO,-117.26818014,34.12133001
8335937,2017,2018-02-17,3600,2017-02-22,0928,R1353,CH005,3,5,5,3630,0,0,0,NA,0,NA,CHINO HILLS PKWY,PEYTON DR,0,NA,Y,A,-,Y,SBD,8,142,-,-,4.4,I,5,W,Y,4,0,1,4,A,-,12,21453,A,N,D,C,A,A,H,-,A,A,0,NA,NA,NA,NA,Y,NA,A,01,0,0,1,0,0,0,0,0,0,-,-,NA,NA,SAN BERNARDINO,CHINO HILLS,-117.73261066,33.98256141
8370047,2017,2017-05-19,3609,2017-04-23,0314,2821,RIALT,7,5,5,3609,0,0,0,NA,0,001,W MIRO WY,MAPLE AV,175,W,N,A,-,N,NA,NA,NA,NA,NA,NA,NA,NA,NA,Y,4,0,1,2,A,-,01,23152,A,N,A,I,A,A,H,-,C,D,0,NA,NA,NA,Y,Y,Y,A,01,0,0,1,0,0,0,0,0,0,-,-,34.12491,-117.40679,SAN BERNARDINO,RIALTO,-117.40596651,34.12500394
8370137,2017,2017-05-31,3600,2017-04-21,1127,D6180,HE131,5,5,5,3619,0,0,0,NA,0,HE1,MAIN ST,5TH AV,0,NA,Y,A,-,N,NA,NA,NA,NA,NA,NA,NA,NA,NA,Y,3,0,3,3,A,-,03,22350,NA,N,D,C,A,A,H,-,A,A,0,NA,NA,NA,NA,Y,NA,A,01,0,1,2,0,0,0,0,0,0,-,-,NA,NA,SAN BERNARDINO,HESPERIA,-117.31095005,34.42293002
8338398,2017,2018-04-24,3600,2017-03-05,1439,F3797,BL101,7,5,2,3680,0,0,0,NA,0,BL1,BIG BEAR BL,METCALF LN,43,W,N,D,-,Y,SBD,8,18,-,-,47.38,H,-,S,Y,4,0,4,2,A,-,03,22350,NA,N,A,C,A,C,H,-,A,D,0,NA,NA,NA,NA,Y,NA,A,01,0,0,4,0,0,0,0,0,0,-,-,NA,NA,SAN BERNARDINO,BIG BEAR LAKE,-116.93395198,34.24005795
8345125,2017,2017-04-24,3600,2017-03-16,0950,S3120,HI022,4,5,4,3618,0,0,0,NA,0,HI3,BOULDER AV,SAN MANUEL VILLAGE DR,0,NA,Y,A,-,N,NA,NA,NA,NA,NA,NA,NA,NA,NA,N,4,0,1,2,A,-,12,21453,A,N,B,C,A,A,H,-,A,A,0,NA,NA,NA,NA,Y,NA,A,01,0,0,1,0,0,0,0,0,0,-,-,NA,NA,SAN BERNARDINO,HIGHLAND,-117.1956015,34.134309
8332733,2017,2017-03-30,3600,2017-03-22,0949,E4794,HE322,3,5,5,3619,0,0,0,NA,0,HE3,RANCHERO RD,11TH AV,0,NA,Y,A,-,N,NA,NA,NA,NA,NA,NA,NA,NA,NA,Y,4,0,1,2,A,-,03,22350,NA,N,C,C,A,A,H,-,A,A,0,NA,NA,NA,NA,Y,NA,A,01,0,0,1,0,0,0,0,0,0,-,-,NA,NA,SAN BERNARDINO,HESPERIA,-117.32862001,34.38330011
8348159,2017,2018-06-20,3600,2017-03-28,0741,F3069,AD315,2,5,5,3612,0,0,0,NA,0,VC5,PALMDALE RD,BELLFLOWER ST,0,NA,Y,A,-,Y,SBD,8,18,-,-,101.963,I,5,S,Y,3,0,2,2,A,-,03,22350,NA,N,C,C,A,A,H,-,A,A,0,NA,NA,NA,NA,Y,NA,A,01,0,2,0,0,0,0,0,0,0,-,-,NA,NA,SAN BERNARDINO,VICTORVILLE,-117.41721929,34.50671414
8344827,2017,2017-04-20,3611,2017-02-23,1803,2488,3611,4,5,5,3611,0,0,0,NA,0,003,CAMPO AV,16TH ST,0,NA,Y,A,-,N,NA,NA,NA,NA,NA,NA,NA,NA,NA,Y,3,0,2,2,D,-,00,NA,NA,N,D,C,A,A,H,-,A,A,0,NA,NA,NA,NA,Y,NA,-,-,0,2,0,0,0,0,0,0,0,-,-,NA,NA,SAN BERNARDINO,UPLAND,-117.64159262,34.12155444
83490977,2024,2024-08-05,3609,2024-07-23,117,02311,NA,2,5,5,3609,0,0,0,NA,0,002,PEPPER AVE,ETIWANDA AVE,0,NA,Y,A,-,N,NA,NA,NA,NA,NA,NA,NA,NA,NA,Y,4,0,3,2,A,-,01,23152,A,N,D,C,A,A,H,-,C,A,0,NA,NA,NA,NA,Y,Y,A,07,0,0,3,0,0,0,0,0,0,-,-,34.11431121826172,-117.35281372070313,SAN BERNARDINO,RIALTO,-117.3529052734375,34.11406707763672
8376089,2017,2017-06-05,3608,2017-04-07,1107,4709,3608,5,5,5,3608,0,0,0,NA,0,NA,ORANGE ST,PENNSYLVANIA AV,570,N,N,A,-,N,NA,NA,NA,NA,NA,NA,NA,NA,NA,Y,3,0,2,1,A,-,08,22107,NA,N,E,I,A,A,H,-,A,A,0,NA,NA,NA,NA,Y,NA,A,01,0,2,0,0,0,0,0,0,0,-,-,NA,NA,SAN BERNARDINO,REDLANDS,-117.18243188,34.07519132
8376124,2017,2018-04-10,3600,2017-04-14,2322,F8619,RC008,5,5,6,3616,0,0,0,NA,0,006,BASE LINE RD,EAST AV,0,NA,Y,A,-,Y,SBD,8,15,-,-,6.966,R,4,S,Y,3,0,1,2,A,-,01,23152,A,N,D,C,A,A,H,-,C,A,0,NA,NA,NA,NA,Y,Y,A,01,0,1,0,0,0,0,0,0,0,-,-,NA,NA,SAN BERNARDINO,RANCHO CUCAMONGA,-117.51108531,34.12408132
8377075,2017,2017-06-07,3609,2017-05-27,2257,9632,183,6,5,5,3609,0,0,0,NA,0,004,S RIVERSIDE AV,W SAN BERNARDINO AV,58,N,N,A,-,N,NA,NA,NA,NA,NA,NA,NA,NA,NA,N,4,0,2,3,A,-,03,22350,NA,F,C,C,A,A,H,-,C,A,0,NA,NA,NA,NA,Y,NA,A,01,0,0,2,0,0,0,0,0,0,-,-,34.078,-117.37039,SAN BERNARDINO,RIALTO,-117.3703,34.07788891
8377698,2017,2017-06-13,3607,2017-03-05,1428,80491,92,7,5,6,3607,0,0,0,NA,0,021,I ST,CAMPUS AV,0,NA,Y,C,-,N,NA,NA,NA,NA,NA,NA,NA,NA,NA,Y,4,0,1,2,D,-,00,NA,NA,N,D,C,A,B,H,-,A,A,0,NA,NA,NA,NA,Y,NA,-,-,0,0,1,0,0,0,0,0,0,-,-,NA,NA,SAN BERNARDINO,ONTARIO,-117.64137011,34.07430001
8378447,2017,2017-06-09,3610,2017-04-02,2500,51040,NA,7,5,6,3610,0,0,0,NA,0,POLICE,W 5TH ST,D ST,45,E,N,A,-,N,NA,NA,NA,NA,NA,NA,NA,NA,NA,Y,4,0,1,2,A,-,09,21801,A,N,D,C,A,A,H,-,B,D,0,NA,NA,NA,NA,Y,NA,A,01,0,0,1,0,0,0,0,0,0,-,-,34.10832,-117.28964,SAN BERNARDINO,SAN BERNARDINO,-117.29174182,34.10830749
8378802,2017,2018-04-18,3600,2017-04-27,1631,D8554,AP002,4,5,5,3621,0,0,0,NA,0,AP1,RT 18,APPLE VALLEY RD,600,E,N,A,-,Y,SBD,8,18,-,-,90.83,H,-,S,Y,4,0,1,2,A,-,03,22350,NA,N,C,C,A,A,H,-,A,D,0,NA,NA,NA,NA,Y,NA,A,01,0,0,1,0,0,0,0,0,0,-,-,NA,NA,SAN BERNARDINO,APPLE VALLEY,-117.21569517,34.52287016
8379680,2017,2017-07-11,3600,2017-05-23,0526,F6927,VC035,2,5,5,3612,0,0,0,NA,0,VC1,HESPERIA RD,FORREST AV,0,NA,Y,A,-,N,NA,NA,NA,NA,NA,NA,NA,NA,NA,Y,4,0,2,1,A,-,08,22107,NA,N,F,I,A,A,H,-,B,A,0,NA,NA,NA,NA,Y,NA,J,48,0,0,2,0,0,0,0,0,0,-,-,NA,NA,SAN BERNARDINO,VICTORVILLE,-117.29486005,34.53163003
8380096,2017,2017-05-31,3600,2017-05-06,1415,D3311,RC040,6,5,6,3616,0,0,0,NA,0,RC1,ARCHIBALD AV,LOMITA CT,225,S,N,A,-,N,NA,NA,NA,NA,NA,NA,NA,NA,NA,Y,3,0,1,2,A,-,09,21801,A,N,D,C,A,A,H,-,A,A,0,NA,NA,Y,NA,Y,NA,A,01,0,1,0,0,0,0,0,0,1,-,-,NA,NA,SAN BERNARDINO,RANCHO CUCAMONGA,-117.59354167,34.12372358
8380640,2017,2017-06-02,3600,2017-05-11,1811,D6180,HE319,4,5,5,3619,0,0,0,NA,0,HE3,7TH AV,JOSHUA ST,0,NA,Y,A,G,N,NA,NA,NA,NA,NA,NA,NA,NA,NA,Y,3,0,1,2,A,-,09,21802,A,N,D,-,A,A,H,-,A,A,0,NA,NA,Y,NA,Y,Y,A,01,0,1,0,0,0,0,0,0,1,-,-,NA,NA,SAN BERNARDINO,HESPERIA,-117.31977009,34.40287004
8382752,2017,2017-06-08,3607,2017-03-15,2247,80546,67,3,5,6,3607,0,0,0,NA,0,031,E 4TH ST,BAKER AV,100,W,N,A,-,N,NA,NA,NA,NA,NA,NA,NA,NA,NA,N,4,0,1,2,A,-,09,21804,A,F,D,G,A,A,H,-,C,A,0,NA,Y,NA,NA,Y,Y,-,NA,0,0,1,0,0,0,1,0,0,-,-,NA,NA,SAN BERNARDINO,ONTARIO,-117.62015936,34.07763
8383287,2017,2017-06-23,3600,2017-05-06,1004,F7766,HE208,6,5,5,3619,0,0,0,NA,0,HE2,HERCULES ST,PEACH AV,0,NA,Y,B,-,N,NA,NA,NA,NA,NA,NA,NA,NA,NA,Y,3,0,1,2,A,-,09,21802,A,N,D,C,A,A,H,-,A,A,0,NA,NA,NA,NA,Y,NA,A,01,0,1,0,0,0,0,0,0,0,-,-,NA,NA,SAN BERNARDINO,HESPERIA,-117.26171011,34.43505007
8383805,2017,2017-06-12,3600,2017-05-14,1055,S3887,VC025,7,5,5,3612,0,0,0,NA,0,003,NISQUALLI RD,11TH AV,154,E,N,A,-,N,NA,NA,NA,NA,NA,NA,NA,NA,NA,Y,4,0,1,3,A,-,03,22350,NA,N,B,C,A,A,C,-,A,A,0,NA,NA,NA,NA,Y,NA,A,07,0,0,1,0,0,0,0,0,0,-,-,NA,NA,SAN BERNARDINO,VICTORVILLE,-117.3251205,34.48521
8385137,2017,2017-07-18,3611,2017-05-01,2157,2769,3611,1,5,5,3611,0,0,0,NA,0,004,CAMPUS AVE,ARROW HWY,8,N,N,A,-,N,NA,NA,NA,NA,NA,NA,NA,NA,NA,Y,4,0,3,2,A,-,12,21453,A,N,D,C,A,A,H,-,C,A,0,NA,NA,NA,NA,Y,NA,A,01,0,0,3,0,0,0,0,0,0,-,-,NA,NA,SAN BERNARDINO,UPLAND,-117.64148012,34.09979192
8385165,2017,2017-07-13,3610,2017-05-26,1843,50866,NA,5,5,6,3610,0,0,0,NA,0,DAVID,WEST 9TH ST,NORTH D ST,0,NA,Y,A,-,N,NA,NA,NA,NA,NA,NA,NA,NA,NA,Y,3,0,2,2,A,-,09,21802,A,N,D,C,A,A,H,-,B,A,0,NA,NA,NA,NA,Y,Y,A,01,0,1,1,0,0,0,0,0,0,-,-,34.11579,-117.29189,SAN BERNARDINO,SAN BERNARDINO,-117.29189007,34.11576009
8385675,2017,2017-07-07,3604,2017-05-12,1225,1147,NA,5,5,6,3604,0,0,0,NA,0,NA,BEECH,FALCON RIDGE,0,NA,Y,A,-,N,NA,NA,NA,NA,NA,NA,NA,NA,NA,N,4,0,1,2,A,-,12,21453,A,N,D,C,A,A,H,-,A,A,0,NA,NA,NA,NA,Y,NA,A,01,0,0,1,0,0,0,0,0,0,-,-,NA,NA,SAN BERNARDINO,FONTANA,-117.47446007,34.15021006
8387320,2017,2018-02-12,3609,2017-06-15,2029,0456,129,4,5,5,3609,0,0,0,NA,0,002,FOOTHILL BL,ACACIA AV,0,NA,Y,A,-,N,NA,NA,NA,NA,NA,NA,NA,NA,NA,Y,4,0,4,2,A,-,01,23152,NA,N,C,C,A,A,H,-,C,A,0,NA,NA,NA,NA,Y,Y,A,01,0,0,4,0,0,0,0,0,0,-,-,34.1069,-117.3611,SAN BERNARDINO,RIALTO,-117.36164003,34.10676003
8388001,2017,2017-06-24,3610,2017-05-05,1107,50925,4031,5,5,6,3610,0,0,0,NA,0,DAVID,NORTH STERLING AV,EAST 5TH ST,0,NA,Y,A,-,N,NA,NA,NA,NA,NA,NA,NA,NA,NA,Y,3,0,3,2,A,-,12,21453,A,N,D,C,A,A,H,-,A,A,0,NA,NA,NA,NA,Y,NA,-,-,0,3,0,0,0,0,0,0,0,-,-,34.10831,-117.24368,SAN BERNARDINO,SAN BERNARDINO,-117.24369009,34.10831003
8388094,2017,2017-06-14,3610,2017-05-04,0345,50965,NA,4,5,6,3610,0,0,0,NA,0,DAVID,EAST ORANGE SHOW RD,VALLEY VIEW AV,1400,E,N,A,-,N,NA,NA,NA,NA,NA,NA,NA,NA,NA,Y,3,0,1,1,A,-,08,22107,NA,N,E,I,A,A,H,-,C,D,0,NA,NA,NA,NA,Y,NA,A,01,0,1,0,0,0,0,0,0,0,-,-,34.07755,-117.25973,SAN BERNARDINO,SAN BERNARDINO,-117.26709098,34.07972982