CASE_ID,ACCIDENT_YEAR,PROC_DATE,JURIS,COLLISION_DATE,COLLISION_TIME,OFFICER_ID,REPORTING_DISTRICT,DAY_OF_WEEK,CHP_SHIFT,POPULATION,CNTY_CITY_LOC,SPECIAL_COND,BEAT_TYPE,CHP_BEAT_TYPE,CITY_DIVISION_LAPD,CHP_BEAT_CLASS,BEAT_NUMBER,PRIMARY_RD,SECONDARY_RD,DISTANCE,DIRECTION,INTERSECTION,WEATHER_1,WEATHER_2,STATE_HWY_IND,CALTRANS_COUNTY,CALTRANS_DISTRICT,STATE_ROUTE,ROUTE_SUFFIX,POSTMILE_PREFIX,POSTMILE,LOCATION_TYPE,RAMP_INTERSECTION,SIDE_OF_HWY,TOW_AWAY,COLLISION_SEVERITY,NUMBER_KILLED,NUMBER_INJURED,PARTY_COUNT,PRIMARY_COLL_FACTOR,PCF_CODE_OF_VIOL,PCF_VIOL_CATEGORY,PCF_VIOLATION,PCF_VIOL_SUBSECTION,HIT_AND_RUN,TYPE_OF_COLLISION,MVIW,PED_ACTION,ROAD_SURFACE,ROAD_COND_1,ROAD_COND_2,LIGHTING,CONTROL_DEVICE,CHP_ROAD_TYPE,PEDESTRIAN_ACCIDENT,BICYCLE_ACCIDENT,MOTORCYCLE_ACCIDENT,TRUCK_ACCIDENT,NOT_PRIVATE_PROPERTY,ALCOHOL_INVOLVED,STWD_VEHTYPE_AT_FAULT,CHP_VEHTYPE_AT_FAULT,COUNT_SEVERE_INJ,COUNT_VISIBLE_INJ,COUNT_COMPLAINT_PAIN,COUNT_PED_KILLED,COUNT_PED_INJURED,COUNT_BICYCLIST_KILLED,COUNT_BICYCLIST_INJURED,COUNT_MC_KILLED,COUNT_MC_INJURED,PRIMARY_RAMP,SECONDARY_RAMP,LATITUDE,LONGITUDE,COUNTY,CITY,POINT_X,POINT_Y
84706624,2025,2025-06-02,3607,2025-05-24,421,20628,NA,6,5,6,3607,0,0,0,NA,0,011,I ST,ELDERBERRY AV,50,E,N,A,-,N,NA,NA,NA,NA,NA,NA,NA,NA,NA,Y,3,0,1,6,A,-,01,23153,B,F,B,E,A,A,H,-,C,D,0,NA,NA,NA,NA,Y,Y,A,01,0,1,0,0,0,0,0,0,0,-,-,NA,NA,SAN BERNARDINO,ONTARIO,-117.67467498779295,34.074180603027344
84708788,2025,2025-06-02,3602,2025-05-21,1150,4084,NA,3,5,5,3602,0,0,0,NA,0,001,LILAC ST,CHINO AVE,0,NA,Y,A,-,N,NA,NA,NA,NA,NA,NA,NA,NA,NA,Y,4,0,3,2,A,-,09,21802,A,N,D,C,A,A,H,-,A,A,0,NA,NA,NA,NA,Y,NA,A,01,0,0,3,0,0,0,0,0,0,-,-,34.011661529541016,-117.70931243896484,SAN BERNARDINO,CHINO,-117.709228515625,34.01168441772461
84712068,2025,2025-06-04,3604,2025-05-24,1415,1367,NA,6,5,6,3604,0,0,0,NA,0,NA,CITRUS AVE,SAN BERNARDINO AVE,0,N,-,A,-,N,NA,NA,NA,NA,NA,NA,NA,NA,NA,N,4,0,1,2,A,-,08,22107,NA,N,D,C,A,A,H,-,A,A,0,NA,NA,Y,NA,Y,NA,A,01,0,0,1,0,0,0,0,0,1,-,-,NA,NA,SAN BERNARDINO,FONTANA,-117.45375061035156,34.0775260925293
84716961,2025,2025-06-09,3609,2025-05-23,757,02458,NA,5,5,5,3609,0,0,0,NA,0,004,MERRILL AVE,RIVERSIDE AVE,300,W,N,A,-,N,NA,NA,NA,NA,NA,NA,NA,NA,NA,N,3,0,1,2,A,-,08,22107,NA,N,D,C,A,A,H,-,A,D,0,NA,NA,NA,NA,Y,NA,A,01,0,1,0,0,0,0,0,0,0,-,-,34.09223937988281,-117.37033081054688,SAN BERNARDINO,RIALTO,-117.371337890625,34.092288970947266
84716964,2025,2025-06-09,3609,2025-05-25,1620,01932,NA,7,5,5,3609,0,0,0,NA,0,001,WILLOW AVE,GROVE ST,0,NA,Y,A,-,N,NA,NA,NA,NA,NA,NA,NA,NA,NA,N,2,0,1,2,A,-,01,23153,A,N,D,C,A,A,H,-,A,D,0,NA,NA,NA,NA,Y,Y,A,01,1,0,0,0,0,0,0,0,0,-,-,34.10905075073242,-117.3747787475586,SAN BERNARDINO,RIALTO,-117.37474822998048,34.10893630981445
84719256,2025,2025-06-10,3607,2025-05-30,633,20998,NA,5,5,6,3607,0,0,0,NA,0,012,F ST,LAUREL AV,0,NA,Y,A,-,N,NA,NA,NA,NA,NA,NA,NA,NA,NA,Y,3,0,1,1,A,-,08,22107,NA,N,E,I,A,A,H,-,B,A,0,NA,NA,NA,NA,Y,NA,A,01,0,1,0,0,0,0,0,0,0,-,-,NA,NA,SAN BERNARDINO,ONTARIO,-117.65242004394533,34.069419860839844
84720869,2025,2025-06-11,3602,2025-05-31,727,4190,NA,6,5,5,3602,0,0,0,NA,0,NA,RAMONA AVE,ROOSEVELT ST,155,N,N,A,-,N,NA,NA,NA,NA,NA,NA,NA,NA,NA,Y,4,0,1,1,A,-,03,22350,NA,N,E,I,A,A,H,-,A,D,0,NA,NA,NA,NA,Y,NA,A,07,0,0,1,0,0,0,0,0,0,-,-,34.027671813964844,-117.7068328857422,SAN BERNARDINO,CHINO,-117.7068099975586,34.0245361328125
84731301,2025,2025-06-19,3611,2025-05-13,819,3622,NA,2,5,5,3611,0,0,0,NA,0,001,MOUNTAIN AVE,19TH ST,0,NA,Y,B,-,N,NA,NA,NA,NA,NA,NA,NA,NA,NA,Y,3,0,1,2,A,-,12,21453,A,N,D,C,A,A,H,-,A,A,0,NA,NA,NA,NA,Y,NA,D,72,0,1,0,0,0,0,0,0,0,-,-,34.13235855102539,-117.67022705078124,SAN BERNARDINO,UPLAND,-117.67041778564452,34.13237380981445
8473201,2017,2017-12-05,3600,2017-10-11,1458,A4209,AP012,3,5,5,3621,0,0,0,NA,0,AP2,NAVAJO RD,THUNDERBIRD RD,5,E,N,A,-,N,NA,NA,NA,NA,NA,NA,NA,NA,NA,Y,4,0,2,2,A,-,12,22450,NA,N,D,C,A,A,H,-,A,A,0,NA,NA,NA,NA,Y,NA,A,08,0,0,2,0,0,0,0,0,0,-,-,NA,NA,SAN BERNARDINO,APPLE VALLEY,-117.19049,34.52959
8473324,2017,2017-12-06,3600,2017-10-17,2042,D4301,HE323,2,5,5,3619,0,0,0,NA,0,HE5,RANCHERO RD,HAWTHORNE AV,18,E,N,A,-,N,NA,NA,NA,NA,NA,NA,NA,NA,NA,Y,4,0,4,3,A,-,03,22350,NA,N,C,C,A,A,H,-,C,D,0,NA,NA,NA,NA,Y,NA,D,22,0,0,4,0,0,0,0,0,0,-,-,NA,NA,SAN BERNARDINO,HESPERIA,-117.33512053,34.38325079
8473334,2017,2017-11-02,3600,2017-10-01,0215,G9238,HE418,7,5,5,3619,0,0,0,NA,0,HE2,RANCHERO RD,ARCADIA,133,W,-,A,-,N,NA,NA,NA,NA,NA,NA,NA,NA,NA,Y,4,0,1,1,A,-,03,22350,NA,N,F,I,A,A,H,-,C,D,0,NA,NA,NA,NA,Y,Y,A,01,0,0,1,0,0,0,0,0,0,-,-,NA,NA,SAN BERNARDINO,HESPERIA,-117.25626049,34.38878952
8473350,2017,2017-11-02,3600,2017-10-22,1430,D3560,HE108,7,5,5,3619,0,0,0,NA,0,HE1,EUCALYPTUS ST,7TH AV,21,E,N,A,-,N,NA,NA,NA,NA,NA,NA,NA,NA,NA,Y,4,0,2,2,A,-,01,23153,B,N,C,C,A,A,H,-,A,A,0,NA,NA,NA,NA,Y,Y,A,01,0,0,2,0,0,0,0,0,0,-,-,NA,NA,SAN BERNARDINO,HESPERIA,-117.31216055,34.4562
8474256,2017,2017-11-04,3609,2017-09-26,0841,8510,193,2,5,5,3609,0,0,0,NA,0,004,VALLEY BL,RIVERSIDE AV,315,E,N,A,-,N,NA,NA,NA,NA,NA,NA,NA,NA,NA,N,3,0,1,2,A,-,08,22107,NA,N,-,C,A,A,H,-,A,D,0,NA,NA,Y,NA,Y,NA,A,01,0,1,0,0,0,0,0,0,1,-,-,34.07056,-117.36909,SAN BERNARDINO,RIALTO,-117.37021,34.07051
8474294,2017,2018-05-08,3609,2017-09-16,1300,9826,NA,6,5,5,3609,0,0,0,NA,0,003,RIALTO AV,LILAC AV,0,NA,Y,A,-,N,NA,NA,NA,NA,NA,NA,NA,NA,NA,N,4,0,1,2,A,-,12,22450,NA,N,D,C,A,A,H,-,A,D,0,NA,NA,NA,NA,Y,NA,A,01,0,0,1,0,0,0,0,0,0,-,-,34.09962,-117.37917,SAN BERNARDINO,RIALTO,-117.37908011,34.09952006
84743450,2025,2025-06-30,3602,2025-06-11,1154,2798,NA,3,5,5,3602,0,0,0,NA,0,001,YORBA AVE,DOHENY CT,0,NA,Y,A,-,N,NA,NA,NA,NA,NA,NA,NA,NA,NA,Y,4,0,2,2,A,-,09,21801,A,N,A,C,A,A,H,-,A,D,0,NA,NA,NA,NA,Y,NA,A,07,0,0,2,0,0,0,0,0,0,-,-,34.01935958862305,-117.70237731933594,SAN BERNARDINO,CHINO,-117.70235443115234,34.015769958496094
84750507,2025,2025-07-07,3604,2025-07-02,834,1339,NA,3,5,6,3604,0,0,0,NA,0,NA,VALLEY BLVD,HEMLOCK AVE,50,W,-,A,-,N,NA,NA,NA,NA,NA,NA,NA,NA,NA,Y,4,0,1,2,A,-,08,22107,NA,N,D,C,A,A,H,-,A,A,0,NA,NA,NA,NA,Y,NA,A,07,0,0,1,0,0,0,0,0,0,-,-,NA,NA,SAN BERNARDINO,FONTANA,-117.47576141357422,34.070220947265625
84755963,2025,2025-07-10,3611,2025-05-28,2138,3626,NA,3,5,5,3611,0,0,0,NA,0,002,8TH ST,EUCLID AVE,160,W,N,A,-,N,NA,NA,NA,NA,NA,NA,NA,NA,NA,Y,3,0,1,3,A,-,03,22350,NA,N,C,C,A,A,H,-,C,A,0,NA,NA,NA,NA,Y,NA,A,01,0,1,0,0,0,0,0,0,0,-,-,34.09265899658203,-117.65087890625,SAN BERNARDINO,UPLAND,-117.65097045898438,34.09246063232422
8476692,2017,2017-10-31,3610,2017-10-01,1621,50866,NA,7,5,6,3610,0,0,0,NA,0,DAVID,SIERRA WY,9TH ST,20,S,N,A,-,N,NA,NA,NA,NA,NA,NA,NA,NA,NA,N,4,0,3,2,A,-,01,23152,A,N,C,C,A,A,H,-,A,A,0,NA,NA,NA,NA,Y,Y,D,22,0,0,3,0,0,0,0,0,0,-,-,34.11578,-117.28516,SAN BERNARDINO,SAN BERNARDINO,-117.28514053,34.11572521
8476828,2017,2017-10-27,3600,2017-09-01,2243,G7666,AP008,5,5,5,3621,0,0,0,NA,0,AP3,YUCCA LOMA RD,KIOWA RD,0,NA,Y,A,-,N,NA,NA,NA,NA,NA,NA,NA,NA,NA,Y,4,0,1,2,A,-,01,23152,A,N,D,C,A,A,H,-,C,A,0,NA,NA,NA,NA,Y,Y,A,01,0,0,1,0,0,0,0,0,0,-,-,NA,NA,SAN BERNARDINO,APPLE VALLEY,-117.20692007,34.500500099999996
84778626,2025,2025-07-28,3602,2025-07-12,1110,4537,NA,6,5,5,3602,0,0,0,NA,0,003,CENTRAL AVENUE (14800 BLOCK),CHINO HILLS PARKWAY,30,S,N,A,-,N,NA,NA,NA,NA,NA,NA,NA,NA,NA,N,4,0,1,2,A,-,03,22350,NA,N,C,C,A,A,H,-,A,A,0,NA,NA,NA,NA,Y,NA,A,01,0,0,1,0,0,0,0,0,0,-,-,33.982601165771484,-117.68894958496094,SAN BERNARDINO,CHINO,-117.68898010253906,33.982688903808594
84785324,2025,2025-08-01,3611,2025-06-09,1925,3466,NA,1,5,5,3611,0,0,0,NA,0,002,MOUNTAIN AVE,8TH ST,490,S,N,A,-,N,NA,NA,NA,NA,NA,NA,NA,NA,NA,Y,3,0,2,2,A,-,09,21453,C,M,E,I,A,A,H,-,A,A,0,NA,NA,NA,NA,Y,NA,-,99,0,1,1,0,0,0,0,0,0,-,-,34.09246063232422,-117.67018127441406,SAN BERNARDINO,UPLAND,-117.6701431274414,34.091068267822266
8478900,2017,2017-11-03,3600,2017-09-30,2304,C9256,HE306,6,5,5,3619,0,0,0,NA,0,NA,TOPAZ AV,MAIN ST,45,S,N,A,-,N,NA,NA,NA,NA,NA,NA,NA,NA,NA,N,4,0,1,2,A,-,03,22350,NA,N,C,C,A,A,H,-,C,A,0,NA,NA,NA,NA,Y,NA,A,07,0,0,1,0,0,0,0,0,0,-,-,NA,NA,SAN BERNARDINO,HESPERIA,-117.35538796,34.42660673
8478961,2017,2017-11-06,3605,2017-10-03,0801,318,NA,2,5,4,3605,0,0,0,NA,0,NA,HELENA AV,BERKELEY ST,0,NA,Y,B,-,N,NA,NA,NA,NA,NA,NA,NA,NA,NA,Y,4,0,1,2,A,-,09,21803,A,N,D,C,A,A,H,-,A,B,0,NA,NA,NA,NA,Y,NA,A,01,0,0,1,0,0,0,0,0,0,-,-,NA,NA,SAN BERNARDINO,MONTCLAIR,-117.70264004,34.07492002
8479021,2017,2017-11-03,3600,2017-10-01,0426,P0002,RC043,7,5,6,3616,0,0,0,NA,0,001,HILLSIDE RD,BUCKTHORN AV,166,W,N,A,-,N,NA,NA,NA,NA,NA,NA,NA,NA,NA,Y,3,0,1,1,A,-,03,22350,NA,N,E,I,A,A,H,-,C,D,0,NA,NA,NA,NA,Y,NA,-,NA,0,1,0,0,0,0,0,0,0,-,-,NA,NA,SAN BERNARDINO,RANCHO CUCAMONGA,-117.60983722,34.15488
84792584,2025,2025-08-07,3611,2025-06-27,853,3362,NA,5,5,5,3611,0,0,0,NA,0,001,13TH ST,REDDING WAY,134,E,N,A,-,N,NA,NA,NA,NA,NA,NA,NA,NA,NA,Y,4,0,1,2,A,-,08,22107,NA,N,C,E,A,A,H,-,A,D,0,NA,NA,NA,NA,Y,NA,A,01,0,0,1,0,0,0,0,0,0,-,-,34.110660552978516,-117.65617370605467,SAN BERNARDINO,UPLAND,-117.65576171875,34.11063003540039
8479695,2017,2017-11-01,3602,2017-10-24,0924,1127,NA,2,5,5,3602,0,0,0,NA,0,005,HELLMAN AV,CHINO CORONA RD,295,N,N,A,-,N,NA,NA,NA,NA,NA,NA,NA,NA,NA,N,4,0,1,2,A,-,03,22350,NA,N,C,A,A,A,H,-,A,A,0,NA,NA,NA,NA,Y,NA,A,01,0,0,1,0,0,0,0,0,0,-,-,NA,NA,SAN BERNARDINO,CHINO,-117.61102198,33.94676836
8479867,2017,2017-11-21,3602,2017-08-16,0830,1127,NA,3,5,5,3602,0,0,0,NA,0,NA,PARK PL,BENSON AV,360,W,N,B,-,N,NA,NA,NA,NA,NA,NA,NA,NA,NA,Y,4,0,3,2,A,-,09,21804,A,N,B,C,A,A,H,-,A,D,0,NA,NA,Y,NA,Y,NA,C,02,0,0,3,0,0,0,0,0,2,-,-,NA,NA,SAN BERNARDINO,CHINO,-117.68181495,34.02112507
84800116,2025,2025-08-13,3604,2025-08-09,1244,1367,NA,6,5,6,3604,0,0,0,NA,0,NA,SIERRA AVE,IS10 FWY,155,N,-,A,-,N,NA,NA,NA,NA,NA,NA,NA,NA,NA,Y,4,0,1,2,A,-,03,22350,NA,N,C,C,A,A,H,-,A,A,0,NA,NA,NA,NA,Y,NA,A,01,0,0,1,0,0,0,0,0,0,-,-,NA,NA,SAN BERNARDINO,FONTANA,-117.43575286865234,34.067684173583984
84805715,2025,2025-08-18,3611,2025-06-26,1453,3024,NA,4,5,5,3611,0,0,0,NA,0,004,FOOTHILL BLVD,ALTA AVE,16,W,N,A,-,N,NA,NA,NA,NA,NA,NA,NA,NA,NA,N,4,0,1,2,A,-,03,22350,NA,N,C,C,A,A,H,-,A,A,0,NA,NA,NA,NA,Y,NA,A,01,0,0,1,0,0,0,0,0,0,-,-,34.10710144042969,-117.63223266601563,SAN BERNARDINO,UPLAND,-117.63229370117188,34.107242584228516
8480940,2017,2017-11-09,3604,2017-10-20,0925,473,NA,5,5,6,3604,0,0,0,NA,0,NA,MILLER AV,MANGO AV,0,NA,Y,B,-,N,NA,NA,NA,NA,NA,NA,NA,NA,NA,Y,4,0,1,2,A,-,12,22450,A,N,D,C,A,A,H,-,A,A,0,NA,NA,NA,NA,Y,NA,D,22,0,0,1,0,0,0,0,0,0,-,-,34.11387,-117.43149,SAN BERNARDINO,FONTANA,-117.43148008,34.11393009
8481220,2017,2017-11-17,3604,2017-10-06,1429,1195,NA,5,5,6,3604,0,0,0,NA,0,NA,S HIGHLAND AV,JUNIPER AV,0,NA,Y,A,-,N,NA,NA,NA,NA,NA,NA,NA,NA,NA,N,4,0,1,2,A,-,09,21802,A,N,D,C,A,A,H,-,A,A,0,NA,NA,NA,NA,Y,NA,A,07,0,0,1,0,0,0,0,0,0,-,-,NA,NA,SAN BERNARDINO,FONTANA,-117.44023011,34.13351002
84815176,2025,2025-08-25,3602,2025-08-06,1549,2798,NA,3,5,5,3602,0,0,0,NA,0,002,CHINO AVE,ROSEMARY DR,0,NA,Y,A,-,N,NA,NA,NA,NA,NA,NA,NA,NA,NA,Y,3,0,2,2,A,-,09,21802,A,N,D,C,A,A,H,-,A,A,0,NA,NA,NA,NA,Y,NA,A,01,0,2,0,0,0,0,0,0,0,-,-,34.012001037597656,-117.6610870361328,SAN BERNARDINO,CHINO,-117.66105651855467,34.01198959350586
84817242,2025,2025-08-26,3604,2025-08-16,1102,1367,NA,6,5,6,3604,0,0,0,NA,0,NA,ARROW BLVD,MAPLE AVE,0,N,-,A,-,N,NA,NA,NA,NA,NA,NA,NA,NA,NA,Y,4,0,1,2,A,-,09,21802,A,N,D,C,A,A,H,-,A,A,0,NA,NA,NA,NA,Y,NA,A,07,0,0,1,0,0,0,0,0,0,-,-,NA,NA,SAN BERNARDINO,FONTANA,-117.40525817871094,34.0994873046875
8481916,2017,2017-11-06,3602,2017-08-14,1220,3343,49,1,5,5,3602,0,0,0,NA,0,002,CENTRAL AV,WASHINGTON AV,184,N,N,A,-,N,NA,NA,NA,NA,NA,NA,NA,NA,NA,N,4,0,1,2,A,-,09,21804,B,N,D,G,A,A,H,-,A,D,0,NA,Y,NA,NA,Y,NA,L,04,0,0,1,0,0,0,1,0,0,-,-,NA,NA,SAN BERNARDINO,CHINO,-117.68943,34.02256431
84824408,2025,2025-09-01,3611,2025-07-17,1105,3280,NA,4,5,5,3611,0,0,0,NA,0,001,EUCLID AVE,16TH ST,12,S,N,A,-,N,NA,NA,NA,NA,NA,NA,NA,NA,NA,N,4,0,1,2,A,-,10,21950,A,F,G,B,B,A,H,-,A,A,0,Y,NA,NA,NA,Y,NA,-,99,0,0,1,0,1,0,0,0,0,-,-,34.12158966064453,-117.65122985839844,SAN BERNARDINO,UPLAND,-117.65139770507813,34.121517181396484
84830985,2025,2025-09-05,3602,2025-08-23,104,4483,NA,6,5,5,3602,0,0,0,NA,0,NA,PHILADELPHIA ST,CENTRAL AVENUE,45,E,N,A,-,N,NA,NA,NA,NA,NA,NA,NA,NA,NA,N,3,0,2,2,A,-,03,22350,NA,N,C,C,A,A,H,-,C,A,0,NA,NA,NA,NA,Y,NA,A,07,0,2,0,0,0,0,0,0,0,-,-,34.03369140625,-117.68917846679688,SAN BERNARDINO,CHINO,-117.6894302368164,34.03351974487305
84832419,2025,2025-09-08,3604,2025-09-04,1612,1367,NA,4,5,6,3604,0,0,0,NA,0,NA,BASIL LEAF LN,LIME AVE,175,W,-,A,-,N,NA,NA,NA,NA,NA,NA,NA,NA,NA,N,3,0,1,2,A,-,11,21954,A,N,G,B,D,A,H,-,A,D,0,Y,NA,NA,NA,Y,NA,N,60,0,1,0,0,1,0,0,0,0,-,-,NA,NA,SAN BERNARDINO,FONTANA,-117.46517944335938,34.10989761352539
84841701,2025,2025-09-12,3602,2025-08-28,2146,4287,NA,4,5,5,3602,0,0,0,NA,0,003,KIMBALL AVENUE,HELLMAN AVENUE,0,NA,Y,A,-,N,NA,NA,NA,NA,NA,NA,NA,NA,NA,N,3,0,1,2,A,-,01,23152,A,N,D,C,A,A,H,-,C,A,0,NA,NA,NA,NA,Y,Y,A,07,0,1,0,0,0,0,0,0,0,-,-,NA,NA,SAN BERNARDINO,CHINO,-117.61100769042967,33.968719482421875
84843636,2025,2025-09-15,3611,2025-08-04,2154,3536,NA,1,5,5,3611,0,0,0,NA,0,004,CAMPUS AVE,SYCAMORE CT,59,S,N,A,-,N,NA,NA,NA,NA,NA,NA,NA,NA,NA,Y,3,0,1,3,A,-,01,23152,A,N,C,C,A,A,H,-,C,D,0,NA,NA,NA,NA,Y,Y,A,07,0,1,0,0,0,0,0,0,0,-,-,34.08797073364258,-117.64156341552734,SAN BERNARDINO,UPLAND,-117.64144134521484,34.0877571105957
84843638,2025,2025-09-15,3611,2025-08-05,1632,3280,NA,2,5,5,3611,0,0,0,NA,0,004,ARROW HWY,2ND AVE,85,E,N,A,-,N,NA,NA,NA,NA,NA,NA,NA,NA,NA,N,4,0,1,2,A,-,03,22350,NA,N,C,C,A,A,H,-,A,A,0,NA,NA,NA,NA,Y,NA,A,01,0,0,1,0,0,0,0,0,0,-,-,34.099910736083984,-117.6483917236328,SAN BERNARDINO,UPLAND,-117.64813232421876,34.0997314453125
84847182,2025,2025-09-17,3604,2025-09-12,1726,1367,NA,5,5,6,3604,0,0,0,NA,0,NA,SOUTH HIGHLAND AVE,CALISTA WAY,325,E,-,A,-,N,NA,NA,NA,NA,NA,NA,NA,NA,NA,Y,4,0,2,2,A,-,09,21804,A,N,D,C,A,A,H,-,A,A,0,NA,NA,NA,NA,Y,NA,A,01,0,0,2,0,0,0,0,0,0,-,-,NA,NA,SAN BERNARDINO,FONTANA,NA,NA
84847183,2025,2025-09-17,3604,2025-09-12,1742,1396,NA,5,5,6,3604,0,0,0,NA,0,003,SIERRA AVE,VALLEY BLVD,724,S,-,A,-,N,NA,NA,NA,NA,NA,NA,NA,NA,NA,N,4,0,1,2,A,-,08,22107,NA,N,B,C,A,A,H,-,A,A,0,NA,NA,NA,Y,Y,NA,G,27,0,0,1,0,0,0,0,0,0,-,-,NA,NA,SAN BERNARDINO,FONTANA,-117.43575286865234,34.06839370727539
84849009,2025,2025-09-18,3611,2025-08-02,1646,3624,NA,6,5,5,3611,0,0,0,NA,0,002,MOUNTAIN AVE,ARROW HWY,27,S,N,A,-,N,NA,NA,NA,NA,NA,NA,NA,NA,NA,Y,3,0,2,2,A,-,09,21804,A,N,D,C,A,A,H,-,A,A,0,NA,NA,NA,NA,Y,NA,A,01,0,2,0,0,0,0,0,0,0,-,-,34.09965133666992,-117.67024230957033,SAN BERNARDINO,UPLAND,-117.67024993896484,34.09959411621094
84860693,2025,2025-09-26,3604,2025-09-24,1225,680,NA,3,5,6,3604,0,0,0,NA,0,NA,SUMMIT AVE,CITRUS AVE,0,N,-,A,-,N,NA,NA,NA,NA,NA,NA,NA,NA,NA,Y,3,0,2,2,A,-,12,21453,A,N,D,C,A,A,H,-,A,A,0,NA,NA,NA,NA,Y,NA,D,22,0,2,0,0,0,0,0,0,0,-,-,NA,NA,SAN BERNARDINO,FONTANA,-117.45352935791016,34.15037536621094
84862342,2025,2025-09-29,3604,2025-09-25,1843,1367,NA,4,5,6,3604,0,0,0,NA,0,NA,CITRUS AVE,ARROW BLVD,9,S,-,A,-,N,NA,NA,NA,NA,NA,NA,NA,NA,NA,N,3,0,1,2,A,-,08,22107,NA,N,D,G,A,A,H,-,B,A,0,NA,Y,NA,NA,Y,NA,A,01,0,1,0,0,0,0,1,0,0,-,-,NA,NA,SAN BERNARDINO,FONTANA,-117.45365142822266,34.099273681640625
84872936,2025,2025-10-06,3602,2025-09-22,2242,4287,NA,1,5,5,3602,0,0,0,NA,0,001,CHINO HILLS PARKWAY,SR 71 (NORTH),0,NA,Y,A,-,N,NA,NA,NA,NA,NA,NA,NA,NA,NA,N,3,0,2,2,A,-,12,21453,A,N,D,C,A,A,H,-,C,A,0,NA,NA,NA,NA,Y,NA,A,01,0,1,1,0,0,0,0,0,0,-,-,NA,NA,SAN BERNARDINO,CHINO,-117.70889282226563,33.982505798339844
84884725,2025,2025-10-14,3604,2025-10-11,1349,1367,NA,6,5,6,3604,0,0,0,NA,0,NA,JUNIPER AVE,SOUTH HIGHLAND AVE,0,N,-,A,-,N,NA,NA,NA,NA,NA,NA,NA,NA,NA,Y,4,0,1,2,A,-,09,21802,A,N,D,C,A,A,H,-,A,A,0,NA,NA,NA,Y,Y,NA,F,26,0,0,1,0,0,0,0,0,0,-,-,NA,NA,SAN BERNARDINO,FONTANA,-117.4402313232422,34.133506774902344
84888497,2025,2025-10-16,3611,2025-09-03,2337,3628,NA,3,5,5,3611,0,0,0,NA,0,002,ARROW HWY,SAN ANTONIO AVE,179,E,N,A,-,N,NA,NA,NA,NA,NA,NA,NA,NA,NA,Y,3,0,1,3,A,-,08,22107,NA,N,C,E,A,A,H,-,C,D,0,NA,NA,NA,NA,Y,NA,A,07,0,1,0,0,0,0,0,0,0,-,-,34.0997314453125,-117.66072082519533,SAN BERNARDINO,UPLAND,-117.66018676757813,34.099700927734375
8489045,2017,2017-12-01,3610,2017-10-18,1420,51094,NA,3,5,6,3610,0,0,0,NA,0,ADAM,NORTH RANCHO AV,RIALTO AV,0,NA,Y,A,-,N,NA,NA,NA,NA,NA,NA,NA,NA,NA,N,4,0,1,1,A,-,03,22350,NA,N,H,I,A,A,H,-,A,A,0,NA,NA,Y,NA,Y,NA,C,02,0,0,1,0,0,0,0,0,1,-,-,34.0997,-117.33299,SAN BERNARDINO,SAN BERNARDINO,-117.33302008,34.09968007
8489048,2017,2017-12-05,3608,2017-10-27,1518,3675,NA,5,5,5,3608,0,0,0,NA,0,NA,HIGHLAND AV,CAJON ST,0,NA,Y,A,-,N,NA,NA,NA,NA,NA,NA,NA,NA,NA,Y,4,0,1,2,A,-,12,22450,A,N,D,C,A,A,H,-,A,A,0,NA,NA,NA,NA,Y,NA,A,01,0,0,1,0,0,0,0,0,0,-,-,NA,NA,SAN BERNARDINO,REDLANDS,-117.17167009,34.04134002
8489076,2017,2017-12-05,3600,2017-10-13,1738,NA,AP021,5,5,5,3621,0,0,0,NA,0,AP3,SANDIA RD,CHIMAYO RD,0,NA,Y,A,-,N,NA,NA,NA,NA,NA,NA,NA,NA,NA,Y,3,0,2,2,A,-,17,21461,A,N,D,C,A,A,H,-,A,A,0,NA,NA,NA,NA,Y,NA,A,07,0,1,1,0,0,0,0,0,0,-,-,NA,NA,SAN BERNARDINO,APPLE VALLEY,-117.20631004,34.464320119999996
8489085,2017,2017-12-01,3610,2017-10-07,1758,50985,NA,6,5,6,3610,0,0,0,NA,0,BAKER,WEST HIGHLAND AV,NORTH H ST,0,NA,Y,A,-,N,NA,NA,NA,NA,NA,NA,NA,NA,NA,Y,4,0,1,2,A,-,09,21801,A,N,D,C,A,A,H,-,A,A,0,NA,NA,NA,NA,Y,NA,A,01,0,0,1,0,0,0,0,0,0,-,-,34.136,-117.30087,SAN BERNARDINO,SAN BERNARDINO,-117.30088004,34.13602002
8489101,2017,2017-12-19,3610,2017-10-11,2120,50965,NA,3,5,6,3610,0,0,0,NA,0,ADAM,NORTH PEPPER AV,RIALTO,157,N,N,A,-,N,NA,NA,NA,NA,NA,NA,NA,NA,NA,Y,3,0,2,2,A,-,05,21651,A,N,A,C,A,A,H,-,C,D,0,NA,NA,NA,NA,Y,NA,-,-,0,1,1,0,0,0,0,0,0,-,-,34.09954,-117.35292,SAN BERNARDINO,SAN BERNARDINO,-117.3529,34.09996002
8489470,2017,2018-07-06,3608,2017-10-18,1444,4759,NA,3,5,5,3608,0,0,0,NA,0,NA,W PEARL AV,ORANGE ST,0,NA,Y,A,-,Y,SBD,8,38,-,S,0.822,I,5,W,N,3,0,1,2,A,-,08,22107,NA,N,B,C,A,A,H,-,A,A,0,NA,NA,NA,NA,Y,NA,A,01,0,1,0,0,0,0,0,0,0,-,-,NA,NA,SAN BERNARDINO,REDLANDS,-117.18256001,34.06133492