CASE_ID,ACCIDENT_YEAR,PROC_DATE,JURIS,COLLISION_DATE,COLLISION_TIME,OFFICER_ID,REPORTING_DISTRICT,DAY_OF_WEEK,CHP_SHIFT,POPULATION,CNTY_CITY_LOC,SPECIAL_COND,BEAT_TYPE,CHP_BEAT_TYPE,CITY_DIVISION_LAPD,CHP_BEAT_CLASS,BEAT_NUMBER,PRIMARY_RD,SECONDARY_RD,DISTANCE,DIRECTION,INTERSECTION,WEATHER_1,WEATHER_2,STATE_HWY_IND,CALTRANS_COUNTY,CALTRANS_DISTRICT,STATE_ROUTE,ROUTE_SUFFIX,POSTMILE_PREFIX,POSTMILE,LOCATION_TYPE,RAMP_INTERSECTION,SIDE_OF_HWY,TOW_AWAY,COLLISION_SEVERITY,NUMBER_KILLED,NUMBER_INJURED,PARTY_COUNT,PRIMARY_COLL_FACTOR,PCF_CODE_OF_VIOL,PCF_VIOL_CATEGORY,PCF_VIOLATION,PCF_VIOL_SUBSECTION,HIT_AND_RUN,TYPE_OF_COLLISION,MVIW,PED_ACTION,ROAD_SURFACE,ROAD_COND_1,ROAD_COND_2,LIGHTING,CONTROL_DEVICE,CHP_ROAD_TYPE,PEDESTRIAN_ACCIDENT,BICYCLE_ACCIDENT,MOTORCYCLE_ACCIDENT,TRUCK_ACCIDENT,NOT_PRIVATE_PROPERTY,ALCOHOL_INVOLVED,STWD_VEHTYPE_AT_FAULT,CHP_VEHTYPE_AT_FAULT,COUNT_SEVERE_INJ,COUNT_VISIBLE_INJ,COUNT_COMPLAINT_PAIN,COUNT_PED_KILLED,COUNT_PED_INJURED,COUNT_BICYCLIST_KILLED,COUNT_BICYCLIST_INJURED,COUNT_MC_KILLED,COUNT_MC_INJURED,PRIMARY_RAMP,SECONDARY_RAMP,LATITUDE,LONGITUDE,COUNTY,CITY,POINT_X,POINT_Y
90255108,2016,2016-08-29,9850,2016-08-13,1640,019189,NA,6,2,5,3612,0,1,1,NA,2,083,INTERSTATE 15 S/B,PALMDALE RD,528,S,N,A,-,Y,NA,NA,15,NA,NA,NA,NA,NA,S,Y,3,0,1,2,A,-,07,21658,A,N,B,C,A,A,H,-,A,D,0,NA,NA,NA,NA,Y,NA,A,01,0,1,0,0,0,0,0,0,0,-,-,34.50316,-117.32482,SAN BERNARDINO,VICTORVILLE,-117.32461142,34.50305988
90255300,2016,2016-08-29,9860,2016-08-18,2252,019725,NA,4,3,6,3610,0,1,1,NA,2,202,SR-210 E/B,E ST,500,W,N,A,-,Y,NA,NA,210,NA,NA,NA,NA,NA,E,Y,3,0,1,1,A,-,01,23152,A,N,E,I,A,A,H,-,C,D,0,NA,NA,NA,NA,Y,Y,A,01,0,1,0,0,0,0,0,0,0,-,-,34.14591,-117.29591,SAN BERNARDINO,SAN BERNARDINO,-117.29591859,34.14550424
90255304,2016,2016-08-29,9860,2016-08-20,1015,018905,NA,6,1,9,3600,0,1,1,NA,2,151,I-15 S/B,KENWOOD AVE,1056,S,N,A,-,Y,NA,NA,15,NA,NA,NA,NA,NA,S,Y,4,0,3,2,A,-,08,22107,NA,N,B,C,A,A,D,-,A,D,0,NA,NA,NA,Y,Y,NA,A,01,0,0,3,0,0,0,0,0,0,-,-,34.23488,-117.42318,SAN BERNARDINO,UNINCORPORATED,-117.42313202,34.23494349
90226501,2016,2016-07-20,9865,2016-07-18,1428,014729,NA,1,2,9,3600,0,1,3,NA,1,034,SR-18,FOREST ROAD 3N61,4752,N,N,A,-,Y,NA,NA,18,NA,NA,NA,NA,NA,NA,Y,2,0,1,1,A,-,08,22107,NA,N,E,I,A,A,H,-,A,D,0,NA,NA,NA,NA,Y,NA,A,01,1,0,0,0,0,0,0,0,0,-,-,34.33078,-116.82936,SAN BERNARDINO,UNINCORPORATED,-116.82941359,34.33074933
90258323,2016,2016-08-31,9855,2016-08-19,0840,017704,NA,5,1,5,3602,0,1,3,NA,2,603,SR-60 E/B (POMONA FWY),MOUNTAIN AVE.,150,W,N,A,-,Y,NA,NA,60,NA,NA,NA,NA,NA,E,Y,4,0,1,3,A,-,03,22350,NA,F,E,I,A,A,H,-,A,D,0,NA,NA,NA,NA,Y,NA,A,01,0,0,1,0,0,0,0,0,0,-,-,34.03019,-117.66746,SAN BERNARDINO,CHINO,-117.66746045,34.03026011
90258329,2016,2016-09-20,9860,2016-08-24,1403,014963,NA,3,2,9,3600,0,2,4,NA,1,410,VALLEY BLVD. (1800 BLOCK),MAGNOLIA ST,148,W,N,A,-,N,NA,NA,NA,NA,NA,NA,NA,NA,NA,Y,4,0,2,3,A,-,03,22350,NA,N,C,C,A,A,H,-,A,D,0,NA,NA,NA,NA,Y,NA,D,22,0,0,2,0,0,0,0,0,0,-,-,34.07047,-117.39825,SAN BERNARDINO,UNINCORPORATED,-117.39825728,34.07048
90226897,2016,2016-07-20,9860,2016-07-19,0610,016590,NA,2,1,6,3604,0,1,1,NA,2,102,I-10 W/B,SIERRA AVE.,3085,E,N,A,-,Y,NA,NA,NA,NA,NA,NA,NA,NA,NA,Y,4,0,3,2,A,-,03,22350,NA,N,C,C,A,A,H,-,A,D,0,NA,NA,NA,NA,Y,NA,A,01,0,0,3,0,0,0,0,0,0,-,-,34.06398,-117.28675,SAN BERNARDINO,FONTANA,-117.43469416,34.06774
90232998,2016,2016-07-28,9855,2016-07-27,1410,015919,NA,3,2,6,3607,0,1,1,NA,2,101,I-10 W/B (SAN BERNARDINO FWY),ETIWANDA AVE.,2363,W,N,A,-,Y,NA,NA,10,NA,NA,NA,NA,NA,W,Y,4,0,1,2,A,-,03,22350,NA,N,C,C,A,A,H,-,A,D,0,NA,NA,NA,NA,Y,NA,D,22,0,0,1,0,0,0,0,0,0,-,-,34.06739,-117.53367,SAN BERNARDINO,ONTARIO,-117.53366989,34.06744792
9026222,2019,2020-02-11,3600,2019-12-15,2037,G9963,VC057,7,5,5,3612,0,0,0,NA,0,VC5,SENECA RD,EL EVADO RD,0,NA,Y,A,-,N,NA,NA,NA,NA,NA,NA,NA,NA,NA,Y,4,0,3,2,A,-,12,21453,NA,N,D,C,A,A,H,-,C,A,0,NA,NA,NA,NA,Y,NA,A,01,0,0,3,0,0,0,0,0,0,-,-,NA,NA,SAN BERNARDINO,VICTORVILLE,-117.34674072265624,34.51401901245117
9026226,2019,2020-02-11,3600,2019-12-27,0020,G8525,VC034,5,5,5,3612,0,0,0,NA,0,VC1,D ST,11TH ST,0,NA,Y,B,-,N,NA,NA,NA,NA,NA,NA,NA,NA,NA,NA,4,0,1,1,C,-,18,NA,NA,N,E,A,A,C,H,-,D,D,0,NA,NA,NA,NA,Y,NA,-,-,0,0,1,0,0,0,0,0,0,-,-,NA,NA,SAN BERNARDINO,VICTORVILLE,-117.28933715820313,34.533660888671875
90262544,2016,2016-09-07,9850,2016-08-31,0621,021366,NA,3,1,9,3600,0,1,1,NA,2,084,I-15 S/B,QUARRY RD,2851,N,N,A,-,Y,NA,NA,15,NA,NA,NA,NA,NA,S,Y,3,0,1,2,A,-,03,22350,NA,N,B,C,A,A,H,-,B,D,0,NA,NA,NA,NA,Y,NA,A,07,0,1,0,0,0,0,0,0,0,-,-,34.6189,-117.2377,SAN BERNARDINO,UNINCORPORATED,-117.23770316,34.61890253
90205765,2016,2016-06-21,9860,2016-06-19,2230,020626,NA,7,3,9,3600,0,3,5,NA,2,004,BLOOMINGTON AVE,OLIVE ST,108,E,N,A,-,N,NA,NA,NA,NA,NA,NA,NA,NA,NA,Y,3,0,3,2,A,-,01,23152,A,N,D,C,A,A,H,-,C,D,0,NA,NA,NA,NA,Y,Y,A,07,0,2,1,0,0,0,0,0,0,-,-,34.07323,-117.39306,SAN BERNARDINO,UNINCORPORATED,-117.39317495,34.07321442
90234406,2016,2016-08-01,9835,2016-07-21,2055,020327,NA,4,2,9,3600,0,1,1,NA,2,074,I-15 N/B,ZZYZX RD.,11880,S,N,B,-,Y,NA,NA,15,NA,NA,NA,NA,NA,N,Y,3,0,1,2,A,-,05,21651,B,N,D,C,A,A,H,-,D,D,0,NA,NA,NA,Y,Y,NA,D,22,0,1,0,0,0,0,0,0,0,-,-,35.1776,-116.17059,SAN BERNARDINO,UNINCORPORATED,-116.1707265,35.17772705
90266091,2016,2016-09-12,9855,2016-09-09,2122,018335,NA,5,2,6,3604,0,1,1,NA,2,201,SR-210 W/B FROM CITRUS AVE.,CITRUS AVE.,200,W,N,A,-,Y,NA,NA,210,NA,NA,NA,R,NA,W,Y,4,0,1,1,A,-,08,22107,NA,N,F,A,A,A,H,-,C,D,0,NA,NA,NA,NA,Y,NA,A,01,0,0,1,0,0,0,0,0,0,-,-,34.13674,-117.45816,SAN BERNARDINO,FONTANA,-117.45816,34.13674
9026879,2019,2020-02-25,3607,2019-09-06,1840,20153,400,5,5,6,3607,0,0,0,NA,0,062,CAMPUS AV,CHINO AV,0,NA,Y,A,-,N,NA,NA,NA,NA,NA,NA,NA,NA,NA,N,3,0,2,2,A,-,09,21801,A,N,D,C,A,A,H,-,B,D,0,NA,NA,NA,NA,Y,NA,A,01,0,2,0,0,0,0,0,0,0,-,-,NA,NA,SAN BERNARDINO,ONTARIO,-117.64131927490234,34.012081146240234
90208521,2016,2016-06-23,9835,2016-06-02,2250,021307,NA,4,3,9,3600,0,1,1,NA,2,047,INTERSTATE 40 E/B (NEEDLES FREEWAY),CRUCERO RD,62304,W,N,A,-,Y,NA,NA,40,NA,NA,NA,NA,NA,E,Y,3,0,2,1,A,-,08,22107,NA,N,F,A,A,A,H,-,D,D,0,NA,NA,NA,NA,Y,NA,A,07,0,2,0,0,0,0,0,0,0,-,-,34.72319,-115.95881,SAN BERNARDINO,UNINCORPORATED,-115.95881461,34.72323088
90269581,2016,2016-09-19,9860,2016-09-09,2255,020135,NA,5,3,5,3608,0,1,1,NA,2,105,I-10 E/B,UNIVERSITY ST.,2640,W,N,A,-,Y,NA,NA,10,NA,NA,NA,NA,NA,E,Y,3,0,1,2,A,-,03,22350,NA,N,C,C,A,A,H,-,D,D,0,NA,NA,NA,NA,Y,NA,D,22,0,1,0,0,0,0,0,0,0,-,-,34.05971,-117.17338,SAN BERNARDINO,REDLANDS,-117.17342026,34.05962828
9026970,2019,2020-02-26,3607,2019-07-17,1750,15021,141,3,5,6,3607,0,0,0,NA,0,041,GUASTI  RD,CENTRE LAKE DR,500,W,N,A,-,N,NA,NA,NA,NA,NA,NA,NA,NA,NA,N,4,0,1,2,A,-,09,21801,A,N,D,C,A,A,H,-,A,D,0,NA,NA,NA,NA,Y,NA,A,01,0,0,1,0,0,0,0,0,0,-,-,NA,NA,SAN BERNARDINO,ONTARIO,-117.57930755615234,34.064605712890625
90235335,2016,2016-08-26,9865,2016-07-20,0149,016179,NA,3,3,9,3600,0,3,5,NA,2,001,TYROL CT.,TYROL DR.,98,S,N,A,-,N,NA,NA,NA,NA,NA,NA,NA,NA,NA,Y,3,0,1,2,A,-,01,23152,A,N,H,E,A,A,H,-,D,D,0,NA,NA,NA,NA,Y,Y,A,07,0,1,0,0,0,0,0,0,0,-,-,34.1423,-117.1636,SAN BERNARDINO,UNINCORPORATED,-117.27699526,34.23956541
90273913,2016,2016-09-22,9855,2016-09-21,0645,015299,NA,3,1,6,3604,0,1,1,NA,2,101,I-10 W/B (SAN BERNARDINO FWY),CHERRY AVE.,4900,E,N,A,-,Y,NA,NA,10,NA,NA,NA,NA,NA,W,Y,4,0,2,3,A,-,03,22350,NA,N,C,C,A,A,H,-,A,D,0,NA,NA,NA,NA,Y,NA,A,01,0,0,2,0,0,0,0,0,0,-,-,34.0664,-117.4723,SAN BERNARDINO,FONTANA,-117.47229986,34.06639201
90240070,2016,2016-08-08,9860,2016-08-05,0428,019706,NA,5,3,5,3609,0,1,1,NA,2,201,SR-210 EASTBOUND,LILAC AVE. POC,425,W,N,A,-,Y,NA,NA,210,NA,NA,NA,NA,NA,E,N,4,0,2,2,A,-,03,22350,NA,N,C,C,A,A,H,-,C,D,0,NA,NA,NA,NA,Y,NA,A,07,0,0,2,0,0,0,0,0,0,-,-,34.13559,-117.38034,SAN BERNARDINO,RIALTO,-117.380341,34.13569949
90274979,2016,2016-09-26,9860,2016-09-16,1410,012530,NA,5,2,4,3603,0,1,1,NA,2,214,I-215 S/B,WASHINGTON STREET O/C.,2825,S,N,A,-,Y,NA,NA,215,NA,NA,NA,NA,NA,S,N,3,0,3,3,A,-,03,22350,NA,N,B,C,A,A,H,-,A,D,0,NA,NA,NA,NA,Y,NA,D,22,0,1,2,0,0,0,0,0,0,-,-,34.04284,-117.31462,SAN BERNARDINO,COLTON,-117.31460154,34.04281376
90211798,2016,2016-07-01,9855,2016-06-24,1615,020487,NA,5,2,6,3607,0,1,1,NA,2,101,I-10 E/B (SAN BERNARDINO FWY),ETIWANDA AVE.,300,W,N,A,-,Y,NA,NA,10,NA,NA,NA,NA,NA,E,N,3,0,1,3,A,-,03,22350,NA,N,C,C,A,A,H,-,A,D,0,NA,NA,Y,NA,Y,NA,C,02,0,1,0,0,0,0,0,0,1,-,-,34.06715,-117.53354,SAN BERNARDINO,ONTARIO,-117.53353978,34.06724867
90276345,2016,2016-09-26,9860,2016-09-20,1600,016658,NA,2,2,9,3600,0,3,5,NA,2,003,OAK GLEN RD,PINE BENCH RD,1584,W,N,B,C,N,NA,NA,NA,NA,NA,NA,NA,NA,NA,Y,4,0,1,1,A,-,08,22107,NA,N,F,A,A,B,H,-,A,D,0,NA,NA,NA,NA,Y,NA,A,01,0,0,1,0,0,0,0,0,0,-,-,34.04158,-116.94057,SAN BERNARDINO,UNINCORPORATED,-116.94070514,34.04197924
90245926,2016,2016-08-16,9860,2016-08-10,1600,017875,NA,3,2,6,3610,0,1,1,NA,2,201,SR-210 EB,I-215,61,W,N,A,-,Y,NA,NA,210,NA,NA,NA,NA,NA,E,Y,3,0,1,2,A,-,03,22350,NA,N,C,C,A,A,H,-,A,D,0,NA,NA,Y,NA,Y,NA,C,02,0,1,0,0,0,0,0,0,1,-,-,34.1442,-117.3197,SAN BERNARDINO,SAN BERNARDINO,-117.31967353,34.14415304
90277111,2016,2016-09-27,9850,2016-09-13,1249,021366,NA,2,1,9,3600,0,2,4,NA,2,066,PHELAN RD,NEVADA RD,14,E,N,A,-,N,NA,NA,NA,NA,NA,NA,NA,NA,NA,Y,1,1,1,3,A,-,03,22350,NA,N,C,C,A,A,H,-,A,D,0,NA,NA,NA,NA,Y,NA,E,22,1,0,0,0,0,0,0,0,0,-,-,34.4265,-117.5078,SAN BERNARDINO,UNINCORPORATED,-117.5078237,34.42658
90281299,2016,2016-09-30,9855,2016-09-26,1635,017313,NA,1,2,6,3607,0,1,1,NA,2,152,I-15 S/B (ONTARIO FWY),I-10 E/B (SAN BERNARDINO FWY),1584,S,N,A,-,Y,NA,NA,15,NA,NA,NA,NA,NA,S,Y,4,0,2,3,A,-,01,23152,E,N,B,C,A,A,H,-,A,D,0,NA,NA,NA,NA,Y,NA,A,01,0,0,2,0,0,0,0,0,0,-,-,34.06126,-117.54487,SAN BERNARDINO,ONTARIO,-117.54515755,34.06126069
90215705,2016,2016-07-05,9834,2016-06-26,1233,017038,NA,7,1,9,3600,0,1,3,NA,1,062,SR-62,RICE MIDLAND RD,11722,W,N,A,-,Y,NA,NA,62,NA,NA,NA,NA,NA,NA,Y,4,0,1,2,A,-,03,22350,NA,N,C,C,A,A,H,-,A,D,0,NA,NA,NA,NA,Y,NA,A,07,0,0,1,0,0,0,0,0,0,-,-,34.09364,-114.88748,SAN BERNARDINO,UNINCORPORATED,-114.88748461,34.09362209
90281680,2016,2016-10-03,9860,2016-09-27,2225,019674,NA,2,3,6,3610,0,1,1,NA,2,104,I-10 W/B,TIPPECANOE AVE,410,E,N,A,-,Y,NA,NA,10,NA,NA,NA,NA,NA,W,N,4,0,1,2,A,-,03,22350,NA,N,C,C,A,A,D,-,D,D,0,NA,NA,NA,NA,Y,NA,A,01,0,0,1,0,0,0,0,0,0,-,-,34.06491,-117.25681,SAN BERNARDINO,SAN BERNARDINO,-117.25695494,34.06553654
90282572,2016,2016-10-03,9860,2016-09-26,0905,014829,NA,1,1,9,3600,0,1,1,NA,2,152,I-15 S/B,OAK HILL RD,14784,S,N,A,-,Y,NA,NA,15,NA,NA,NA,NA,NA,S,Y,4,0,1,2,A,-,03,22350,NA,N,C,C,A,A,H,-,A,D,0,NA,NA,NA,NA,Y,NA,A,01,0,0,1,0,0,0,0,0,0,-,-,34.34588,-117.47931,SAN BERNARDINO,UNINCORPORATED,-117.47923057,34.34576757
90220481,2016,2016-07-12,9860,2016-06-30,2035,019484,NA,4,2,9,3600,0,3,5,NA,2,001,KENWOOD AVE,CAJON BLVD,0,NA,Y,A,-,N,NA,NA,NA,NA,NA,NA,NA,NA,NA,Y,4,0,1,1,A,-,03,22350,NA,N,E,I,A,A,D,-,D,A,0,NA,NA,NA,NA,Y,NA,A,08,0,0,1,0,0,0,0,0,0,-,-,34.23468,-117.4265,SAN BERNARDINO,UNINCORPORATED,-117.42632003,34.23460005
90284388,2016,2016-10-05,9855,2016-09-27,1855,015919,NA,2,2,5,3611,0,1,1,NA,2,204,SR-210 E/B (FOOTHILL FWY),MOUNTAIN AVE.,987,E,N,A,-,Y,NA,NA,210,NA,NA,NA,NA,NA,E,Y,3,0,1,2,A,-,03,22350,NA,N,C,C,A,A,H,-,C,D,0,NA,NA,Y,NA,Y,NA,C,02,0,1,0,0,0,0,0,0,1,-,-,34.13449,-117.66716,SAN BERNARDINO,UPLAND,-117.66715992,34.13456359
90222725,2016,2016-07-14,9834,2016-07-06,1918,016580,NA,3,2,9,3600,0,1,1,NA,2,048,I-40 W/B,ARIZONA STATE LINE,1320,W,N,A,-,Y,NA,NA,40,NA,NA,NA,NA,NA,W,Y,4,0,1,1,A,-,08,22107,NA,N,B,I,A,A,H,-,A,D,0,NA,NA,NA,NA,Y,NA,A,01,0,0,1,0,0,0,0,0,0,-,-,34.71755,-114.49627,SAN BERNARDINO,UNINCORPORATED,-114.4962424,34.71770388
90285321,2016,2016-10-06,9860,2016-09-26,0735,017571,NA,1,1,6,3610,0,1,1,NA,2,202,SR-210 E/B,HIGHLAND AVE.,120,E,N,A,-,Y,NA,NA,210,NA,NA,NA,NA,NA,E,Y,4,0,1,2,A,-,03,22350,NA,N,C,C,A,A,H,-,A,D,0,NA,NA,NA,NA,Y,NA,D,22,0,0,1,0,0,0,0,0,0,-,-,34.13604,-117.23679,SAN BERNARDINO,SAN BERNARDINO,-117.23679598,34.13602576
90286042,2016,2016-10-06,9855,2016-10-04,1529,017808,NA,2,2,9,3600,0,3,5,NA,2,001,MARCONA AVE,SAN BERNARDINO AVE.,849,N,N,A,-,N,NA,NA,NA,NA,NA,NA,NA,NA,NA,Y,4,0,1,2,A,-,08,22107,NA,N,A,E,A,A,H,-,A,D,0,NA,NA,NA,NA,Y,NA,A,01,0,0,1,0,0,0,0,0,0,-,-,34.07982,-117.46855,SAN BERNARDINO,UNINCORPORATED,-117.46854722,34.07982013
90225025,2016,2016-07-18,9835,2016-07-18,1255,16820,NA,1,1,9,3600,0,1,2,NA,1,014,US-395,SR-58,100,N,N,A,-,Y,NA,NA,NA,NA,NA,NA,NA,NA,NA,N,4,0,1,2,A,-,21,22106,NA,N,C,C,A,A,H,-,A,A,0,NA,NA,NA,Y,Y,NA,F,27,0,0,1,0,0,0,0,0,0,-,-,NA,NA,SAN BERNARDINO,UNINCORPORATED,-117.5416847,34.99260721
90286861,2016,2016-10-07,9855,2016-10-06,0740,018313,NA,4,1,5,3602,0,1,3,NA,2,603,SR-60 W/B (POMONA FWY),CENTRAL AVE.,800,E,N,A,-,Y,NA,NA,60,NA,NA,NA,NA,NA,W,Y,4,0,1,2,A,-,03,22350,NA,N,B,C,A,A,H,-,A,D,0,NA,NA,Y,NA,Y,NA,C,02,0,0,1,0,0,0,0,0,1,-,-,34.03042,-117.68349,SAN BERNARDINO,CHINO,-117.68349005,34.03042509
90287200,2016,2016-10-10,9860,2016-10-07,1834,016646,NA,5,2,6,3610,0,1,1,NA,2,104,I-10 W/B,TIPPECANOE AVE,1500,W,N,A,-,Y,NA,NA,10,NA,NA,NA,NA,NA,W,N,4,0,2,3,A,-,03,22350,NA,N,C,C,A,A,H,-,B,D,0,NA,NA,NA,NA,Y,NA,A,01,0,0,2,0,0,0,0,0,0,-,-,34.06387,-117.26907,SAN BERNARDINO,SAN BERNARDINO,-117.26907073,34.06394366
90287463,2016,2016-10-10,9850,2016-10-02,1215,019278,NA,7,1,5,3619,0,1,1,NA,2,082,I-15 S/B,BEAR VALLEY RD,2656,S,N,A,-,Y,NA,NA,15,NA,NA,NA,NA,NA,S,Y,4,0,4,3,A,-,08,22107,NA,N,C,E,E,A,H,-,A,D,0,Y,NA,NA,NA,Y,NA,A,01,0,0,4,0,1,0,0,0,0,-,-,34.4644,-117.3512,SAN BERNARDINO,HESPERIA,-117.35112613,34.46434227
90225078,2016,2016-07-18,9870,2016-07-12,1815,019709,NA,2,2,9,3600,0,2,4,NA,2,032,ALTA LOMA DR.,ALTA AVE.,384,E,N,A,-,N,NA,NA,NA,NA,NA,NA,NA,NA,NA,Y,3,0,4,1,A,-,08,22107,NA,N,E,I,A,A,H,-,A,D,0,NA,NA,NA,NA,Y,NA,A,01,0,3,1,0,0,0,0,0,0,-,-,34.12047,-116.36013,SAN BERNARDINO,UNINCORPORATED,-116.36024665,34.12054384
90225656,2016,2016-07-19,9850,2016-07-12,1614,020559,NA,2,2,5,3612,0,1,1,NA,2,083,I-15 S/B,PALMDALE RD,675,S,N,A,-,Y,NA,NA,15,NA,NA,NA,NA,NA,S,Y,4,0,1,2,A,-,07,21658,A,N,B,C,A,A,H,-,A,D,0,NA,NA,NA,NA,Y,NA,A,01,0,0,1,0,0,0,0,0,0,-,-,34.5058,-117.3235,SAN BERNARDINO,VICTORVILLE,-117.32353912,34.50581049
90288803,2016,2016-10-11,9855,2016-09-28,0320,016215,NA,3,3,6,3607,0,1,1,NA,2,152,I-15 S/B (ONTARIO FWY),JURUPA ST.,3920,N,N,A,-,Y,NA,NA,15,NA,NA,NA,NA,NA,S,Y,3,0,1,1,A,-,01,23152,A,N,E,I,A,A,H,-,C,D,0,NA,NA,NA,NA,Y,Y,A,01,0,1,0,0,0,0,0,0,0,-,-,34.05835,-117.5458,SAN BERNARDINO,ONTARIO,-117.54568237,34.05831329
90258492,2016,2016-09-01,9835,2016-08-30,2050,019992,NA,2,2,9,3600,0,1,1,NA,2,074,I-15 S/B,AFTON ROAD,11141,N,N,A,-,Y,NA,NA,NA,NA,NA,NA,NA,NA,NA,Y,4,0,1,1,A,-,08,22107,NA,N,F,A,A,A,H,-,D,D,0,NA,NA,NA,NA,Y,NA,A,01,0,0,1,0,0,0,0,0,0,-,-,35.08386,-117.37661,SAN BERNARDINO,UNINCORPORATED,NA,NA
90260741,2016,2016-09-05,9855,2016-08-21,1217,017704,NA,7,1,6,3607,0,1,3,NA,2,601,SR-60 E/B (POMONA FWY),HAVEN AVE.,700,W,N,A,-,Y,NA,NA,60,NA,NA,NA,NA,NA,E,Y,3,0,4,2,A,-,08,22107,NA,N,E,I,A,A,H,-,A,D,0,NA,NA,NA,NA,Y,NA,A,08,0,3,1,0,0,0,0,0,0,-,-,34.03028,-117.58186,SAN BERNARDINO,ONTARIO,-117.58185823,34.03029277
90264374,2016,2016-09-08,9860,2016-09-06,1612,017204,NA,2,2,4,3618,0,1,1,NA,2,203,SR-210 W/B,CITY CREEK,1320,W,N,A,-,Y,NA,NA,210,NA,NA,NA,NA,NA,W,Y,3,0,2,3,A,-,03,22350,NA,N,C,C,A,A,H,-,A,D,0,NA,NA,NA,NA,Y,NA,A,01,0,1,1,0,0,0,0,0,0,-,-,34.11405,-117.19988,SAN BERNARDINO,HIGHLAND,-117.19977994,34.1140741
90265778,2016,2016-09-12,9860,2016-09-06,0850,016590,NA,2,1,9,3600,0,1,1,NA,2,152,I-15 S/B,SR-138,3200,N,N,A,-,Y,NA,NA,15,NA,NA,NA,NA,NA,S,Y,4,0,1,2,A,-,07,21658,A,F,E,I,A,A,H,-,A,D,0,NA,NA,NA,NA,Y,NA,A,01,0,0,1,0,0,0,0,0,0,-,-,34.31921,-117.48119,SAN BERNARDINO,UNINCORPORATED,-117.48110891,34.31924872
9029119,2019,2020-02-04,3608,2019-12-02,0853,4888,NA,1,5,5,3608,0,0,0,NA,0,NA,ORANGE ST,COLTON AV,0,NA,Y,A,-,N,NA,NA,NA,NA,NA,NA,NA,NA,NA,Y,3,0,2,2,A,-,09,21801,NA,N,D,C,A,A,H,-,A,A,0,NA,NA,NA,NA,Y,NA,A,01,0,2,0,0,0,0,0,0,0,-,-,NA,NA,SAN BERNARDINO,REDLANDS,-117.18251800537108,34.06283187866211
90269050,2016,2016-09-16,9855,2016-09-02,1220,019809,NA,5,1,6,3607,0,1,3,NA,2,601,SR-60 W/B (POMONA FWY),EUCLID AVE.,3000,E,N,A,-,Y,NA,NA,60,NA,NA,NA,NA,NA,W,Y,4,0,1,2,A,-,03,22350,NA,N,C,C,A,A,H,-,A,D,0,NA,NA,NA,NA,Y,NA,A,08,0,0,1,0,0,0,0,0,0,-,-,34.03056,-117.64257,SAN BERNARDINO,ONTARIO,-117.64256995,34.03054426
90293388,2016,2016-10-17,9860,2016-10-11,0825,013945,NA,2,1,3,3690,0,1,1,NA,2,214,I-215 S/B,NEWPORT AVE,1056,N,N,A,-,Y,NA,NA,NA,NA,NA,NA,NA,NA,NA,Y,4,0,1,2,A,-,03,22350,NA,N,C,C,A,A,H,-,A,D,0,NA,NA,NA,NA,Y,NA,A,01,0,0,1,0,0,0,0,0,0,-,-,34.25467,-117.44943,SAN BERNARDINO,GRAND TERRACE,-117.31705815,34.0409283
90293984,2016,2016-10-17,9855,2016-10-08,1750,020769,NA,6,2,9,3600,0,3,5,NA,2,001,ARROW RT. (14550 BLOCK),CHERRY AVE.,300,E,N,A,-,N,NA,NA,NA,NA,NA,NA,NA,NA,NA,N,4,0,1,2,A,-,08,22107,NA,N,E,I,A,A,H,-,A,D,0,NA,NA,NA,NA,Y,NA,A,01,0,0,1,0,0,0,0,0,0,-,-,34.0994,-117.48777,SAN BERNARDINO,UNINCORPORATED,-117.48780184,34.09930636
90294318,2016,2016-10-18,9855,2016-10-04,0745,021411,NA,2,1,6,3616,0,1,1,NA,2,203,SR-210 W/B (FOOTHILL FWY),HELLMAN AVE.,175,E,N,A,-,Y,NA,NA,210,NA,NA,NA,NA,NA,W,N,4,0,1,3,A,-,03,22350,NA,N,C,C,A,A,H,-,A,D,0,NA,NA,NA,NA,Y,NA,J,48,0,0,1,0,0,0,0,0,0,-,-,34.135,-117.6021,SAN BERNARDINO,RANCHO CUCAMONGA,-117.60210095,34.13515519
9029682,2019,2020-02-13,3607,2019-07-23,1612,15021,338,2,5,6,3607,0,0,0,NA,0,041,ONTARIO MILLS PKWY,VINTAGE AV,0,NA,Y,A,-,N,NA,NA,NA,NA,NA,NA,NA,NA,NA,Y,3,0,3,3,A,-,09,21801,A,N,D,C,A,A,H,-,A,D,0,NA,NA,NA,Y,Y,NA,A,01,0,1,2,0,0,0,0,0,0,-,-,NA,NA,SAN BERNARDINO,ONTARIO,-117.53431701660156,34.069950103759766
90296971,2016,2016-10-20,9860,2016-10-10,0840,016658,NA,1,1,5,3608,0,1,1,NA,2,105,I-10 E/B,WABASH AVE. O/C,380,W,N,A,-,Y,NA,NA,10,NA,NA,NA,NA,NA,E,Y,4,0,1,2,A,-,07,21658,A,N,B,C,A,A,D,H,A,D,0,NA,NA,NA,NA,Y,NA,A,01,0,0,1,0,0,0,0,0,0,-,-,34.03398,-117.14193,SAN BERNARDINO,REDLANDS,-117.1419038,34.03407695