CASE_ID,ACCIDENT_YEAR,PROC_DATE,JURIS,COLLISION_DATE,COLLISION_TIME,OFFICER_ID,REPORTING_DISTRICT,DAY_OF_WEEK,CHP_SHIFT,POPULATION,CNTY_CITY_LOC,SPECIAL_COND,BEAT_TYPE,CHP_BEAT_TYPE,CITY_DIVISION_LAPD,CHP_BEAT_CLASS,BEAT_NUMBER,PRIMARY_RD,SECONDARY_RD,DISTANCE,DIRECTION,INTERSECTION,WEATHER_1,WEATHER_2,STATE_HWY_IND,CALTRANS_COUNTY,CALTRANS_DISTRICT,STATE_ROUTE,ROUTE_SUFFIX,POSTMILE_PREFIX,POSTMILE,LOCATION_TYPE,RAMP_INTERSECTION,SIDE_OF_HWY,TOW_AWAY,COLLISION_SEVERITY,NUMBER_KILLED,NUMBER_INJURED,PARTY_COUNT,PRIMARY_COLL_FACTOR,PCF_CODE_OF_VIOL,PCF_VIOL_CATEGORY,PCF_VIOLATION,PCF_VIOL_SUBSECTION,HIT_AND_RUN,TYPE_OF_COLLISION,MVIW,PED_ACTION,ROAD_SURFACE,ROAD_COND_1,ROAD_COND_2,LIGHTING,CONTROL_DEVICE,CHP_ROAD_TYPE,PEDESTRIAN_ACCIDENT,BICYCLE_ACCIDENT,MOTORCYCLE_ACCIDENT,TRUCK_ACCIDENT,NOT_PRIVATE_PROPERTY,ALCOHOL_INVOLVED,STWD_VEHTYPE_AT_FAULT,CHP_VEHTYPE_AT_FAULT,COUNT_SEVERE_INJ,COUNT_VISIBLE_INJ,COUNT_COMPLAINT_PAIN,COUNT_PED_KILLED,COUNT_PED_INJURED,COUNT_BICYCLIST_KILLED,COUNT_BICYCLIST_INJURED,COUNT_MC_KILLED,COUNT_MC_INJURED,PRIMARY_RAMP,SECONDARY_RAMP,LATITUDE,LONGITUDE,COUNTY,CITY,POINT_X,POINT_Y
90710200,2018,2018-04-23,9855,2018-04-13,1735,020151,NA,5,2,6,3607,0,1,1,NA,2,103,I-10 W/B (SAN BERNARDINO FWY),ARCHIBALD AVE.,500,E,N,A,-,Y,NA,NA,10,NA,NA,NA,NA,NA,W,Y,4,0,1,2,A,-,03,22350,NA,N,C,C,A,A,H,-,A,D,0,NA,NA,NA,NA,Y,NA,A,01,0,0,1,0,0,0,0,0,0,-,-,34.06745910644531,-117.5659408569336,SAN BERNARDINO,ONTARIO,-117.5659408569336,34.067623138427734
90710393,2018,2018-04-23,9860,2018-04-20,1520,020654,NA,5,2,6,3610,0,1,1,NA,2,202,SR-210 E/B,N. SIERRA WAY,100,E,N,A,-,Y,NA,NA,210,NA,NA,NA,NA,NA,E,N,4,0,3,3,A,-,03,22350,NA,N,C,C,A,A,H,-,A,D,0,NA,NA,NA,NA,Y,NA,A,07,0,0,3,0,0,0,0,0,0,-,-,34.14530944824219,-117.28459167480467,SAN BERNARDINO,SAN BERNARDINO,-117.28459167480467,34.1452751159668
90710533,2018,2018-04-23,9835,2018-04-07,2210,021160,NA,6,3,9,3600,0,1,1,NA,2,074,INTERSTATE 15 SOUTHBOUND,ZZYZX RD,6758,S,N,A,-,Y,NA,NA,15,NA,NA,NA,NA,NA,S,Y,4,0,1,2,A,-,03,22350,NA,N,C,C,A,A,H,-,D,D,0,NA,NA,NA,Y,Y,NA,A,01,0,0,1,0,0,0,0,0,0,-,-,35.188899993896484,-116.16010284423828,SAN BERNARDINO,UNINCORPORATED,-116.16010284423828,35.188899993896484
90665357,2018,2018-03-08,9870,2018-02-09,1310,021924,NA,5,1,9,3600,0,1,3,NA,1,011,SR-62 (TWENTYNINE PALMS HIGHWAY),HESS BLVD,3696,W,N,A,-,Y,NA,NA,62,NA,NA,NA,NA,NA,NA,Y,4,0,2,3,A,-,03,22350,NA,N,C,C,A,A,H,-,A,D,0,NA,NA,NA,NA,Y,NA,A,08,0,0,2,0,0,0,0,0,0,-,-,34.03506851196289,-116.59162902832033,SAN BERNARDINO,UNINCORPORATED,-116.59172058105467,34.03511428833008
90712343,2018,2018-04-24,9870,2018-04-13,0310,020280,NA,5,3,9,3600,0,1,3,NA,1,031,STATE ROUTE 62 (TWENTYNINE PALMS HWY),CASCADE ROAD,1430,W,N,A,-,Y,NA,NA,62,NA,NA,NA,NA,NA,NA,Y,3,0,1,1,A,-,08,22107,NA,N,E,I,A,A,H,-,D,D,0,NA,NA,NA,NA,Y,NA,A,01,0,1,0,0,0,0,0,0,0,-,-,34.13528823852539,-116.23391723632813,SAN BERNARDINO,UNINCORPORATED,-116.23391723632813,34.13518142700195
90665373,2018,2018-02-21,9860,2018-02-17,2027,020766,NA,6,2,6,3610,0,1,1,NA,2,202,SR-210 E/B,DEL ROSA AVE,30,W,N,A,-,Y,NA,NA,210,NA,NA,NA,NA,NA,E,Y,3,0,1,2,A,-,03,22350,NA,N,C,C,A,A,H,-,C,D,0,NA,NA,NA,NA,Y,NA,A,01,0,1,0,0,0,0,0,0,0,-,-,34.14223861694336,-117.25205993652344,SAN BERNARDINO,SAN BERNARDINO,-117.25205230712892,34.142269134521484
90669346,2018,2018-02-26,9855,2018-02-15,0700,015337,NA,4,1,9,3600,0,3,5,NA,2,001,ARROW RTE.  (15400 BLOCK),SULTANA AVE.,0,NA,Y,A,-,N,NA,NA,NA,NA,NA,NA,NA,NA,NA,Y,4,0,1,2,A,-,09,21801,A,N,D,C,A,A,H,-,A,D,0,NA,NA,NA,NA,Y,NA,A,07,0,0,1,0,0,0,0,0,0,-,-,34.099220275878906,-117.46910858154295,SAN BERNARDINO,UNINCORPORATED,-117.46900177001952,34.09928894042969
90713044,2018,2018-04-25,9855,2018-04-19,1540,020151,NA,4,2,6,3604,0,1,1,NA,2,101,I-10 W/B FROM CHERRY AVE.,CHERRY AVE.,300,W,N,B,-,Y,NA,NA,10,NA,NA,NA,R,NA,W,Y,4,0,1,3,A,-,03,22350,NA,N,C,C,A,A,H,-,A,A,0,NA,NA,NA,Y,Y,NA,G,25,0,0,1,0,0,0,0,0,0,-,-,34.066131591796875,-117.4926300048828,SAN BERNARDINO,FONTANA,-117.4926300048828,34.066131591796875
90673246,2018,2018-03-01,9860,2018-02-28,0645,014829,NA,3,1,9,3600,0,1,1,NA,2,152,I-15 S/B,SWITCHBACK ROAD,2640,N,N,A,-,Y,NA,NA,15,NA,NA,NA,NA,NA,S,N,4,0,1,2,A,-,03,22350,NA,N,C,C,A,A,H,-,A,D,0,NA,NA,NA,NA,Y,NA,I,12,0,0,1,0,0,0,0,0,0,-,-,34.34695053100586,-117.47722625732422,SAN BERNARDINO,UNINCORPORATED,-117.47722625732422,34.34694290161133
90715567,2018,2018-04-27,9855,2018-04-22,1825,020151,NA,7,2,6,3604,0,1,1,NA,2,101,I-10 W/B (SAN BERNARDINO FWY),ETIWANDA AVE.,350,E,N,A,-,Y,NA,NA,10,NA,NA,NA,NA,NA,W,Y,4,0,2,2,A,-,08,22107,NA,N,B,C,A,A,H,-,A,D,0,NA,NA,NA,NA,Y,NA,E,22,0,0,2,0,0,0,0,0,0,-,-,34.06782150268555,-117.51921844482422,SAN BERNARDINO,FONTANA,-117.51921844482422,34.0678825378418
9071557,2019,2020-03-18,3611,2019-12-04,1710,3176,3611,3,5,5,3611,0,0,0,NA,0,002,EUCLID AV,7TH ST,0,NA,Y,C,-,N,NA,NA,NA,NA,NA,NA,NA,NA,NA,NA,3,0,1,2,A,-,12,21453,A,N,D,C,A,B,H,-,C,A,0,NA,NA,NA,NA,Y,NA,A,01,0,1,0,0,0,0,0,0,0,-,-,NA,NA,SAN BERNARDINO,UPLAND,-117.65126800537108,34.088809967041016
90715815,2018,2018-04-30,9855,2018-04-22,2141,020690,NA,7,2,6,3607,0,1,3,NA,2,601,SR-60 E/B (POMONA FWY),GROVE AVE.,3800,W,N,A,-,Y,NA,NA,60,NA,NA,NA,NA,NA,E,Y,3,0,1,1,A,-,08,22107,NA,N,E,I,A,A,H,-,D,D,0,NA,NA,NA,NA,Y,NA,A,01,0,1,0,0,0,0,0,0,0,-,-,34.03022003173828,-117.64087677001952,SAN BERNARDINO,ONTARIO,-117.64088439941406,34.03034973144531
90715821,2018,2018-04-30,9860,2018-04-20,1226,020426,NA,5,1,9,3600,0,2,4,NA,2,411,CEDAR AVE,JURUPA AVE,60,N,N,A,-,N,NA,NA,NA,NA,NA,NA,NA,NA,NA,Y,4,0,4,3,A,-,01,23152,A,N,C,C,A,A,H,-,A,A,0,NA,NA,NA,NA,Y,Y,A,07,0,0,4,0,0,0,0,0,0,-,-,34.0489501953125,-117.39644622802734,SAN BERNARDINO,UNINCORPORATED,-117.39639282226563,34.048683166503906
90715823,2018,2018-04-30,9855,2018-04-20,2355,020913,NA,5,3,6,3607,0,1,3,NA,2,601,SR-60 E/B FROM HAVEN AVE.,HAVEN AVE.,138,E,N,A,-,Y,NA,NA,60,NA,NA,NA,R,NA,E,Y,3,0,1,1,A,-,01,23152,A,N,E,I,A,A,H,-,C,D,0,NA,NA,NA,NA,Y,Y,A,01,0,1,0,0,0,0,0,0,0,-,-,34.02812957763672,-117.57508087158205,SAN BERNARDINO,ONTARIO,-117.57508087158205,34.02812957763672
90715828,2018,2018-04-30,9855,2018-04-12,1700,020002,NA,4,2,6,3607,0,1,1,NA,2,152,I-15 N/B (ONTARIO FWY),FOURTH ST.,500,S,N,A,-,Y,NA,NA,15,NA,NA,NA,NA,NA,N,Y,4,0,1,2,A,-,01,23152,A,N,C,C,A,A,H,-,A,D,0,NA,NA,NA,NA,Y,Y,D,22,0,0,1,0,0,0,0,0,0,-,-,34.07564163208008,-117.54464721679688,SAN BERNARDINO,ONTARIO,-117.5446319580078,34.07564163208008
90674300,2018,2018-03-05,9860,2018-03-04,1055,016646,NA,7,1,9,3600,0,1,1,NA,2,151,I-215 S/B,DEVORE ROAD,2112,N,N,A,-,Y,NA,NA,215,NA,NA,NA,NA,NA,S,N,4,0,1,2,A,-,07,21658,A,N,B,C,A,A,H,-,A,D,0,NA,NA,NA,NA,Y,NA,A,01,0,0,1,0,0,0,0,0,0,-,-,34.225120544433594,-117.40984344482422,SAN BERNARDINO,UNINCORPORATED,-117.40961456298828,34.22502136230469
90674957,2018,2018-03-05,9850,2018-02-23,0525,021405,NA,5,3,5,3619,0,1,1,NA,2,082,I-15 N/B,BEAR VALLEY RD,1800,S,N,A,-,Y,NA,NA,15,NA,NA,NA,NA,NA,N,Y,4,0,1,2,A,-,03,22350,NA,F,C,C,A,A,H,-,B,D,0,NA,NA,NA,NA,Y,NA,A,01,0,0,1,0,0,0,0,0,0,-,-,34.466148376464844,-117.34934997558594,SAN BERNARDINO,HESPERIA,-117.349365234375,34.466163635253906
9069316,2020,2020-08-10,3600,2020-05-01,2130,G6918,VC057,5,5,5,3612,0,0,0,NA,0,VC5,SENECA RD,SOUTH TRAIL,0,NA,Y,A,-,N,NA,NA,NA,NA,NA,NA,NA,NA,NA,Y,2,0,2,2,A,-,09,21801,A,N,D,C,A,A,H,-,C,A,0,NA,NA,NA,NA,Y,NA,A,01,1,1,0,0,0,0,0,0,0,-,-,NA,NA,SAN BERNARDINO,VICTORVILLE,-117.35553741455078,34.513999938964844
90720270,2018,2018-05-04,9860,2018-04-28,1345,019429,NA,6,1,9,3600,0,1,3,NA,1,010,SR-138,WAGON TRAIN RD,6864,E,N,A,-,N,NA,NA,NA,NA,NA,NA,NA,NA,NA,Y,4,0,1,2,A,-,05,21460,A,N,A,C,A,A,H,-,A,A,0,NA,NA,NA,NA,Y,NA,A,01,0,0,1,0,0,0,0,0,0,-,-,34.35918045043945,-117.43631744384766,SAN BERNARDINO,UNINCORPORATED,-117.45714569091795,34.32395935058594
90720413,2018,2018-05-07,9850,2018-04-25,0258,022015,NA,3,3,5,3619,0,1,1,NA,2,081,I-15 N/B,OAK HILL RD,2534,N,N,A,-,Y,NA,NA,15,NA,NA,NA,NA,NA,N,Y,3,0,1,2,A,-,08,22107,NA,N,E,I,A,A,H,-,A,D,0,NA,NA,NA,NA,Y,NA,A,01,0,1,0,0,0,0,0,0,0,-,-,34.367828369140625,-117.42804718017578,SAN BERNARDINO,HESPERIA,-117.42805480957033,34.367835998535156
90720418,2018,2018-05-07,9835,2018-04-29,2130,021765,NA,7,2,9,3600,0,1,1,NA,2,072,I-15 S/B,FIRST STREET,2640,S,N,A,-,Y,NA,NA,15,NA,NA,NA,NA,NA,S,Y,4,0,1,1,A,-,01,23152,A,N,E,I,A,A,H,-,D,D,0,NA,NA,NA,NA,Y,Y,A,07,0,0,1,0,0,0,0,0,0,-,-,34.91069030761719,-116.82872009277344,SAN BERNARDINO,UNINCORPORATED,-116.82872772216795,34.91074752807617
9072167,2020,2020-05-15,3602,2020-02-18,1636,4066,42,2,5,5,3602,0,0,0,NA,0,001,PIPELINE AV,WALNUT AV,0,NA,Y,A,-,N,NA,NA,NA,NA,NA,NA,NA,NA,NA,Y,4,0,2,2,A,-,12,21453,A,N,D,C,A,A,H,-,A,D,0,NA,NA,NA,NA,Y,NA,A,01,0,0,2,0,0,0,0,0,0,-,-,34.013389587402344,-117.42556762695313,SAN BERNARDINO,CHINO,-117.71550750732422,34.026119232177734
90722374,2018,2018-05-08,9834,2018-04-15,1212,016267,NA,7,1,9,3600,0,1,2,NA,1,093,US-95,HAVASU LAKE ROAD,4752,N,N,B,-,Y,NA,NA,95,NA,NA,NA,NA,NA,NA,Y,1,1,0,1,A,-,08,22107,NA,N,E,I,A,A,H,-,A,D,0,NA,NA,NA,NA,Y,NA,A,01,0,0,0,0,0,0,0,0,0,-,-,34.57157897949219,-114.64373016357422,SAN BERNARDINO,UNINCORPORATED,-114.64378356933594,34.57158660888672
9067662,2020,2020-05-18,3608,2020-02-15,1457,4387,NA,6,5,5,3608,0,0,0,NA,0,NA,BARTON RD,BELLEVUE AV,0,NA,Y,A,-,N,NA,NA,NA,NA,NA,NA,NA,NA,NA,Y,4,0,2,3,A,-,12,21453,A,N,D,C,A,A,H,-,A,A,0,NA,NA,NA,NA,Y,NA,A,07,0,0,2,0,0,0,0,0,0,-,-,NA,NA,SAN BERNARDINO,REDLANDS,-117.20665740966795,34.04658889770508
9067676,2020,2020-05-21,3608,2020-02-09,1755,3818,NA,7,5,5,3608,0,0,0,NA,0,NA,LUGONIA AV,GROVE ST,0,NA,Y,A,-,N,NA,NA,NA,NA,NA,NA,NA,NA,NA,N,4,0,1,2,A,-,03,22350,A,M,C,C,A,A,H,-,B,-,0,NA,NA,NA,NA,Y,NA,D,22,0,0,1,0,0,0,0,0,0,-,-,NA,NA,SAN BERNARDINO,REDLANDS,-117.16075897216795,34.070091247558594
90684060,2018,2018-04-10,9860,2018-03-09,1850,021169,NA,5,2,5,3608,0,1,1,NA,2,105,I-10 E/B,FORD ST,1350,W,N,B,-,Y,NA,NA,10,NA,NA,NA,NA,NA,E,N,4,0,2,2,A,-,07,21658,A,N,B,C,A,A,H,-,D,D,0,NA,NA,NA,NA,Y,NA,-,-,0,0,2,0,0,0,0,0,0,-,-,34.04500961303711,-117.15711212158205,SAN BERNARDINO,REDLANDS,-117.15711212158205,34.04500961303711
90656881,2018,2018-02-07,9834,2018-02-01,1445,020342,NA,4,2,9,3600,0,1,2,NA,1,091,US-95 N/B,OLD PARKER RD,250,N,N,A,-,Y,NA,NA,95,NA,NA,NA,NA,NA,N,Y,3,0,1,2,A,-,01,23152,A,N,D,C,A,A,H,-,A,D,0,NA,NA,NA,NA,Y,Y,A,01,0,1,0,0,0,0,0,0,0,-,-,34.12070846557617,-114.51007843017578,SAN BERNARDINO,UNINCORPORATED,-114.51004028320313,34.12071228027344
90690723,2018,2018-03-27,9855,2018-03-19,1528,017808,NA,1,2,6,3607,0,1,1,NA,2,103,I-10 E/B (SAN BERNARDINO FWY),ARCHIBALD AVE.,528,W,N,A,-,Y,NA,NA,10,NA,NA,NA,NA,NA,E,Y,4,0,1,2,A,-,03,22350,NA,N,C,C,A,A,H,-,A,D,0,NA,NA,NA,NA,Y,NA,A,01,0,0,1,0,0,0,0,0,0,-,-,34.06755828857422,-117.5974578857422,SAN BERNARDINO,ONTARIO,-117.5974578857422,34.067562103271484
90730724,2018,2018-05-21,9855,2018-05-18,1508,017649,NA,5,2,6,3607,0,1,1,NA,2,152,I-15 S/B (ONTARIO FWY),PHILADELPHIA ST.,70,N,N,A,-,Y,NA,NA,15,NA,NA,NA,NA,NA,S,Y,4,0,1,2,A,-,03,22350,NA,N,C,C,A,A,H,-,A,D,0,NA,NA,NA,NA,Y,NA,D,22,0,0,1,0,0,0,0,0,0,-,-,34.03438186645508,-117.55043029785156,SAN BERNARDINO,ONTARIO,-117.55045318603516,34.03438186645508
9069572,2020,2020-07-03,3600,2020-03-05,0213,C9499,YC404,4,5,4,3640,0,0,0,NA,0,YC3,OAK GLEN RD,AVENUE E,0,NA,Y,A,-,N,NA,NA,NA,NA,NA,NA,NA,NA,NA,N,3,0,2,2,A,-,12,21453,A,N,D,C,A,A,H,-,C,A,0,NA,NA,NA,NA,Y,NA,A,01,0,2,0,0,0,0,0,0,0,-,-,NA,NA,SAN BERNARDINO,YUCAIPA,-117.08177947998048,34.02544021606445
90697090,2018,2018-04-02,9865,2018-03-28,1525,015271,NA,3,2,9,3600,0,3,5,NA,2,001,GRASS VALLEY RD,BLUE JAY CUTOFF,0,NA,Y,A,-,N,NA,NA,NA,NA,NA,NA,NA,NA,NA,Y,3,0,1,2,A,-,09,21802,B,N,D,C,A,A,H,-,A,A,0,NA,NA,NA,NA,Y,NA,A,01,0,1,0,0,0,0,0,0,0,-,-,34.240089416503906,-117.21910858154295,SAN BERNARDINO,UNINCORPORATED,-117.21910858154295,34.24013900756836
90685330,2018,2018-03-20,9860,2018-03-09,1530,019725,NA,5,2,9,3600,1,1,1,NA,2,152,I-15 N/B,OAK HILL RD,10560,S,N,A,-,Y,NA,NA,15,NA,NA,NA,NA,NA,N,N,4,0,3,2,A,-,07,21658,A,F,B,C,A,A,H,-,A,D,0,NA,NA,NA,Y,Y,NA,G,25,0,0,3,0,0,0,0,0,0,-,-,34.34077835083008,-117.45834350585938,SAN BERNARDINO,UNINCORPORATED,-117.45833587646484,34.34076690673828
90732875,2018,2018-05-24,9850,2018-05-15,1507,022028,NA,2,2,9,3600,0,2,4,NA,2,066,PHELAN RD,JOHNSON RD,879,W,N,A,-,N,NA,NA,NA,NA,NA,NA,NA,NA,NA,Y,4,0,1,2,A,-,03,22350,NA,N,C,C,A,A,H,-,A,D,0,NA,NA,NA,NA,Y,NA,A,01,0,0,1,0,0,0,0,0,0,-,-,34.426429748535156,-117.55786895751952,SAN BERNARDINO,UNINCORPORATED,-117.5578842163086,34.4263916015625
90698673,2018,2018-04-04,9865,2018-03-26,1642,016179,NA,1,2,9,3600,0,1,3,NA,2,031,SR-38 (NORTH SHORE DR.),VAN DUSEN CANYON RD,10,E,N,A,-,Y,NA,NA,NA,NA,NA,NA,NA,NA,NA,Y,3,0,2,1,A,-,08,22107,NA,N,E,I,A,A,H,-,A,D,0,NA,NA,NA,NA,Y,NA,A,01,0,1,1,0,0,0,0,0,0,-,-,34.25191116333008,-116.8665008544922,SAN BERNARDINO,UNINCORPORATED,NA,NA
90735360,2018,2018-05-28,9855,2018-05-25,1855,017649,NA,5,2,6,3607,0,1,1,NA,2,101,I-10 E/B (SAN BERNARDINO FWY),MILLIKEN AVE.,1200,W,N,A,-,Y,NA,NA,10,NA,NA,NA,NA,NA,E,Y,4,0,1,2,A,-,03,22350,NA,N,C,C,A,A,H,-,A,D,0,NA,NA,NA,NA,Y,NA,A,07,0,0,1,0,0,0,0,0,0,-,-,34.06734848022461,-117.56507873535156,SAN BERNARDINO,ONTARIO,-117.56507873535156,34.06739807128906
90685494,2018,2018-03-20,9860,2018-03-12,1530,021375,NA,1,2,4,3603,0,1,1,NA,2,214,I-215 S/B,IOWA AVE,100,N,N,A,-,Y,NA,NA,215,NA,NA,NA,NA,NA,S,N,4,0,3,3,A,-,03,22350,NA,N,C,C,A,A,H,-,A,D,0,NA,NA,NA,NA,Y,NA,D,22,0,0,3,0,0,0,0,0,0,-,-,34.02431106567383,-117.33516693115234,SAN BERNARDINO,COLTON,-117.33524322509766,34.02437210083008
90700625,2018,2018-04-09,9860,2018-03-29,1610,017018,NA,4,2,6,3610,0,1,3,NA,2,259,SR-259 SOUTHBOUND,HIGHLAND AVE,1584,N,N,A,-,Y,NA,NA,259,NA,NA,NA,NA,NA,S,Y,3,0,1,1,A,-,01,23152,A,N,E,I,A,A,H,-,A,D,0,NA,NA,NA,NA,Y,Y,A,01,0,1,0,0,0,0,0,0,0,-,-,34.14363098144531,-117.3007583618164,SAN BERNARDINO,SAN BERNARDINO,-117.30076599121094,34.14363479614258
90737121,2018,2018-05-30,9834,2018-05-27,0910,016564,NA,7,1,9,3600,0,1,1,NA,2,042,I-40 W/B,GOFFS RD,12144,E,N,A,-,Y,NA,NA,40,NA,NA,NA,NA,NA,W,Y,3,0,1,1,A,-,08,22107,NA,N,F,A,A,A,H,-,A,D,0,NA,NA,NA,NA,Y,NA,A,01,0,1,0,0,0,0,0,0,0,-,-,34.8178596496582,-115.14756011962892,SAN BERNARDINO,UNINCORPORATED,-115.14756011962892,34.81787872314453
90701642,2018,2018-04-09,9855,2018-03-24,1855,020002,NA,6,2,6,3607,0,1,1,NA,2,152,I-15 S/B (ONTARIO FWY),AIRPORT DR.,930,S,N,A,-,Y,NA,NA,15,NA,NA,NA,NA,NA,S,Y,4,0,1,3,A,-,03,22350,NA,N,C,C,A,A,H,-,C,D,0,NA,NA,NA,NA,Y,NA,D,22,0,0,1,0,0,0,0,0,0,-,-,34.06005096435547,-117.54531097412108,SAN BERNARDINO,ONTARIO,-117.5452880859375,34.0600471496582
90738938,2018,2018-06-01,9860,2018-05-23,1148,017098,NA,3,1,6,3610,0,1,1,NA,2,202,SR-210 W/B TO H STREET,H ST,1000,E,N,B,-,Y,NA,NA,210,NA,NA,NA,R,NA,W,Y,3,0,1,1,A,-,08,22107,NA,N,E,I,A,A,H,-,A,D,0,NA,NA,NA,NA,Y,NA,A,01,0,1,0,0,0,0,0,0,0,-,-,34.14590835571289,-117.29766845703124,SAN BERNARDINO,SAN BERNARDINO,-117.29766845703124,34.14590835571289
90739266,2018,2018-06-01,9865,2018-05-25,1618,021064,NA,5,2,9,3600,0,2,4,NA,2,013,LAKE DRIVE,ROCKY DELL ROAD,435,W,N,A,-,N,NA,NA,NA,NA,NA,NA,NA,NA,NA,Y,4,0,1,3,A,-,05,21460,A,N,B,C,A,A,H,-,A,D,0,NA,NA,NA,NA,Y,NA,A,07,0,0,1,0,0,0,0,0,0,-,-,34.242610931396484,-117.28682708740234,SAN BERNARDINO,UNINCORPORATED,-117.28687286376952,34.24257278442383
90739720,2018,2018-06-04,9860,2018-05-25,1725,014777,NA,5,2,9,3600,0,1,1,NA,2,151,I-15 S/B,CLEGHORN ROAD,5525,S,N,A,-,Y,NA,NA,15,NA,NA,NA,NA,NA,S,Y,4,0,1,3,A,-,07,21658,A,N,B,C,A,A,H,-,A,D,0,NA,NA,NA,Y,Y,NA,A,01,0,0,1,0,0,0,0,0,0,-,-,34.28403854370117,-117.4523468017578,SAN BERNARDINO,UNINCORPORATED,-117.45223236083984,34.28403091430664
90739748,2018,2018-06-04,9860,2018-05-27,1040,014777,NA,7,1,9,3600,0,3,5,NA,2,002,DWIGHT WAY,PACIFIC STREET,246,S,N,A,-,N,NA,NA,NA,NA,NA,NA,NA,NA,NA,N,4,0,1,2,A,-,09,21804,A,N,D,C,A,A,H,-,A,D,0,NA,NA,NA,NA,Y,NA,A,01,0,0,1,0,0,0,0,0,0,-,-,34.127891540527344,-117.25601959228516,SAN BERNARDINO,UNINCORPORATED,-117.25597381591795,34.127925872802734
90739956,2018,2018-06-04,9860,2018-06-01,0515,016590,NA,5,3,4,3603,0,1,1,NA,2,214,I-215 S/B,WASHINGTON ST.,3696,N,N,A,-,Y,NA,NA,215,NA,NA,NA,NA,NA,S,Y,3,0,1,3,A,-,07,21658,A,N,C,C,A,A,H,-,B,D,0,NA,NA,NA,NA,Y,NA,A,01,0,1,0,0,0,0,0,0,0,-,-,34.0565185546875,-117.29857635498048,SAN BERNARDINO,COLTON,-117.29845428466795,34.05647277832031
90739961,2018,2018-06-04,9860,2018-06-01,1740,020856,NA,5,2,9,3600,0,1,1,NA,2,151,I-15 S/B,GLEN HELEN PARKWAY,1500,S,N,A,-,Y,NA,NA,15,NA,NA,NA,NA,NA,S,Y,4,0,1,1,A,-,08,22107,NA,N,E,I,A,A,H,-,A,D,0,NA,NA,NA,NA,Y,NA,A,01,0,0,1,0,0,0,0,0,0,-,-,34.198699951171875,-117.41790771484376,SAN BERNARDINO,UNINCORPORATED,-117.41786956787108,34.19867706298828
90704133,2018,2018-04-12,9860,2018-04-11,0640,014829,NA,3,1,9,3600,0,1,1,NA,2,152,I-15 S/B,SR-138,14784,N,N,A,-,Y,NA,NA,NA,NA,NA,NA,NA,NA,NA,N,4,0,1,2,A,-,03,22350,NA,N,C,C,A,A,H,-,A,D,0,NA,NA,NA,NA,Y,NA,A,01,0,0,1,0,0,0,0,0,0,-,-,34.31195831298828,-117.4782485961914,SAN BERNARDINO,UNINCORPORATED,NA,NA
90685875,2017,2018-03-20,9835,2017-12-30,0530,21765,NA,6,3,9,3600,0,1,1,NA,2,075,I-15 N/B,HALLORAN SPRINGS RD,370,N,N,A,-,Y,NA,NA,15,NA,NA,NA,NA,NA,N,Y,1,1,1,1,A,-,08,22107,NA,N,E,I,A,A,H,-,D,D,0,NA,NA,NA,NA,Y,Y,A,01,1,0,0,0,0,0,0,0,0,-,-,35.37806,-115.87932,SAN BERNARDINO,UNINCORPORATED,-115.87929965,35.37799329
90705359,2018,2018-04-13,9855,2018-04-01,1245,020151,NA,7,1,6,3607,0,1,3,NA,2,603,SR-60 E/B TO EUCLID AVE.,EUCLID AVE.,80,W,N,A,-,Y,NA,NA,60,NA,NA,NA,R,NA,E,N,4,0,1,3,A,-,03,22350,NA,F,C,C,A,A,H,-,A,D,0,NA,NA,NA,NA,Y,NA,A,01,0,0,1,0,0,0,0,0,0,-,-,34.02981948852539,-117.65144348144533,SAN BERNARDINO,ONTARIO,-117.65144348144533,34.02981948852539
90705687,2018,2018-04-16,9860,2018-04-12,2235,021030,NA,4,3,4,3603,0,1,1,NA,2,214,I-215 S/B,WASHINGTON ST,300,S,N,A,-,Y,NA,NA,215,NA,NA,NA,NA,NA,S,Y,4,0,1,3,A,-,01,23152,A,N,C,C,A,A,D,G,C,D,0,NA,NA,NA,NA,Y,Y,A,01,0,0,1,0,0,0,0,0,0,-,-,34.04711151123047,-117.30835723876952,SAN BERNARDINO,COLTON,-117.3083953857422,34.04716491699219
90707270,2018,2018-04-17,9834,2018-04-09,1405,017038,NA,1,2,9,3600,0,1,1,NA,2,040,INTERSTATE 40 EASTBOUND,ESSEX ROAD,24288,W,N,A,-,Y,NA,NA,40,NA,NA,NA,NA,NA,E,Y,3,0,1,1,A,-,01,23152,A,N,F,A,A,A,H,-,A,D,0,NA,NA,NA,NA,Y,Y,D,22,0,1,0,0,0,0,0,0,0,-,-,34.79574966430664,-115.39787292480467,SAN BERNARDINO,UNINCORPORATED,-115.39788055419922,34.7957878112793