CASE_ID,ACCIDENT_YEAR,PROC_DATE,JURIS,COLLISION_DATE,COLLISION_TIME,OFFICER_ID,REPORTING_DISTRICT,DAY_OF_WEEK,CHP_SHIFT,POPULATION,CNTY_CITY_LOC,SPECIAL_COND,BEAT_TYPE,CHP_BEAT_TYPE,CITY_DIVISION_LAPD,CHP_BEAT_CLASS,BEAT_NUMBER,PRIMARY_RD,SECONDARY_RD,DISTANCE,DIRECTION,INTERSECTION,WEATHER_1,WEATHER_2,STATE_HWY_IND,CALTRANS_COUNTY,CALTRANS_DISTRICT,STATE_ROUTE,ROUTE_SUFFIX,POSTMILE_PREFIX,POSTMILE,LOCATION_TYPE,RAMP_INTERSECTION,SIDE_OF_HWY,TOW_AWAY,COLLISION_SEVERITY,NUMBER_KILLED,NUMBER_INJURED,PARTY_COUNT,PRIMARY_COLL_FACTOR,PCF_CODE_OF_VIOL,PCF_VIOL_CATEGORY,PCF_VIOLATION,PCF_VIOL_SUBSECTION,HIT_AND_RUN,TYPE_OF_COLLISION,MVIW,PED_ACTION,ROAD_SURFACE,ROAD_COND_1,ROAD_COND_2,LIGHTING,CONTROL_DEVICE,CHP_ROAD_TYPE,PEDESTRIAN_ACCIDENT,BICYCLE_ACCIDENT,MOTORCYCLE_ACCIDENT,TRUCK_ACCIDENT,NOT_PRIVATE_PROPERTY,ALCOHOL_INVOLVED,STWD_VEHTYPE_AT_FAULT,CHP_VEHTYPE_AT_FAULT,COUNT_SEVERE_INJ,COUNT_VISIBLE_INJ,COUNT_COMPLAINT_PAIN,COUNT_PED_KILLED,COUNT_PED_INJURED,COUNT_BICYCLIST_KILLED,COUNT_BICYCLIST_INJURED,COUNT_MC_KILLED,COUNT_MC_INJURED,PRIMARY_RAMP,SECONDARY_RAMP,LATITUDE,LONGITUDE,COUNTY,CITY,POINT_X,POINT_Y
90862369,2018,2018-11-19,9850,2018-11-16,2048,021643,NA,5,2,5,3619,0,1,1,NA,2,081,I-15 N/B (BARSTOW FREEWAY),OAK HILL ROAD,1500,N,N,A,-,Y,NA,NA,15,NA,NA,NA,NA,NA,N,Y,4,0,3,2,A,-,01,23152,G,F,C,C,A,A,H,-,C,D,0,NA,NA,NA,NA,Y,Y,A,07,0,0,3,0,0,0,0,0,0,-,-,34.3654899597168,-117.4301300048828,SAN BERNARDINO,HESPERIA,-117.43016815185548,34.36552810668945
90863356,2018,2018-11-19,9855,2018-11-06,1435,018335,NA,2,2,6,3616,0,1,1,NA,2,152,I-15 N/B (ONTARIO FWY),FOOTHILL BLVD,800,N,N,A,-,Y,NA,NA,15,NA,NA,NA,NA,NA,N,Y,4,0,1,1,A,-,08,22107,NA,N,E,I,A,A,H,-,A,D,0,NA,NA,NA,NA,Y,NA,A,07,0,0,1,0,0,0,0,0,0,-,-,34.10976028442383,-117.52751922607422,SAN BERNARDINO,RANCHO CUCAMONGA,-117.52762603759766,34.10988998413086
90863729,2018,2018-11-20,9855,2018-11-07,0728,012923,NA,3,1,6,3604,0,1,1,NA,2,153,I-15 S/B (ONTARIO FWY),SR-210 E/B,645,N,N,B,-,Y,NA,NA,15,NA,NA,NA,NA,NA,S,N,4,0,2,2,A,-,03,22350,NA,F,C,C,A,A,H,-,A,D,0,NA,NA,NA,NA,Y,NA,A,01,0,0,2,0,0,0,0,0,0,-,-,34.1485481262207,-117.48165130615234,SAN BERNARDINO,FONTANA,-117.48159027099608,34.148475646972656
90864117,2018,2018-11-20,9855,2018-11-08,1305,018313,NA,4,1,5,3611,0,1,1,NA,2,203,SR-210 E/B (FOOTHILL FWY),MOUNTAIN AVE.,100,W,N,A,-,Y,NA,NA,210,NA,NA,NA,NA,NA,E,N,4,0,3,3,A,-,03,22350,NA,N,C,C,A,A,H,-,A,D,0,NA,NA,NA,NA,Y,NA,A,01,0,0,3,0,0,0,0,0,0,-,-,34.13460159301758,-117.67086029052734,SAN BERNARDINO,UPLAND,-117.67086029052734,34.13455581665039
90864203,2018,2018-11-20,9855,2018-11-08,0805,15763,NA,4,1,6,3607,0,1,3,NA,2,601,SR-60 W/B (POMONA FWY),MILLIKEN AVENUE,1056,W,N,A,-,Y,NA,NA,NA,NA,NA,NA,NA,NA,NA,Y,4,0,1,2,A,-,03,22350,NA,N,C,C,A,A,C,-,A,D,0,NA,NA,NA,NA,Y,NA,A,07,0,0,1,0,0,0,0,0,0,-,-,34.067588806152344,-117.56430053710938,SAN BERNARDINO,ONTARIO,-117.56175994873048,34.02511215209961
90864831,2018,2018-11-21,9860,2018-11-11,1055,014777,NA,7,1,5,3608,0,1,1,NA,2,104,I-10 E/B TO ALABAMA STREET,ALABAMA STREET,668,W,N,A,-,Y,NA,NA,10,NA,NA,NA,R,NA,E,Y,3,0,2,2,A,-,03,22350,NA,N,C,C,A,A,H,-,A,D,0,NA,NA,NA,NA,Y,NA,A,01,0,1,1,0,0,0,0,0,0,-,-,34.06623840332031,-117.21108245849608,SAN BERNARDINO,REDLANDS,-117.21108245849608,34.06623840332031
90865978,2018,2018-11-26,9860,2018-11-22,2030,021375,NA,4,2,6,3610,0,1,1,NA,2,202,SR-210 W/B,WATERMAN AVE,1500,W,N,B,-,Y,NA,NA,210,NA,NA,NA,NA,NA,W,Y,3,0,1,3,A,-,01,23152,A,N,B,C,A,A,H,-,C,D,0,NA,NA,NA,NA,Y,Y,A,01,0,1,0,0,0,0,0,0,0,-,-,34.1456413269043,-117.2885971069336,SAN BERNARDINO,SAN BERNARDINO,-117.2885971069336,34.14561080932617
90869098,2018,2018-11-28,9855,2018-11-15,1610,018313,NA,4,2,6,3604,0,1,1,NA,2,201,SR-210 E/B (FOOTHILL FWY),I-15,1500,E,N,A,-,Y,NA,NA,210,NA,NA,NA,NA,NA,E,N,4,0,1,2,A,-,03,22350,NA,N,C,C,A,A,H,-,A,D,0,NA,NA,NA,NA,Y,NA,A,07,0,0,1,0,0,0,0,0,0,-,-,34.13631820678711,-117.48084259033205,SAN BERNARDINO,FONTANA,-117.48084259033205,34.13627624511719
90869375,2018,2018-11-28,9850,2018-11-16,0845,017377,NA,5,1,5,3612,0,1,1,NA,2,083,INTERSTATE 15 SOUTHBOUND,NISQUALLI RD,300,S,N,A,-,Y,NA,NA,15,NA,NA,NA,NA,NA,S,Y,3,0,1,2,A,-,08,22107,NA,N,B,C,A,A,H,-,A,D,0,NA,NA,NA,Y,Y,NA,A,01,0,1,0,0,0,0,0,0,0,-,-,34.484989166259766,-117.3357391357422,SAN BERNARDINO,VICTORVILLE,-117.33576202392578,34.48500061035156
90872685,2018,2018-11-30,9855,2018-11-19,0422,020664,NA,1,3,5,3611,0,1,1,NA,2,203,SR-210 E/B (FOOTHILL FWY),EUCLID AVE.,800,W,N,A,-,Y,NA,NA,210,NA,NA,NA,NA,NA,E,Y,3,0,1,1,A,-,08,22107,NA,N,E,I,A,A,H,-,C,D,0,NA,NA,NA,NA,Y,NA,A,07,0,1,0,0,0,0,0,0,0,-,-,34.134429931640625,-117.6544189453125,SAN BERNARDINO,UPLAND,-117.6544189453125,34.13456726074219
90872920,2018,2018-12-03,9860,2018-11-24,2048,020572,NA,6,2,9,3600,0,3,5,NA,2,001,CAJON BLVD,OAKIE FLAT RD,1580,S,N,A,-,N,NA,NA,NA,NA,NA,NA,NA,NA,NA,N,4,0,1,2,A,-,03,22350,NA,N,C,C,A,A,H,-,D,D,0,NA,NA,NA,NA,Y,NA,A,01,0,0,1,0,0,0,0,0,0,-,-,34.266578674316406,-117.45932769775392,SAN BERNARDINO,UNINCORPORATED,-117.45932769775392,34.266578674316406
90873217,2018,2018-12-03,9860,2018-11-20,1200,019251,NA,2,1,4,3640,0,1,1,NA,2,106,I-10 E/B TO LIVE OAK CANYON RD.,LIVE OAK CANYON RD,953,W,N,A,-,Y,NA,NA,10,NA,NA,NA,R,NA,E,N,4,0,1,2,A,-,08,22107,NA,N,B,C,A,A,H,-,A,D,0,NA,NA,NA,NA,Y,NA,A,01,0,0,1,0,0,0,0,0,0,-,-,34.01824188232422,-117.09880065917967,SAN BERNARDINO,YUCAIPA,-117.09880065917967,34.01824188232422
90875331,2018,2018-12-04,9860,2018-11-28,1435,019599,NA,3,2,9,3600,0,2,4,NA,2,411,CEDAR AVE.,JURUPA AVE.,100,N,N,A,-,N,NA,NA,NA,NA,NA,NA,NA,NA,NA,N,4,0,1,2,A,-,03,22350,NA,F,C,C,A,A,H,-,A,A,0,NA,NA,NA,NA,Y,NA,A,08,0,0,1,0,0,0,0,0,0,-,-,34.049190521240234,-117.39644622802734,SAN BERNARDINO,UNINCORPORATED,-117.39639282226563,34.04879379272461
9087585,2020,2020-07-24,3610,2020-02-09,2035,51125,NA,7,5,6,3610,0,0,0,NA,0,POLICE,E BASELINE ST,N MYRTLE DR,232,E,N,B,-,N,NA,NA,NA,NA,NA,NA,NA,NA,NA,N,2,0,1,2,A,-,05,21202,A,N,B,G,A,A,H,-,C,A,0,NA,Y,NA,NA,Y,NA,L,04,1,0,0,0,0,0,1,0,0,-,-,NA,NA,SAN BERNARDINO,SAN BERNARDINO,-117.26871490478516,34.12133026123047
9087618,2020,2020-09-14,3601,2020-03-01,1820,94,NA,7,5,3,3601,0,0,0,NA,0,001,E MAIN ST,COOLWATER LN,47,N,N,A,-,N,NA,NA,NA,NA,NA,NA,NA,NA,NA,N,2,0,1,2,A,-,03,22350,NA,F,G,B,D,A,H,-,C,A,0,Y,NA,NA,NA,Y,NA,-,NA,1,0,0,0,1,0,0,0,0,-,-,NA,NA,SAN BERNARDINO,BARSTOW,-117.00395965576172,34.894039154052734
9087708,2020,2020-07-14,3610,2020-03-17,1514,50866,NA,2,5,6,3610,0,0,0,NA,0,DAVID,S E ST,FAIRWAY DR,210,S,N,B,-,N,NA,NA,NA,NA,NA,NA,NA,NA,NA,N,4,0,1,2,A,-,03,22350,NA,N,C,C,A,A,H,-,A,A,0,NA,NA,NA,NA,Y,NA,A,01,0,0,1,0,0,0,0,0,0,-,-,34.068870544433594,-117.29418182373048,SAN BERNARDINO,SAN BERNARDINO,-117.29407501220705,34.068275451660156
9087717,2020,2020-07-14,3610,2020-03-30,1715,51237,NA,1,5,6,3610,0,0,0,NA,0,DAVID,E 3RD ST,VICTORIA AV,0,NA,Y,A,-,N,NA,NA,NA,NA,NA,NA,NA,NA,NA,Y,4,0,1,2,A,-,08,22107,NA,N,D,C,A,A,H,-,A,B,0,NA,NA,NA,NA,Y,NA,A,01,0,0,1,0,0,0,0,0,0,-,-,34.10675048828125,-117.2260971069336,SAN BERNARDINO,SAN BERNARDINO,-117.22618865966795,34.10675811767578
90877520,2018,2018-12-06,9855,2018-11-26,1734,017808,NA,1,2,6,3607,0,1,3,NA,2,601,SR-60 E/B (POMONA FWY),HAVEN AVE.,1585,W,N,A,-,Y,NA,NA,60,NA,NA,NA,NA,NA,E,N,4,0,2,3,A,-,03,22350,NA,N,C,C,A,A,H,-,C,D,0,NA,NA,NA,Y,Y,NA,G,27,0,0,2,0,0,0,0,0,0,-,-,34.027679443359375,-117.57054138183594,SAN BERNARDINO,ONTARIO,-117.57061767578124,34.027408599853516
90877720,2018,2018-12-07,9860,2018-12-02,1830,020346,NA,7,2,6,3610,0,1,1,NA,2,103,I-10 W/B,WATERMAN AVE,1000,W,N,A,-,Y,NA,NA,10,NA,NA,NA,NA,NA,W,N,4,0,1,2,A,-,03,22350,NA,N,C,C,A,A,H,-,D,D,0,NA,NA,NA,NA,Y,NA,A,01,0,0,1,0,0,0,0,0,0,-,-,34.064109802246094,-117.28141021728516,SAN BERNARDINO,SAN BERNARDINO,-117.28141784667967,34.064231872558594
90878766,2018,2018-12-10,9860,2018-12-01,0300,020572,NA,6,3,4,3603,0,1,1,NA,2,103,I-10 E/B,MOUNT VERNON AVE,1056,E,N,A,-,Y,NA,NA,10,NA,NA,NA,NA,NA,E,Y,3,0,1,1,A,-,01,23152,A,N,F,A,A,A,H,-,C,D,0,NA,NA,NA,NA,Y,Y,A,01,0,1,0,0,0,0,0,0,0,-,-,34.064781188964844,-117.30950927734376,SAN BERNARDINO,COLTON,-117.30951690673828,34.064971923828125
90879544,2018,2018-12-10,9835,2018-11-30,0540,14807,NA,5,3,9,3600,0,1,1,NA,2,075,I-15 N/B,HALLORAN SUMMIT RD,208,S,N,B,-,Y,NA,NA,15,NA,NA,NA,NA,NA,N,Y,3,0,5,4,A,-,08,22107,NA,N,F,C,A,A,H,-,A,D,0,NA,NA,NA,Y,Y,NA,G,25,0,1,4,0,0,0,0,0,0,-,-,35.40047073364258,-115.79949951171876,SAN BERNARDINO,UNINCORPORATED,-115.79947662353516,35.40037536621094
90880111,2018,2018-12-11,9855,2018-11-29,1812,015826,NA,4,2,6,3604,0,1,1,NA,2,153,I-15 N/B (ONTARIO FWY),SIERRA AVE.,2500,S,N,B,C,Y,NA,NA,15,NA,NA,NA,NA,NA,N,N,4,0,1,2,A,-,03,22350,NA,N,C,C,A,B,H,-,D,D,0,NA,NA,NA,NA,Y,NA,A,01,0,0,1,0,0,0,0,0,0,-,-,34.17675018310547,-117.44309997558594,SAN BERNARDINO,FONTANA,-117.4431381225586,34.176822662353516
9088318,2020,2020-06-25,3600,2020-03-16,1348,E6889,HH121,1,5,5,3619,0,0,0,NA,0,HE1,COTTONWOOD AV,CASHEW ST,0,NA,Y,A,-,N,NA,NA,NA,NA,NA,NA,NA,NA,NA,Y,4,0,2,2,A,-,09,21802,A,N,D,C,A,A,H,-,A,A,0,NA,NA,NA,NA,Y,NA,D,22,0,0,2,0,0,0,0,0,0,-,-,NA,NA,SAN BERNARDINO,HESPERIA,-117.33847045898438,34.43600845336914
9088329,2020,2020-06-29,3604,2020-03-30,1712,1163,NA,1,5,6,3604,0,0,0,NA,0,NA,BASELINE AV,PALMETTO AV,0,NA,Y,A,-,N,NA,NA,NA,NA,NA,NA,NA,NA,NA,N,3,0,1,2,A,-,09,21801,A,N,D,C,A,A,H,-,A,A,0,NA,NA,NA,NA,Y,NA,D,22,0,1,0,0,0,0,0,0,0,-,-,NA,NA,SAN BERNARDINO,FONTANA,-117.42727661132813,34.121341705322266
90884771,2018,2019-01-09,9855,2018-12-07,1020,014637,NA,5,1,6,3616,0,1,1,NA,2,203,SR-210 W/B (FOOTHILL FWY),CARNELIAN ST.,25,W,N,A,-,Y,NA,NA,210,NA,NA,NA,NA,NA,W,Y,4,0,1,2,A,-,07,21658,A,N,D,C,A,A,H,-,A,D,0,NA,NA,NA,NA,Y,NA,A,08,0,0,1,0,0,0,0,0,0,-,-,34.1351318359375,-117.61637878417967,SAN BERNARDINO,RANCHO CUCAMONGA,-117.61637878417967,34.13502883911133
90885683,2018,2018-12-18,9865,2018-12-10,1540,020725,NA,1,2,9,3600,1,1,3,NA,1,034,SR-18,PARADISE WAY,5280,N,N,B,-,Y,NA,NA,18,NA,NA,NA,NA,NA,NA,N,3,0,2,2,A,-,16,24002,A,N,E,J,A,A,H,-,A,D,0,NA,NA,NA,NA,Y,NA,B,07,0,2,0,0,0,0,0,0,0,-,-,34.27239990234375,-116.8219985961914,SAN BERNARDINO,UNINCORPORATED,-116.82200622558594,34.272499084472656
90886416,2018,2018-12-19,9855,2018-12-11,0835,016268,NA,2,1,4,3605,0,1,1,NA,2,103,I-10 W/B (SAN BERNARDINO FWY),MILLS AVE.,1200,E,N,A,-,Y,NA,NA,10,NA,NA,NA,NA,NA,W,Y,4,0,1,3,A,-,03,22350,NA,N,C,C,A,A,H,-,A,D,0,NA,NA,NA,NA,Y,NA,A,01,0,0,1,0,0,0,0,0,0,-,-,34.08197021484375,-117.70626068115234,SAN BERNARDINO,MONTCLAIR,-117.70626068115234,34.081966400146484
90888544,2018,2018-12-24,9860,2018-12-22,0010,020626,NA,6,3,5,3608,0,1,1,NA,2,104,I-10 W/B FROM ORANGE ST. ON-RAMP,EUREKA AVE,220,E,N,A,-,Y,NA,NA,10,NA,NA,NA,R,NA,W,Y,2,0,3,2,A,-,01,23152,A,N,A,C,A,A,H,-,C,D,0,NA,NA,NA,NA,Y,Y,A,01,2,1,0,0,0,0,0,0,0,-,-,34.062110900878906,-117.18621063232422,SAN BERNARDINO,REDLANDS,-117.18621063232422,34.062110900878906
90890696,2018,2018-12-26,9855,2018-12-18,1720,017506,NA,2,2,5,3611,0,1,1,NA,2,203,SR-210 E/B (FOOTHILL FWY),MOUNTAIN AVE.,300,E,N,A,-,Y,NA,NA,210,NA,NA,NA,NA,NA,E,N,4,0,1,2,A,-,03,22350,NA,N,C,C,A,A,H,-,C,D,0,NA,NA,NA,NA,Y,NA,D,22,0,0,1,0,0,0,0,0,0,-,-,34.134429931640625,-117.66887664794922,SAN BERNARDINO,UPLAND,-117.66887664794922,34.13456726074219
90891254,2018,2018-12-27,9865,2018-12-25,1825,021720,NA,2,2,9,3600,0,1,3,NA,1,030,SR-18,SIBERIA CREEK TRL,6336,N,N,A,-,Y,NA,NA,18,NA,NA,NA,NA,NA,NA,Y,4,0,1,2,A,-,03,22350,NA,N,B,C,A,C,H,-,D,A,0,NA,NA,NA,NA,Y,NA,A,01,0,0,1,0,0,0,0,0,0,-,-,34.23780822753906,-117.02596282958984,SAN BERNARDINO,UNINCORPORATED,-117.02603149414063,34.237606048583984
90891847,2018,2018-12-27,9865,2018-12-16,1345,020872,NA,7,1,9,3600,0,1,3,NA,2,017,SR-173,3N34,1848,E,N,A,-,Y,NA,NA,173,NA,NA,NA,NA,NA,NA,Y,4,0,2,1,A,-,08,22107,NA,N,F,A,A,A,H,-,A,D,0,NA,NA,NA,NA,Y,NA,A,07,0,0,2,0,0,0,0,0,0,-,-,34.29645919799805,-117.21035766601563,SAN BERNARDINO,UNINCORPORATED,-117.21038055419922,34.29650115966797
90894131,2018,2018-12-31,9860,2018-12-21,1140,014963,NA,5,1,5,3608,0,1,1,NA,2,104,I-10 E/B,ALABAMA ST,1056,W,N,A,-,Y,NA,NA,10,NA,NA,NA,NA,NA,E,Y,4,0,3,3,A,-,03,22350,NA,N,C,C,A,A,H,-,A,D,0,NA,NA,NA,NA,Y,NA,A,01,0,0,3,0,0,0,0,0,0,-,-,34.06642150878906,-117.21446228027344,SAN BERNARDINO,REDLANDS,-117.21446228027344,34.06647872924805
90897002,2018,2019-01-03,9865,2018-12-27,1651,016179,NA,4,2,9,3600,0,1,3,NA,1,030,SR-18,SIBERIA CREEK TRL,7920,N,N,D,-,Y,NA,NA,18,NA,NA,NA,NA,NA,NA,Y,4,0,2,2,A,-,03,22350,NA,N,C,C,A,C,H,-,A,D,0,NA,NA,NA,NA,Y,NA,A,01,0,0,2,0,0,0,0,0,0,-,-,34.237998962402344,-117.02716827392578,SAN BERNARDINO,UNINCORPORATED,-117.02719879150392,34.23795700073242
90898433,2018,2019-01-07,9860,2018-12-28,1620,021169,NA,5,2,4,3618,0,1,1,NA,2,203,SR-210 W/B,5TH ST,1330,E,N,A,-,Y,NA,NA,210,NA,NA,NA,NA,NA,W,Y,4,0,1,3,A,-,03,22350,NA,N,C,C,A,A,H,-,A,D,0,NA,NA,NA,NA,Y,NA,A,01,0,0,1,0,0,0,0,0,0,-,-,34.10419845581055,-117.19925689697266,SAN BERNARDINO,HIGHLAND,-117.19920349121094,34.104190826416016
90899128,2018,2019-01-07,9850,2018-12-29,2217,020648,NA,6,3,5,3619,0,1,1,NA,2,082,I-15 N/B,BEAR VALLEY ROAD,8448,S,N,A,-,Y,NA,NA,15,NA,NA,NA,NA,NA,N,Y,4,0,1,2,A,-,03,22350,NA,N,C,C,A,A,H,-,D,D,0,NA,NA,NA,NA,Y,NA,A,01,0,0,1,0,0,0,0,0,0,-,-,34.45063018798828,-117.361572265625,SAN BERNARDINO,HESPERIA,-117.3615493774414,34.45061492919922
9090117,2020,2020-06-05,3600,2020-02-22,1758,G6204,RC033,6,5,6,3616,0,0,0,NA,0,005,ARROW RTE,HERMOSA AV,0,NA,Y,C,-,N,NA,NA,NA,NA,NA,NA,NA,NA,NA,Y,3,0,1,2,A,-,09,21801,A,N,F,C,A,B,H,-,B,A,0,NA,NA,NA,NA,Y,NA,A,07,0,1,0,0,0,0,0,0,0,-,-,NA,NA,SAN BERNARDINO,RANCHO CUCAMONGA,-117.5846710205078,34.099281311035156
90902354,2019,2019-01-11,9865,2019-01-06,0900,018392,NA,7,1,9,3600,0,3,5,NA,2,003,BALDWIN LAKE RD.,PARKWAY DR.,381,S,N,A,-,N,NA,NA,NA,NA,NA,NA,NA,NA,NA,Y,4,0,1,1,A,-,03,22350,NA,M,E,I,A,C,H,-,A,D,0,NA,NA,NA,NA,Y,NA,A,07,0,0,1,0,0,0,0,0,0,-,-,34.27756881713867,-116.79741668701172,SAN BERNARDINO,UNINCORPORATED,-116.79705047607422,34.277183532714844
90903123,2019,2019-01-14,9860,2019-01-05,1555,020346,NA,6,2,4,3640,0,1,1,NA,2,106,I-10 W/B,OAK GLEN RD,1500,E,N,C,-,Y,NA,NA,10,NA,NA,NA,NA,NA,W,Y,4,0,1,1,A,-,08,22107,NA,N,E,I,A,B,H,-,A,D,0,NA,NA,NA,NA,Y,NA,A,07,0,0,1,0,0,0,0,0,0,-,-,34.01470947265625,-117.0841064453125,SAN BERNARDINO,YUCAIPA,-117.08409881591795,34.014766693115234
90904178,2018,2019-01-14,9860,2018-12-09,1340,021363,NA,7,1,9,3600,0,2,4,NA,1,131,LYTLE CREEK ROAD,NATIONAL FOREST ROAD 2N79,1175,S,N,B,-,N,NA,NA,NA,NA,NA,NA,NA,NA,NA,Y,1,1,0,1,A,-,03,22350,NA,N,F,A,A,A,H,-,A,D,0,NA,NA,Y,NA,Y,NA,C,02,0,0,0,0,0,0,0,1,0,-,-,34.220909118652344,-117.46560668945313,SAN BERNARDINO,UNINCORPORATED,-117.46560668945313,34.220909118652344
90905737,2019,2019-01-16,9860,2019-01-15,1410,020654,NA,2,2,4,3603,0,1,1,NA,2,214,I-215 S/B,IOWA AVE,528,S,N,B,-,Y,NA,NA,215,NA,NA,NA,NA,NA,S,N,4,0,1,2,A,-,03,22350,NA,N,C,C,A,A,H,-,A,D,0,NA,NA,NA,NA,Y,NA,A,07,0,0,1,0,0,0,0,0,0,-,-,34.02159881591797,-117.33767700195313,SAN BERNARDINO,COLTON,-117.33773803710938,34.02165222167969
90907676,2019,2019-01-21,9860,2019-01-16,0908,020595,NA,3,1,9,3600,0,1,1,NA,2,152,I-15 S/B,SANTE FE ROAD,5280,N,N,E,-,Y,NA,NA,15,NA,NA,NA,NA,NA,S,Y,3,0,1,4,A,-,03,22350,NA,N,C,C,A,B,H,-,A,D,0,NA,NA,NA,NA,Y,NA,A,01,0,1,0,0,0,0,0,0,0,-,-,34.34458923339844,-117.46351623535156,SAN BERNARDINO,UNINCORPORATED,-117.46365356445313,34.34425354003906
9090772,2020,2020-07-01,3609,2020-02-29,1659,6421,RI141,6,5,5,3609,0,0,0,NA,0,004,FOOTHILL BL,ACACIA AV,0,NA,Y,A,-,N,NA,NA,NA,NA,NA,NA,NA,NA,NA,N,3,0,2,2,A,-,12,21453,A,N,D,C,A,A,H,-,A,A,0,NA,NA,NA,NA,Y,NA,-,-,0,1,1,0,0,0,0,0,0,-,-,34.10710144042969,-117.36170196533205,SAN BERNARDINO,RIALTO,-117.36164093017578,34.10676193237305
90907785,2019,2019-01-21,9860,2019-01-11,1852,016646,NA,5,2,4,3603,0,1,1,NA,2,214,I-215 S/B,IOWA AVENUE,400,S,N,A,-,Y,NA,NA,215,NA,NA,NA,NA,NA,S,N,4,0,2,3,A,-,07,21658,A,F,B,C,A,A,H,-,C,D,0,NA,NA,NA,NA,Y,NA,A,01,0,0,2,0,0,0,0,0,0,-,-,34.024078369140625,-117.33547973632813,SAN BERNARDINO,COLTON,-117.3354949951172,34.02408981323242
90907924,2019,2019-01-21,9835,2019-01-10,2115,022192,NA,4,2,3,3601,0,3,5,NA,2,032,E/B OLD HIGHWAY 58,RAMIREZ RD,3696,E,N,A,-,Y,NA,NA,NA,NA,NA,NA,NA,NA,NA,Y,3,0,1,1,A,-,08,22107,NA,N,E,J,A,A,H,-,D,D,0,NA,NA,NA,NA,Y,NA,A,01,0,1,0,0,0,0,0,0,0,-,-,34.91167068481445,-117.0326919555664,SAN BERNARDINO,BARSTOW,NA,NA
90909233,2019,2019-01-22,9865,2019-01-12,1830,019929,NA,6,2,9,3600,0,1,3,NA,1,030,SR-18,GLORY RIDGE RD.,1584,N,N,B,-,Y,NA,NA,18,NA,NA,NA,NA,NA,NA,Y,4,0,1,3,A,-,03,22350,NA,N,A,C,A,C,H,-,D,D,0,NA,NA,NA,NA,Y,NA,A,01,0,0,1,0,0,0,0,0,0,-,-,34.25019073486328,-116.9970703125,SAN BERNARDINO,UNINCORPORATED,-116.99706268310548,34.250179290771484
90909532,2019,2019-01-23,9855,2019-01-12,0429,020231,NA,6,3,4,3605,0,1,1,NA,2,103,I-10 W/B (SAN BERNARDINO FWY),MONTE VISTA AVE.,300,E,N,B,C,Y,NA,NA,10,NA,NA,NA,NA,NA,W,Y,4,0,1,2,A,-,01,23152,A,N,C,C,A,B,H,-,D,D,0,NA,NA,NA,NA,Y,Y,A,01,0,0,1,0,0,0,0,0,0,-,-,34.08264923095703,-117.69663238525392,SAN BERNARDINO,MONTCLAIR,-117.69664001464844,34.082672119140625
90909701,2019,2019-01-23,9850,2019-01-13,1730,021343,NA,7,2,9,3600,0,3,5,NA,2,005,OASIS ROAD,SOLANO ROAD,330,N,N,A,-,N,NA,NA,NA,NA,NA,NA,NA,NA,NA,Y,2,0,1,3,A,-,08,22107,NA,F,B,C,A,A,H,-,D,D,0,NA,NA,NA,NA,Y,NA,-,-,1,0,0,0,0,0,0,0,0,-,-,34.45256042480469,-117.6428680419922,SAN BERNARDINO,UNINCORPORATED,-117.64283752441406,34.45246505737305
9091088,2020,2020-07-08,3610,2020-03-20,2225,51122,NA,5,5,6,3610,0,0,0,NA,0,NA,E PACIFIC ST,ARDEN AV,615,W,N,A,-,N,NA,NA,NA,NA,NA,NA,NA,NA,NA,Y,3,0,2,2,A,-,05,21651,B,F,A,C,A,A,H,-,C,D,0,NA,NA,NA,Y,Y,Y,F,26,0,2,0,0,0,0,0,0,0,-,-,34.1285285949707,-117.23709869384766,SAN BERNARDINO,SAN BERNARDINO,-117.23690795898438,34.12855529785156
90911141,2019,2019-01-24,9834,2019-01-16,1815,017038,NA,3,2,9,3600,0,3,5,NA,2,003,LANFAIR ROAD,NATIONAL TRAILS HWY,55440,N,N,B,-,N,NA,NA,NA,NA,NA,NA,NA,NA,NA,Y,3,0,1,1,A,-,03,22350,NA,N,F,A,A,D,B,H,D,D,0,NA,NA,Y,NA,Y,NA,C,02,0,1,0,0,0,0,0,0,1,-,-,35.04684829711914,-115.16007995605467,SAN BERNARDINO,UNINCORPORATED,-115.16007995605467,35.04684829711914