CASE_ID,ACCIDENT_YEAR,PROC_DATE,JURIS,COLLISION_DATE,COLLISION_TIME,OFFICER_ID,REPORTING_DISTRICT,DAY_OF_WEEK,CHP_SHIFT,POPULATION,CNTY_CITY_LOC,SPECIAL_COND,BEAT_TYPE,CHP_BEAT_TYPE,CITY_DIVISION_LAPD,CHP_BEAT_CLASS,BEAT_NUMBER,PRIMARY_RD,SECONDARY_RD,DISTANCE,DIRECTION,INTERSECTION,WEATHER_1,WEATHER_2,STATE_HWY_IND,CALTRANS_COUNTY,CALTRANS_DISTRICT,STATE_ROUTE,ROUTE_SUFFIX,POSTMILE_PREFIX,POSTMILE,LOCATION_TYPE,RAMP_INTERSECTION,SIDE_OF_HWY,TOW_AWAY,COLLISION_SEVERITY,NUMBER_KILLED,NUMBER_INJURED,PARTY_COUNT,PRIMARY_COLL_FACTOR,PCF_CODE_OF_VIOL,PCF_VIOL_CATEGORY,PCF_VIOLATION,PCF_VIOL_SUBSECTION,HIT_AND_RUN,TYPE_OF_COLLISION,MVIW,PED_ACTION,ROAD_SURFACE,ROAD_COND_1,ROAD_COND_2,LIGHTING,CONTROL_DEVICE,CHP_ROAD_TYPE,PEDESTRIAN_ACCIDENT,BICYCLE_ACCIDENT,MOTORCYCLE_ACCIDENT,TRUCK_ACCIDENT,NOT_PRIVATE_PROPERTY,ALCOHOL_INVOLVED,STWD_VEHTYPE_AT_FAULT,CHP_VEHTYPE_AT_FAULT,COUNT_SEVERE_INJ,COUNT_VISIBLE_INJ,COUNT_COMPLAINT_PAIN,COUNT_PED_KILLED,COUNT_PED_INJURED,COUNT_BICYCLIST_KILLED,COUNT_BICYCLIST_INJURED,COUNT_MC_KILLED,COUNT_MC_INJURED,PRIMARY_RAMP,SECONDARY_RAMP,LATITUDE,LONGITUDE,COUNTY,CITY,POINT_X,POINT_Y
90911223,2019,2019-01-24,9860,2019-01-15,0505,020595,NA,2,3,4,3640,0,1,1,NA,2,106,I-10 E/B,WABASH AVE,2640,E,N,B,-,Y,NA,NA,NA,NA,NA,NA,NA,NA,NA,Y,3,0,2,2,A,-,03,22350,NA,N,C,C,A,A,H,-,D,D,0,NA,NA,NA,Y,Y,NA,G,25,0,2,0,0,0,0,0,0,0,-,-,34.02994155883789,-117.1313934326172,SAN BERNARDINO,YUCAIPA,-117.13106536865234,34.02986526489258
90912475,2019,2019-01-25,9855,2019-01-15,0810,014980,NA,2,1,5,3630,0,1,3,NA,2,071,SR-71 N/B TO PEYTON/RIVERSIDE,PEYTON DR.,700,S,N,B,-,Y,NA,NA,71,NA,NA,NA,R,NA,N,Y,4,0,1,2,A,-,03,22350,NA,N,C,C,A,B,H,-,A,D,0,NA,NA,NA,NA,Y,NA,A,01,0,0,1,0,0,0,0,0,0,-,-,34.0172004699707,-117.74127960205078,SAN BERNARDINO,CHINO HILLS,-117.74127960205078,34.0172004699707
90912648,2019,2019-01-25,9860,2019-01-16,1315,016800,NA,3,1,4,3603,0,1,1,NA,2,214,I-215 N/B TO MT. VERNON AVE,WASHINGTON ST,332,S,N,B,C,Y,NA,NA,215,NA,NA,NA,R,NA,N,Y,4,0,1,2,A,-,03,22350,NA,N,E,I,A,B,H,-,A,D,0,NA,NA,NA,NA,Y,NA,A,01,0,0,1,0,0,0,0,0,0,-,-,34.046730041503906,-117.30819702148438,SAN BERNARDINO,COLTON,-117.30819702148438,34.046730041503906
90912960,2019,2019-01-25,9855,2019-01-16,2050,017597,NA,3,2,6,3607,0,1,1,NA,2,101,I-10 W/B (SAN BERNARDINO FWY),ETIWANDA AVE.,20,W,N,B,C,Y,NA,NA,10,NA,NA,NA,NA,NA,W,Y,4,0,1,1,A,-,03,22350,NA,N,E,I,A,B,H,-,C,D,0,NA,NA,NA,NA,Y,NA,A,01,0,0,1,0,0,0,0,0,0,-,-,34.067630767822266,-117.52455139160156,SAN BERNARDINO,ONTARIO,-117.52455139160156,34.06768035888672
90914348,2019,2019-01-29,9860,2019-01-23,1600,021169,NA,3,2,6,3610,0,1,1,NA,2,202,SR-210 E/B,GOLDEN AVE,500,W,N,A,-,Y,NA,NA,210,NA,NA,NA,NA,NA,E,Y,4,0,1,3,A,-,04,21703,NA,N,C,C,A,A,H,-,A,D,0,NA,NA,NA,NA,Y,NA,A,07,0,0,1,0,0,0,0,0,0,-,-,34.14400100708008,-117.2629165649414,SAN BERNARDINO,SAN BERNARDINO,-117.2629165649414,34.14401626586914
90914389,2019,2019-01-29,9860,2019-01-20,2230,021587,NA,7,3,5,3608,0,1,1,NA,2,203,SR-210 E/B,SAN BERNARDINO AVE,528,E,N,B,-,Y,NA,NA,210,NA,NA,NA,NA,NA,E,Y,4,0,3,1,A,-,08,22107,NA,N,E,I,A,A,H,-,C,D,0,NA,NA,NA,NA,Y,NA,A,01,0,0,3,0,0,0,0,0,0,-,-,34.07522964477539,-117.20073699951172,SAN BERNARDINO,REDLANDS,-117.20086669921876,34.07522964477539
90914559,2019,2019-01-29,9855,2019-01-17,0350,020690,NA,4,3,5,3611,0,1,1,NA,2,203,SR-210 E/B (FOOTHILL FWY),AMETHYST ST.,500,W,N,B,C,Y,NA,NA,NA,NA,NA,NA,NA,NA,NA,Y,3,0,1,2,A,-,08,22107,NA,N,B,C,A,B,H,-,D,D,0,NA,NA,NA,Y,Y,NA,A,01,0,1,0,0,0,0,0,0,0,-,-,34.13486099243164,-117.60008239746094,SAN BERNARDINO,UPLAND,-117.59993743896484,34.134883880615234
90914918,2019,2019-01-29,9860,2019-01-26,1215,019321,NA,6,1,9,3600,0,2,4,NA,2,411,CEDAR AVE.,I-10 WB TO CEDAR AVE.,20,N,N,A,-,N,NA,NA,NA,NA,NA,NA,NA,NA,NA,N,4,0,1,2,A,-,03,22350,NA,N,C,C,A,A,H,-,A,A,0,NA,NA,NA,NA,Y,NA,A,01,0,0,1,0,0,0,0,0,0,-,-,34.06901931762695,-117.39608001708984,SAN BERNARDINO,UNINCORPORATED,-117.39608764648438,34.06904220581055
90915706,2019,2019-01-30,9850,2019-01-30,0740,017377,NA,3,1,9,3600,0,2,4,NA,2,066,PHELAN ROAD,JOHNSON ROAD,40,E,N,A,-,N,NA,NA,NA,NA,NA,NA,NA,NA,NA,N,4,0,1,2,A,-,03,22350,NA,N,C,C,A,A,H,-,A,A,0,NA,NA,NA,NA,Y,NA,A,07,0,0,1,0,0,0,0,0,0,-,-,34.42641830444336,-117.55477142333984,SAN BERNARDINO,UNINCORPORATED,-117.55484771728516,34.42641830444336
90916724,2019,2019-04-18,9855,2019-01-18,0636,013860,NA,5,1,6,3616,0,1,1,NA,2,201,SR-210 W/B (FOOTHILL FWY),MILLIKEN AVE.,4139,E,N,A,-,Y,NA,NA,210,NA,NA,NA,NA,NA,W,Y,4,0,1,3,A,-,07,21658,A,N,B,C,A,A,H,-,A,D,0,NA,NA,NA,Y,Y,NA,A,01,0,0,1,0,0,0,0,0,0,-,-,34.13669967651367,-117.54460144042967,SAN BERNARDINO,RANCHO CUCAMONGA,-117.54460144042967,34.136688232421875
9092033,2020,2020-08-04,3600,2020-04-14,1641,G5366,VC086,2,5,5,3612,0,0,0,NA,0,VC4,AMETHYST RD,LA MESA RD,0,NA,Y,A,-,N,NA,NA,NA,NA,NA,NA,NA,NA,NA,N,4,0,1,2,A,-,12,21457,A,N,A,C,A,A,D,-,A,A,0,NA,NA,NA,NA,Y,NA,-,-,0,0,1,0,0,0,0,0,0,-,-,NA,NA,SAN BERNARDINO,VICTORVILLE,-117.36431121826172,34.48490905761719
90920818,2018,2019-02-06,9870,2018-02-07,2205,020213,NA,3,3,9,3600,0,1,3,NA,1,011,SR-62 (TWENTYNINE PALMS HIGHWAY),FOBES ROAD,158,E,N,A,-,Y,NA,NA,62,NA,NA,NA,NA,NA,NA,Y,1,1,0,1,A,-,16,24002,A,N,E,I,A,A,H,-,D,D,0,NA,NA,NA,Y,Y,NA,G,25,0,0,0,0,0,0,0,0,0,-,-,34.07339096069336,-116.54562377929688,SAN BERNARDINO,UNINCORPORATED,-116.545654296875,34.07344055175781
90922692,2019,2019-02-11,9860,2019-02-07,1745,021169,NA,4,2,6,3610,0,1,1,NA,2,202,SR-210 E/B,GOLDEN AVE,565,E,N,A,-,Y,NA,NA,210,NA,NA,NA,NA,NA,E,N,4,0,1,2,A,-,03,22350,NA,N,C,C,A,A,H,-,D,D,0,NA,NA,NA,NA,Y,NA,A,01,0,0,1,0,0,0,0,0,0,-,-,34.143619537353516,-117.25911712646484,SAN BERNARDINO,SAN BERNARDINO,-117.25912475585938,34.14356231689453
90923004,2019,2019-02-11,9835,2019-01-31,1555,020109,NA,4,2,9,3600,0,3,5,NA,2,032,JASPER RD,BIRCH RD,0,NA,Y,B,-,N,NA,NA,NA,NA,NA,NA,NA,NA,NA,Y,4,0,2,2,A,-,09,21802,A,N,D,C,A,B,H,-,A,A,0,NA,NA,NA,NA,Y,NA,A,01,0,0,2,0,0,0,0,0,0,-,-,34.88130187988281,-117.10648345947266,SAN BERNARDINO,UNINCORPORATED,-117.10653686523438,34.88125991821289
90923105,2019,2019-02-11,9860,2019-01-31,0255,020135,NA,4,3,5,3608,0,1,1,NA,2,105,I-10 W/B,WABASH AVE,1056,W,N,A,-,Y,NA,NA,10,NA,NA,NA,NA,NA,W,Y,4,0,1,1,A,-,08,22107,NA,N,E,I,A,A,D,-,D,D,0,NA,NA,NA,NA,Y,NA,A,01,0,0,1,0,0,0,0,0,0,-,-,34.03466033935547,-117.14325714111328,SAN BERNARDINO,REDLANDS,-117.14324951171876,34.03470230102539
90923674,2019,2019-02-11,9860,2019-02-05,0855,014963,NA,2,1,6,3610,0,1,1,NA,2,103,I-10 W/B TO I-215 S/B,COOLEY DR,157,N,N,A,-,Y,NA,NA,NA,NA,NA,NA,NA,NA,NA,Y,4,0,1,2,A,-,08,22107,NA,N,B,C,A,A,H,-,A,D,0,NA,NA,NA,NA,Y,NA,A,01,0,0,1,0,0,0,0,0,0,-,-,34.06039810180664,-117.29821014404295,SAN BERNARDINO,SAN BERNARDINO,-117.2126235961914,34.11677169799805
90924219,2018,2019-10-14,9870,2018-11-21,2145,019709,NA,3,2,9,3600,0,3,5,NA,2,003,BORDER AVENUE,RECHE ROAD,1141,S,N,A,-,N,NA,NA,NA,NA,NA,NA,NA,NA,NA,Y,1,1,0,1,A,-,08,22107,NA,N,E,I,A,A,H,-,D,D,0,NA,NA,NA,NA,Y,NA,A,07,0,0,0,0,0,0,0,0,0,-,-,34.26264190673828,-116.29878997802734,SAN BERNARDINO,UNINCORPORATED,-116.29894256591795,34.26286697387695
9092452,2020,2020-07-29,3610,2020-04-14,2350,51248,NA,2,5,6,3610,0,0,0,NA,0,CHARLI,NORTH WATERMAN AV,E GILBERT ST,358,S,N,A,-,N,NA,NA,NA,NA,NA,NA,NA,NA,NA,Y,4,0,1,2,A,-,08,22100,B,M,B,C,A,A,H,-,C,D,0,NA,NA,NA,NA,Y,NA,A,01,0,0,1,0,0,0,0,0,0,-,-,34.126808166503906,-117.27880859375,SAN BERNARDINO,SAN BERNARDINO,-117.27879333496094,34.12582015991211
90925364,2019,2019-02-13,9865,2019-02-09,0920,017407,NA,6,1,9,3600,0,1,3,NA,1,022,STATE ROUTE 18,CONIFER CAMP RD,147,S,N,D,-,Y,NA,NA,18,NA,NA,NA,NA,NA,NA,N,4,0,1,2,A,-,08,22107,NA,F,D,C,A,C,H,-,A,A,0,NA,NA,NA,NA,Y,NA,D,22,0,0,1,0,0,0,0,0,0,-,-,34.205230712890625,-117.08740997314452,SAN BERNARDINO,UNINCORPORATED,-117.08750152587892,34.2052116394043
90928361,2019,2019-02-19,9835,2019-02-14,1217,16820,NA,4,1,3,3601,0,1,1,NA,2,071,I-15 N/B,L STREET,3168,N,N,B,C,Y,NA,NA,15,NA,NA,NA,NA,NA,N,Y,3,0,1,1,A,-,03,22350,NA,N,E,I,A,B,F,-,A,D,0,NA,NA,NA,NA,Y,NA,A,01,0,1,0,0,0,0,0,0,0,-,-,34.88636016845703,-117.04530334472656,SAN BERNARDINO,BARSTOW,-117.04524993896484,34.885868072509766
90928790,2019,2019-02-19,9855,2019-02-08,1535,015919,NA,5,2,5,3611,0,1,1,NA,2,203,SR-210 E/B TO CAMPUS AVENUE,CAMPUS AVE.,2,W,N,A,-,Y,NA,NA,210,NA,NA,NA,R,NA,E,N,4,0,1,2,A,-,03,22350,NA,N,C,C,A,A,H,-,A,A,0,NA,NA,NA,NA,Y,NA,A,01,0,0,1,0,0,0,0,0,0,-,-,34.13414001464844,-117.63607025146484,SAN BERNARDINO,UPLAND,-117.63607025146484,34.13414001464844
90928890,2019,2019-06-21,9855,2019-02-06,0735,015626,NA,3,1,5,3602,0,1,3,NA,2,603,SR-60 E/B (POMONA FWY),MOUNTAIN AVE.,2085,W,N,A,-,Y,NA,NA,60,NA,NA,NA,NA,NA,E,N,4,0,1,2,A,-,03,22350,NA,M,C,C,A,A,H,-,A,D,0,NA,NA,NA,NA,Y,NA,A,01,0,0,1,0,0,0,0,0,0,-,-,34.03025817871094,-117.67469787597656,SAN BERNARDINO,CHINO,-117.67469787597656,34.0302619934082
90929626,2019,2019-10-25,9860,2019-02-01,2346,019674,NA,5,3,9,3600,0,3,5,NA,2,002,DEL ROSA DRIVE,BESSANT STREET,50,N,N,B,C,N,NA,NA,NA,NA,NA,NA,NA,NA,NA,Y,2,0,1,2,A,-,08,22107,NA,N,D,C,A,A,H,-,C,D,0,NA,NA,Y,NA,Y,Y,J,48,1,0,0,0,0,0,0,0,1,-,-,34.12456130981445,-117.25253295898438,SAN BERNARDINO,UNINCORPORATED,-117.25253295898438,34.12447738647461
90935433,2019,2019-02-27,9855,2019-02-18,1500,020533,NA,1,2,6,3604,0,1,1,NA,2,101,I-10 W/B (SAN BERNARDINO FWY),CHERRY AVE.,1000,W,N,A,-,Y,NA,NA,10,NA,NA,NA,NA,NA,W,Y,4,0,1,3,A,-,03,22350,NA,N,C,C,A,A,H,-,A,D,0,NA,NA,NA,NA,Y,NA,A,08,0,0,1,0,0,0,0,0,0,-,-,34.06586837768555,-117.49275207519533,SAN BERNARDINO,FONTANA,-117.49275207519533,34.06590270996094
90935971,2019,2019-02-28,9860,2019-02-19,1730,020051,NA,2,2,6,3610,0,1,1,NA,2,202,SR-210 E/B,DEL ROSA AVE.,200,E,N,A,-,Y,NA,NA,210,NA,NA,NA,NA,NA,E,N,4,0,1,2,A,-,03,22350,NA,N,C,C,A,A,H,-,B,D,0,NA,NA,NA,NA,Y,NA,A,01,0,0,1,0,0,0,0,0,0,-,-,34.14213943481445,-117.25157928466795,SAN BERNARDINO,SAN BERNARDINO,-117.25159454345705,34.14209747314453
90936293,2019,2019-02-28,9865,2019-02-16,0945,018392,NA,6,1,9,3600,0,3,5,NA,2,001,SCENIC DR.,BOWL RD.,13,S,N,A,-,N,NA,NA,NA,NA,NA,NA,NA,NA,NA,N,4,0,1,2,A,-,03,22350,NA,N,A,C,A,C,H,-,A,D,0,NA,NA,NA,NA,Y,NA,A,07,0,0,1,0,0,0,0,0,0,-,-,34.239078521728516,-117.27960205078124,SAN BERNARDINO,UNINCORPORATED,-117.27957916259766,34.23902130126953
90937502,2019,2019-03-01,9835,2019-02-21,2053,21307,NA,4,2,9,3600,0,1,1,NA,2,077,INTERSTATE 15 S/B,YATES WELL RD,9134,N,N,B,D,Y,NA,NA,15,NA,NA,NA,NA,NA,S,Y,3,0,2,5,A,-,07,21658,A,N,C,C,A,C,H,-,D,D,0,NA,NA,NA,Y,Y,NA,G,25,0,2,0,0,0,0,0,0,0,-,-,35.56385040283203,-115.41007232666016,SAN BERNARDINO,UNINCORPORATED,-115.41010284423828,35.563865661621094
9093826,2020,2020-09-22,3600,2020-04-17,0058,G8602,VC066,5,5,5,3612,0,0,0,NA,0,004,RT 395,CACTUS RD,372,S,N,A,-,Y,SBD,8,395,-,-,12.96,H,-,N,Y,3,0,2,2,A,-,08,22107,NA,N,D,-,A,A,H,-,D,D,0,NA,NA,NA,NA,Y,NA,A,01,0,1,1,0,0,0,0,0,0,-,-,NA,NA,SAN BERNARDINO,VICTORVILLE,-117.39942932128906,34.533363342285156
9093992,2020,2020-07-16,3600,2020-04-09,1733,F6295,HI007,4,5,4,3618,0,0,0,NA,0,HI1,6TH ST,LANKERSHIM AV,0,NA,Y,B,C,N,NA,NA,NA,NA,NA,NA,NA,NA,NA,N,4,0,1,2,A,-,09,21802,A,N,D,C,A,B,H,-,A,A,0,NA,NA,Y,NA,Y,NA,C,06,0,0,1,0,0,0,0,0,0,-,-,NA,NA,SAN BERNARDINO,HIGHLAND,-117.2349090576172,34.110328674316406
90941483,2018,2019-09-24,9870,2018-09-22,2100,019593,NA,6,2,9,3600,0,3,5,NA,2,001,JUNIPER AVENUE,PIONEER DRIVE,225,S,N,A,-,N,NA,NA,NA,NA,NA,NA,NA,NA,NA,Y,1,1,1,1,A,-,17,21712,A,N,H,A,A,A,H,-,D,D,0,NA,NA,NA,NA,Y,NA,A,07,0,1,0,0,0,0,0,0,0,-,-,34.053321838378906,-116.589599609375,SAN BERNARDINO,UNINCORPORATED,-116.58954620361328,34.053375244140625
90941644,2019,2019-03-07,9860,2019-02-23,2140,021392,NA,6,2,6,3610,0,1,1,NA,2,216,I-215 N/B FROM HIGHLAND AVE.,HIGHLAND AVE.,0,NA,Y,A,-,Y,NA,NA,215,NA,NA,NA,R,NA,N,N,2,0,1,1,A,-,03,22350,NA,N,E,I,A,A,H,-,C,A,0,NA,Y,NA,NA,Y,NA,L,04,1,0,0,0,0,0,1,0,0,-,-,34.1362190246582,-117.31165313720705,SAN BERNARDINO,SAN BERNARDINO,-117.31165313720705,34.1362190246582
90943855,2019,2019-03-15,9860,2019-02-24,0030,021375,NA,7,3,6,3610,0,1,3,NA,2,259,SR-259 S/B,HIGHLAND AVE,300,N,N,A,-,Y,NA,NA,259,NA,NA,NA,NA,NA,S,Y,4,0,1,1,A,-,01,23152,A,N,E,I,A,A,H,-,D,D,0,NA,NA,NA,NA,Y,Y,A,01,0,0,1,0,0,0,0,0,0,-,-,34.13911056518555,-117.3026123046875,SAN BERNARDINO,SAN BERNARDINO,-117.30268096923828,34.13911056518555
90944710,2019,2019-03-12,9860,2019-02-19,1417,016646,NA,2,2,3,3690,0,1,1,NA,2,214,I-215 S/B,BARTON ROAD,285,N,N,A,-,Y,NA,NA,215,NA,NA,NA,NA,NA,S,Y,3,0,3,3,A,-,08,22107,NA,N,B,C,A,A,D,E,A,D,0,NA,NA,NA,NA,Y,NA,A,07,0,2,1,0,0,0,0,0,0,-,-,34.034568786621094,-117.32421875,SAN BERNARDINO,GRAND TERRACE,-117.3242645263672,34.03462219238281
90945102,2019,2019-03-13,9860,2019-03-02,1930,020626,NA,6,2,6,3610,0,1,1,NA,2,216,I-215 S/B,UNIVERSITY PKY,1400,S,N,B,C,Y,NA,NA,215,NA,NA,NA,NA,NA,S,Y,3,0,1,1,A,-,03,22350,NA,N,F,A,A,B,H,-,C,D,0,NA,NA,NA,NA,Y,NA,A,07,0,1,0,0,0,0,0,0,0,-,-,34.1611213684082,-117.3305435180664,SAN BERNARDINO,SAN BERNARDINO,-117.33056640625,34.161094665527344
90945707,2019,2019-03-13,9860,2019-03-03,1247,019269,NA,7,1,9,3600,0,1,1,NA,2,152,I-15 N/B,SR-138,13728,N,N,A,-,Y,NA,NA,15,NA,NA,NA,NA,NA,N,Y,3,0,1,2,A,-,03,22350,NA,N,C,C,A,A,H,-,A,D,0,NA,NA,NA,Y,Y,NA,A,01,0,1,0,0,0,0,0,0,0,-,-,34.33993911743164,-117.46871185302734,SAN BERNARDINO,UNINCORPORATED,-117.46869659423828,34.34006881713867
9094612,2020,2020-07-22,3610,2020-04-07,0758,50584,NA,2,5,6,3610,0,0,0,NA,0,DAVID,CENTRAL AV,EDISON POLE 4250253F,288,E,N,B,-,N,NA,NA,NA,NA,NA,NA,NA,NA,NA,Y,3,0,1,1,A,-,08,22107,NA,N,A,I,A,A,H,-,A,A,0,NA,NA,NA,NA,Y,NA,A,01,0,1,0,0,0,0,0,0,0,-,-,34.085880279541016,-117.25972747802734,SAN BERNARDINO,SAN BERNARDINO,NA,NA
90946525,2019,2019-03-14,9860,2019-03-04,0755,014829,NA,1,1,9,3600,0,1,1,NA,2,151,I-15 S/B,CLEGHORN ROAD,2640,S,N,B,-,Y,NA,NA,15,NA,NA,NA,NA,NA,S,N,4,0,1,2,A,-,04,21703,NA,N,C,C,A,A,H,-,A,D,0,NA,NA,NA,NA,Y,NA,A,01,0,0,1,0,0,0,0,0,0,-,-,34.289188385009766,-117.45178985595705,SAN BERNARDINO,UNINCORPORATED,-117.45191192626952,34.28916931152344
90946538,2019,2019-03-14,9860,2019-03-04,1100,019321,NA,1,1,5,3609,0,1,1,NA,2,102,I-10 W/B,RIVERSIDE AVE.,2112,E,N,B,-,Y,NA,NA,NA,NA,NA,NA,NA,NA,NA,N,4,0,1,2,A,-,03,22350,NA,N,C,C,A,A,H,-,A,D,0,NA,NA,NA,NA,Y,NA,A,07,0,0,1,0,0,0,0,0,0,-,-,34.06890869140625,-117.36312866210938,SAN BERNARDINO,RIALTO,-117.36331939697266,34.068931579589844
90947169,2019,2019-03-15,9835,2019-03-06,0613,020883,NA,3,1,9,3600,0,3,5,NA,2,039,KELBAKER RD,KELSO CIMA RD,5808,W,N,B,-,N,NA,NA,NA,NA,NA,NA,NA,NA,NA,Y,4,0,1,1,A,-,08,22107,NA,N,E,I,A,A,H,-,A,D,0,NA,NA,NA,NA,Y,NA,D,22,0,0,1,0,0,0,0,0,0,-,-,35.02452850341797,-115.6638412475586,SAN BERNARDINO,UNINCORPORATED,-115.66422271728516,35.02540588378906
90947392,2019,2019-03-18,9860,2019-03-05,1345,019725,NA,2,1,9,3600,0,3,5,NA,2,004,RANCHO AVENUE,I-10 WESTBOUND FROM RANCHO AVE ON-RAMP,0,NA,Y,A,-,N,NA,NA,NA,NA,NA,NA,NA,NA,NA,Y,4,0,1,2,A,-,12,21453,A,N,D,C,A,A,H,-,A,A,0,NA,NA,NA,NA,Y,NA,D,22,0,0,1,0,0,0,0,0,0,-,-,34.067989349365234,-117.33580780029295,SAN BERNARDINO,UNINCORPORATED,-117.335765,34.06793
90947403,2019,2019-03-18,9860,2019-02-28,1340,016646,NA,4,1,4,3603,0,1,1,NA,2,214,I-215 S/B,IOWA AVENUE,450,N,N,A,-,Y,NA,NA,215,NA,NA,NA,NA,NA,S,N,4,0,3,3,A,-,03,22350,NA,N,C,C,A,A,H,-,A,D,0,NA,NA,NA,NA,Y,NA,A,01,0,0,3,0,0,0,0,0,0,-,-,34.02545166015625,-117.33419799804688,SAN BERNARDINO,COLTON,-117.33423614501952,34.025482177734375
90948209,2019,2019-03-18,9855,2019-03-02,0427,020913,NA,6,3,6,3607,0,1,3,NA,2,601,SR-60 E/B (POMONA FWY),VINEYARD AVE.,2000,W,N,B,C,Y,NA,NA,60,NA,NA,NA,NA,NA,E,N,4,0,1,2,A,-,07,21658,A,N,B,C,A,B,H,-,D,D,0,NA,NA,NA,NA,Y,NA,A,01,0,0,1,0,0,0,0,0,0,-,-,34.03084182739258,-117.61692810058594,SAN BERNARDINO,ONTARIO,-117.61692810058594,34.03043746948242
90949681,2019,2019-03-20,9855,2019-03-10,1017,016889,NA,7,1,6,3616,0,1,1,NA,2,152,I-15 S/B (ONF) TO SR-66 (FOOTHILL BLVD),SR-66 (FOOTHILL BLVD.),290,N,N,B,-,Y,NA,NA,15,NA,NA,NA,R,NA,S,Y,4,0,2,3,A,-,03,22350,NA,N,B,C,A,A,H,-,A,A,0,NA,NA,NA,NA,Y,NA,A,01,0,0,2,0,0,0,0,0,0,-,-,34.107139587402344,-117.53312683105467,SAN BERNARDINO,RANCHO CUCAMONGA,-117.53312683105467,34.107139587402344
90949716,2019,2019-03-20,9855,2019-03-05,1755,017323,NA,2,2,5,3602,0,1,3,NA,2,071,SR-71 S/B (CHINO FWY),CHINO HILLS PKWY.,1056,N,N,B,-,Y,NA,NA,71,NA,NA,NA,NA,NA,S,Y,3,0,3,4,A,-,03,22350,NA,N,C,C,A,B,H,-,D,D,0,NA,NA,NA,NA,Y,NA,A,01,0,3,0,0,0,0,0,0,0,-,-,33.98862075805664,-117.71498107910156,SAN BERNARDINO,CHINO,-117.71488189697266,33.98871612548828
90951678,2019,2019-03-22,9860,2019-03-14,1135,016590,NA,4,1,6,3610,0,1,1,NA,2,201,SR-210 W/B,CALIFORNIA ST.,1056,E,N,A,-,Y,NA,NA,210,NA,NA,NA,NA,NA,W,Y,4,0,1,1,A,-,08,22107,NA,N,F,A,A,A,H,-,A,D,0,NA,NA,NA,NA,Y,NA,D,22,0,0,1,0,0,0,0,0,0,-,-,34.13739013671875,-117.3276596069336,SAN BERNARDINO,SAN BERNARDINO,-117.32758331298828,34.137271881103516
90952615,2019,2019-03-25,9855,2019-03-02,2255,020161,NA,6,3,9,3600,0,3,5,NA,2,001,MERRILL AVE. (15200 BLOCK),LARKSPUR DR.,75,E,N,A,-,N,NA,NA,NA,NA,NA,NA,NA,NA,NA,N,3,0,1,2,A,-,08,22107,NA,N,B,G,A,A,H,-,D,D,0,NA,NA,Y,NA,Y,NA,O,05,0,1,0,0,0,0,0,0,1,-,-,34.09206008911133,-117.47245025634766,SAN BERNARDINO,UNINCORPORATED,-117.47254943847656,34.09201431274414
90953193,2019,2019-03-26,9860,2019-03-14,1120,020282,NA,4,1,9,3600,0,3,5,NA,2,003,SAND CANYON RD,CAMPUS DR,892,W,N,A,-,N,NA,NA,NA,NA,NA,NA,NA,NA,NA,Y,3,0,1,2,A,-,03,22350,NA,N,C,E,A,A,H,-,A,D,0,NA,NA,NA,NA,Y,NA,D,22,0,1,0,0,0,0,0,0,0,-,-,34.04179000854492,-117.10909271240234,SAN BERNARDINO,UNINCORPORATED,-117.10892486572266,34.041717529296875
90954414,2019,2019-03-27,9860,2019-03-18,1625,021363,NA,1,2,9,3600,0,1,1,NA,2,102,I-10 W/B,CEDAR AVE,3000,W,N,A,-,Y,NA,NA,10,NA,NA,NA,NA,NA,W,N,4,0,1,2,A,-,03,22350,NA,N,C,C,A,A,H,-,A,D,0,NA,NA,NA,NA,Y,NA,A,01,0,0,1,0,0,0,0,0,0,-,-,34.06793975830078,-117.40605926513672,SAN BERNARDINO,UNINCORPORATED,-117.40605926513672,34.06793975830078
90955053,2019,2019-03-29,9855,2019-03-17,1415,020533,NA,7,2,6,3604,0,1,1,NA,2,101,I-10 W/B (SAN BERNARDINO FWY),CYPRESS AVE.,800,E,N,A,-,Y,NA,NA,10,NA,NA,NA,NA,NA,W,Y,3,0,1,2,A,-,07,21658,A,N,B,C,A,A,H,-,A,D,0,NA,NA,Y,NA,Y,NA,-,-,0,1,0,0,0,0,0,0,1,-,-,34.067161560058594,-117.4416275024414,SAN BERNARDINO,FONTANA,-117.4416275024414,34.06711196899414