CASE_ID,ACCIDENT_YEAR,PROC_DATE,JURIS,COLLISION_DATE,COLLISION_TIME,OFFICER_ID,REPORTING_DISTRICT,DAY_OF_WEEK,CHP_SHIFT,POPULATION,CNTY_CITY_LOC,SPECIAL_COND,BEAT_TYPE,CHP_BEAT_TYPE,CITY_DIVISION_LAPD,CHP_BEAT_CLASS,BEAT_NUMBER,PRIMARY_RD,SECONDARY_RD,DISTANCE,DIRECTION,INTERSECTION,WEATHER_1,WEATHER_2,STATE_HWY_IND,CALTRANS_COUNTY,CALTRANS_DISTRICT,STATE_ROUTE,ROUTE_SUFFIX,POSTMILE_PREFIX,POSTMILE,LOCATION_TYPE,RAMP_INTERSECTION,SIDE_OF_HWY,TOW_AWAY,COLLISION_SEVERITY,NUMBER_KILLED,NUMBER_INJURED,PARTY_COUNT,PRIMARY_COLL_FACTOR,PCF_CODE_OF_VIOL,PCF_VIOL_CATEGORY,PCF_VIOLATION,PCF_VIOL_SUBSECTION,HIT_AND_RUN,TYPE_OF_COLLISION,MVIW,PED_ACTION,ROAD_SURFACE,ROAD_COND_1,ROAD_COND_2,LIGHTING,CONTROL_DEVICE,CHP_ROAD_TYPE,PEDESTRIAN_ACCIDENT,BICYCLE_ACCIDENT,MOTORCYCLE_ACCIDENT,TRUCK_ACCIDENT,NOT_PRIVATE_PROPERTY,ALCOHOL_INVOLVED,STWD_VEHTYPE_AT_FAULT,CHP_VEHTYPE_AT_FAULT,COUNT_SEVERE_INJ,COUNT_VISIBLE_INJ,COUNT_COMPLAINT_PAIN,COUNT_PED_KILLED,COUNT_PED_INJURED,COUNT_BICYCLIST_KILLED,COUNT_BICYCLIST_INJURED,COUNT_MC_KILLED,COUNT_MC_INJURED,PRIMARY_RAMP,SECONDARY_RAMP,LATITUDE,LONGITUDE,COUNTY,CITY,POINT_X,POINT_Y
91005156,2019,2019-06-06,9855,2019-05-24,1045,020904,NA,5,1,9,3600,0,2,4,NA,2,031,MT. BALDY RD.,WAGON WHEEL RD.,350,N,N,A,-,N,NA,NA,NA,NA,NA,NA,NA,NA,NA,N,3,0,1,2,D,-,00,NA,NA,N,F,G,A,A,H,-,A,D,0,NA,Y,NA,NA,Y,NA,-,-,0,1,0,0,0,0,1,0,0,-,-,34.256439208984375,-117.63818359375,SAN BERNARDINO,UNINCORPORATED,-117.6382293701172,34.25647735595703
91005300,2019,2019-06-07,9860,2019-05-29,1400,019725,NA,3,2,6,3610,0,1,1,NA,2,104,I-10 W/B,SAN TIMOTEO WASH,100,E,N,A,-,Y,NA,NA,10,NA,NA,NA,NA,NA,W,N,4,0,3,3,A,-,03,22350,NA,N,C,C,A,A,H,-,A,D,0,NA,NA,NA,NA,Y,NA,A,01,0,0,3,0,0,0,0,0,0,-,-,34.063961029052734,-117.26885986328124,SAN BERNARDINO,SAN BERNARDINO,-117.26885986328124,34.06394577026367
91005819,2019,2019-06-07,9855,2019-05-22,2026,017704,NA,3,2,6,3616,0,1,1,NA,2,152,I-15 N/B (ONTARIO FWY),ARROW HWY.,500,S,N,B,-,Y,NA,NA,15,NA,NA,NA,NA,NA,N,Y,4,0,1,2,A,-,08,22107,NA,N,B,E,A,A,H,-,D,D,0,NA,NA,NA,NA,Y,NA,D,22,0,0,1,0,0,0,0,0,0,-,-,34.097808837890625,-117.54007720947266,SAN BERNARDINO,RANCHO CUCAMONGA,-117.54064178466795,34.09821701049805
9100604,2020,2020-06-29,3609,2020-03-02,1803,5491,R1102,1,5,5,3609,0,0,0,NA,0,002,PEPPER AV,BASELINE RD,50,N,N,A,-,N,NA,NA,NA,NA,NA,NA,NA,NA,NA,Y,4,0,1,2,A,-,03,22350,NA,N,C,-,A,-,H,-,B,A,0,NA,NA,NA,NA,Y,NA,A,01,0,0,1,0,0,0,0,0,0,-,-,34.12192153930664,-117.35301208496094,SAN BERNARDINO,RIALTO,-117.35295867919922,34.12150573730469
91006239,2019,2019-06-10,9860,2019-05-29,2100,020533,NA,3,2,3,3615,0,1,1,NA,2,104,I-10 E/B TO MT. VIEW AVE.,MT VIEW AVE,650,W,N,A,-,Y,NA,NA,10,NA,NA,NA,R,NA,E,N,4,0,4,4,A,-,03,22350,NA,N,C,C,A,A,H,-,C,D,0,NA,NA,NA,NA,Y,NA,A,01,0,0,4,0,0,0,0,0,0,-,-,34.066261291503906,-117.24595642089844,SAN BERNARDINO,LOMA LINDA,-117.24595642089844,34.066261291503906
91007323,2019,2019-06-11,9835,2019-05-24,1656,21307,NA,5,2,9,3600,0,1,2,NA,1,014,US-395,STATE HIGHWAY 58,28776,S,N,A,-,N,NA,NA,395,NA,NA,NA,NA,NA,NA,Y,3,0,1,2,A,-,06,21751,NA,N,B,C,A,A,H,-,A,D,0,NA,NA,NA,NA,Y,NA,A,07,0,1,0,0,0,0,0,0,0,-,-,34.918949127197266,-117.5163803100586,SAN BERNARDINO,UNINCORPORATED,-117.51650238037108,34.918914794921875
91009671,2019,2019-06-13,9855,2019-06-05,0520,018313,NA,3,3,9,3600,0,1,3,NA,1,011,VALLEY BLVD.,REDWOOD AVE.,200,W,N,A,-,N,NA,NA,NA,NA,NA,NA,NA,NA,NA,Y,2,0,1,2,A,-,07,21658,A,N,B,C,A,A,H,-,B,D,0,NA,NA,Y,NA,Y,NA,A,01,1,0,0,0,0,0,0,0,1,-,-,34.07014846801758,-117.48478698730467,SAN BERNARDINO,UNINCORPORATED,-117.48497009277344,34.0701904296875
91009934,2019,2019-06-14,9835,2019-06-07,2340,021090,NA,5,3,9,3600,0,1,1,NA,2,077,I-15 N/B,YATES WELL RD,7973,N,N,A,-,Y,NA,NA,15,NA,NA,NA,NA,NA,N,Y,3,0,2,2,A,-,08,22107,NA,N,C,C,A,A,H,-,D,D,0,NA,NA,NA,NA,Y,NA,A,01,0,1,1,0,0,0,0,0,0,-,-,35.554710388183594,-115.41374969482422,SAN BERNARDINO,UNINCORPORATED,-115.41358184814452,35.55463790893555
91010337,2019,2019-06-14,9855,2019-06-06,1705,020151,NA,4,2,6,3607,0,1,1,NA,2,103,I-10 E/B (SAN BERNARDINO FWY),VINEYARD AVE.,1000,W,N,A,-,Y,NA,NA,10,NA,NA,NA,NA,NA,E,Y,4,0,5,4,A,-,03,22350,NA,N,C,C,A,A,H,-,A,D,0,NA,NA,NA,Y,Y,NA,F,26,0,0,5,0,0,0,0,0,0,-,-,34.07395935058594,-117.61717224121094,SAN BERNARDINO,ONTARIO,-117.61717224121094,34.07395935058594
91010854,2019,2019-06-17,9860,2019-06-07,1927,016646,NA,5,2,4,3603,0,1,1,NA,2,214,I-215 S/B,SANTA FE RR OVERCROSSING,300,N,N,A,-,Y,NA,NA,215,NA,NA,NA,NA,NA,S,Y,4,0,2,3,A,-,03,22350,NA,N,C,C,A,A,D,E,A,D,0,NA,NA,NA,NA,Y,NA,A,01,0,0,2,0,0,0,0,0,0,-,-,34.026668548583984,-117.33313751220705,SAN BERNARDINO,COLTON,-117.33312225341795,34.02665328979492
91010883,2019,2019-06-17,9860,2019-06-07,1345,021371,NA,5,1,6,3610,0,1,1,NA,2,203,SR-210 E/B,BASELINE ST,200,W,N,A,-,Y,NA,NA,NA,NA,NA,NA,NA,NA,NA,Y,4,0,2,2,A,-,08,22107,NA,N,B,C,A,A,H,-,A,D,0,NA,NA,NA,NA,Y,NA,A,01,0,0,2,0,0,0,0,0,0,-,-,34.12173843383789,-117.2009506225586,SAN BERNARDINO,SAN BERNARDINO,NA,NA
91011290,2019,2019-06-17,9850,2019-06-08,0044,019176,NA,6,3,9,3600,0,1,3,NA,2,040,SR-18,PHANTOM LANE,967,N,N,A,-,N,NA,NA,18,NA,NA,NA,NA,NA,NA,Y,3,0,1,1,A,-,08,22107,NA,N,E,I,A,A,H,-,D,D,0,NA,NA,NA,NA,Y,NA,A,01,0,1,0,0,0,0,0,0,0,-,-,34.4534912109375,-117.06607818603516,SAN BERNARDINO,UNINCORPORATED,-117.06606292724608,34.45355987548828
9101138,2020,2020-06-19,3607,2020-02-11,0654,80510,249,2,5,6,3607,0,0,0,NA,0,071,PHILADELPHIA ST,PARCO AV,0,NA,Y,G,-,N,NA,NA,NA,NA,NA,NA,NA,NA,NA,Y,2,0,4,3,A,-,09,21802,A,N,D,C,A,A,H,-,A,A,0,NA,NA,NA,Y,Y,NA,A,01,1,1,2,0,0,0,0,0,0,-,-,NA,NA,SAN BERNARDINO,ONTARIO,-117.62412261962892,34.03398895263672
9101157,2020,2020-07-01,3607,2020-02-07,1804,20276,136,5,5,6,3607,0,0,0,NA,0,032,VINEYARD AV,AIRPORT DR,0,NA,Y,A,-,N,NA,NA,NA,NA,NA,NA,NA,NA,NA,N,4,0,1,3,A,-,03,22350,NA,F,C,C,A,A,H,-,C,A,0,NA,NA,NA,NA,Y,NA,A,01,0,0,1,0,0,0,0,0,0,-,-,NA,NA,SAN BERNARDINO,ONTARIO,-117.61096954345705,34.06208038330078
9101186,2020,2020-07-01,3607,2020-02-26,0602,20039,155,3,5,6,3607,0,0,0,NA,0,051,SAN ANTONIO AV,STATE ST,0,NA,Y,A,-,N,NA,NA,NA,NA,NA,NA,NA,NA,NA,N,4,0,1,2,A,-,09,21802,A,N,D,C,A,A,H,-,A,A,0,NA,NA,Y,NA,Y,NA,D,22,0,0,1,0,0,0,0,0,1,-,-,NA,NA,SAN BERNARDINO,ONTARIO,-117.66059112548828,34.060001373291016
9101199,2020,2020-06-30,3607,2020-03-21,1544,20392,209,6,5,6,3607,0,0,0,NA,0,071,GROVE AV,ACACIA ST,0,NA,Y,A,-,N,NA,NA,NA,NA,NA,NA,NA,NA,NA,Y,3,0,1,2,A,-,12,21453,A,N,D,C,A,A,H,-,A,A,0,NA,NA,NA,NA,Y,NA,A,07,0,1,0,0,0,0,0,0,0,-,-,NA,NA,SAN BERNARDINO,ONTARIO,-117.62859344482422,34.0484504699707
91015682,2019,2019-06-24,9860,2019-06-15,0605,019674,NA,6,1,9,3600,0,1,1,NA,2,102,I-10 E/B,CEDAR AVE,1056,E,N,A,-,Y,NA,NA,10,NA,NA,NA,NA,NA,E,Y,4,0,1,3,A,-,08,22107,NA,N,B,C,A,A,H,-,B,D,0,NA,NA,NA,Y,Y,NA,A,07,0,0,1,0,0,0,0,0,0,-,-,34.068321228027344,-117.39231872558594,SAN BERNARDINO,UNINCORPORATED,-117.39231872558594,34.068321228027344
91015686,2019,2019-06-24,9860,2019-06-15,1845,020533,NA,6,2,9,3600,0,3,5,NA,2,002,RIVERSIDE AVE OUTER HIGHWAY,DATE ST,0,NA,Y,A,-,N,NA,NA,NA,NA,NA,NA,NA,NA,NA,N,3,0,1,1,A,-,17,21200,NA,N,F,A,A,A,H,-,A,D,0,NA,Y,NA,NA,Y,Y,L,04,0,1,0,0,0,0,1,0,0,-,-,34.14468002319336,-117.380126953125,SAN BERNARDINO,UNINCORPORATED,-117.38019,34.14464
91016378,2019,2019-07-25,9860,2019-06-14,1530,021371,NA,5,2,9,3600,0,1,1,NA,2,151,I-15 N/B,GLEN HELEN PKWY,2112,S,N,A,-,Y,NA,NA,15,NA,NA,NA,NA,NA,N,Y,4,0,1,3,A,-,03,22350,NA,N,C,C,A,A,H,-,A,D,0,NA,NA,Y,NA,Y,NA,C,02,0,0,1,0,0,0,0,0,1,-,-,34.19728088378906,-117.41824340820313,SAN BERNARDINO,UNINCORPORATED,-117.418212890625,34.197265625
91017397,2019,2019-06-25,9855,2019-06-17,1543,016268,NA,1,2,5,3611,0,1,1,NA,2,203,SR-210 E/B (FOOTHILL FWY),SAPPHIRE ST.,100,E,N,A,-,Y,NA,NA,210,NA,NA,NA,NA,NA,E,Y,4,0,4,5,A,-,03,22350,NA,N,C,C,A,A,H,-,A,D,0,NA,NA,NA,NA,Y,NA,A,01,0,0,4,0,0,0,0,0,0,-,-,34.13471984863281,-117.62464904785156,SAN BERNARDINO,UPLAND,-117.62464904785156,34.134769439697266
91017800,2019,2019-06-26,9835,2019-06-22,0553,019992,NA,6,3,9,3600,0,1,1,NA,2,074,I-15 N/B,AFTON CANYON RD,26453,N,N,A,-,Y,NA,NA,15,NA,NA,NA,NA,NA,N,Y,3,0,2,1,A,-,08,22107,NA,N,F,A,A,A,H,-,B,D,0,NA,NA,NA,NA,Y,NA,A,01,0,1,1,0,0,0,0,0,0,-,-,35.087799072265625,-116.3354721069336,SAN BERNARDINO,UNINCORPORATED,-116.33546447753906,35.08787536621094
91018169,2019,2019-06-26,9865,2019-06-14,1632,018749,NA,5,2,9,3600,0,1,3,NA,2,020,SR-330,US FORESTRY ROAD 1N09,350,N,N,A,-,Y,NA,NA,330,NA,NA,NA,NA,NA,NA,Y,4,0,1,3,A,-,03,22350,NA,N,C,C,A,A,H,-,A,D,0,NA,NA,NA,NA,Y,NA,A,07,0,0,1,0,0,0,0,0,0,-,-,34.177589416503906,-117.15323638916016,SAN BERNARDINO,UNINCORPORATED,-117.15323638916016,34.17758560180664
91018429,2019,2019-06-26,9865,2019-06-24,1240,015271,NA,1,1,9,3600,0,1,3,NA,2,021,SR-330,SR-18,1056,S,N,A,-,Y,NA,NA,330,NA,NA,NA,NA,NA,NA,Y,4,0,1,1,A,-,08,22107,NA,N,E,I,A,A,H,-,A,D,0,NA,NA,NA,NA,Y,NA,A,07,0,0,1,0,0,0,0,0,0,-,-,34.2056884765625,-117.11083221435548,SAN BERNARDINO,UNINCORPORATED,-117.11083221435548,34.20567321777344
91019397,2019,2019-06-27,9860,2019-06-17,0620,012988,NA,1,1,9,3600,0,2,4,NA,2,411,CEDAR AVE,VALLEY BLVD,220,N,N,B,-,N,NA,NA,NA,NA,NA,NA,NA,NA,NA,N,4,0,1,2,A,-,03,22350,NA,N,C,C,A,A,H,-,A,A,0,NA,NA,NA,NA,Y,NA,D,22,0,0,1,0,0,0,0,0,0,-,-,34.07120132446289,-117.39634704589844,SAN BERNARDINO,UNINCORPORATED,-117.39618682861328,34.07107925415039
91021646,2019,2019-07-01,9855,2019-06-22,1000,018335,NA,6,1,5,3602,0,1,3,NA,2,071,SR-71 N/B TO SR-60 W/B,SR-60 E/B,2667,S,N,B,-,Y,NA,NA,NA,NA,NA,NA,NA,NA,NA,Y,4,0,1,2,A,-,08,22107,NA,N,B,C,A,A,H,-,A,D,0,NA,NA,NA,NA,Y,NA,E,22,0,0,1,0,0,0,0,0,0,-,-,34.01797103881836,-117.74253845214844,SAN BERNARDINO,CHINO,NA,NA
91021742,2019,2019-07-01,9855,2019-06-24,1000,016889,NA,1,1,9,3600,0,3,5,NA,2,001,MERRILL AVE.,REDWOOD AVE.,0,NA,Y,A,-,N,NA,NA,NA,NA,NA,NA,NA,NA,NA,N,4,0,1,2,A,-,03,22350,NA,N,C,C,A,A,H,-,A,D,0,NA,NA,NA,NA,Y,NA,A,07,0,0,1,0,0,0,0,0,0,-,-,34.091949462890625,-117.48429870605467,SAN BERNARDINO,UNINCORPORATED,-117.48420715332033,34.09197998046875
91023107,2019,2019-07-02,9855,2019-06-25,2100,017597,NA,2,2,6,3616,0,1,1,NA,2,153,I-15 S/B (ONTARIO FWY),BASELINE AVE.,1436,N,N,A,-,Y,NA,NA,15,NA,NA,NA,NA,NA,S,Y,3,0,1,2,A,-,01,23152,A,N,C,C,A,A,H,-,A,D,0,NA,NA,NA,Y,Y,Y,A,01,0,1,0,0,0,0,0,0,0,-,-,34.125728607177734,-117.50901794433594,SAN BERNARDINO,RANCHO CUCAMONGA,-117.5090560913086,34.12577438354492
91024403,2019,2019-07-04,9860,2019-06-25,1806,016651,NA,2,2,9,3600,0,1,1,NA,2,151,I-15 N/B,KENWOOD AVE,1584,N,N,A,-,Y,NA,NA,15,NA,NA,NA,NA,NA,N,Y,3,0,5,4,A,-,03,22350,NA,N,C,C,A,A,H,-,A,D,0,NA,NA,NA,NA,Y,NA,D,22,0,2,3,0,0,0,0,0,0,-,-,34.23908996582031,-117.42810821533205,SAN BERNARDINO,UNINCORPORATED,-117.42808532714844,34.23912048339844
91024848,2019,2019-07-05,9860,2019-06-28,1655,019599,NA,5,2,4,3603,0,1,1,NA,2,103,I-10 W/B,MT. VERNON AVE.,2112,E,N,A,-,Y,NA,NA,10,NA,NA,NA,NA,NA,W,Y,4,0,1,2,A,-,03,22350,NA,N,C,C,A,A,H,-,A,D,0,NA,NA,NA,NA,Y,NA,A,07,0,0,1,0,0,0,0,0,0,-,-,34.06515884399414,-117.30986785888672,SAN BERNARDINO,COLTON,-117.30987548828124,34.06523513793945
91025443,2019,2019-07-08,9860,2019-06-28,1500,020533,NA,5,2,3,3615,0,1,1,NA,2,104,I-10 E/B,WATERMAN AVE,2640,E,N,A,-,Y,NA,NA,10,NA,NA,NA,NA,NA,E,Y,3,0,2,2,A,-,03,22350,NA,N,C,C,A,A,H,-,A,D,0,NA,NA,NA,NA,Y,NA,A,01,0,1,1,0,0,0,0,0,0,-,-,34.06373977661133,-117.2702407836914,SAN BERNARDINO,LOMA LINDA,-117.2702407836914,34.063655853271484
91026614,2019,2019-07-08,9860,2019-07-02,0713,016658,NA,2,1,4,3640,0,1,1,NA,2,106,I-10 E/B,COUNTY LINE RD,4752,W,N,A,-,Y,NA,NA,10,NA,NA,NA,NA,NA,E,Y,4,0,1,2,A,-,08,22107,NA,N,C,C,A,A,D,-,A,D,0,NA,NA,NA,Y,Y,NA,A,01,0,0,1,0,0,0,0,0,0,-,-,34.01271057128906,-117.0757064819336,SAN BERNARDINO,YUCAIPA,-117.0757064819336,34.012733459472656
9102720,2020,2020-06-25,3604,2020-03-17,2126,802,NA,2,5,6,3604,0,0,0,NA,0,003,PALMETTO AV,VALENCIA AV,0,NA,Y,A,-,N,NA,NA,NA,NA,NA,NA,NA,NA,NA,Y,3,0,1,3,A,-,09,21802,A,N,A,C,A,A,H,-,C,A,0,NA,NA,Y,NA,Y,NA,A,07,0,1,0,0,0,0,0,0,1,-,-,NA,NA,SAN BERNARDINO,FONTANA,-117.4270477294922,34.09761047363281
91027459,2019,2019-07-09,9855,2019-07-03,1720,017597,NA,3,2,6,3607,0,1,1,NA,2,152,I-15 S/B (ONTARIO FWY),JURUPA ST.,600,N,N,A,-,Y,NA,NA,15,NA,NA,NA,NA,NA,S,N,4,0,2,4,A,-,03,22350,NA,N,C,C,A,A,H,-,A,D,0,NA,NA,NA,NA,Y,NA,A,01,0,0,2,0,0,0,0,0,0,-,-,34.04920959472656,-117.5498275756836,SAN BERNARDINO,ONTARIO,-117.54986572265624,34.04922103881836
91027552,2019,2019-07-09,9855,2019-07-05,2305,018727,NA,5,3,6,3607,0,1,1,NA,2,103,I-10 W/B (SAN BERNARDINO FWY),VINEYARD AVE.,420,E,N,A,-,Y,NA,NA,10,NA,NA,NA,NA,NA,W,N,4,0,1,2,A,-,03,22350,NA,N,C,C,A,A,H,-,C,D,0,NA,NA,NA,NA,Y,NA,A,01,0,0,1,0,0,0,0,0,0,-,-,34.068851470947266,-117.6060028076172,SAN BERNARDINO,ONTARIO,-117.60598754882813,34.06889343261719
91027635,2019,2019-07-09,9865,2019-07-01,1425,020363,NA,1,2,9,3600,0,1,3,NA,2,014,SR-138,SR-18,900,N,N,A,-,Y,NA,NA,138,NA,NA,NA,NA,NA,NA,Y,3,0,1,1,A,-,01,23152,A,N,E,I,A,A,H,-,A,D,0,NA,NA,NA,NA,Y,Y,A,07,0,1,0,0,0,0,0,0,0,-,-,34.23099136352539,-117.29084777832033,SAN BERNARDINO,UNINCORPORATED,-117.29091644287108,34.23095703125
91027766,2019,2019-07-10,9860,2019-07-01,1615,020346,NA,1,2,9,3600,0,2,4,NA,1,410,VALLEY BLVD (18600 BLOCK),CEDAR AVE,100,W,N,A,-,N,NA,NA,NA,NA,NA,NA,NA,NA,NA,Y,4,0,1,2,D,-,00,NA,NA,N,B,C,A,A,H,-,A,D,0,NA,NA,NA,NA,Y,NA,-,-,0,0,1,0,0,0,0,0,0,-,-,34.070411682128906,-117.39681243896484,SAN BERNARDINO,UNINCORPORATED,-117.39643096923828,34.07048034667969
91028569,2019,2019-07-10,9855,2019-07-06,0640,016889,NA,6,1,9,3600,0,3,5,NA,2,001,CERES AVE. (15300 BLOCK),GOLDMINE AVE.,115,W,N,B,-,N,NA,NA,NA,NA,NA,NA,NA,NA,NA,Y,4,0,1,2,A,-,08,22107,NA,F,B,E,A,A,H,-,A,D,0,NA,NA,NA,NA,Y,NA,D,22,0,0,1,0,0,0,0,0,0,-,-,34.093021392822266,-117.46991729736328,SAN BERNARDINO,UNINCORPORATED,-117.46987152099608,34.092994689941406
91028885,2019,2019-07-11,9865,2019-06-29,1100,020363,NA,6,1,9,3600,0,1,3,NA,2,012,SR-18,PINE AVE,640,S,N,A,-,Y,NA,NA,18,NA,NA,NA,NA,NA,NA,Y,4,0,1,2,A,-,08,22107,NA,N,D,C,A,A,H,-,A,D,0,NA,NA,NA,NA,Y,NA,B,07,0,0,1,0,0,0,0,0,0,-,-,34.22990036010742,-117.22521209716795,SAN BERNARDINO,UNINCORPORATED,-117.22521209716795,34.22991180419922
91028892,2019,2019-07-11,9865,2019-07-04,2255,018232,NA,4,3,9,3600,0,3,5,NA,2,001,GRASS VALLEY RD,GOLF COURSE RD,1400,S,N,A,-,N,NA,NA,NA,NA,NA,NA,NA,NA,NA,Y,3,0,1,1,A,-,01,23152,A,N,E,I,A,A,H,-,D,D,0,NA,NA,NA,NA,Y,Y,A,01,0,1,0,0,0,0,0,0,0,-,-,34.25310134887695,-117.2191925048828,SAN BERNARDINO,UNINCORPORATED,-117.2152099609375,34.2619743347168
91029116,2019,2019-07-11,9865,2019-07-04,1410,020388,NA,4,2,9,3600,0,1,3,NA,2,020,SR-330,HIGHLAND AVE,10560,N,N,A,-,Y,NA,NA,330,NA,NA,NA,NA,NA,NA,Y,2,0,7,1,A,-,03,22350,NA,N,E,I,A,A,H,-,A,A,0,NA,NA,NA,NA,Y,NA,A,08,1,2,4,0,0,0,0,0,0,-,-,34.183650970458984,-117.17581939697266,SAN BERNARDINO,UNINCORPORATED,-117.17581939697266,34.18365478515625
9102960,2020,2020-10-06,3608,2020-03-07,1313,4904,NA,6,5,5,3608,0,0,0,NA,0,NA,LUGONIA AV,UNIVERSITY ST,0,NA,Y,A,-,Y,SBD,8,38,-,-,1.445,I,5,E,Y,3,0,2,2,A,-,09,21801,A,N,D,C,A,A,H,-,A,A,0,NA,NA,NA,NA,Y,NA,A,01,0,2,0,0,0,0,0,0,0,-,-,34.07001876831055,-117.167236328125,SAN BERNARDINO,REDLANDS,-117.16722106933594,34.07005310058594
91029862,2019,2019-07-12,9855,2019-07-10,0545,016220,NA,3,3,6,3604,0,1,1,NA,2,101,I-10 W/B (SAN BERNARDINO FWY),CYPRESS AVE.,581,E,N,A,-,Y,NA,NA,10,NA,NA,NA,NA,NA,W,Y,4,0,1,2,A,-,03,22350,NA,N,C,C,A,A,H,-,A,D,0,NA,NA,Y,NA,Y,NA,C,02,0,0,1,0,0,0,0,0,1,-,-,34.06707000732422,-117.44230651855467,SAN BERNARDINO,FONTANA,-117.44231414794922,34.067100524902344
91030233,2019,2019-07-15,9860,2019-07-09,1150,019321,NA,2,1,5,3609,0,1,1,NA,2,102,I-10 W/B,PEPPER AVE.,2112,W,N,A,-,Y,NA,NA,NA,NA,NA,NA,NA,NA,NA,N,4,0,1,2,A,-,03,22350,NA,N,C,C,A,A,H,-,A,D,0,NA,NA,NA,NA,Y,NA,A,01,0,0,1,0,0,0,0,0,0,-,-,34.06901931762695,-117.35630798339844,SAN BERNARDINO,RIALTO,-117.35993194580078,34.069007873535156
91030306,2019,2019-07-15,9850,2019-07-12,2119,022015,NA,5,2,9,3600,0,3,5,NA,2,004,ROCK SPRINGS RD,DEEP CREEK RD,1584,W,N,A,-,N,NA,NA,NA,NA,NA,NA,NA,NA,NA,Y,3,0,4,1,A,-,01,23152,A,N,F,A,A,A,H,-,D,D,0,NA,NA,NA,NA,Y,Y,A,01,0,3,1,0,0,0,0,0,0,-,-,34.41402053833008,-117.23045349121094,SAN BERNARDINO,UNINCORPORATED,-117.22992706298828,34.41402816772461
91031985,2019,2019-07-17,9860,2019-07-10,0627,015495,NA,3,1,5,3609,0,1,1,NA,2,201,SR-210 W/B,LILAC AVE POC,1056,E,N,A,-,Y,NA,NA,210,NA,NA,NA,NA,NA,W,N,4,0,1,2,A,-,03,22350,NA,N,C,C,A,A,H,-,A,D,0,NA,NA,NA,NA,Y,NA,A,01,0,0,1,0,0,0,0,0,0,-,-,34.13587951660156,-117.37490081787108,SAN BERNARDINO,RIALTO,-117.37490081787108,34.135990142822266
91032646,2019,2019-07-17,9855,2019-07-14,0020,020690,NA,7,3,9,3600,0,3,5,NA,2,004,RIVERSIDE DR.,TOWNE AVE.,0,NA,Y,A,-,Y,NA,NA,NA,NA,NA,NA,NA,NA,NA,Y,3,0,1,2,A,-,09,21801,A,N,A,C,A,A,H,-,C,A,0,NA,NA,NA,NA,Y,Y,A,01,0,1,0,0,0,0,0,0,0,-,-,34.0194206237793,-117.74015808105467,SAN BERNARDINO,UNINCORPORATED,-117.74009704589844,34.0190315246582
91032758,2019,2019-07-17,9855,2019-05-29,1535,015919,NA,3,2,6,3616,0,1,1,NA,2,201,SR-210 E/B (FOOTHILL FWY),EAST AVE.,150,W,N,A,-,Y,NA,NA,210,NA,NA,NA,NA,NA,E,Y,4,0,1,1,C,-,18,NA,NA,N,E,I,A,A,H,-,A,D,0,NA,NA,NA,NA,Y,NA,-,-,0,0,1,0,0,0,0,0,0,-,-,34.136268615722656,-117.5154266357422,SAN BERNARDINO,RANCHO CUCAMONGA,-117.51543426513672,34.13612365722656
9103409,2020,2020-08-05,3610,2020-04-29,0901,50808,NA,3,5,6,3610,0,0,0,NA,0,CHARLI,W 9TH ST,NORTH ARROWHEAD AV,0,NA,Y,A,-,N,NA,NA,NA,NA,NA,NA,NA,NA,NA,N,4,0,2,2,A,-,12,21453,A,N,D,C,A,A,H,-,A,A,0,NA,NA,NA,NA,Y,NA,-,NA,0,0,2,0,0,0,0,0,0,-,-,34.115779876708984,-117.28962707519533,SAN BERNARDINO,SAN BERNARDINO,-117.28964996337892,34.115779876708984
91034542,2019,2019-07-22,9860,2019-07-15,1400,020346,NA,1,2,4,3603,0,1,1,NA,2,214,I-215 S/B,BARTON RD,2000,S,N,A,-,Y,NA,NA,215,NA,NA,NA,NA,NA,S,Y,4,0,1,2,A,-,03,22350,NA,N,C,C,A,A,D,E,A,D,0,NA,NA,Y,NA,Y,NA,C,02,0,0,1,0,0,0,0,0,1,-,-,34.02912139892578,-117.33045196533205,SAN BERNARDINO,COLTON,-117.33045959472656,34.02913284301758