CASE_ID,ACCIDENT_YEAR,PROC_DATE,JURIS,COLLISION_DATE,COLLISION_TIME,OFFICER_ID,REPORTING_DISTRICT,DAY_OF_WEEK,CHP_SHIFT,POPULATION,CNTY_CITY_LOC,SPECIAL_COND,BEAT_TYPE,CHP_BEAT_TYPE,CITY_DIVISION_LAPD,CHP_BEAT_CLASS,BEAT_NUMBER,PRIMARY_RD,SECONDARY_RD,DISTANCE,DIRECTION,INTERSECTION,WEATHER_1,WEATHER_2,STATE_HWY_IND,CALTRANS_COUNTY,CALTRANS_DISTRICT,STATE_ROUTE,ROUTE_SUFFIX,POSTMILE_PREFIX,POSTMILE,LOCATION_TYPE,RAMP_INTERSECTION,SIDE_OF_HWY,TOW_AWAY,COLLISION_SEVERITY,NUMBER_KILLED,NUMBER_INJURED,PARTY_COUNT,PRIMARY_COLL_FACTOR,PCF_CODE_OF_VIOL,PCF_VIOL_CATEGORY,PCF_VIOLATION,PCF_VIOL_SUBSECTION,HIT_AND_RUN,TYPE_OF_COLLISION,MVIW,PED_ACTION,ROAD_SURFACE,ROAD_COND_1,ROAD_COND_2,LIGHTING,CONTROL_DEVICE,CHP_ROAD_TYPE,PEDESTRIAN_ACCIDENT,BICYCLE_ACCIDENT,MOTORCYCLE_ACCIDENT,TRUCK_ACCIDENT,NOT_PRIVATE_PROPERTY,ALCOHOL_INVOLVED,STWD_VEHTYPE_AT_FAULT,CHP_VEHTYPE_AT_FAULT,COUNT_SEVERE_INJ,COUNT_VISIBLE_INJ,COUNT_COMPLAINT_PAIN,COUNT_PED_KILLED,COUNT_PED_INJURED,COUNT_BICYCLIST_KILLED,COUNT_BICYCLIST_INJURED,COUNT_MC_KILLED,COUNT_MC_INJURED,PRIMARY_RAMP,SECONDARY_RAMP,LATITUDE,LONGITUDE,COUNTY,CITY,POINT_X,POINT_Y
9103507,2020,2020-10-30,3600,2020-05-04,1750,F7786,RC028,1,5,6,3616,0,0,0,NA,0,002,HERMOSA AV,VICTORIA ST,0,NA,Y,A,-,N,NA,NA,NA,NA,NA,NA,NA,NA,NA,Y,3,0,1,3,A,-,12,22450,NA,N,D,C,A,A,H,-,A,A,0,NA,NA,NA,Y,Y,NA,A,07,0,1,0,0,0,0,0,0,0,-,-,NA,NA,SAN BERNARDINO,RANCHO CUCAMONGA,-117.584716796875,34.128910064697266
91036642,2019,2019-07-24,9835,2019-07-21,1237,020883,NA,7,1,9,3600,0,1,1,NA,2,077,I-15 SB,CALIFORNIA/NEVADA STATE LINE,600,S,N,A,-,Y,NA,NA,15,NA,NA,NA,NA,NA,S,N,4,0,1,3,A,-,03,22350,NA,N,C,C,A,A,H,-,A,D,0,NA,NA,NA,NA,Y,NA,A,01,0,0,1,0,0,0,0,0,0,-,-,35.605751037597656,-115.39218139648438,SAN BERNARDINO,UNINCORPORATED,-115.39219665527344,35.60575485229492
91037047,2019,2019-07-24,9860,2019-07-17,0645,015495,NA,3,1,6,3610,0,1,1,NA,2,201,SR-210 W/B,AYALA DR,2112,E,N,A,-,Y,NA,NA,NA,NA,NA,NA,NA,NA,NA,Y,4,0,1,2,A,-,03,22350,NA,N,B,C,A,A,H,-,A,D,0,NA,NA,NA,NA,Y,NA,D,22,0,0,1,0,0,0,0,0,0,-,-,34.135799407958984,-117.38648986816406,SAN BERNARDINO,SAN BERNARDINO,-117.38533020019533,34.13594055175781
91037326,2019,2019-07-24,9860,2019-07-15,1825,019706,NA,1,2,4,3603,0,1,1,NA,2,103,I-10 EASTBOUND,HUNTS LN,500,E,N,A,-,Y,NA,NA,10,NA,NA,NA,NA,NA,E,Y,4,0,1,3,A,-,03,22350,NA,N,C,C,A,A,H,-,A,D,0,NA,NA,NA,NA,Y,NA,A,08,0,0,1,0,0,0,0,0,0,-,-,34.0636100769043,-117.285888671875,SAN BERNARDINO,COLTON,-117.285888671875,34.063602447509766
91037410,2019,2019-12-17,9835,2019-07-08,2103,022341,NA,1,2,9,3600,0,1,1,NA,2,043,I-40 W/B,HIDDEN SPRINGS RD,5280,W,N,A,-,Y,NA,NA,40,NA,NA,NA,NA,NA,W,Y,3,0,1,2,A,-,07,21658,A,N,C,C,A,A,H,-,D,D,0,NA,NA,NA,NA,Y,NA,M,96,0,1,0,0,0,0,0,0,0,-,-,34.84362030029297,-116.82080841064452,SAN BERNARDINO,UNINCORPORATED,-116.82080841064452,34.84360885620117
91039704,2019,2019-07-26,9855,2019-07-23,1700,015208,NA,2,2,6,3616,0,1,1,NA,2,203,SR-210 E/B (FOOTHILL FWY),HAVEN AVE. O/C.,1000,W,N,A,-,Y,NA,NA,210,NA,NA,NA,NA,NA,E,Y,4,0,1,3,A,-,03,22350,NA,N,C,C,A,A,H,-,A,D,0,NA,NA,NA,NA,Y,NA,A,01,0,0,1,0,0,0,0,0,0,-,-,34.13547134399414,-117.58338928222656,SAN BERNARDINO,RANCHO CUCAMONGA,-117.58338928222656,34.135528564453125
91041642,2019,2019-07-30,9855,2019-07-25,0505,020564,NA,4,3,6,3607,0,1,1,NA,2,101,I-10 W/B (SAN BERNARDINO FWY),MILLIKEN AVE.,250,W,N,A,-,Y,NA,NA,10,NA,NA,NA,NA,NA,W,Y,4,0,1,2,A,-,03,22350,NA,N,C,C,A,A,H,-,C,D,0,NA,NA,NA,NA,Y,NA,A,08,0,0,1,0,0,0,0,0,0,-,-,34.06752014160156,-117.55927276611328,SAN BERNARDINO,ONTARIO,-117.55927276611328,34.06757354736328
91043269,2019,2019-08-01,9865,2019-07-26,1945,020725,NA,5,2,9,3600,0,3,5,NA,2,001,LAKE DRIVE,SAN MORITZ WAY,40,S,N,A,-,N,NA,NA,NA,NA,NA,NA,NA,NA,NA,N,2,0,1,1,D,-,00,NA,NA,N,F,A,A,A,H,-,D,D,0,NA,Y,NA,NA,Y,NA,-,-,1,0,0,0,0,0,1,0,0,-,-,34.24489974975586,-117.2656021118164,SAN BERNARDINO,UNINCORPORATED,-117.26573181152344,34.2450065612793
91043395,2019,2019-08-01,9860,2019-07-24,0644,019251,NA,3,1,6,3610,0,1,1,NA,2,202,SR-210 E/B,I-215,2112,E,N,A,-,Y,NA,NA,210,NA,NA,NA,NA,NA,E,Y,3,0,1,2,A,-,08,22107,NA,N,B,C,A,A,H,-,A,D,0,NA,NA,NA,NA,Y,NA,A,01,0,1,0,0,0,0,0,0,0,-,-,34.14548110961914,-117.31143188476563,SAN BERNARDINO,SAN BERNARDINO,-117.31143188476563,34.14559555053711
91043802,2019,2019-08-01,9855,2019-07-29,0450,020151,NA,1,3,4,3605,0,1,1,NA,2,103,I-10 W/B (SAN BERNARDINO FWY),CENTRAL AVE.,1000,E,N,A,-,Y,NA,NA,NA,NA,NA,NA,NA,NA,NA,Y,4,0,1,2,A,-,07,21658,A,N,B,C,A,A,H,-,C,D,0,NA,NA,Y,NA,Y,NA,D,22,0,0,1,0,0,0,0,0,1,-,-,34.087310791015625,-117.6774673461914,SAN BERNARDINO,MONTCLAIR,-117.6894073486328,34.08570861816406
91044298,2019,2019-08-02,9855,2019-08-01,1535,017597,NA,4,2,6,3607,0,1,1,NA,2,101,I-10 E/B (SAN BERNARDINO FWY),ETIWANDA AVE.,1500,W,N,A,-,Y,NA,NA,NA,NA,NA,NA,NA,NA,NA,N,4,0,1,3,A,-,03,22350,NA,N,C,C,A,A,H,-,A,D,0,NA,NA,NA,NA,Y,NA,A,01,0,0,1,0,0,0,0,0,0,-,-,34.06631088256836,-117.51011657714844,SAN BERNARDINO,ONTARIO,-117.52904510498048,34.067256927490234
9104544,2020,2020-06-16,3607,2020-01-27,0927,20358,215,1,5,6,3607,0,0,0,NA,0,042,MISSION BL,HAVEN AV,58,W,N,A,-,N,NA,NA,NA,NA,NA,NA,NA,NA,NA,NA,4,0,1,2,A,-,03,22350,NA,N,C,C,A,A,H,-,A,A,0,NA,NA,NA,NA,Y,NA,A,01,0,0,1,0,0,0,0,0,0,-,-,NA,NA,SAN BERNARDINO,ONTARIO,-117.57616424560548,34.038185119628906
9104552,2020,2020-06-16,3607,2020-01-10,1134,19945,67,5,5,6,3607,0,0,0,NA,0,031,4TH ST,VINEYARD AV,500,E,N,A,-,N,NA,NA,NA,NA,NA,NA,NA,NA,NA,Y,3,0,2,2,A,-,09,21801,A,N,D,C,A,A,H,-,A,A,0,NA,NA,NA,NA,Y,NA,A,01,0,1,1,0,0,0,0,0,0,-,-,NA,NA,SAN BERNARDINO,ONTARIO,-117.60939025878906,34.077579498291016
9104556,2020,2020-06-16,3607,2020-01-10,1954,20153,42,5,5,6,3607,0,0,0,NA,0,011,MOUNTAIN AV,4TH ST,335,N,N,A,-,N,NA,NA,NA,NA,NA,NA,NA,NA,NA,NA,4,0,1,2,A,-,05,21650,1,N,H,G,A,A,H,-,C,A,0,NA,Y,NA,NA,Y,NA,L,04,0,0,1,0,0,0,1,0,0,-,-,NA,NA,SAN BERNARDINO,ONTARIO,-117.67011260986328,34.07878875732422
91046113,2019,2019-08-06,9860,2019-07-25,1515,019706,NA,4,2,9,3600,0,1,1,NA,2,151,I-15 NORTHBOUND,CLEGHORN RD,3000,S,N,A,-,Y,NA,NA,15,NA,NA,NA,NA,NA,N,Y,4,0,3,3,A,-,03,22350,NA,N,C,C,A,A,H,-,A,D,0,NA,NA,NA,NA,Y,NA,A,01,0,0,3,0,0,0,0,0,0,-,-,34.26942825317383,-117.4495086669922,SAN BERNARDINO,UNINCORPORATED,-117.44929504394533,34.26944351196289
91048150,2019,2020-10-12,9860,2019-07-09,1712,019599,NA,2,2,9,3600,0,1,1,NA,2,102,I-10 E/B,CEDAR AVE.,2000,E,N,A,-,Y,NA,NA,10,NA,NA,NA,NA,NA,E,Y,2,0,1,3,A,-,03,22350,NA,F,C,C,A,A,H,-,A,D,0,NA,NA,NA,NA,Y,NA,A,01,1,0,0,0,0,0,0,0,0,-,-,34.06816864013672,-117.38852691650392,SAN BERNARDINO,UNINCORPORATED,-117.38852691650392,34.06815719604492
91048244,2019,2019-08-14,9855,2019-07-31,0813,017704,NA,3,1,6,3607,0,1,1,NA,2,101,I-10 E/B (SAN BERNARDINO FWY),ETIWANDA AVE.,2650,W,N,A,-,Y,NA,NA,10,NA,NA,NA,NA,NA,E,Y,4,0,2,3,A,-,03,22350,NA,N,C,C,A,A,H,-,A,D,0,NA,NA,NA,NA,Y,NA,A,07,0,0,2,0,0,0,0,0,0,-,-,34.0671501159668,-117.533203125,SAN BERNARDINO,ONTARIO,-117.533203125,34.0672492980957
91048669,2019,2019-08-09,9834,2019-08-03,0340,018163,NA,6,3,9,3600,0,1,1,NA,2,042,I-40 WESTBOUND,MOUNTAIN SPRINGS RD,5280,E,N,A,-,Y,NA,NA,40,NA,NA,NA,NA,NA,W,Y,4,0,1,3,A,-,03,22350,NA,M,B,C,E,A,H,-,D,D,0,Y,NA,NA,Y,Y,Y,G,25,0,0,1,0,1,0,0,0,0,-,-,34.82966995239258,-115.0322494506836,SAN BERNARDINO,UNINCORPORATED,-115.03225708007813,34.82960891723633
91049958,2019,2019-08-12,9860,2019-07-16,1637,020051,NA,2,2,3,3615,0,1,1,NA,2,104,INTERSTATE 10 WESTBOUND,RICHARDSON ST,1120,W,N,A,-,Y,NA,NA,10,NA,NA,NA,NA,NA,W,Y,2,0,1,2,A,-,07,21658,A,N,D,C,A,A,H,-,A,D,0,NA,NA,NA,NA,Y,NA,J,49,1,0,0,0,0,0,0,0,0,-,-,34.06586837768555,-117.25582122802734,SAN BERNARDINO,LOMA LINDA,-117.25580596923828,34.06580352783203
9105007,2020,2020-06-16,3607,2020-02-22,1844,20276,108,6,5,6,3607,0,0,0,NA,0,022,CAMPUS AV,D ST,0,NA,Y,A,-,N,NA,NA,NA,NA,NA,NA,NA,NA,NA,Y,4,0,1,2,A,-,09,21802,A,N,D,C,A,B,H,-,C,A,0,NA,NA,NA,NA,Y,NA,A,07,0,0,1,0,0,0,0,0,0,-,-,NA,NA,SAN BERNARDINO,ONTARIO,-117.64134216308594,34.06700897216797
9105047,2020,2020-07-17,3607,2020-03-27,0015,20274,77,5,5,6,3607,0,0,0,NA,0,MILL,MILLIKEN AV,INLAND EMPIRE BL,0,NA,Y,A,-,N,NA,NA,NA,NA,NA,NA,NA,NA,NA,Y,4,0,1,2,A,-,12,21453,A,N,D,C,A,A,H,-,C,A,0,NA,NA,NA,NA,Y,Y,A,01,0,0,1,0,0,0,0,0,0,-,-,NA,NA,SAN BERNARDINO,ONTARIO,-117.5581283569336,34.071781158447266
9105058,2020,2020-07-17,3607,2020-03-01,0211,20000,261,7,5,6,3607,0,0,0,NA,0,072,CHINO AV,BAKER AV,200,W,N,A,-,N,NA,NA,NA,NA,NA,NA,NA,NA,NA,Y,3,0,1,2,A,-,01,23152,A,N,A,C,A,A,H,-,D,D,0,NA,NA,NA,NA,Y,Y,A,07,0,1,0,0,0,0,0,0,0,-,-,NA,NA,SAN BERNARDINO,ONTARIO,-117.61589050292967,34.01222610473633
91052277,2019,2019-10-23,9835,2019-05-26,0402,022049,NA,7,3,9,3600,0,1,1,NA,2,074,I-15 N/B,ZZYZX RD,15840,N,N,A,-,Y,NA,NA,15,NA,NA,NA,NA,NA,N,Y,1,1,1,1,A,-,01,23152,A,N,F,A,A,A,H,-,D,D,0,NA,NA,NA,NA,Y,Y,A,01,1,0,0,0,0,0,0,0,0,-,-,35.22706985473633,-116.1047592163086,SAN BERNARDINO,UNINCORPORATED,-116.10480499267578,35.22710037231445
91052282,2019,2019-08-14,9834,2019-08-14,0815,016253,NA,3,1,9,3600,0,1,2,NA,1,093,US-95,COMPRESSOR PLANT ROAD,10560,N,N,A,-,Y,NA,NA,95,NA,NA,NA,NA,NA,NA,Y,4,0,1,1,A,-,08,22107,NA,N,E,I,A,A,H,-,A,D,0,NA,NA,NA,NA,Y,NA,A,07,0,0,1,0,0,0,0,0,0,-,-,34.72121047973633,-114.60894012451172,SAN BERNARDINO,UNINCORPORATED,-114.60897827148438,34.72124481201172
91053516,2019,2019-08-16,9850,2019-07-25,1408,022028,NA,4,2,9,3600,0,1,1,NA,2,084,INTERSTATE 15 NORTHBOUND,NORTH STODDARD WELLS ROAD,630,S,N,A,-,Y,NA,NA,15,NA,NA,NA,NA,NA,N,Y,1,1,2,3,A,-,08,22107,NA,N,C,E,E,A,H,-,A,D,0,Y,NA,NA,Y,Y,NA,E,22,2,0,0,0,1,0,0,0,0,-,-,34.589168548583984,-117.26074981689452,SAN BERNARDINO,UNINCORPORATED,-117.26080322265624,34.589210510253906
91054002,2019,2019-08-19,9860,2019-08-09,1225,016800,NA,5,1,6,3610,0,1,1,NA,2,216,I-215 S/B,MASSACHUSETTS AVE,1000,S,N,A,-,Y,NA,NA,215,NA,NA,NA,NA,NA,S,Y,3,0,1,2,A,-,08,22107,NA,N,B,C,A,A,H,-,A,D,0,NA,NA,NA,Y,Y,NA,A,01,0,1,0,0,0,0,0,0,0,-,-,34.13119125366211,-117.30574798583984,SAN BERNARDINO,SAN BERNARDINO,-117.30580902099608,34.13111114501953
91055400,2019,2019-08-20,9850,2019-08-17,2134,021643,NA,6,2,5,3612,0,1,1,NA,2,083,I-15 S/B (BARSTOW FREEWAY),ROY ROGERS DRIVE,1500,S,N,A,-,Y,NA,NA,15,NA,NA,NA,NA,NA,S,Y,2,0,1,3,A,-,01,23152,A,N,B,C,A,A,H,-,C,D,0,NA,NA,NA,NA,Y,Y,A,01,1,0,0,0,0,0,0,0,0,-,-,34.51673889160156,-117.32057189941406,SAN BERNARDINO,VICTORVILLE,-117.32061767578124,34.516754150390625
91057600,2019,2019-08-22,9835,2019-08-12,0550,022324,NA,1,3,9,3600,0,3,5,NA,2,032,LENWOOD RD,COMMUNITY BLVD,0,NA,Y,A,-,N,NA,NA,NA,NA,NA,NA,NA,NA,NA,Y,3,0,1,2,A,-,09,21802,A,N,D,C,A,A,H,-,B,D,0,NA,NA,NA,NA,Y,NA,A,01,0,1,0,0,0,0,0,0,0,-,-,34.907161712646484,-117.11820220947266,SAN BERNARDINO,UNINCORPORATED,-117.11817169189452,34.90715026855469
91057840,2019,2019-08-22,9860,2019-08-13,0850,012988,NA,2,1,4,3618,0,1,1,NA,2,203,SR-210 E/B TO BASELINE ST,BASELINE ST,528,W,N,A,-,Y,NA,NA,210,NA,NA,NA,R,NA,E,Y,3,0,1,2,A,-,03,22350,NA,N,C,C,A,A,H,-,A,D,0,NA,NA,NA,NA,Y,NA,A,01,0,1,0,0,0,0,0,0,0,-,-,34.12268829345703,-117.20108032226563,SAN BERNARDINO,HIGHLAND,-117.20108032226563,34.12268829345703
91058418,2019,2019-08-23,9860,2019-08-14,0655,016590,NA,3,1,6,3610,0,1,1,NA,2,214,I-215 S/B,RIALTO AVE.,595,S,N,A,-,Y,NA,NA,215,NA,NA,NA,NA,NA,S,Y,4,0,1,5,A,-,03,22350,NA,N,C,C,A,A,H,-,A,D,0,NA,NA,NA,NA,Y,NA,D,22,0,0,1,0,0,0,0,0,0,-,-,34.100311279296875,-117.30191802978516,SAN BERNARDINO,SAN BERNARDINO,-117.30206298828124,34.10030746459961
91059009,2019,2019-09-26,9855,2019-08-16,1630,019303,NA,5,2,6,3607,0,1,1,NA,2,103,I-10 E/B (SAN BERNARDINO FWY),MOUNTAIN AVE.,1000,E,N,A,-,Y,NA,NA,10,NA,NA,NA,NA,NA,E,N,4,0,1,2,A,-,03,22350,NA,N,C,C,A,A,H,-,A,D,0,NA,NA,NA,Y,Y,NA,G,25,0,0,1,0,0,0,0,0,0,-,-,34.08723068237305,-117.66268157958984,SAN BERNARDINO,ONTARIO,-117.66268157958984,34.08723449707031
91061114,2019,2020-04-06,9860,2019-08-19,1635,020346,NA,1,2,6,3610,0,1,1,NA,2,103,I-10 E/B,I-215,200,E,N,A,-,Y,NA,NA,10,NA,NA,NA,NA,NA,E,Y,4,0,1,3,A,-,07,21658,A,N,B,C,A,A,H,-,A,D,0,NA,NA,Y,NA,Y,NA,A,07,0,0,1,0,0,0,0,0,1,-,-,34.0636100769043,-117.29331207275392,SAN BERNARDINO,SAN BERNARDINO,-117.29330444335938,34.06365203857422
91062528,2019,2019-10-09,9860,2019-07-25,0756,012988,NA,4,1,9,3600,0,1,1,NA,2,152,I-15 SOUTHBOUND,OAK HILL RD,2490,S,N,B,-,Y,NA,NA,15,NA,NA,NA,NA,NA,S,N,4,0,1,3,A,-,07,21658,A,N,C,C,A,A,H,-,A,D,0,NA,NA,NA,Y,Y,NA,A,07,0,0,1,0,0,0,0,0,0,-,-,34.35662841796875,-117.4381103515625,SAN BERNARDINO,UNINCORPORATED,-117.43808746337892,34.35661315917969
91063926,2019,2019-08-30,9860,2019-08-01,1735,019062,NA,4,2,5,3609,0,1,1,NA,2,201,SR-210 E/B,RIVERSIDE AVE,800,W,N,A,-,Y,NA,NA,210,NA,NA,NA,NA,NA,E,Y,3,0,2,2,A,-,07,21658,A,N,B,C,A,A,H,-,A,D,0,NA,NA,NA,NA,Y,NA,A,01,0,1,1,0,0,0,0,0,0,-,-,34.13560104370117,-117.3751983642578,SAN BERNARDINO,RIALTO,-117.3751983642578,34.135746002197266
91066679,2019,2019-09-04,9855,2019-08-30,0830,016220,NA,5,1,6,3607,0,1,1,NA,2,152,I-15 S/B (ONTARIO FWY),I-10 W/B (SAN BERNARDINO FWY),1100,N,N,A,-,Y,NA,NA,15,NA,NA,NA,NA,NA,S,Y,4,0,1,3,A,-,03,22350,NA,N,C,C,A,A,H,-,A,D,0,NA,NA,NA,NA,Y,NA,D,22,0,0,1,0,0,0,0,0,0,-,-,34.07061004638672,-117.54511260986328,SAN BERNARDINO,ONTARIO,-117.54499816894533,34.07061004638672
91067335,2019,2019-09-04,9860,2019-08-25,0545,016800,NA,7,3,5,3609,0,1,1,NA,2,201,SR-210 E/B,AYALA DR,250,E,N,A,-,Y,NA,NA,210,NA,NA,NA,NA,NA,E,Y,2,0,5,2,A,-,03,22350,NA,N,C,C,A,A,H,-,B,D,0,NA,NA,NA,NA,Y,Y,A,01,1,2,2,0,0,0,0,0,0,-,-,34.135719299316406,-117.39128875732422,SAN BERNARDINO,RIALTO,-117.39128875732422,34.1357421875
91068604,2019,2019-09-05,9860,2019-08-28,1708,019467,NA,3,2,9,3600,0,3,5,NA,2,003,5TH ST,OPAL AVE,482,E,N,A,-,N,NA,NA,NA,NA,NA,NA,NA,NA,NA,Y,4,0,1,1,A,-,08,22107,NA,N,E,I,A,A,H,-,A,D,0,NA,NA,NA,NA,Y,NA,A,01,0,0,1,0,0,0,0,0,0,-,-,34.048301696777344,-117.13284301757813,SAN BERNARDINO,UNINCORPORATED,-117.13288116455078,34.048336029052734
91068695,2019,2019-09-05,9855,2019-09-05,0801,013860,NA,4,1,5,3611,0,1,1,NA,2,203,SR-210 W/B (FOOTHILL FWY),CAMPUS AVE.,2916,W,N,A,-,Y,NA,NA,210,NA,NA,NA,NA,NA,W,Y,4,0,1,2,A,-,07,21658,A,N,C,C,A,A,H,-,A,D,0,NA,NA,Y,NA,Y,NA,A,01,0,0,1,0,0,0,0,0,1,-,-,34.13479995727539,-117.64540100097656,SAN BERNARDINO,UPLAND,-117.64540100097656,34.134918212890625
91068969,2019,2019-09-06,9860,2019-08-24,0657,018275,NA,6,1,4,3603,0,1,1,NA,2,104,I-10 E/B,TIPPECANOE AVE,1056,W,N,A,-,Y,NA,NA,NA,NA,NA,NA,NA,NA,NA,Y,4,0,1,3,A,-,08,22107,NA,N,B,C,A,A,H,-,A,D,0,NA,NA,NA,Y,Y,NA,A,01,0,0,1,0,0,0,0,0,0,-,-,34.06373977661133,-117.26870727539063,SAN BERNARDINO,COLTON,NA,NA
91069943,2019,2019-09-09,9850,2019-08-29,0904,017034,NA,4,1,9,3600,0,3,5,NA,2,006,WALNUT STREET,BARBARA STREET,0,NA,Y,A,-,N,NA,NA,NA,NA,NA,NA,NA,NA,NA,Y,3,0,1,2,A,-,09,21802,A,N,D,C,A,A,H,-,A,D,0,NA,NA,NA,NA,Y,NA,D,22,0,1,0,0,0,0,0,0,0,-,-,34.357540130615234,-117.62708282470705,SAN BERNARDINO,UNINCORPORATED,-117.62696838378906,34.35749053955078
91070665,2019,2019-09-09,9855,2019-09-03,0630,015626,NA,2,1,5,3602,0,1,3,NA,2,603,SR-60 W/B (POMONA FWY),MOUNTAIN AVE.,491,E,N,A,-,Y,NA,NA,60,NA,NA,NA,NA,NA,W,Y,4,0,1,3,A,-,03,22350,NA,N,C,C,A,A,H,-,A,D,0,NA,NA,NA,NA,Y,NA,A,01,0,0,1,0,0,0,0,0,0,-,-,34.03044891357422,-117.66586303710938,SAN BERNARDINO,CHINO,-117.66586303710938,34.03046417236328
91074518,2019,2019-09-13,9855,2019-09-09,1025,016268,NA,1,1,6,3607,0,1,1,NA,2,103,I-10 W/B (SAN BERNARDINO FWY),ARCHIBALD AVE.,300,E,N,A,-,Y,NA,NA,10,NA,NA,NA,NA,NA,W,Y,4,0,1,3,A,-,03,22350,NA,N,C,C,A,A,H,-,A,D,0,NA,NA,NA,NA,Y,NA,D,22,0,0,1,0,0,0,0,0,0,-,-,34.06766128540039,-117.58601379394533,SAN BERNARDINO,ONTARIO,-117.58600616455078,34.06769943237305
91074544,2019,2019-09-13,9850,2019-09-05,1325,020758,NA,4,1,9,3600,0,1,3,NA,2,060,SR-138,OIL WELL RD,845,E,N,C,-,Y,NA,NA,138,NA,NA,NA,NA,NA,NA,Y,4,0,2,2,A,-,03,22350,NA,N,A,C,A,B,F,-,A,D,0,NA,NA,NA,Y,Y,NA,A,01,0,0,2,0,0,0,0,0,0,-,-,34.37913131713867,-117.5615692138672,SAN BERNARDINO,UNINCORPORATED,-117.56159973144533,34.379066467285156
91074927,2019,2019-09-16,9860,2019-08-31,0548,018275,NA,6,3,4,3618,0,1,1,NA,2,202,SR-210 E/B,ARDEN AVE,1056,E,N,A,-,Y,NA,NA,210,NA,NA,NA,NA,NA,E,Y,3,0,2,2,A,-,03,22350,NA,N,C,C,A,A,H,-,A,D,0,NA,NA,NA,NA,Y,NA,A,01,0,1,1,0,0,0,0,0,0,-,-,34.13290023803711,-117.22920989990234,SAN BERNARDINO,HIGHLAND,-117.2292022705078,34.13291931152344
91074968,2019,2019-09-16,9860,2019-09-06,1735,020426,NA,5,2,4,3603,0,1,1,NA,2,103,I-10 E/B,SANTA ANA RIVER BRIDGE,30,E,N,A,-,Y,NA,NA,10,NA,NA,NA,NA,NA,E,Y,4,0,2,1,A,-,08,22107,NA,N,E,I,A,A,H,-,A,D,0,NA,NA,NA,NA,Y,NA,A,07,0,0,2,0,0,0,0,0,0,-,-,34.06496810913086,-117.30372619628906,SAN BERNARDINO,COLTON,-117.30372619628906,34.06501770019531
91076989,2019,2019-09-18,9860,2019-08-27,1700,019062,NA,2,2,4,3603,0,1,1,NA,2,103,I-10 E/B,MOUNT VERNON AVE,650,E,N,A,-,Y,NA,NA,10,NA,NA,NA,NA,NA,E,Y,4,0,1,3,A,-,07,21658,A,N,B,C,A,A,H,-,A,D,0,NA,NA,Y,NA,Y,NA,A,01,0,0,1,0,0,0,0,0,1,-,-,34.06486892700195,-117.31131744384766,SAN BERNARDINO,COLTON,-117.31131744384766,34.064876556396484
91081497,2019,2019-09-24,9855,2019-09-17,1836,016051,NA,2,2,6,3607,0,1,3,NA,2,601,SR-60 E/B (POMONA FWY),EUCLID AVE.,499,E,N,A,-,Y,NA,NA,60,NA,NA,NA,NA,NA,E,Y,3,0,1,2,A,-,07,21658,A,N,B,C,A,A,H,-,A,D,0,NA,NA,Y,NA,Y,NA,A,01,0,1,0,0,0,0,0,0,1,-,-,34.030391693115234,-117.64894104003906,SAN BERNARDINO,ONTARIO,-117.64894104003906,34.03031539916992
91082296,2019,2019-09-25,9860,2019-09-14,0405,020572,NA,6,3,4,3640,0,1,1,NA,2,106,I-10 W/B,OAK GLEN RD,1320,E,N,A,-,Y,NA,NA,10,NA,NA,NA,NA,NA,W,N,4,0,1,2,A,-,08,22107,NA,N,C,C,A,A,D,E,D,D,0,NA,NA,NA,NA,Y,NA,A,01,0,0,1,0,0,0,0,0,0,-,-,34.01887130737305,-117.09964752197266,SAN BERNARDINO,YUCAIPA,-117.09951019287108,34.01909255981445
91082379,2019,2019-09-25,9865,2019-09-19,1317,015158,NA,4,1,9,3600,0,1,3,NA,2,021,SR-330,FREDALBA ROAD (UPPER),400,S,N,A,-,Y,NA,NA,330,NA,NA,NA,NA,NA,NA,Y,4,0,1,1,A,-,08,22107,NA,N,E,I,A,A,H,-,A,D,0,NA,NA,NA,NA,Y,NA,A,07,0,0,1,0,0,0,0,0,0,-,-,34.20438003540039,-117.1260986328125,SAN BERNARDINO,UNINCORPORATED,-117.12608337402344,34.204410552978516
91082654,2019,2019-09-25,9850,2019-09-16,0151,021758,NA,1,3,9,3600,0,1,1,NA,2,084,I-15 N/B,STODDARD WELLS ROAD (NORTH),1531,N,N,A,-,Y,NA,NA,15,NA,NA,NA,NA,NA,N,Y,3,0,1,1,A,-,01,23152,A,N,H,A,A,A,H,-,D,D,0,NA,NA,NA,NA,Y,Y,A,01,0,1,0,0,0,0,0,0,0,-,-,34.595401763916016,-117.25585174560548,SAN BERNARDINO,UNINCORPORATED,-117.25588989257813,34.595428466796875