CASE_ID,ACCIDENT_YEAR,PROC_DATE,JURIS,COLLISION_DATE,COLLISION_TIME,OFFICER_ID,REPORTING_DISTRICT,DAY_OF_WEEK,CHP_SHIFT,POPULATION,CNTY_CITY_LOC,SPECIAL_COND,BEAT_TYPE,CHP_BEAT_TYPE,CITY_DIVISION_LAPD,CHP_BEAT_CLASS,BEAT_NUMBER,PRIMARY_RD,SECONDARY_RD,DISTANCE,DIRECTION,INTERSECTION,WEATHER_1,WEATHER_2,STATE_HWY_IND,CALTRANS_COUNTY,CALTRANS_DISTRICT,STATE_ROUTE,ROUTE_SUFFIX,POSTMILE_PREFIX,POSTMILE,LOCATION_TYPE,RAMP_INTERSECTION,SIDE_OF_HWY,TOW_AWAY,COLLISION_SEVERITY,NUMBER_KILLED,NUMBER_INJURED,PARTY_COUNT,PRIMARY_COLL_FACTOR,PCF_CODE_OF_VIOL,PCF_VIOL_CATEGORY,PCF_VIOLATION,PCF_VIOL_SUBSECTION,HIT_AND_RUN,TYPE_OF_COLLISION,MVIW,PED_ACTION,ROAD_SURFACE,ROAD_COND_1,ROAD_COND_2,LIGHTING,CONTROL_DEVICE,CHP_ROAD_TYPE,PEDESTRIAN_ACCIDENT,BICYCLE_ACCIDENT,MOTORCYCLE_ACCIDENT,TRUCK_ACCIDENT,NOT_PRIVATE_PROPERTY,ALCOHOL_INVOLVED,STWD_VEHTYPE_AT_FAULT,CHP_VEHTYPE_AT_FAULT,COUNT_SEVERE_INJ,COUNT_VISIBLE_INJ,COUNT_COMPLAINT_PAIN,COUNT_PED_KILLED,COUNT_PED_INJURED,COUNT_BICYCLIST_KILLED,COUNT_BICYCLIST_INJURED,COUNT_MC_KILLED,COUNT_MC_INJURED,PRIMARY_RAMP,SECONDARY_RAMP,LATITUDE,LONGITUDE,COUNTY,CITY,POINT_X,POINT_Y
92113864,2023,2023-07-11,9855,2023-07-07,1600,023027,NA,5,2,6,3607,0,1,1,NA,2,103,I-10 W/B (SAN BERNARDINO FWY),ARCHIBALD AVE,2550,E,N,A,-,Y,SBD,NA,10,NA,NA,7.652,H,NA,L,N,4,0,1,2,A,-,07,21658,A,N,B,C,A,A,H,-,A,D,0,NA,NA,NA,NA,Y,NA,A,01,0,0,1,0,0,0,0,0,0,-,-,34.06769943237305,-117.5847625732422,SAN BERNARDINO,ONTARIO,-117.5847625732422,34.06768798828125
92114442,2023,2023-07-11,9850,2023-06-30,35,023006,NA,5,3,5,3619,0,1,1,NA,2,081,I-15 N/B,OAKHILL RD,300,N,N,A,-,Y,SBD,NA,15,NA,R,28.65,H,NA,R,Y,3,0,3,3,A,-,03,22350,NA,N,C,C,A,A,H,-,D,D,0,NA,NA,NA,NA,Y,NA,A,01,0,1,2,0,0,0,0,0,0,-,-,34.362571716308594,-117.43293762207033,SAN BERNARDINO,HESPERIA,-117.43292236328124,34.36255645751953
9211516,2020,2021-01-26,3600,2020-06-19,1729,F6907,VC068,5,5,5,3612,0,0,0,NA,0,VC4,RT 395,BEAR VALLEY RD,1839,N,N,A,-,Y,SBD,8,395,-,-,8.97,H,-,N,Y,1,1,0,2,A,-,08,22107,NA,N,D,C,A,A,H,-,A,D,0,NA,NA,Y,NA,Y,NA,C,02,0,0,0,0,0,0,0,1,0,-,-,NA,NA,SAN BERNARDINO,VICTORVILLE,-117.39950561523438,34.475364685058594
9211522,2020,2021-01-21,3600,2020-11-13,1346,U0068,YC304,5,5,4,3640,0,0,0,NA,0,YC2,WILDWOOD CANYON RD,OAK GROVE RD,195,W,N,A,-,N,NA,NA,NA,NA,NA,NA,NA,NA,NA,Y,1,1,0,2,A,-,01,23152,A,N,B,C,A,A,H,-,A,D,0,NA,NA,NA,NA,Y,Y,D,22,0,0,0,0,0,0,0,0,0,-,-,NA,NA,SAN BERNARDINO,YUCAIPA,-116.99529266357422,34.0131721496582
9211533,2020,2021-02-01,3600,2020-10-07,0133,F6907,VC046,3,5,5,3612,0,0,0,NA,0,VC6,RT 66,RT 15,2920,N,N,A,-,N,NA,NA,NA,NA,NA,NA,NA,NA,NA,Y,1,1,0,1,A,-,08,22107,NA,N,F,A,A,A,H,-,D,D,0,NA,NA,NA,NA,Y,NA,A,01,0,0,0,0,0,0,0,0,0,-,-,NA,NA,SAN BERNARDINO,VICTORVILLE,NA,NA
92115681,2023,2023-07-13,9860,2023-07-05,1709,021638,NA,3,2,6,3610,0,1,1,NA,2,104,I-10 W/B,WATERMAN AVENUE,2640,E,N,A,-,Y,SBD,NA,10,NA,NA,25.766,H,NA,L,N,4,0,1,2,A,-,03,22350,NA,N,C,C,A,A,H,-,A,D,0,NA,NA,NA,NA,Y,NA,A,01,0,0,1,0,0,0,0,0,0,-,-,34.06398010253906,-117.27039337158205,SAN BERNARDINO,SAN BERNARDINO,-117.2703857421875,34.06393051147461
9211607,2020,2021-02-18,3600,2020-04-28,1451,F8172,HE,2,5,5,3619,0,0,0,NA,0,0HE,BEAR VALLEY RD,MARIPOSA RD,740,W,N,A,-,N,NA,NA,NA,NA,NA,NA,NA,NA,NA,Y,1,1,1,2,A,-,01,23152,A,N,C,C,A,A,H,-,A,A,0,NA,NA,Y,NA,Y,Y,C,02,1,0,0,0,0,0,0,1,1,-,-,NA,NA,SAN BERNARDINO,HESPERIA,-117.34531402587892,34.47042465209961
92116135,2023,2023-07-13,9860,2023-07-06,1240,020002,NA,4,1,4,3603,0,1,1,NA,2,214,I-215 S/B,IOWA AVE,1450,N,N,A,-,Y,SBD,NA,215,NA,NA,0.679,H,NA,L,Y,4,0,2,4,A,-,03,22350,NA,N,C,C,A,A,H,-,A,D,0,NA,NA,NA,NA,Y,NA,A,01,0,0,2,0,0,0,0,0,0,-,-,34.02724075317383,-117.33248901367188,SAN BERNARDINO,COLTON,-117.33253479003906,34.02727508544922
9211754,2021,2021-03-30,3605,2021-02-01,1935,401,NA,1,5,4,3605,0,0,0,NA,0,NA,HOLT BL,RAMONA AV,20,E,N,A,-,N,NA,NA,NA,NA,NA,NA,NA,NA,NA,N,1,1,0,2,A,-,11,21956,A,F,G,B,D,A,H,-,C,A,0,Y,NA,NA,NA,Y,NA,N,60,0,0,0,1,0,0,0,0,0,-,-,NA,NA,SAN BERNARDINO,MONTCLAIR,-117.70699310302734,34.0631217956543
9211804,2020,2021-06-30,3610,2020-10-16,1602,50912,NA,5,5,6,3610,0,0,0,NA,0,ADAM,WEST HIGHLAND AV,N MACY ST,95,W,N,A,-,N,NA,NA,NA,NA,NA,NA,NA,NA,NA,Y,1,1,4,3,A,-,05,21651,A,F,A,C,A,A,H,-,A,A,0,NA,NA,NA,NA,Y,NA,A,01,2,0,2,0,0,0,0,0,0,-,-,34.136070251464844,-117.3398208618164,SAN BERNARDINO,SAN BERNARDINO,-117.34015655517578,34.136043548583984
92118664,2023,2023-07-17,9860,2023-07-14,2224,023041,NA,5,3,6,3610,0,1,1,NA,2,216,I-215 S/B,16TH STREET,528,N,N,A,-,Y,SBD,NA,215,NA,NA,8.695,H,NA,L,Y,4,0,1,2,A,-,03,22350,NA,F,C,2,A,A,H,-,C,D,0,NA,NA,NA,NA,Y,NA,-,99,0,0,1,0,0,0,0,0,0,-,-,34.12981033325195,-117.3044204711914,SAN BERNARDINO,SAN BERNARDINO,-117.3043975830078,34.129825592041016
92119919,2022,2023-07-18,9860,2022-08-14,0138,022319,NA,7,3,9,3600,0,2,4,NA,2,411,CEDAR AVENUE,ORANGE STREET,435,N,N,A,-,N,NA,NA,NA,NA,NA,NA,NA,NA,NA,Y,1,2,1,2,A,-,05,21460,A,N,A,C,A,A,H,-,C,D,0,NA,NA,NA,NA,Y,NA,-,-,1,0,0,0,0,0,0,0,0,-,-,34.06623840332031,-117.39620971679688,SAN BERNARDINO,UNINCORPORATED,-117.3961944580078,34.066158294677734
92120100,2023,2023-08-23,9855,2023-06-25,2309,022865,NA,7,3,5,3611,0,1,1,NA,2,103,I-10 E/B (SAN BERNARDINO FWY),EUCLID AVE.,1584,W,N,A,-,Y,SBD,NA,10,NA,NA,3.132,H,NA,R,N,4,0,1,1,A,-,03,22350,NA,N,F,A,A,A,D,-,C,D,0,NA,NA,Y,NA,Y,NA,-,-,0,0,1,0,0,0,0,0,1,-,-,34.0872917175293,-117.65699768066406,SAN BERNARDINO,UPLAND,-117.65699768066406,34.08724594116211
92123159,2023,2023-07-21,9850,2023-07-08,2026,021384,NA,6,2,9,3600,0,2,4,NA,2,050,BALDY MESA RD,APPLETON ST,0,NA,Y,A,-,N,NA,NA,NA,NA,NA,NA,NA,NA,NA,N,2,0,1,2,A,-,09,21801,A,N,D,C,A,A,H,-,D,D,0,NA,NA,Y,NA,Y,NA,D,22,1,0,0,0,0,0,0,0,1,-,-,34.45375061035156,-117.45107269287108,SAN BERNARDINO,UNINCORPORATED,-117.45101165771484,34.4537467956543
9212346,2021,2021-03-18,3603,2021-01-10,1600,5005,CPD,7,5,4,3603,0,0,0,NA,0,002,N MT VERNON AV,E LAUREL ST,150,S,N,A,-,N,NA,NA,NA,NA,NA,NA,NA,NA,NA,N,4,0,1,2,A,-,09,21804,A,N,B,C,A,A,H,-,B,A,0,NA,NA,NA,NA,Y,NA,A,01,0,0,1,0,0,0,0,0,0,-,-,34.080299377441406,-117.31385040283205,SAN BERNARDINO,COLTON,-117.31385040283205,34.07984924316406
92124327,2023,2023-07-24,9855,2023-07-12,545,018335,NA,3,3,5,3611,0,1,1,NA,2,203,SR-210 E/B (FOOTHILL FWY),MOUNTAIN AVENUE,2250,W,N,A,-,Y,SBD,NA,210,NA,NA,1.054,H,NA,R,Y,4,0,1,1,C,-,18,NA,NA,N,E,I,A,A,H,-,B,D,0,NA,NA,NA,NA,Y,NA,-,-,0,0,1,0,0,0,0,0,0,-,-,34.13344955444336,-117.67787933349608,SAN BERNARDINO,UPLAND,-117.6779327392578,34.13356018066406
92124431,2023,2023-08-07,9870,2023-07-16,2000,021782,NA,7,2,9,3600,0,3,5,NA,2,003,INDIAN TRAIL,DATURA AVENUE,50,E,N,A,-,N,NA,NA,NA,NA,NA,NA,NA,NA,NA,Y,2,0,1,2,A,-,03,22350,NA,N,C,C,A,A,H,-,B,D,0,NA,NA,Y,NA,Y,NA,C,02,1,0,0,0,0,0,0,0,1,-,-,34.18622970581055,-116.07582855224608,SAN BERNARDINO,UNINCORPORATED,-116.07584381103516,34.18619918823242
92125663,2023,2023-07-25,9855,2023-07-23,1920,023027,NA,7,2,5,3611,0,1,1,NA,2,203,SR-210 E/B (FOOTHILL FWY),BASELINE RD.,2500,E,N,A,-,Y,SBD,NA,210,NA,NA,0.324,H,NA,R,Y,4,0,2,1,A,-,08,22107,NA,N,E,I,A,A,H,-,A,D,0,NA,NA,NA,NA,Y,NA,A,01,0,0,2,0,0,0,0,0,0,-,-,34.127201080322266,-117.68808746337892,SAN BERNARDINO,UPLAND,-117.68817901611328,34.12728500366211
9212758,2020,2021-03-15,3600,2020-12-17,1311,G5174,TW004,4,5,3,3617,0,0,0,NA,0,0TW,RT 62,ADOBE RD,0,NA,Y,A,-,Y,SBD,8,62,-,-,33.208,I,5,E,Y,3,0,2,2,A,-,09,21801,A,N,A,C,A,A,H,-,A,A,0,NA,NA,NA,NA,Y,NA,A,08,0,1,1,0,0,0,0,0,0,-,-,34.1356201171875,-116.0543212890625,SAN BERNARDINO,TWENTYNINE PALMS,-116.05441284179688,34.135623931884766
92129103,2023,2023-07-28,9860,2023-07-25,130,020282,NA,2,3,9,3600,0,3,5,NA,2,002,E STREET,40TH STREET,110,N,N,A,-,N,NA,NA,NA,NA,NA,NA,NA,NA,NA,Y,4,0,1,1,A,-,08,22107,NA,N,E,8,A,A,H,-,C,D,0,NA,NA,NA,NA,Y,NA,A,01,0,0,1,0,0,0,0,0,0,-,-,34.164981842041016,-117.30043792724608,SAN BERNARDINO,UNINCORPORATED,-117.3004913330078,34.164913177490234
9212960,2020,2021-02-09,3604,2020-12-27,1130,530,NA,7,5,6,3604,0,0,0,NA,0,002,SIERRA AV,RT 210,0,NA,Y,A,-,Y,SBD,8,210,-,-,14.668,R,4,E,Y,4,0,1,2,A,-,12,21453,A,N,D,C,A,A,H,-,A,A,0,NA,NA,NA,NA,Y,NA,A,01,0,0,1,0,0,0,0,0,0,-,EF,NA,NA,SAN BERNARDINO,FONTANA,-117.4406280517578,34.136260986328125
9213059,2021,2021-02-02,3609,2021-01-19,1552,4247,R1139,2,5,5,3609,0,0,0,NA,0,004,FOOTHILL BL,RIVERSIDE AV,60,NA,N,B,G,N,NA,NA,NA,NA,NA,NA,NA,NA,NA,N,3,0,1,1,A,-,03,22350,NA,N,H,A,A,A,H,-,A,A,0,NA,NA,Y,NA,Y,NA,C,02,0,1,0,0,0,0,0,0,1,-,-,NA,NA,SAN BERNARDINO,RIALTO,-117.3703842163086,34.10675811767578
92130738,2023,2023-07-28,9850,2023-07-17,643,022734,NA,1,1,5,3619,0,1,1,NA,2,081,I-15 N/B,JOSHUA ST,1478,S,N,A,-,Y,SBD,NA,15,NA,NA,32.045,H,NA,R,Y,4,0,1,2,A,-,03,22350,NA,N,C,C,A,A,D,-,A,D,0,NA,NA,NA,NA,Y,NA,A,01,0,0,1,0,0,0,0,0,0,-,-,34.40269088745117,-117.39903259277344,SAN BERNARDINO,HESPERIA,-117.39900970458984,34.402679443359375
92131081,2023,2023-07-31,9860,2023-07-18,107,022582,NA,2,3,9,3600,0,3,5,NA,2,004,CACTUS AVENUE,MAYWOOD STREET,22,S,N,A,-,N,NA,NA,NA,NA,NA,NA,NA,NA,NA,Y,2,0,1,2,A,-,03,22350,NA,N,G,B,E,A,H,-,D,D,0,Y,NA,NA,NA,Y,NA,A,01,1,0,0,0,1,0,0,0,0,-,-,34.05128860473633,-117.3832778930664,SAN BERNARDINO,UNINCORPORATED,-117.38333129882813,34.051300048828125
92131934,2023,2023-07-31,9850,2023-07-25,2235,022148,NA,2,3,5,3619,0,1,1,NA,2,081,I-15 N/B,OAK HILL RD,300,N,N,A,-,Y,SBD,NA,15,NA,R,28.679,H,NA,R,Y,4,0,1,2,A,-,03,22350,NA,N,C,C,A,A,H,-,D,D,0,NA,NA,NA,NA,Y,NA,A,01,0,0,1,0,0,0,0,0,0,-,-,34.36294174194336,-117.43267059326172,SAN BERNARDINO,HESPERIA,-117.43260192871094,34.36289978027344
92134609,2023,2023-08-02,9835,2023-07-30,1555,022846,NA,7,2,9,3600,0,1,1,NA,2,073,I-15 S/B,HARVARD RD.,12883,N,N,A,-,Y,SBD,NA,15,NA,R,98.864,H,NA,L,N,3,0,1,1,A,-,08,22107,NA,N,F,A,A,A,H,-,A,D,0,NA,NA,Y,NA,Y,NA,C,02,0,1,0,0,0,0,0,0,1,-,-,34.98051834106445,-116.6065673828125,SAN BERNARDINO,UNINCORPORATED,-116.60658264160156,34.98054122924805
92137028,2023,2023-09-18,9860,2023-08-03,2356,022890,NA,4,3,9,3600,0,1,1,NA,2,151,I-15 N/B,SIERRA AVE.,2904,N,N,A,-,Y,SBD,NA,15,NA,NA,13.41,H,NA,R,Y,3,0,2,5,A,-,03,22350,NA,N,B,2,A,A,H,-,C,D,0,NA,NA,NA,NA,Y,NA,A,01,0,1,1,0,0,0,0,0,0,-,-,34.18729019165039,-117.4299774169922,SAN BERNARDINO,UNINCORPORATED,-117.42987823486328,34.187191009521484
92140478,2023,2023-08-10,9865,2023-08-02,1120,016913,NA,3,1,9,3600,0,3,5,NA,2,003,MILL CREEK RD (2N10),TULIP LN,5280,S,N,A,-,N,NA,NA,NA,NA,NA,NA,NA,NA,NA,N,3,0,1,1,C,-,18,NA,NA,N,E,I,A,A,A,-,A,D,0,NA,Y,NA,NA,Y,NA,-,-,0,1,0,0,0,0,1,0,0,-,-,34.22610092163086,-116.93260955810548,SAN BERNARDINO,UNINCORPORATED,-116.92929840087892,34.235408782958984
92141544,2023,2023-08-11,9860,2023-08-08,1530,021638,NA,2,2,9,3600,0,3,5,NA,2,003,RIVER BLUFF AVENUE,ALABAMA STREET,270,E,N,A,-,N,NA,NA,NA,NA,NA,NA,NA,NA,NA,N,4,0,1,2,A,-,09,21801,A,N,D,C,A,A,H,-,A,D,0,NA,NA,NA,NA,Y,NA,A,01,0,0,1,0,0,0,0,0,0,-,-,34.086971282958984,-117.20768737792967,SAN BERNARDINO,UNINCORPORATED,-117.20784759521484,34.08695983886719
92143194,2023,2023-08-14,9855,2023-08-06,2325,021543,NA,7,3,6,3607,0,1,1,NA,2,101,I-10 W/B (SAN BERNARDINO FWY),ETIWANDA AVE.,3168,E,N,A,-,Y,SBD,NA,10,NA,NA,11.825,H,NA,L,N,3,0,2,1,A,-,01,23152,A,N,E,I,A,A,D,-,C,D,0,NA,NA,NA,NA,Y,Y,D,22,0,2,0,0,0,0,0,0,0,-,-,34.06718826293945,-117.51210784912108,SAN BERNARDINO,ONTARIO,-117.5121612548828,34.067020416259766
92144569,2023,2023-08-15,9855,2023-08-11,1153,021156,NA,5,1,4,3605,0,1,1,NA,2,103,I-10 W/B (SAN BERNARDINO FWY),CENTRAL AVE.,1800,W,N,A,-,Y,SBD,NA,10,NA,NA,1.045,H,NA,L,N,4,0,2,3,A,-,03,22350,NA,N,C,C,A,A,D,-,A,D,0,NA,NA,NA,NA,Y,NA,A,08,0,0,2,0,0,0,0,0,0,-,-,34.0843505859375,-117.69271087646484,SAN BERNARDINO,MONTCLAIR,-117.69266510009766,34.084285736083984
92145245,2023,2023-08-16,9855,2023-08-11,1830,023027,NA,5,2,9,3600,0,3,5,NA,2,004,RIVERSIDE DR.,EAST END AVE,30,W,N,A,-,N,NA,NA,NA,NA,NA,NA,NA,NA,NA,N,4,0,1,2,A,-,03,22350,NA,N,C,C,A,A,H,-,A,A,0,NA,NA,NA,NA,Y,NA,A,01,0,0,1,0,0,0,0,0,0,-,-,34.018829345703125,-117.72447967529295,SAN BERNARDINO,UNINCORPORATED,-117.72428131103516,34.01885986328125
92146183,2023,2023-08-17,9860,2023-08-14,1735,020533,NA,1,2,6,3610,0,1,1,NA,2,103,I-10 E/B,HUNTS LN,100,E,N,A,-,Y,SBD,NA,10,NA,NA,24.798,H,NA,R,N,3,0,2,2,A,-,03,22350,NA,N,C,C,A,A,H,-,A,D,0,NA,NA,NA,NA,Y,NA,A,01,0,1,1,0,0,0,0,0,0,-,-,34.0635986328125,-117.28701782226563,SAN BERNARDINO,SAN BERNARDINO,-117.28701019287108,34.06351852416992
92146498,2023,2024-03-22,9835,2023-08-08,1343,022209,NA,2,1,9,3600,0,1,3,NA,1,012,SR-58 W/B,W. MAIN ST,6125,W,N,A,-,Y,SBD,NA,58,NA,R,33.635,H,NA,L,Y,2,0,4,1,A,-,01,23152,G,N,E,I,A,A,H,-,A,D,0,NA,NA,NA,NA,Y,Y,A,07,2,2,0,0,0,0,0,0,0,-,-,34.8838005065918,-117.08979034423828,SAN BERNARDINO,UNINCORPORATED,-117.08971405029295,34.88385009765625
92148665,2023,2023-08-21,9865,2023-08-09,1725,021892,NA,3,2,9,3600,0,1,3,NA,1,010,RT 18,MORMON RD.,2640,S,N,B,C,Y,SBD,NA,18,NA,R,16.587,H,NA,R,N,2,0,1,1,A,-,03,22350,NA,N,F,I,A,A,H,-,A,D,0,NA,NA,Y,NA,Y,NA,C,02,1,0,0,0,0,0,0,0,1,-,-,34.230430603027344,-117.30023193359376,SAN BERNARDINO,UNINCORPORATED,-117.30025482177734,34.230323791503906
92149226,2023,2023-08-21,9860,2023-08-11,1720,022906,NA,5,2,9,3600,0,1,3,NA,1,382,SR-38,KILKARE RD,1901,W,N,A,-,Y,SBD,NA,38,NA,R,11.256,H,NA,R,Y,3,0,1,2,A,-,01,23152,A,N,E,I,A,A,H,-,A,D,0,NA,NA,NA,NA,Y,Y,A,07,0,1,0,0,0,0,0,0,0,-,-,34.10404968261719,-117.01502227783205,SAN BERNARDINO,UNINCORPORATED,-117.01504516601563,34.104103088378906
92149764,2023,2023-08-22,9860,2023-08-21,1030,016590,NA,1,1,6,3610,0,1,1,NA,2,202,SR-210 E/B,MUSCUPIABE DR.,323,W,N,B,-,Y,SBD,NA,210,NA,R,22.529,H,NA,R,Y,4,0,1,2,A,-,07,21658,A,N,B,2,A,A,H,-,A,D,0,NA,NA,NA,NA,Y,NA,D,22,0,0,1,0,0,0,0,0,0,-,-,34.14556884765625,-117.30809020996094,SAN BERNARDINO,SAN BERNARDINO,-117.30809020996094,34.14563751220703
92149907,2023,2023-08-22,9860,2023-08-16,1150,016590,NA,3,1,4,3618,0,1,1,NA,2,203,SR-210 E/B,BASELINE ST.,943,W,N,A,-,Y,SBD,NA,210,NA,R,29.132,H,NA,R,Y,4,0,1,2,A,-,21,22106,NA,N,B,C,A,A,D,-,A,D,0,NA,NA,NA,NA,Y,NA,A,01,0,0,1,0,0,0,0,0,0,-,-,34.12397003173828,-117.20108032226563,SAN BERNARDINO,HIGHLAND,-117.20099639892578,34.12398147583008
92151528,2023,2024-07-16,9865,2023-02-26,0,021722,NA,7,3,9,3600,0,3,5,NA,2,003,POLIQUE CANYON RD,STATE ROUTE-38,2640,N,N,D,-,N,NA,NA,NA,NA,NA,NA,NA,NA,NA,N,1,1,0,2,A,-,21,22106,NA,F,G,B,E,C,G,-,D,D,0,Y,NA,NA,NA,Y,Y,A,07,0,0,0,1,0,0,0,0,0,-,-,34.26594161987305,-116.92694091796876,SAN BERNARDINO,UNINCORPORATED,-116.92644500732422,34.26543045043945
92152190,2023,2023-08-24,9855,2023-08-20,1645,020564,NA,7,2,6,3604,0,1,1,NA,2,101,I-10 W/B (SAN BERNARDINO FWY),CITRUS AVE,170,W,N,B,C,Y,SBD,NA,10,NA,NA,15.141,H,NA,L,Y,3,0,1,2,A,-,03,22350,NA,N,E,2,A,B,H,-,A,D,0,NA,NA,NA,Y,Y,NA,A,01,0,1,0,0,0,0,0,0,0,-,-,34.066898345947266,-117.45443725585938,SAN BERNARDINO,FONTANA,-117.45444488525392,34.06698226928711
92154134,2023,2023-08-25,9860,2023-08-20,1315,022843,NA,7,1,9,3600,0,1,1,NA,2,152,I-15 S/B,SR-138,2112,N,N,B,C,Y,SBD,NA,15,NA,R,21.822,H,NA,L,N,4,0,1,1,A,-,08,22107,NA,N,E,I,A,B,H,-,A,D,0,NA,NA,NA,NA,Y,NA,A,07,0,0,1,0,0,0,0,0,0,-,-,34.316829681396484,-117.47979736328124,SAN BERNARDINO,UNINCORPORATED,-117.47981262207033,34.31682586669922
92155788,2023,2023-08-28,9870,2023-08-19,453,022177,NA,6,3,9,3600,0,1,3,NA,1,011,STATE ROUTE 62 (TWENTYNINE PALMS HWY),HIGHLAND ROAD,290,W,N,A,-,Y,SBD,NA,62,NA,NA,6.554,H,NA,R,Y,4,0,1,1,A,-,08,22107,NA,N,E,I,A,A,H,-,D,D,0,NA,NA,NA,NA,Y,NA,A,01,0,0,1,0,0,0,0,0,0,-,-,34.095680236816406,-116.50865173339844,SAN BERNARDINO,UNINCORPORATED,-116.50855255126952,34.09554672241211
92155850,2023,2023-08-28,9835,2023-08-19,2030,023107,NA,6,2,9,3600,0,1,1,NA,2,077,INTERSTATE 15,BAILEY RD,7234,N,N,B,C,Y,SBD,NA,15,NA,NA,172.846,H,NA,R,Y,3,0,1,1,A,-,03,22350,NA,N,E,I,A,B,H,-,D,A,0,NA,NA,NA,NA,Y,NA,A,07,0,1,0,0,0,0,0,0,0,-,-,35.470218658447266,-115.50475311279295,SAN BERNARDINO,UNINCORPORATED,-115.50475311279295,35.470211029052734
92156059,2023,2023-08-28,9855,2023-08-22,704,015461,NA,2,1,4,3605,0,1,1,NA,2,103,I-10 E/B (SAN BERNARDINO FWY),CENTRAL AVE.,1763,E,N,A,-,Y,SBD,NA,10,NA,NA,1.591,H,NA,R,Y,4,0,1,2,A,-,03,22350,NA,F,C,C,A,A,D,-,A,D,0,NA,NA,NA,NA,Y,NA,-,99,0,0,1,0,0,0,0,0,0,-,-,34.087100982666016,-117.68393707275392,SAN BERNARDINO,MONTCLAIR,-117.68393707275392,34.08708953857422
92156152,2023,2023-08-28,9834,2023-08-25,2008,020845,NA,5,2,9,3600,0,3,5,NA,2,003,GOFFS RD.,WALTER RD.,1533,E,N,A,-,N,NA,NA,NA,NA,NA,NA,NA,NA,NA,Y,4,0,3,1,A,-,08,22107,NA,N,E,I,A,A,H,-,D,D,0,NA,NA,NA,NA,Y,NA,D,22,0,0,3,0,0,0,0,0,0,-,-,34.91360092163086,-114.98975372314452,SAN BERNARDINO,UNINCORPORATED,-114.97957611083984,34.91432571411133
9215760,2020,2021-02-19,3600,2020-12-30,1056,F8618,YC309,3,5,4,3640,0,0,0,NA,0,YC3,WILDWOOD CANYON RD,5TH ST,0,NA,Y,A,-,N,NA,NA,NA,NA,NA,NA,NA,NA,NA,N,3,0,1,2,A,-,04,21703,NA,N,G,G,A,A,H,-,A,A,0,NA,Y,NA,NA,Y,NA,A,01,0,1,0,0,0,0,1,0,0,-,-,NA,NA,SAN BERNARDINO,YUCAIPA,-117.05623626708984,34.01573944091797
92161307,2023,2023-09-04,9865,2023-08-26,1721,021892,NA,6,2,9,3600,0,3,5,NA,2,002,GREEN VALLEY LAKE RD,FOREST SERVICE ROAD 2N19,3696,N,N,A,-,N,NA,NA,NA,NA,NA,NA,NA,NA,NA,N,4,0,2,2,A,-,03,22350,NA,N,B,C,A,A,H,-,A,D,0,NA,NA,NA,NA,Y,NA,A,07,0,0,2,0,0,0,0,0,0,-,-,34.226600646972656,-117.09327697753906,SAN BERNARDINO,UNINCORPORATED,-117.08551025390624,34.22357940673828
92162776,2023,2023-09-05,9865,2023-08-28,1715,021392,NA,1,2,9,3600,0,1,3,NA,2,032,SR-18 S/B,DIVISION DR,40,S,N,A,-,Y,SBD,NA,18,NA,NA,52.679,H,NA,L,N,4,0,1,2,A,-,03,22350,NA,M,C,C,A,A,H,-,A,A,0,NA,NA,NA,NA,Y,NA,D,22,0,0,1,0,0,0,0,0,0,-,-,34.2605094909668,-116.86593627929688,SAN BERNARDINO,UNINCORPORATED,-116.86593627929688,34.260501861572266
92163326,2023,2023-09-06,9855,2023-08-28,2005,022474,NA,1,2,6,3607,0,1,1,NA,2,103,I-10 E/B (SAN BERNARDINO FWY),MOUNTAIN AVENUE,1140,E,N,A,-,Y,SBD,NA,10,NA,NA,2.613,H,NA,R,N,4,0,1,2,A,-,03,22350,NA,N,C,C,A,A,H,-,C,D,0,NA,NA,NA,NA,Y,NA,A,07,0,0,1,0,0,0,0,0,0,-,-,34.087120056152344,-117.66613006591795,SAN BERNARDINO,ONTARIO,-117.66613006591795,34.08720779418945
92164759,2023,2023-09-07,9855,2023-08-31,1310,023010,NA,4,1,6,3607,0,1,1,NA,2,103,I-10 E/B (SAN BERNARDINO FWY),HAVEN AVE.,1700,W,N,A,-,Y,SBD,NA,10,NA,NA,7.812,H,NA,R,N,4,0,1,3,A,-,03,22350,NA,F,C,C,A,A,D,-,A,D,0,NA,NA,NA,NA,Y,NA,-,99,0,0,1,0,0,0,0,0,0,-,-,34.06739044189453,-117.58200073242188,SAN BERNARDINO,ONTARIO,-117.58200073242188,34.06747817993164