CASE_ID,ACCIDENT_YEAR,PROC_DATE,JURIS,COLLISION_DATE,COLLISION_TIME,OFFICER_ID,REPORTING_DISTRICT,DAY_OF_WEEK,CHP_SHIFT,POPULATION,CNTY_CITY_LOC,SPECIAL_COND,BEAT_TYPE,CHP_BEAT_TYPE,CITY_DIVISION_LAPD,CHP_BEAT_CLASS,BEAT_NUMBER,PRIMARY_RD,SECONDARY_RD,DISTANCE,DIRECTION,INTERSECTION,WEATHER_1,WEATHER_2,STATE_HWY_IND,CALTRANS_COUNTY,CALTRANS_DISTRICT,STATE_ROUTE,ROUTE_SUFFIX,POSTMILE_PREFIX,POSTMILE,LOCATION_TYPE,RAMP_INTERSECTION,SIDE_OF_HWY,TOW_AWAY,COLLISION_SEVERITY,NUMBER_KILLED,NUMBER_INJURED,PARTY_COUNT,PRIMARY_COLL_FACTOR,PCF_CODE_OF_VIOL,PCF_VIOL_CATEGORY,PCF_VIOLATION,PCF_VIOL_SUBSECTION,HIT_AND_RUN,TYPE_OF_COLLISION,MVIW,PED_ACTION,ROAD_SURFACE,ROAD_COND_1,ROAD_COND_2,LIGHTING,CONTROL_DEVICE,CHP_ROAD_TYPE,PEDESTRIAN_ACCIDENT,BICYCLE_ACCIDENT,MOTORCYCLE_ACCIDENT,TRUCK_ACCIDENT,NOT_PRIVATE_PROPERTY,ALCOHOL_INVOLVED,STWD_VEHTYPE_AT_FAULT,CHP_VEHTYPE_AT_FAULT,COUNT_SEVERE_INJ,COUNT_VISIBLE_INJ,COUNT_COMPLAINT_PAIN,COUNT_PED_KILLED,COUNT_PED_INJURED,COUNT_BICYCLIST_KILLED,COUNT_BICYCLIST_INJURED,COUNT_MC_KILLED,COUNT_MC_INJURED,PRIMARY_RAMP,SECONDARY_RAMP,LATITUDE,LONGITUDE,COUNTY,CITY,POINT_X,POINT_Y
9315384,2021,2021-09-03,3600,2021-05-06,1258,F7786,RC071,4,5,6,3616,0,0,0,NA,0,003,HIGHLAND AV,DAY CREEK BL,400,E,N,A,-,N,NA,NA,NA,NA,NA,NA,NA,NA,NA,N,4,0,1,2,A,-,09,21804,A,N,D,C,A,A,H,-,A,D,0,NA,NA,NA,NA,Y,NA,A,07,0,0,1,0,0,0,0,0,0,-,-,NA,NA,SAN BERNARDINO,RANCHO CUCAMONGA,-117.5356674194336,34.13529586791992
9315403,2021,2021-09-10,3610,2021-07-06,0001,51206,NA,2,5,6,3610,0,0,0,NA,0,POLICE,WEST HIGHLAND AV,MT VERNON AV,60,E,N,A,-,N,NA,NA,NA,NA,NA,NA,NA,NA,NA,Y,3,0,3,2,A,-,03,22350,NA,N,C,C,A,A,H,-,C,A,0,NA,NA,NA,NA,Y,NA,A,01,0,1,2,0,0,0,0,0,0,-,-,NA,NA,SAN BERNARDINO,SAN BERNARDINO,-117.3161849975586,34.13608169555664
9315852,2021,2021-09-10,3600,2021-04-06,1629,E3918,RC033,2,5,6,3616,0,0,0,NA,0,005,ARROW RTE,HERMOSA AV,393,E,N,A,-,N,NA,NA,NA,NA,NA,NA,NA,NA,NA,Y,4,0,1,2,A,-,03,22350,NA,N,C,C,A,A,H,-,A,D,0,NA,NA,NA,NA,Y,NA,A,01,0,0,1,0,0,0,0,0,0,-,-,NA,NA,SAN BERNARDINO,RANCHO CUCAMONGA,-117.5833740234375,34.09925842285156
9315871,2021,2021-09-04,3600,2021-03-22,1543,C9389,RC021,1,5,6,3616,0,0,0,NA,0,RC2,SPUCE AV,BASE LINE RD,0,NA,Y,A,-,N,NA,NA,NA,NA,NA,NA,NA,NA,NA,N,3,0,2,2,A,-,09,21801,A,N,D,C,A,A,H,-,A,A,0,NA,NA,NA,NA,Y,NA,A,01,0,1,1,0,0,0,0,0,0,-,-,NA,NA,SAN BERNARDINO,RANCHO CUCAMONGA,-117.568115234375,34.12152862548828
9316263,2021,2021-09-17,3600,2021-07-23,1149,G7730,HI014,5,5,4,3618,0,0,0,NA,0,HI2,CYPRESS ST,COLE AV,0,NA,Y,A,-,N,NA,NA,NA,NA,NA,NA,NA,NA,NA,N,4,0,1,2,A,-,09,21801,NA,N,A,C,A,A,H,-,A,D,0,NA,NA,NA,NA,Y,Y,-,-,0,0,1,0,0,0,0,0,0,-,-,34.11344909667969,-117.21248626708984,SAN BERNARDINO,HIGHLAND,-117.21308135986328,34.11351776123047
9316290,2021,2021-09-21,3605,2021-08-03,2358,443,NA,2,5,4,3605,0,0,0,NA,0,NA,CENTRAL AV,PALO VERDE ST,0,NA,Y,A,-,N,NA,NA,NA,NA,NA,NA,NA,NA,NA,N,4,0,1,2,A,-,03,22350,NA,N,C,C,A,A,H,-,C,A,0,NA,NA,NA,NA,Y,NA,A,01,0,0,1,0,0,0,0,0,0,-,-,NA,NA,SAN BERNARDINO,MONTCLAIR,-117.68963623046876,34.081398010253906
9317037,2021,2021-10-02,3605,2021-08-14,0243,434,NA,6,5,4,3605,0,0,0,NA,0,NA,MILLS AV,HOLT BL,1000,S,N,A,-,N,NA,NA,NA,NA,NA,NA,NA,NA,NA,Y,2,0,2,1,A,-,01,23153,A,N,E,I,A,A,H,-,C,A,0,NA,NA,NA,NA,Y,Y,A,07,2,0,0,0,0,0,0,0,0,-,-,NA,NA,SAN BERNARDINO,MONTCLAIR,-117.7176513671875,34.06039047241211
9317124,2021,2021-09-09,3600,2021-08-22,1652,I5451,AP008,7,5,5,3621,0,0,0,NA,0,AP4,RT 18,NAVAJO RD,91,E,N,A,-,Y,SBD,8,18,-,-,88.85,H,-,N,N,4,0,2,2,A,-,03,22350,NA,N,C,C,A,A,H,-,A,A,0,NA,NA,NA,NA,Y,NA,D,22,0,0,2,0,0,0,0,0,0,-,-,NA,NA,SAN BERNARDINO,APPLE VALLEY,-117.18990325927734,34.50054168701172
9317360,2021,2021-09-20,3600,2021-08-11,0902,F5565,LL004,3,5,3,3615,0,0,0,NA,0,LL1,REDLANDS BL,RICHARDSON ST,43,W,N,A,-,N,NA,NA,NA,NA,NA,NA,NA,NA,NA,Y,4,0,2,2,A,-,03,22350,NA,N,C,C,A,A,H,-,A,A,0,NA,NA,NA,NA,Y,NA,A,01,0,0,2,0,0,0,0,0,0,-,-,NA,NA,SAN BERNARDINO,LOMA LINDA,-117.25257110595705,34.063053131103516
9318957,2021,2021-09-28,3608,2021-07-17,2036,4523,3608,6,5,5,3608,0,0,0,NA,0,NA,LUGONIA AV,TEXAS ST,250,W,N,A,-,N,NA,NA,NA,NA,NA,NA,NA,NA,NA,Y,3,0,1,6,A,-,03,22350,NA,N,C,E,A,A,H,-,C,D,0,NA,NA,NA,NA,Y,NA,A,07,0,1,0,0,0,0,0,0,0,-,-,NA,NA,SAN BERNARDINO,REDLANDS,-117.19199371337892,34.070091247558594
9319513,2021,2021-09-23,3604,2021-09-06,1605,1322,NA,1,5,6,3604,0,0,0,NA,0,NA,CHERRY AV,VICTORIA ST,0,NA,Y,A,-,N,NA,NA,NA,NA,NA,NA,NA,NA,NA,Y,4,0,3,2,A,-,08,22107,NA,N,D,C,A,A,H,-,A,A,0,NA,NA,NA,NA,Y,NA,A,01,0,0,3,0,0,0,0,0,0,-,-,NA,NA,SAN BERNARDINO,FONTANA,-117.48851776123048,34.128719329833984
9320073,2021,2023-07-18,3604,2021-09-07,0303,1302,NA,2,5,6,3604,0,0,0,NA,0,NA,SIERRA AV,DUNCAN CANYON,1061,S,N,A,-,N,NA,NA,NA,NA,NA,NA,NA,NA,NA,Y,1,1,0,1,A,-,03,22350,NA,N,E,I,A,A,H,-,D,D,0,NA,NA,NA,NA,Y,Y,D,22,0,0,0,0,0,0,0,0,0,-,-,NA,NA,SAN BERNARDINO,FONTANA,-117.43616485595705,34.16212463378906
9320743,2021,2022-06-02,3610,2021-10-23,1848,50967,NA,6,5,6,3610,0,0,0,NA,0,ADAM,W FOOTHILL BL,N RANCHO AV,83,E,N,B,-,Y,NA,NA,NA,NA,NA,NA,NA,NA,NA,N,1,1,0,2,A,-,11,21954,A,N,G,B,D,A,A,-,C,D,0,Y,NA,NA,NA,Y,NA,N,60,0,0,0,1,0,0,0,0,0,-,-,NA,NA,SAN BERNARDINO,SAN BERNARDINO,-117.33372497558594,34.10670852661133
9320820,2022,2022-07-06,3600,2022-03-26,0044,H7585,HE320,6,5,5,3619,0,0,0,NA,0,HE5,RANCHERO RD,TROPICAN ROSE AV,262,W,N,A,-,N,NA,NA,NA,NA,NA,NA,NA,NA,NA,Y,1,1,2,2,A,-,05,21460,A,N,A,C,A,A,H,-,C,D,0,NA,NA,NA,NA,Y,NA,A,07,1,1,0,0,0,0,0,0,0,-,-,NA,NA,SAN BERNARDINO,HESPERIA,-117.35297393798828,34.383140563964844
9321801,2021,2021-10-07,3600,2021-07-24,1502,D33381,VC045,6,5,5,3612,0,0,0,NA,0,VC1,D ST,EDISON POLE 2360875E,53,W,N,A,-,N,NA,NA,NA,NA,NA,NA,NA,NA,NA,Y,4,0,1,3,A,-,03,22350,NA,N,A,C,A,A,H,-,A,A,0,NA,NA,NA,Y,Y,NA,F,25,0,0,1,0,0,0,0,0,0,-,-,NA,NA,SAN BERNARDINO,VICTORVILLE,NA,NA
9321915,2021,2021-10-04,3610,2021-08-05,2018,51354,NA,4,5,6,3610,0,0,0,NA,0,ADAM,W BASELINE ST,N GERNER AV,300,W,N,A,-,N,NA,NA,NA,NA,NA,NA,NA,NA,NA,N,4,0,1,2,A,-,11,21954,A,N,G,B,D,A,H,-,C,D,0,Y,NA,NA,NA,Y,NA,N,60,0,0,1,0,1,0,0,0,0,-,-,34.121341705322266,-117.31381988525392,SAN BERNARDINO,SAN BERNARDINO,-117.3123779296875,34.12131881713867
9321959,2021,2021-09-28,3610,2021-07-24,1237,50967,NA,6,5,6,3610,0,0,0,NA,0,POLICE,W 9TH ST,N F ST,0,NA,Y,B,-,N,NA,NA,NA,NA,NA,NA,NA,NA,NA,Y,3,0,3,2,A,-,12,21453,A,N,D,C,A,A,H,-,A,A,0,NA,NA,NA,NA,Y,NA,A,01,0,3,0,0,0,0,0,0,0,-,-,34.11579132080078,-117.29640197753906,SAN BERNARDINO,SAN BERNARDINO,-117.29640197753906,34.115760803222656
9322132,2021,2021-10-09,3605,2021-08-30,1539,457,NA,1,5,4,3605,0,0,0,NA,0,NA,HOLT BL,MONTE VISTA AV,523,W,N,A,-,N,NA,NA,NA,NA,NA,NA,NA,NA,NA,N,4,0,1,1,C,-,18,NA,NA,N,H,J,A,A,H,-,A,D,0,NA,NA,NA,NA,Y,NA,-,-,0,0,1,0,0,0,0,0,0,-,-,NA,NA,SAN BERNARDINO,MONTCLAIR,-117.70001220703124,34.063087463378906
9322224,2021,2021-09-28,3600,2021-05-21,1606,F8945,VC068,5,5,5,3612,0,0,0,NA,0,VC4,RT 395,BEAR VALLEY RD,112,N,N,A,-,Y,SBD,8,395,-,-,8.65,H,-,N,N,3,0,1,3,A,-,09,21804,A,N,D,C,A,A,H,-,A,D,0,NA,NA,NA,NA,Y,NA,A,01,0,1,0,0,0,0,0,0,0,-,-,NA,NA,SAN BERNARDINO,VICTORVILLE,-117.39949798583984,34.470703125
9322448,2021,2021-10-05,3600,2021-08-16,2210,G8585,HE218,1,5,5,3619,0,0,0,NA,0,HE2,MAIN ST,JELLICO AV,100,E,N,A,-,N,NA,NA,NA,NA,NA,NA,NA,NA,NA,N,4,0,1,2,A,-,11,21954,A,M,G,B,E,A,H,-,C,D,0,Y,NA,NA,NA,Y,NA,N,60,0,0,1,0,1,0,0,0,0,-,-,NA,NA,SAN BERNARDINO,HESPERIA,-117.2899932861328,34.41984176635742
9322674,2021,2021-10-11,3600,2021-08-14,1527,D3381,VC042,6,5,5,3612,0,0,0,NA,0,VC1,D ST,4TH ST,250,W,N,A,-,N,NA,NA,NA,NA,NA,NA,NA,NA,NA,Y,3,0,1,2,A,-,03,22350,NA,N,C,C,A,A,H,-,A,A,0,NA,NA,NA,NA,Y,NA,A,01,0,1,0,0,0,0,0,0,0,-,-,NA,NA,SAN BERNARDINO,VICTORVILLE,-117.29612731933594,34.53883361816406
9323648,2021,2021-09-25,3604,2021-08-20,1025,1339,NA,5,5,6,3604,0,0,0,NA,0,NA,CITRUS AV,BASELINE AV,34,N,N,A,-,N,NA,NA,NA,NA,NA,NA,NA,NA,NA,N,3,0,1,2,A,-,03,22350,NA,N,C,C,A,A,H,-,A,A,0,NA,NA,NA,NA,Y,NA,A,07,0,1,0,0,0,0,0,0,0,-,-,NA,NA,SAN BERNARDINO,FONTANA,-117.45362091064452,34.12157440185547
9323908,2021,2021-09-15,3609,2021-08-27,0626,01323,RI160,5,5,5,3609,0,0,0,NA,0,003,BLOOMINGTON AV,RANDALL AV,646,E,N,A,-,N,NA,NA,NA,NA,NA,NA,NA,NA,NA,Y,3,0,2,2,A,-,03,22350,NA,N,B,E,A,A,H,-,A,D,0,NA,NA,NA,NA,Y,NA,A,07,0,1,1,0,0,0,0,0,0,-,-,34.08634948730469,-117.37727355957033,SAN BERNARDINO,RIALTO,-117.37767028808594,34.08626174926758
93239085,2024,2024-08-01,9855,2024-06-25,1630,017323,NA,2,2,4,3605,0,3,5,NA,2,004,CENTRAL AVE. (10700 BLK),GROVE ST.,15,S,N,A,-,N,NA,NA,NA,NA,NA,NA,NA,NA,NA,N,3,0,1,2,A,-,12,22450,A,N,A,C,A,A,H,-,A,A,0,NA,Y,NA,NA,Y,NA,A,01,0,1,0,0,0,0,1,0,0,-,-,34.0583610534668,-117.68959808349608,SAN BERNARDINO,MONTCLAIR,-117.68955993652344,34.058387756347656
9324128,2021,2021-10-05,3600,2021-09-05,1751,G6198,VC058,7,5,5,3612,0,0,0,NA,0,VC5,PALMDALE RD,AMETHYST RD,819,E,N,A,-,Y,SBD,8,18,-,-,98.79,H,-,S,Y,4,0,1,4,A,-,03,22350,NA,N,C,C,A,A,C,-,A,D,0,NA,NA,NA,NA,Y,NA,A,01,0,0,1,0,0,0,0,0,0,-,-,NA,NA,SAN BERNARDINO,VICTORVILLE,-117.36148834228516,34.50672912597656
9324771,2021,2021-09-28,3610,2021-07-31,0030,51248,NA,6,5,6,3610,0,0,0,NA,0,CHARLI,E LYNWOOD DR,N HARRISON ST,0,NA,Y,A,-,N,NA,NA,NA,NA,NA,NA,NA,NA,NA,Y,2,0,1,2,A,-,09,21801,A,N,D,C,A,A,H,-,C,A,0,NA,NA,Y,NA,Y,NA,A,01,1,0,0,0,0,0,0,0,1,-,-,34.14714050292969,-117.26468658447266,SAN BERNARDINO,SAN BERNARDINO,-117.26443481445313,34.14675521850586
9324778,2021,2021-09-29,3610,2021-07-30,0401,51144,NA,5,5,6,3610,0,0,0,NA,0,CHARLI,N STERLING AV,E DATE PL,0,NA,Y,A,-,N,NA,NA,NA,NA,NA,NA,NA,NA,NA,Y,3,0,1,2,A,-,09,21801,A,N,A,C,A,A,H,-,C,A,0,NA,NA,NA,NA,Y,NA,A,01,0,1,0,0,0,0,0,0,0,-,-,34.14128875732422,-117.24368286132813,SAN BERNARDINO,SAN BERNARDINO,-117.24366760253906,34.138458251953125
9325552,2021,2021-10-15,3600,2021-09-19,0747,G6918,VC002,7,5,5,3612,0,0,0,NA,0,VC1,MOJAVE DR,DEL REY DR,0,NA,Y,A,-,N,NA,NA,NA,NA,NA,NA,NA,NA,NA,Y,4,0,1,2,A,-,12,21453,A,N,D,C,A,A,H,-,A,A,0,NA,NA,NA,NA,Y,NA,A,01,0,0,1,0,0,0,0,0,0,-,-,34.52894973754883,-117.30860900878906,SAN BERNARDINO,VICTORVILLE,-117.30860900878906,34.52897644042969
9326061,2021,2021-10-22,3600,2021-09-14,1937,I2285,HI011,2,5,4,3618,0,0,0,NA,0,HI2,14TH ST,BANGOR AV,50,W,N,A,-,N,NA,NA,NA,NA,NA,NA,NA,NA,NA,Y,4,0,1,2,A,-,05,21650,NA,N,B,C,A,A,H,-,B,D,0,NA,NA,NA,NA,Y,NA,-,-,0,0,1,0,0,0,0,0,0,-,-,34.124900817871094,-117.22077178955078,SAN BERNARDINO,HIGHLAND,-117.22067260742188,34.124881744384766
9326656,2021,2021-10-22,3600,2021-08-15,1941,G7660,HI003,7,5,4,3618,0,0,0,NA,0,HI1,BASELINE ST,STERLING AV,0,NA,Y,A,-,N,NA,NA,NA,NA,NA,NA,NA,NA,NA,N,4,0,1,2,D,-,00,NA,NA,N,G,B,B,A,H,-,E,A,0,Y,NA,NA,NA,Y,NA,-,-,0,0,1,0,1,0,0,0,0,-,-,34.1213493347168,-117.24346923828124,SAN BERNARDINO,HIGHLAND,-117.24365997314452,34.12131118774414
9326865,2021,2021-10-29,3604,2021-09-22,1356,473,3604,3,5,6,3604,0,0,0,NA,0,002,HARVEY DR,OLEANDER AV,557,E,N,A,-,N,NA,NA,NA,NA,NA,NA,NA,NA,NA,N,3,0,1,2,C,-,18,NA,NA,N,B,E,A,A,H,-,A,A,0,NA,NA,NA,NA,Y,NA,-,-,0,1,0,0,0,0,0,0,0,-,-,NA,NA,SAN BERNARDINO,FONTANA,-117.44889831542967,34.11069869995117
9327058,2021,2021-10-05,3600,2021-08-21,2204,H6883,HE305,6,5,5,3619,0,0,0,NA,0,HE3,MAIN ST,CATABA RD,56,E,N,A,-,N,NA,NA,NA,NA,NA,NA,NA,NA,NA,N,4,0,1,2,D,-,00,NA,NA,N,C,C,A,A,H,-,C,D,0,NA,NA,NA,NA,Y,NA,-,-,0,0,1,0,0,0,0,0,0,-,-,NA,NA,SAN BERNARDINO,HESPERIA,-117.38595581054688,34.426727294921875
9327659,2021,2021-09-15,3600,2021-04-18,2301,G6198,VC019,7,5,5,3612,0,0,0,NA,0,VC2,17TH ST,DESERT KNOLL DR,341,N,N,A,-,N,NA,NA,NA,NA,NA,NA,NA,NA,NA,Y,2,0,2,2,A,-,03,22350,NA,N,C,C,A,A,H,-,C,D,0,NA,NA,Y,NA,Y,NA,C,02,1,0,1,0,0,0,0,0,1,-,-,NA,NA,SAN BERNARDINO,VICTORVILLE,NA,NA
9327953,2021,2021-11-06,3600,2021-09-11,1457,G3926,HE121,6,5,5,3619,0,0,0,NA,0,HE1,BALSAM AV,RIVERSIDE ST,0,NA,Y,A,-,N,NA,NA,NA,NA,NA,NA,NA,NA,NA,Y,3,0,1,2,A,-,12,22450,A,N,D,C,A,A,H,-,A,A,0,NA,NA,NA,NA,Y,NA,A,07,0,1,0,0,0,0,0,0,0,-,-,NA,NA,SAN BERNARDINO,HESPERIA,-117.32959747314452,34.440155029296875
9336269,2021,2021-09-28,3600,2021-08-28,1031,G3926,HE116,6,5,5,3619,0,0,0,NA,0,HE1,HESPERIA RD,EUCALYPTUS ST,538,N,N,A,-,N,NA,NA,NA,NA,NA,NA,NA,NA,NA,N,3,0,1,2,A,-,16,24002,A,N,E,J,A,A,H,-,A,D,0,NA,NA,NA,NA,Y,NA,D,22,0,1,0,0,0,0,0,0,0,-,-,NA,NA,SAN BERNARDINO,HESPERIA,-117.2946319580078,34.45729446411133
9337042,2021,2021-11-08,3600,2021-08-05,1656,G6721,AP021,4,5,5,3621,0,0,0,NA,0,AP2,COMANCHE RD,THUNDERBIRD RD,300,S,N,A,-,N,NA,NA,NA,NA,NA,NA,NA,NA,NA,Y,4,0,1,2,A,-,09,21804,A,N,D,C,A,A,H,-,A,D,0,NA,NA,NA,NA,Y,NA,A,07,0,0,1,0,0,0,0,0,0,-,-,NA,NA,SAN BERNARDINO,APPLE VALLEY,-117.20130920410156,34.528709411621094
9339066,2021,2021-10-21,3600,2021-09-23,1148,G3926,HE326,4,5,5,3619,0,0,0,NA,0,HE3,RANCHERO RD,MARIPOSA RD,45,E,N,A,-,N,NA,NA,NA,NA,NA,NA,NA,NA,NA,Y,3,0,2,2,A,-,07,21658,A,N,B,C,A,A,H,-,A,A,0,NA,NA,NA,NA,Y,NA,A,01,0,2,0,0,0,0,0,0,0,-,-,NA,NA,SAN BERNARDINO,HESPERIA,-117.41122436523438,34.383018493652344
9339408,2021,2021-10-25,3600,2021-03-03,1155,G3868,AD109,3,5,3,3613,0,0,0,NA,0,AD2,RT 395,HOLLY RD,0,NA,Y,A,-,Y,SBD,8,395,-,-,13.633,I,5,N,Y,2,0,2,2,A,-,09,21804,A,N,D,C,A,A,H,-,A,D,0,NA,NA,NA,NA,Y,NA,A,01,1,1,0,0,0,0,0,0,0,-,-,NA,NA,SAN BERNARDINO,ADELANTO,-117.39983367919922,34.54320526123047
9339415,2021,2021-10-13,3600,2021-05-07,2215,I2289,AD106,5,5,3,3613,0,0,0,NA,0,AD1,BARTLETT AV,RT 395,0,NA,Y,A,-,Y,SBD,8,395,-,-,16.225,I,5,N,Y,4,0,1,2,-,-,-,NA,A,N,D,C,A,A,H,-,C,A,0,NA,NA,NA,NA,Y,NA,A,08,0,0,1,0,0,0,0,0,0,-,-,NA,NA,SAN BERNARDINO,ADELANTO,-117.41210174560548,34.57929992675781
9339445,2021,2021-10-18,3600,2021-07-29,1255,B5934,AD107,4,5,3,3613,0,0,0,NA,0,AD2,RT 395,AIR EXPWY,0,NA,Y,A,-,Y,SBD,8,395,-,-,15.707,I,5,N,Y,4,0,1,3,A,-,03,22350,NA,N,H,D,A,A,H,-,A,A,0,NA,NA,NA,NA,Y,NA,A,01,0,0,1,0,0,0,0,0,0,-,-,NA,NA,SAN BERNARDINO,ADELANTO,-117.40963745117188,34.57209014892578
9339858,2021,2021-10-19,3610,2021-08-25,1347,51257,NA,3,5,6,3610,0,0,0,NA,0,DAVID,SOUTH WATERMAN AV,E RIALTO AV,0,NA,Y,A,-,N,NA,NA,NA,NA,NA,NA,NA,NA,NA,N,3,0,1,2,A,-,03,22350,I,N,C,C,A,A,H,-,A,A,0,NA,NA,NA,NA,Y,NA,A,01,0,1,0,0,0,0,0,0,0,-,-,NA,NA,SAN BERNARDINO,SAN BERNARDINO,-117.2787628173828,34.10085678100586
9340434,2021,2021-10-28,3603,2021-09-01,1542,401,CPD,3,5,4,3603,0,0,0,NA,0,003,RANCHO AV,AGUA MANSA RD,0,NA,Y,A,-,N,NA,NA,NA,NA,NA,NA,NA,NA,NA,Y,3,0,2,2,A,-,12,21453,A,N,D,C,A,A,H,-,A,A,0,NA,NA,NA,NA,Y,NA,A,01,0,1,1,0,0,0,0,0,0,-,-,34.0540885925293,-117.3347396850586,SAN BERNARDINO,COLTON,-117.33477020263672,34.05409240722656
9340553,2021,2021-10-07,3610,2021-08-18,1436,51303,NA,3,5,6,3610,0,0,0,NA,0,POLICE,N STERLING AV,6TH ST,88,N,N,A,-,N,NA,NA,NA,NA,NA,NA,NA,NA,NA,N,2,0,1,2,D,-,00,NA,NA,N,G,G,A,A,H,-,A,D,0,NA,Y,NA,NA,Y,NA,-,-,1,0,0,0,0,0,1,0,0,-,-,34.110191345214844,-117.24368286132813,SAN BERNARDINO,SAN BERNARDINO,-117.24369049072266,34.11042022705078
9341385,2021,2021-10-21,3602,2021-08-06,1752,3051,NA,5,5,5,3602,0,0,0,NA,0,001,PIPELINE AV,SCHAEFER AV,0,NA,Y,A,-,N,NA,NA,NA,NA,NA,NA,NA,NA,NA,Y,3,0,2,2,A,-,12,21453,A,N,D,C,A,A,H,-,A,A,0,NA,NA,NA,NA,Y,NA,A,01,0,2,0,0,0,0,0,0,0,-,-,34.00437927246094,-117.71537017822266,SAN BERNARDINO,CHINO,-117.7152862548828,34.00437545776367
9344412,2021,2021-11-05,3610,2021-09-25,0716,51248,NA,6,5,6,3610,0,0,0,NA,0,CHARLI,E CITRUS ST,N VICTORIA AV,0,NA,Y,A,-,N,NA,NA,NA,NA,NA,NA,NA,NA,NA,Y,2,0,1,2,A,-,08,22100,A,N,D,C,A,A,H,-,A,A,0,NA,NA,Y,Y,Y,NA,G,25,1,0,0,0,0,0,0,0,1,-,-,34.144901275634766,-117.22604370117188,SAN BERNARDINO,SAN BERNARDINO,-117.22605895996094,34.14396667480469
93446087,2024,2024-08-02,9860,2024-07-20,1330,022843,NA,6,1,9,3600,0,1,1,NA,2,152,I-15 S/B,SR-138,2112,N,N,A,-,Y,SBD,NA,15,NA,R,21.759,H,NA,L,N,4,0,1,2,A,-,03,22350,NA,N,C,C,A,A,H,-,A,D,0,NA,NA,NA,NA,Y,NA,D,22,0,0,1,0,0,0,0,0,0,-,-,34.3160514831543,-117.4792709350586,SAN BERNARDINO,UNINCORPORATED,-117.47928619384766,34.316043853759766
9344756,2021,2021-10-20,3603,2021-09-02,2158,4916,CPD,4,5,4,3603,0,0,0,NA,0,004,MT VERNON AV,SANTO ANTONIO DR,450,S,N,A,-,N,NA,NA,NA,NA,NA,NA,NA,NA,NA,N,3,0,1,2,A,-,11,21954,A,N,G,B,D,A,H,-,C,D,0,Y,NA,NA,NA,Y,NA,N,60,0,1,0,0,1,0,0,0,0,-,-,NA,NA,SAN BERNARDINO,COLTON,-117.30924987792967,34.050907135009766
9344827,2021,2021-10-19,3610,2021-09-28,0254,51238,NA,2,5,6,3610,0,0,0,NA,0,POLICE,E 20TH ST,N ARDEN AV,0,NA,Y,A,-,N,NA,NA,NA,NA,NA,NA,NA,NA,NA,Y,3,0,1,1,A,-,08,22107,NA,N,A,I,A,A,H,-,-,A,0,NA,NA,NA,NA,Y,NA,A,01,0,1,0,0,0,0,0,0,0,-,-,34.133548736572266,-117.2349090576172,SAN BERNARDINO,SAN BERNARDINO,-117.23489379882813,34.13352584838867
9344830,2021,2021-10-19,3610,2021-09-29,1530,50977,NA,3,5,6,3610,0,0,0,NA,0,POLICE,W RIALTO AV,N G ST,0,NA,Y,A,-,N,NA,NA,NA,NA,NA,NA,NA,NA,NA,Y,4,0,3,2,A,-,12,21457,A,N,D,C,A,A,H,-,A,A,0,NA,NA,NA,NA,Y,NA,A,01,0,0,3,0,0,0,0,0,0,-,-,34.100860595703125,-117.29863739013672,SAN BERNARDINO,SAN BERNARDINO,-117.29865264892578,34.10085678100586
9344977,2021,2021-11-04,3610,2021-09-14,1740,51350,NA,2,5,6,3610,0,0,0,NA,0,CHARLI,NORTH SIERRA WY,14TH ST,96,N,N,A,-,N,NA,NA,NA,NA,NA,NA,NA,NA,NA,Y,4,0,2,2,A,-,09,21804,A,N,A,C,A,A,H,-,A,D,0,NA,NA,NA,NA,Y,NA,A,01,0,0,2,0,0,0,0,0,0,-,-,34.12559127807617,-117.28475189208984,SAN BERNARDINO,SAN BERNARDINO,-117.28514862060548,34.125572204589844
9348097,2021,2021-10-27,3608,2021-09-01,1933,4214,3608,3,5,5,3608,0,0,0,NA,0,NA,DEARBORN ST,INDEPENDENCE AV,200,N,N,A,-,N,NA,NA,NA,NA,NA,NA,NA,NA,NA,Y,2,0,1,2,A,-,11,21954,A,N,G,B,-,A,H,-,-,A,0,Y,NA,NA,NA,Y,NA,N,60,1,0,0,0,1,0,0,0,0,-,-,NA,NA,SAN BERNARDINO,REDLANDS,-117.14762878417967,34.06089782714844
93491150,2024,2024-08-05,9860,2024-07-31,900,017098,NA,3,1,9,3600,0,1,3,NA,1,012,SR-138,CAJON BLVD,2640,W,N,A,-,Y,SBD,NA,138,NA,NA,14.668,H,NA,R,Y,3,0,3,2,A,-,05,21651,A,N,D,C,A,A,H,-,A,D,0,NA,NA,NA,NA,Y,NA,A,07,0,2,1,0,0,0,0,0,0,-,-,34.31256103515625,-117.48409271240234,SAN BERNARDINO,UNINCORPORATED,-117.4840850830078,34.31257629394531
9349413,2021,2021-10-26,3610,2021-09-24,1543,50743,NA,5,5,6,3610,0,0,0,NA,0,POLICE,N GARNER AV,W REECE ST,0,NA,Y,A,-,N,NA,NA,NA,NA,NA,NA,NA,NA,NA,Y,4,0,1,2,A,-,08,22107,NA,N,D,C,A,-,H,-,-,D,0,NA,NA,NA,NA,Y,NA,A,01,0,0,1,0,0,0,0,0,0,-,-,34.1219482421875,-117.3113021850586,SAN BERNARDINO,SAN BERNARDINO,-117.31116485595705,34.12232208251953