CASE_ID,ACCIDENT_YEAR,PROC_DATE,JURIS,COLLISION_DATE,COLLISION_TIME,OFFICER_ID,REPORTING_DISTRICT,DAY_OF_WEEK,CHP_SHIFT,POPULATION,CNTY_CITY_LOC,SPECIAL_COND,BEAT_TYPE,CHP_BEAT_TYPE,CITY_DIVISION_LAPD,CHP_BEAT_CLASS,BEAT_NUMBER,PRIMARY_RD,SECONDARY_RD,DISTANCE,DIRECTION,INTERSECTION,WEATHER_1,WEATHER_2,STATE_HWY_IND,CALTRANS_COUNTY,CALTRANS_DISTRICT,STATE_ROUTE,ROUTE_SUFFIX,POSTMILE_PREFIX,POSTMILE,LOCATION_TYPE,RAMP_INTERSECTION,SIDE_OF_HWY,TOW_AWAY,COLLISION_SEVERITY,NUMBER_KILLED,NUMBER_INJURED,PARTY_COUNT,PRIMARY_COLL_FACTOR,PCF_CODE_OF_VIOL,PCF_VIOL_CATEGORY,PCF_VIOLATION,PCF_VIOL_SUBSECTION,HIT_AND_RUN,TYPE_OF_COLLISION,MVIW,PED_ACTION,ROAD_SURFACE,ROAD_COND_1,ROAD_COND_2,LIGHTING,CONTROL_DEVICE,CHP_ROAD_TYPE,PEDESTRIAN_ACCIDENT,BICYCLE_ACCIDENT,MOTORCYCLE_ACCIDENT,TRUCK_ACCIDENT,NOT_PRIVATE_PROPERTY,ALCOHOL_INVOLVED,STWD_VEHTYPE_AT_FAULT,CHP_VEHTYPE_AT_FAULT,COUNT_SEVERE_INJ,COUNT_VISIBLE_INJ,COUNT_COMPLAINT_PAIN,COUNT_PED_KILLED,COUNT_PED_INJURED,COUNT_BICYCLIST_KILLED,COUNT_BICYCLIST_INJURED,COUNT_MC_KILLED,COUNT_MC_INJURED,PRIMARY_RAMP,SECONDARY_RAMP,LATITUDE,LONGITUDE,COUNTY,CITY,POINT_X,POINT_Y
9381821,2022,2022-02-07,3600,2022-01-11,0950,H5258,205,2,5,5,3619,0,0,0,NA,0,002,I AV,EUCALYPTUS ST,100,S,N,A,-,N,NA,NA,NA,NA,NA,NA,NA,NA,NA,Y,3,0,2,2,A,-,03,22350,NA,N,C,C,A,A,H,-,A,D,0,NA,NA,NA,NA,Y,NA,A,01,0,2,0,0,0,0,0,0,0,-,-,NA,NA,SAN BERNARDINO,HESPERIA,-117.27719116210938,34.45497512817383
9385524,2021,2022-01-11,3600,2021-10-19,1628,H8340,NE000,2,5,2,3606,0,0,0,NA,0,NE1,J ST,BROADWAY ST,0,NA,Y,A,-,N,NA,NA,NA,NA,NA,NA,NA,NA,NA,N,2,0,1,2,A,-,03,22350,NA,N,G,-,B,A,H,-,A,A,0,Y,NA,NA,NA,Y,NA,-,NA,1,0,0,0,1,0,0,0,0,-,-,34.84115982055664,-114.610107421875,SAN BERNARDINO,NEEDLES,-114.60994720458984,34.841278076171875
9385750,2021,2022-01-04,3600,2021-12-13,2207,F8939,NE008,1,5,2,3606,0,0,0,NA,0,001,RT 95,FIVE MILE RD,3921,S,N,A,-,Y,SBD,8,95,-,-,52.39,H,-,N,Y,3,0,1,1,A,-,07,21658,NA,N,F,A,A,A,H,-,D,D,0,NA,NA,NA,NA,Y,NA,D,22,0,1,0,0,0,0,0,0,0,-,-,34.758758544921875,-114.59705352783205,SAN BERNARDINO,NEEDLES,-114.59696197509766,34.75823974609375
9386375,2021,2022-01-14,3610,2021-12-09,1230,51196,NA,4,5,6,3610,0,0,0,NA,0,POLICE,W RIALTO AV,N EUREKA AV,9,W,N,C,-,N,NA,NA,NA,NA,NA,NA,NA,NA,NA,Y,3,0,1,3,A,-,08,22107,NA,N,C,E,A,B,H,-,A,D,0,NA,NA,NA,NA,Y,NA,A,01,0,1,0,0,0,0,0,0,0,-,-,34.101131439208984,-117.31146240234376,SAN BERNARDINO,SAN BERNARDINO,-117.31121826171876,34.1008415222168
9387258,2021,2022-05-24,3600,2021-11-12,1825,D3384,YC309,5,5,4,3640,0,0,0,NA,0,YC3,CALIMESA BL,COUNTY LINE RD,0,NA,Y,A,-,N,NA,NA,NA,NA,NA,NA,NA,NA,NA,Y,4,0,2,2,A,-,09,21801,NA,N,D,C,A,A,H,-,C,A,0,NA,NA,NA,NA,Y,NA,A,01,0,0,2,0,0,0,0,0,0,-,-,NA,NA,SAN BERNARDINO,YUCAIPA,-117.06224822998048,34.003990173339844
9388368,2021,2022-01-10,3601,2021-08-26,2347,P27,BARST,4,5,3,3601,0,0,0,NA,0,PATROL,ARMORY RD,ARMORY RD 1700,0,NA,Y,A,-,N,NA,NA,NA,NA,NA,NA,NA,NA,NA,Y,3,0,2,2,A,-,00,23151,A,F,C,E,A,A,H,-,D,D,0,NA,NA,NA,NA,Y,Y,A,07,0,2,0,0,0,0,0,0,0,-,-,NA,NA,SAN BERNARDINO,BARSTOW,-117.00032,34.883944
9389224,2022,2022-02-01,3610,2022-01-01,0818,51196,NA,6,5,6,3610,0,0,0,NA,0,ADAM,N MT VERNON AV,W 16TH ST,20,S,N,A,-,N,NA,NA,NA,NA,NA,NA,NA,NA,NA,Y,3,0,1,1,A,-,08,22107,NA,N,F,I,A,A,H,-,A,A,0,NA,NA,NA,NA,Y,NA,D,22,0,1,0,0,0,0,0,0,0,-,-,34.12871170043945,-117.31381225585938,SAN BERNARDINO,SAN BERNARDINO,-117.31381225585938,34.12858581542969
9389489,2021,2022-02-24,3610,2021-12-29,0800,51321,NA,3,5,6,3610,0,0,0,NA,0,POLICE,W 5TH ST,N MOUNTAIN VIEW AV,0,NA,Y,A,-,N,NA,NA,NA,NA,NA,NA,NA,NA,NA,Y,4,0,2,2,A,-,12,21453,A,N,D,C,A,A,H,-,A,A,0,NA,NA,NA,NA,Y,NA,-,-,0,0,2,0,0,0,0,0,0,-,-,34.10831069946289,-117.2873992919922,SAN BERNARDINO,SAN BERNARDINO,-117.2873992919922,34.108306884765625
9389728,2021,2022-01-18,3600,2021-12-26,2149,G8025,HE101,7,5,5,3619,0,0,0,NA,0,HE1,COTTONWOOD AV,SEQUOIA ST,0,NA,Y,A,-,N,NA,NA,NA,NA,NA,NA,NA,NA,NA,Y,3,0,1,2,A,-,12,22450,A,N,D,C,A,A,H,-,D,D,0,NA,NA,NA,NA,Y,NA,A,01,0,1,0,0,0,0,0,0,0,-,-,NA,NA,SAN BERNARDINO,HESPERIA,-117.33867645263672,34.468711853027344
9390125,2022,2022-01-26,3600,2022-01-03,1431,H9013,HE302,1,5,5,3619,0,0,0,NA,0,HE3,RT 395,JOSHUA ST,0,NA,Y,A,-,Y,SBD,8,395,-,R,4.517,I,5,S,Y,4,0,1,2,D,-,00,NA,NA,N,B,C,A,A,H,-,A,A,0,NA,NA,NA,NA,Y,NA,-,-,0,0,1,0,0,0,0,0,0,-,-,NA,NA,SAN BERNARDINO,HESPERIA,-117.39952850341795,34.407554626464844
9390340,2021,2022-01-24,3610,2021-12-17,1702,51324,NA,5,5,6,3610,0,0,0,NA,0,NA,NORTH WATERMAN AV,E BASELINE ST,131,N,N,A,-,N,NA,NA,NA,NA,NA,NA,NA,NA,NA,N,3,0,1,2,A,-,11,21954,A,N,G,B,D,A,H,-,C,D,0,Y,NA,NA,NA,Y,NA,N,60,0,1,0,0,1,0,0,0,0,-,-,34.12133026123047,-117.27879333496094,SAN BERNARDINO,SAN BERNARDINO,-117.27879333496094,34.12168884277344
9390910,2021,2022-01-25,3604,2021-12-08,1930,1139,NA,3,5,6,3604,0,0,0,NA,0,NA,MILLER AV,JUNIPER AV,360,W,N,A,-,N,NA,NA,NA,NA,NA,NA,NA,NA,NA,NA,3,0,1,2,A,-,11,21954,A,N,G,B,D,A,H,-,C,A,0,Y,NA,NA,NA,Y,NA,N,60,0,1,0,0,1,0,0,0,0,-,-,NA,NA,SAN BERNARDINO,FONTANA,-117.44140625,34.113895416259766
9391822,2021,2022-01-21,3608,2021-11-03,1821,4345,NA,3,5,5,3608,0,0,0,NA,0,NA,POST ST,SUN AV,75,N,N,A,-,N,NA,NA,NA,NA,NA,NA,NA,NA,NA,Y,4,0,1,3,A,-,03,22350,NA,M,C,E,A,A,H,-,C,A,0,NA,NA,NA,NA,Y,NA,A,01,0,0,1,0,0,0,0,0,0,-,-,NA,NA,SAN BERNARDINO,REDLANDS,-117.17707061767578,34.06425476074219
9392444,2022,2022-02-04,3600,2022-01-11,1540,G6909,GT005,2,5,3,3690,0,0,0,NA,0,GT1,BARTON RD,GRAND TERRACE RD,600,W,N,A,-,N,NA,NA,NA,NA,NA,NA,NA,NA,NA,N,3,0,1,2,A,-,07,21658,NA,F,G,B,E,A,B,-,A,D,0,Y,NA,NA,NA,Y,NA,-,NA,0,1,0,0,1,0,0,0,0,-,-,34.033870697021484,-117.32971954345705,SAN BERNARDINO,GRAND TERRACE,-117.32958221435548,34.03385925292969
9392461,2021,2022-01-27,3600,2021-12-31,1907,14823,TW003,5,5,3,3617,0,0,0,NA,0,TW1,TWO MILE RD,LARREA AV,290,W,N,A,-,N,NA,NA,NA,NA,NA,NA,NA,NA,NA,Y,3,0,1,2,A,-,09,21801,A,N,A,C,A,A,H,-,D,A,0,NA,NA,NA,NA,Y,NA,A,01,0,1,0,0,0,0,0,0,0,-,-,34.149879455566406,-116.07401275634766,SAN BERNARDINO,TWENTYNINE PALMS,-116.07376098632813,34.149871826171875
9398530,2021,2022-02-15,3600,2021-10-18,1558,B9547,HE304,1,5,5,3619,0,0,0,NA,0,HE3,ESCONDIDO AV,SULTANA ST,0,NA,Y,A,-,N,NA,NA,NA,NA,NA,NA,NA,NA,NA,Y,4,0,1,2,A,-,09,21802,A,N,D,C,A,A,H,-,A,A,0,NA,NA,NA,NA,Y,Y,A,01,0,0,1,0,0,0,0,0,0,-,-,NA,NA,SAN BERNARDINO,HESPERIA,-117.37294006347656,34.419490814208984
9400041,2022,2022-02-14,3605,2022-01-22,0010,446,NA,6,5,4,3605,0,0,0,NA,0,NA,MILLS AV,KEYSTONE AV,33,N,N,G,-,N,NA,NA,NA,NA,NA,NA,NA,NA,NA,Y,3,0,1,2,A,-,03,22350,NA,N,C,C,A,A,H,-,C,D,0,NA,NA,NA,NA,Y,NA,A,01,0,1,0,0,0,0,0,0,0,-,-,NA,NA,SAN BERNARDINO,MONTCLAIR,-117.71693420410156,34.0657958984375
9400410,2021,2022-02-22,3600,2021-12-14,0805,H5158,CH007,2,5,5,3630,0,0,0,NA,0,CH1,CHINO HILLS PKWY,COUNTRY WALK LN,0,N,N,C,-,N,NA,NA,NA,NA,NA,NA,NA,NA,NA,Y,4,0,1,1,A,-,03,22350,NA,N,D,I,A,B,H,-,A,D,0,NA,NA,NA,NA,Y,NA,A,01,0,0,1,0,0,0,0,0,0,-,-,33.99993133544922,-117.7653579711914,SAN BERNARDINO,CHINO HILLS,-117.76432800292967,33.99906539916992
9400676,2022,2022-02-16,3604,2022-01-10,1334,1400,NA,1,5,6,3604,0,0,0,NA,0,003,JUNIPER AV,MARYGOLD AV,180,S,N,A,-,N,NA,NA,NA,NA,NA,NA,NA,NA,NA,Y,4,0,1,2,A,-,08,22107,NA,N,C,E,A,A,H,-,A,A,0,NA,NA,NA,NA,Y,NA,A,01,0,0,1,0,0,0,0,0,0,-,-,NA,NA,SAN BERNARDINO,FONTANA,-117.44004058837892,34.0734977722168
94021020,2024,2024-08-12,9855,2024-07-31,1810,022874,NA,3,2,6,3604,0,1,1,NA,2,201,SR-210 E/B (FOOTHILL FWY),BEECH AVE,1195,W,N,A,-,Y,SBD,NA,210,NA,NA,12.691,H,NA,R,Y,4,0,1,2,A,-,03,22350,NA,N,C,C,A,A,H,-,A,D,0,NA,NA,NA,NA,Y,NA,-,-,0,0,1,0,0,0,0,0,0,-,-,34.1362190246582,-117.47512817382813,SAN BERNARDINO,FONTANA,-117.47512817382813,34.136260986328125
9402555,2021,2022-02-10,3604,2021-12-15,1415,1418,NA,3,5,6,3604,0,0,0,NA,0,NA,CYPRESS AV,MERRILL AV,0,NA,Y,A,-,N,NA,NA,NA,NA,NA,NA,NA,NA,NA,Y,4,0,1,2,A,-,12,22450,A,N,D,C,A,A,H,-,A,A,0,NA,NA,NA,NA,Y,NA,A,01,0,0,1,0,0,0,0,0,0,-,-,NA,NA,SAN BERNARDINO,FONTANA,-117.44445037841795,34.09210968017578
9402991,2022,2022-02-10,3600,2022-01-25,1828,F8945,VC016,2,5,5,3612,0,0,0,NA,0,VC2,7TH ST,E SAGE ST,392,S,N,A,-,N,NA,NA,NA,NA,NA,NA,NA,NA,NA,N,3,0,1,2,A,-,11,21954,A,N,G,B,D,A,H,-,C,D,0,Y,NA,NA,NA,Y,NA,N,60,0,1,0,0,1,0,0,0,0,-,-,34.511051177978516,-117.31854248046876,SAN BERNARDINO,VICTORVILLE,-117.3192901611328,34.510276794433594
9403270,2022,2022-02-22,3604,2022-01-26,1812,1399,NA,3,5,6,3604,0,0,0,NA,0,NA,SIERRA AV,FONTLEE LN,145,S,N,A,-,N,NA,NA,NA,NA,NA,NA,NA,NA,NA,Y,3,0,1,2,A,-,21,22106,NA,N,D,C,A,A,H,-,B,D,0,NA,NA,NA,NA,Y,NA,I,11,0,1,0,0,0,0,0,0,0,-,-,NA,NA,SAN BERNARDINO,FONTANA,-117.43569946289063,34.08308410644531
9404198,2021,2022-02-08,3600,2021-12-07,1402,H8986,AD310,2,5,3,3613,0,0,0,NA,0,AD02,PEARMAIN ST,DESERT GLEN,0,NA,Y,A,-,N,NA,NA,NA,NA,NA,NA,NA,NA,NA,Y,4,0,1,1,A,-,05,21651,A,N,E,I,A,A,H,-,A,D,0,NA,NA,NA,NA,Y,NA,-,-,0,0,1,0,0,0,0,0,0,-,-,NA,NA,SAN BERNARDINO,ADELANTO,-117.4038314819336,34.5379753112793
94047974,2024,2024-08-12,9860,2024-06-04,440,022439,NA,2,3,4,3640,0,1,1,NA,2,106,INTERSTATE 10 WESTBOUND,16TH STREET,1584,W,N,A,-,Y,SBD,NA,10,NA,NA,36.144,H,NA,L,Y,4,0,1,3,A,-,08,22107,NA,F,B,2,A,A,H,-,D,D,0,NA,NA,NA,NA,Y,NA,-,99,0,0,1,0,0,0,0,0,0,-,-,34.023948669433594,-117.10871887207033,SAN BERNARDINO,YUCAIPA,-117.10870361328124,34.02399826049805
9405414,2021,2022-02-16,3600,2021-12-07,0723,I7898,VC070,2,5,5,3612,0,0,0,NA,0,VC5,CANTINA DR,LA MESA RD,0,NA,Y,B,-,N,NA,NA,NA,NA,NA,NA,NA,NA,NA,Y,3,0,1,2,A,-,12,22450,A,N,D,C,A,A,H,-,A,A,0,NA,NA,NA,NA,Y,NA,A,01,0,1,0,0,0,0,0,0,0,-,-,34.484928131103516,-117.39695739746094,SAN BERNARDINO,VICTORVILLE,-117.39693450927734,34.484886169433594
9405689,2022,2022-02-11,3600,2022-01-07,1908,F6893,CH005,5,5,5,3630,0,0,0,NA,0,CH3,PEYTON DR,MORNINGFIELD DR,0,NA,Y,A,-,N,NA,NA,NA,NA,NA,NA,NA,NA,NA,Y,3,0,1,2,A,-,09,21801,A,N,D,C,A,A,H,-,C,A,0,NA,NA,NA,NA,Y,NA,A,07,0,1,0,0,0,0,0,0,0,-,-,NA,NA,SAN BERNARDINO,CHINO HILLS,-117.73258972167967,33.98515319824219
94057090,2024,2024-08-12,9855,2024-08-03,1335,020367,NA,6,1,5,3611,0,1,1,NA,2,103,I-10 E/B (SAN BERNARDINO FWY),MOUNTAIN AVE.,153,W,N,A,-,Y,SBD,NA,10,NA,NA,2.376,H,NA,R,N,4,0,1,2,A,-,07,21658,A,N,B,C,A,A,D,-,A,D,0,NA,NA,NA,NA,Y,NA,A,07,0,0,1,0,0,0,0,0,0,-,-,34.087181091308594,-117.67031097412108,SAN BERNARDINO,UPLAND,-117.67031097412108,34.087188720703125
9406023,2022,2022-05-23,3600,2022-03-23,1838,D6902,TW004,3,5,3,3617,0,0,0,NA,0,TW1,TWENTYNINE PALMS HWY,BULLION AV,0,NA,Y,A,-,Y,SBD,8,62,-,-,32.72,H,-,W,Y,4,0,1,3,A,-,03,22350,NA,N,C,C,A,A,H,-,B,D,0,NA,NA,NA,NA,Y,NA,A,01,0,0,1,0,0,0,0,0,0,-,-,34.135501861572266,-116.06300354003906,SAN BERNARDINO,TWENTYNINE PALMS,-116.06288146972656,34.13553237915039
9406723,2022,2022-03-14,3608,2022-02-04,1520,3821,NA,5,5,5,3608,0,0,0,NA,0,NA,DEARBORN ST,COLTON AV,0,NA,Y,A,-,N,NA,NA,NA,NA,NA,NA,NA,NA,NA,N,4,0,1,2,A,-,10,21950,A,F,G,B,B,A,H,-,A,A,0,Y,NA,NA,NA,Y,Y,A,07,0,0,1,0,1,0,0,0,0,-,-,NA,NA,SAN BERNARDINO,REDLANDS,-117.14760589599608,34.06280517578125
9406830,2022,2022-03-18,3600,2022-02-07,0845,F6904,RC069,1,5,6,3616,0,0,0,NA,0,RC3,WILSON AV,SAN SEVAINE RD,0,NA,Y,A,-,N,NA,NA,NA,NA,NA,NA,NA,NA,NA,N,4,0,1,2,A,-,09,21801,A,F,D,C,A,A,H,-,A,A,0,NA,NA,NA,NA,Y,NA,E,22,0,0,1,0,0,0,0,0,0,-,-,NA,NA,SAN BERNARDINO,RANCHO CUCAMONGA,-117.49332427978516,34.15046310424805
9407153,2022,2022-03-08,3600,2022-01-31,1659,E3918,RC052,1,5,6,3616,0,0,0,NA,0,004,GROVE AV,ARROW RT,40,N,N,A,-,N,NA,NA,NA,NA,NA,NA,NA,NA,NA,N,4,0,1,2,A,-,08,22107,NA,N,D,C,A,A,H,-,C,A,0,NA,NA,NA,NA,Y,NA,A,01,0,0,1,0,0,0,0,0,0,-,-,NA,NA,SAN BERNARDINO,RANCHO CUCAMONGA,-117.62854766845705,34.09952926635742
9408160,2022,2022-03-18,3604,2022-01-30,2057,1398,NA,7,5,6,3604,0,0,0,NA,0,NA,FONTANA AV,POPLAR AV,1000,N,N,A,-,N,NA,NA,NA,NA,NA,NA,NA,NA,NA,Y,3,0,2,2,A,-,03,22350,NA,N,D,C,A,A,H,-,C,D,0,NA,NA,NA,NA,Y,NA,A,01,0,1,1,0,0,0,0,0,0,-,-,NA,NA,SAN BERNARDINO,FONTANA,-117.46005249023438,34.08313751220703
9408831,2022,2022-03-10,3605,2022-02-15,2052,461,3605,2,5,4,3605,0,0,0,NA,0,NA,MONTE VISTA AV,MISSION BL,0,NA,Y,A,-,N,NA,NA,NA,NA,NA,NA,NA,NA,NA,N,4,0,1,2,A,-,08,22107,NA,N,B,C,A,B,H,-,C,A,0,NA,NA,NA,NA,Y,NA,A,01,0,0,1,0,0,0,0,0,0,-,-,NA,NA,SAN BERNARDINO,MONTCLAIR,-117.69818878173828,34.055992126464844
9408986,2022,2022-03-09,3603,2022-02-08,1804,5065,CPD,2,5,4,3603,0,0,0,NA,0,004,HUNTS LN,COOLEY DR,0,NA,Y,A,-,N,NA,NA,NA,NA,NA,NA,NA,NA,NA,N,4,0,1,2,A,-,12,21453,A,N,D,C,A,A,H,-,C,A,0,NA,NA,NA,NA,Y,NA,A,07,0,0,1,0,0,0,0,0,0,-,-,34.059268951416016,-117.28742980957033,SAN BERNARDINO,COLTON,-117.28742218017578,34.05571365356445
9410618,2022,2022-02-15,3610,2022-01-16,1313,51337,NA,7,5,6,3610,0,0,0,NA,0,CHARLI,N BOBBETT DR,11TH ST,75,S,N,A,-,N,NA,NA,NA,NA,NA,NA,NA,NA,NA,Y,4,0,1,2,A,-,08,22107,NA,F,A,E,A,A,H,-,A,D,0,NA,NA,NA,NA,Y,NA,A,07,0,0,1,0,0,0,0,0,0,-,-,34.11695861816406,-117.27723693847656,SAN BERNARDINO,SAN BERNARDINO,-117.26813507080078,34.119293212890625
9412311,2022,2022-03-10,3600,2022-02-14,1040,F3800,YC106,1,5,4,3640,0,0,0,NA,0,YC1,YUCAIPA BL,4TH ST,0,NA,Y,A,-,N,NA,NA,NA,NA,NA,NA,NA,NA,NA,N,3,0,3,4,A,-,12,21453,A,N,A,C,A,A,H,-,A,A,0,NA,NA,NA,NA,Y,NA,D,22,0,3,0,0,0,0,0,0,0,-,-,NA,NA,SAN BERNARDINO,YUCAIPA,-117.05188751220705,34.033870697021484
9412445,2022,2022-03-03,3600,2022-02-03,0833,G9467,AP021,4,5,5,3621,0,0,0,NA,0,AP4,BEAR VALLEY RD,NAVAJO RD,0,NA,Y,A,-,N,NA,NA,NA,NA,NA,NA,NA,NA,NA,Y,3,0,1,4,A,-,12,21453,A,N,D,C,A,A,H,-,A,A,0,NA,NA,NA,NA,Y,NA,A,01,0,1,0,0,0,0,0,0,0,-,-,NA,NA,SAN BERNARDINO,APPLE VALLEY,-117.19017028808594,34.47150421142578
9412522,2022,2022-03-01,3600,2022-02-03,1535,F6913,RC018,4,5,6,3616,0,0,0,NA,0,005,ELM AV,WHITE OAK AV,163,E,N,A,-,N,NA,NA,NA,NA,NA,NA,NA,NA,NA,Y,4,0,1,2,A,-,05,21460,A,N,A,C,A,A,H,-,-,A,0,NA,NA,NA,NA,Y,NA,A,01,0,0,1,0,0,0,0,0,0,-,-,NA,NA,SAN BERNARDINO,RANCHO CUCAMONGA,-117.56354522705078,34.10252380371094
9413565,2022,2022-03-18,3604,2022-02-16,1316,473,3604,3,5,6,3604,0,0,0,NA,0,004,SLOVER AV,CITRUS AV,40,E,N,A,-,N,NA,NA,NA,NA,NA,NA,NA,NA,NA,NA,4,0,1,2,D,-,00,NA,NA,N,C,C,A,A,H,-,A,A,0,NA,NA,NA,NA,Y,NA,-,-,0,0,1,0,0,0,0,0,0,-,-,NA,NA,SAN BERNARDINO,FONTANA,-117.4536361694336,34.063011169433594
9414562,2022,2022-03-07,3600,2022-01-19,1040,E8923,HI18,3,5,4,3618,0,0,0,NA,0,HI3,BOULDER AV,BEAVER MEDICAL CENTER,0,NA,Y,A,-,N,NA,NA,NA,NA,NA,NA,NA,NA,NA,N,4,0,1,2,A,-,12,21453,A,N,A,A,A,A,H,-,A,A,0,NA,NA,NA,NA,Y,NA,A,01,0,0,1,0,0,0,0,0,0,-,-,34.12635040283203,-117.19583129882813,SAN BERNARDINO,HIGHLAND,NA,NA
9414688,2022,2022-02-25,3600,2022-02-03,1806,H9013,HE107,4,5,5,3619,0,0,0,NA,0,HE1,LOCUST AV,EUCALYPTUS ST,0,NA,Y,A,-,N,NA,NA,NA,NA,NA,NA,NA,NA,NA,Y,4,0,1,2,A,-,12,22450,A,N,D,C,A,A,H,-,C,D,0,NA,NA,NA,NA,Y,NA,A,01,0,0,1,0,0,0,0,0,0,-,-,NA,NA,SAN BERNARDINO,HESPERIA,-117.33412933349608,34.456031799316406
9415034,2022,2022-03-02,3600,2022-02-06,1955,F8247,HE105,7,5,5,3619,0,0,0,NA,0,HE1,BEAR VALLY RD,HESPERIA RD,315,E,N,A,-,N,NA,NA,NA,NA,NA,NA,NA,NA,NA,Y,3,0,1,2,A,-,09,21804,A,N,C,C,A,A,H,-,C,D,0,NA,NA,Y,NA,Y,NA,A,01,0,1,0,0,0,0,0,0,1,-,-,NA,NA,SAN BERNARDINO,HESPERIA,-117.29093170166016,34.47093963623047
9415315,2022,2022-03-08,3600,2022-01-15,1135,F6913,RC018,6,5,6,3616,0,0,0,NA,0,005,FOOTHILL BL,ASPEN AV,485,W,N,A,-,N,NA,NA,NA,NA,NA,NA,NA,NA,NA,Y,3,0,1,1,A,-,03,22350,NA,N,E,I,A,-,H,-,A,A,0,NA,NA,NA,NA,Y,NA,A,01,0,1,0,0,0,0,0,0,0,-,-,NA,NA,SAN BERNARDINO,RANCHO CUCAMONGA,-117.57289123535156,34.10639953613281
9415319,2021,2022-03-01,3600,2021-01-17,0851,F6904,RC052,7,5,6,3616,0,0,0,NA,0,RC4,VINEYARD AV,ORANGE MEADOWS ST,0,NA,Y,C,-,N,NA,NA,NA,NA,NA,NA,NA,NA,NA,Y,3,0,1,1,A,-,03,22350,NA,N,E,I,A,B,H,-,A,D,0,NA,NA,NA,NA,Y,NA,A,07,0,1,0,0,0,0,0,0,0,-,-,NA,NA,SAN BERNARDINO,RANCHO CUCAMONGA,-117.61099243164063,34.1385498046875
9416311,2022,2022-03-16,3600,2022-02-14,1312,H6865,YC404,1,5,4,3640,0,0,0,NA,0,YC3,YUCAIPA BL,12TH ST,0,NA,Y,A,-,N,NA,NA,NA,NA,NA,NA,NA,NA,NA,N,3,0,1,2,A,-,11,21456,C,N,G,B,B,A,H,-,A,A,0,Y,NA,NA,NA,Y,NA,N,60,0,1,0,0,1,0,0,0,0,-,-,NA,NA,SAN BERNARDINO,YUCAIPA,-117.0867156982422,34.0338249206543
9416425,2022,2022-03-15,3600,2022-01-23,2041,F6910,HI022,7,5,4,3618,0,0,0,NA,0,HI3,BOULDER AV,PACIFIC ST,0,NA,Y,A,-,N,NA,NA,NA,NA,NA,NA,NA,NA,NA,Y,3,0,2,2,D,-,00,NA,NA,N,D,C,A,A,H,-,C,D,0,NA,NA,NA,NA,Y,NA,-,-,0,1,1,0,0,0,0,0,0,-,-,34.1285285949707,-117.19544219970705,SAN BERNARDINO,HIGHLAND,-117.19564819335938,34.128475189208984
9417012,2022,2022-03-18,3600,2022-02-19,0350,G8025,HE409,6,5,5,3619,0,0,0,NA,0,HE4,MAIN ST,WALNUT ST,8,E,N,A,-,N,NA,NA,NA,NA,NA,NA,NA,NA,NA,Y,3,0,1,1,C,-,18,NA,NA,N,E,I,A,A,H,-,C,D,0,NA,NA,NA,NA,Y,NA,-,-,0,1,0,0,0,0,0,0,0,-,-,NA,NA,SAN BERNARDINO,HESPERIA,-117.25593566894533,34.41411590576172
9418137,2022,2022-03-23,3600,2022-02-18,0607,G6918,VC074,5,5,5,3612,0,0,0,NA,0,VC6,AMARGOSA RD,MIDTOWN DR,0,NA,Y,A,-,N,NA,NA,NA,NA,NA,NA,NA,NA,NA,Y,4,0,1,2,A,-,09,21802,A,N,D,C,A,A,H,-,A,A,0,NA,NA,NA,Y,Y,NA,G,27,0,0,1,0,0,0,0,0,0,-,-,34.52410888671875,-117.33032989501952,SAN BERNARDINO,VICTORVILLE,-117.33032989501952,34.52406311035156
9418747,2022,2022-03-25,3600,2022-02-26,0214,F4772,VC059,6,5,5,3612,0,0,0,NA,0,VC4,AMETHYST RD,BEAR VALLEY RD,155,N,N,A,-,N,NA,NA,NA,NA,NA,NA,NA,NA,NA,Y,4,0,1,2,A,-,09,21804,A,N,D,C,A,A,H,-,C,D,0,NA,NA,NA,NA,Y,NA,A,07,0,0,1,0,0,0,0,0,0,-,-,34.47039031982422,-117.36431121826172,SAN BERNARDINO,VICTORVILLE,-117.36431884765624,34.47083282470703
9419079,2022,2022-04-05,3603,2022-03-09,1004,4830,CPD,3,5,4,3603,0,0,0,NA,0,003,S RANCHO AV,W FOGG ST,150,S,N,A,-,N,NA,NA,NA,NA,NA,NA,NA,NA,NA,N,3,0,2,2,A,-,09,21801,A,N,D,C,A,A,H,-,A,D,0,NA,NA,NA,NA,Y,NA,A,01,0,1,1,0,0,0,0,0,0,-,-,34.054080963134766,-117.33474731445313,SAN BERNARDINO,COLTON,-117.33401489257813,34.05224609375
9419240,2022,2022-04-21,3604,2022-03-20,1521,680,NA,7,5,6,3604,0,0,0,NA,0,NA,SIERRA AV,MERRILL AV,198,S,N,A,-,N,NA,NA,NA,NA,NA,NA,NA,NA,NA,Y,4,0,2,2,A,-,08,22107,NA,N,B,C,A,A,H,-,A,D,0,NA,NA,NA,NA,Y,NA,A,01,0,0,2,0,0,0,0,0,0,-,-,NA,NA,SAN BERNARDINO,FONTANA,-117.43572235107422,34.09158706665039