CASE_ID,ACCIDENT_YEAR,PROC_DATE,JURIS,COLLISION_DATE,COLLISION_TIME,OFFICER_ID,REPORTING_DISTRICT,DAY_OF_WEEK,CHP_SHIFT,POPULATION,CNTY_CITY_LOC,SPECIAL_COND,BEAT_TYPE,CHP_BEAT_TYPE,CITY_DIVISION_LAPD,CHP_BEAT_CLASS,BEAT_NUMBER,PRIMARY_RD,SECONDARY_RD,DISTANCE,DIRECTION,INTERSECTION,WEATHER_1,WEATHER_2,STATE_HWY_IND,CALTRANS_COUNTY,CALTRANS_DISTRICT,STATE_ROUTE,ROUTE_SUFFIX,POSTMILE_PREFIX,POSTMILE,LOCATION_TYPE,RAMP_INTERSECTION,SIDE_OF_HWY,TOW_AWAY,COLLISION_SEVERITY,NUMBER_KILLED,NUMBER_INJURED,PARTY_COUNT,PRIMARY_COLL_FACTOR,PCF_CODE_OF_VIOL,PCF_VIOL_CATEGORY,PCF_VIOLATION,PCF_VIOL_SUBSECTION,HIT_AND_RUN,TYPE_OF_COLLISION,MVIW,PED_ACTION,ROAD_SURFACE,ROAD_COND_1,ROAD_COND_2,LIGHTING,CONTROL_DEVICE,CHP_ROAD_TYPE,PEDESTRIAN_ACCIDENT,BICYCLE_ACCIDENT,MOTORCYCLE_ACCIDENT,TRUCK_ACCIDENT,NOT_PRIVATE_PROPERTY,ALCOHOL_INVOLVED,STWD_VEHTYPE_AT_FAULT,CHP_VEHTYPE_AT_FAULT,COUNT_SEVERE_INJ,COUNT_VISIBLE_INJ,COUNT_COMPLAINT_PAIN,COUNT_PED_KILLED,COUNT_PED_INJURED,COUNT_BICYCLIST_KILLED,COUNT_BICYCLIST_INJURED,COUNT_MC_KILLED,COUNT_MC_INJURED,PRIMARY_RAMP,SECONDARY_RAMP,LATITUDE,LONGITUDE,COUNTY,CITY,POINT_X,POINT_Y
94730751,2025,2025-06-18,9850,2025-06-12,1640,020572,NA,4,2,9,3600,0,3,5,NA,2,002,ARROWHEAD LAKE RD,HAVENHURST RD,1584,N,N,A,-,Y,NA,NA,NA,NA,NA,NA,NA,NA,NA,N,2,0,2,1,A,-,08,22107,NA,N,F,J,A,A,H,-,A,D,0,NA,NA,NA,NA,Y,Y,A,01,1,0,1,0,0,0,0,0,0,-,-,34.36021041870117,-117.24822998046876,SAN BERNARDINO,UNINCORPORATED,-117.24811553955078,34.359310150146484
94731030,2025,2025-06-18,9855,2025-06-17,835,019448,NA,2,1,5,3602,0,1,3,NA,2,603,SR-60 E/B (POMONA FWY),MOUNTAIN AVENUE,1000,W,N,A,-,N,NA,NA,NA,NA,NA,NA,NA,NA,NA,N,4,0,1,2,A,-,03,22350,NA,N,C,C,A,A,H,-,A,D,0,NA,NA,NA,NA,Y,NA,A,01,0,0,1,0,0,0,0,0,0,-,-,34.030269622802734,-117.67388916015624,SAN BERNARDINO,CHINO,-117.6707000732422,34.03025436401367
94733625,2025,2025-06-20,9835,2025-06-07,645,023679,NA,6,1,9,3600,0,1,1,NA,2,043,I-40 W/B,A STREET,9504,E,N,A,-,Y,SBD,NA,40,NA,R,8.843,H,NA,L,Y,2,0,1,1,A,-,08,22107,NA,N,E,8,A,A,H,-,A,D,0,NA,NA,NA,Y,Y,NA,G,25,1,0,0,0,0,0,0,0,0,-,-,34.84941864013672,-116.861572265625,SAN BERNARDINO,UNINCORPORATED,-116.86160278320313,34.84931564331055
94734886,2025,2025-06-23,9855,2025-06-22,940,021371,NA,7,1,9,3600,0,3,5,NA,2,001,MERRILL AVE.,REDWOOD AVE.,0,NA,Y,A,-,N,NA,NA,NA,NA,NA,NA,NA,NA,NA,Y,4,0,2,2,A,-,12,22450,A,N,D,C,A,A,H,-,A,A,0,NA,NA,NA,NA,Y,NA,-,-,0,0,2,0,0,0,0,0,0,-,-,34.092010498046875,-117.48426818847656,SAN BERNARDINO,UNINCORPORATED,-117.48420715332033,34.091983795166016
94735611,2025,2025-06-23,9850,2025-05-23,1900,023165,NA,5,2,9,3600,0,1,3,NA,2,042,RIVERA DR,APPLE VISTA DR,1320,E,N,A,-,N,NA,NA,NA,NA,NA,NA,NA,NA,NA,Y,3,0,1,1,A,-,08,22107,NA,N,F,A,A,A,H,-,A,D,0,NA,NA,NA,NA,Y,NA,A,07,0,1,0,0,0,0,0,0,0,-,-,34.363548278808594,-117.63440704345705,SAN BERNARDINO,UNINCORPORATED,-117.63395690917967,34.36355972290039
94737123,2025,2025-06-24,9860,2025-05-21,230,022736,NA,3,3,9,3600,0,3,5,NA,2,004,LINDEN AVENUE,9TH STREET,0,NA,Y,A,-,N,NA,NA,NA,NA,NA,NA,NA,NA,NA,Y,3,0,2,2,A,-,12,22450,A,F,D,C,A,A,H,-,D,A,0,NA,NA,NA,NA,Y,NA,A,01,0,2,0,0,0,0,0,0,0,-,-,34.042510986328125,-117.40071868896484,SAN BERNARDINO,UNINCORPORATED,-117.40077209472656,34.04252624511719
9473715,2022,2022-10-04,3608,2022-07-20,0956,3675,NA,3,5,5,3608,0,0,0,NA,0,NA,REDLANDS BL,ALABAMA ST,0,NA,Y,A,-,N,NA,NA,NA,NA,NA,NA,NA,NA,NA,Y,3,0,4,4,A,-,03,22350,NA,N,C,C,A,A,H,-,A,A,0,NA,NA,NA,NA,Y,NA,A,01,0,2,2,0,0,0,0,0,0,-,-,NA,NA,SAN BERNARDINO,REDLANDS,-117.20880126953124,34.0628662109375
9473753,2022,2022-08-31,3600,2022-07-16,1810,F6917,YC301,6,5,4,3640,0,0,0,NA,0,YC3,COLORADO ST,11TH ST,0,NA,Y,A,-,N,NA,NA,NA,NA,NA,NA,NA,NA,NA,Y,4,0,1,2,A,-,12,22450,NA,N,B,C,A,A,H,-,A,A,0,NA,NA,Y,NA,Y,NA,C,02,0,0,1,0,0,0,0,0,1,-,-,NA,NA,SAN BERNARDINO,YUCAIPA,-117.08236694335938,34.01918029785156
9474017,2022,2022-09-19,3610,2022-07-26,1928,51391,NA,2,5,6,3610,0,0,0,NA,0,POLICE,SOUTH WATERMAN AV,E RIALTO AV,141,S,N,A,-,N,NA,NA,NA,NA,NA,NA,NA,NA,NA,Y,4,0,2,1,A,-,08,22107,NA,N,E,I,A,A,H,-,A,A,0,NA,NA,NA,NA,Y,Y,A,01,0,0,2,0,0,0,0,0,0,-,-,34.10042953491211,-117.27838134765624,SAN BERNARDINO,SAN BERNARDINO,-117.2787628173828,34.1004753112793
94743712,2025,2025-06-30,9855,2025-06-28,2004,023023,NA,6,2,6,3604,0,1,1,NA,2,101,I-10 E/B (SAN BERNARDINO FWY),CITRUS AVENUE,1000,W,N,A,-,Y,SBD,NA,10,NA,NA,14.988,H,NA,R,N,4,0,3,2,A,-,01,23152,A,F,C,C,A,A,H,-,A,D,0,NA,NA,NA,NA,Y,Y,D,22,0,0,3,0,0,0,0,0,0,-,-,34.06650924682617,-117.45709991455078,SAN BERNARDINO,FONTANA,-117.45709991455078,34.06654739379883
94744938,2025,2025-07-01,9855,2025-06-01,245,022840,NA,7,3,5,3602,0,1,3,NA,2,603,SR-60 E/B (POMONA FWY),CENTRAL AVE,500,E,N,A,-,Y,SBD,NA,60,NA,R,2.482,H,NA,R,Y,4,0,1,2,A,-,03,22350,NA,N,C,C,A,A,H,-,C,D,0,NA,NA,NA,NA,Y,NA,A,01,0,0,1,0,0,0,0,0,0,-,-,34.0301513671875,-117.68744659423828,SAN BERNARDINO,CHINO,-117.6874542236328,34.03021240234375
9474518,2022,2022-07-06,3600,2022-06-02,1729,H5148,LL013,4,5,3,3615,0,0,0,NA,0,LL1,BARTON RD,LOMA LINDA DR,0,NA,Y,A,-,N,NA,NA,NA,NA,NA,NA,NA,NA,NA,N,3,0,1,2,A,-,03,22350,NA,N,C,C,A,A,H,-,A,A,0,NA,NA,NA,NA,Y,NA,A,01,0,1,0,0,0,0,0,0,0,-,-,34.0483283996582,-117.24813842773438,SAN BERNARDINO,LOMA LINDA,-117.2480010986328,34.04829788208008
94748530,2025,2025-07-07,9855,2025-07-01,1600,018313,NA,2,2,9,3600,0,1,3,NA,2,603,SR-60 E/B (POMONA FWY),MOUNTAIN AVE,1200,E,N,A,-,Y,SBD,NA,60,NA,R,3.756,H,NA,R,Y,4,0,1,3,A,-,03,22350,NA,N,C,C,A,A,H,-,A,D,0,NA,NA,NA,NA,Y,NA,A,01,0,0,1,0,0,0,0,0,0,-,-,34.03025817871094,-117.66519927978516,SAN BERNARDINO,UNINCORPORATED,-117.66519927978516,34.0302734375
9474862,2022,2022-08-18,3600,2022-03-29,2148,F8945,AD311,2,5,3,3613,0,0,0,NA,0,AD2,RT 395,ADELANTO MARKET PL,0,NA,Y,A,-,Y,SBD,8,395,-,-,11.305,I,5,S,Y,4,0,1,2,A,-,12,21453,A,N,D,C,A,A,H,-,C,A,0,NA,NA,NA,Y,Y,NA,F,24,0,0,1,0,0,0,0,0,0,-,-,34.50851058959961,-117.399658203125,SAN BERNARDINO,ADELANTO,-117.39962768554688,34.508697509765625
94749622,2025,2025-07-07,9855,2025-07-01,845,020367,NA,2,1,9,3600,0,1,1,NA,2,203,SR-210 W/B (FOOTHILL FWY),ARCHIBALD AVE.,1350,E,N,A,-,Y,SBD,NA,210,NA,NA,6.166,H,NA,L,N,3,0,1,3,A,-,07,21658,A,N,B,C,A,A,H,-,A,D,0,NA,NA,NA,NA,Y,NA,D,22,0,1,0,0,0,0,0,0,0,-,-,34.13547897338867,-117.58888244628906,SAN BERNARDINO,UNINCORPORATED,-117.58888244628906,34.13550567626953
9475008,2022,2022-08-29,3608,2022-05-07,1821,5044,NA,6,5,5,3608,0,0,0,NA,0,NA,N UNIVERSITY ST,RT 10,0,NA,Y,A,-,Y,SBD,8,10,-,-,31.717,R,4,E,Y,4,0,1,2,A,-,09,21801,A,N,D,C,A,A,H,-,A,D,0,NA,NA,NA,NA,Y,NA,A,01,0,0,1,0,0,0,0,0,0,-,EF,34.05611038208008,-117.16692352294922,SAN BERNARDINO,REDLANDS,-117.16959381103516,34.057743072509766
94751146,2025,2025-07-07,9834,2025-06-25,1111,016267,NA,3,1,9,3600,0,1,1,NA,2,040,I-40 W/B,KELBAKER RD,23021,E,N,A,-,Y,SBD,NA,40,NA,R,82.559,H,NA,L,Y,2,0,2,5,A,-,03,22350,NA,N,B,C,A,A,H,-,A,D,0,NA,NA,Y,NA,Y,NA,C,02,1,0,1,0,0,0,0,0,1,-,-,34.7287483215332,-115.60260772705078,SAN BERNARDINO,UNINCORPORATED,-115.60261535644533,34.72877502441406
94751155,2025,2025-07-07,9860,2025-06-21,555,022982,NA,6,3,4,3603,0,1,1,NA,2,214,I-215 N/B,WASHINGTON ST,90,S,N,A,-,Y,SBD,NA,215,NA,NA,2.67,H,NA,R,N,4,0,1,1,A,-,08,22107,NA,N,E,8,A,A,H,-,A,A,0,NA,NA,NA,NA,Y,NA,A,01,0,0,1,0,0,0,0,0,0,-,-,34.04743957519531,-117.30771636962892,SAN BERNARDINO,COLTON,-117.30770111083984,34.04741668701172
94753289,2025,2025-07-08,9835,2025-06-22,1652,024360,NA,7,2,3,3601,0,1,1,NA,2,071,I-15 S/B TO SR-58 W/B,SR-58 W/B,2640,N,N,A,-,Y,NA,NA,NA,NA,NA,NA,NA,NA,NA,Y,2,0,2,1,A,-,01,23152,A,N,F,A,A,A,H,-,A,D,0,NA,NA,Y,NA,Y,Y,C,02,2,0,0,0,0,0,0,0,2,-,-,34.8725700378418,-117.07573699951172,SAN BERNARDINO,BARSTOW,-117.08099365234376,34.88558578491211
94759232,2025,2025-07-14,9834,2025-07-11,656,021720,NA,5,1,9,3600,0,1,1,NA,2,044,I-40 E/B,WATER RD,6864,E,N,A,-,Y,SBD,NA,40,NA,R,121.226,H,NA,R,Y,3,0,1,2,A,-,03,22350,NA,N,C,C,A,A,H,-,B,A,0,NA,NA,NA,Y,Y,NA,D,22,0,1,0,0,0,0,0,0,0,-,-,34.850799560546875,-114.9493408203125,SAN BERNARDINO,UNINCORPORATED,-114.94935607910156,34.850833892822266
94759558,2025,2026-01-27,9860,2025-07-01,845,022719,NA,2,1,9,3600,0,1,1,NA,2,106,I-10 W/B,OAK GLEN RD,2650,E,N,A,-,Y,SBD,NA,10,NA,R,37.568,H,NA,L,N,3,0,2,5,A,-,03,22350,NA,N,C,C,A,A,H,-,A,D,0,NA,NA,NA,NA,Y,NA,A,07,0,1,1,0,0,0,0,0,0,-,-,34.015228271484375,-117.08680725097656,SAN BERNARDINO,UNINCORPORATED,-117.08681488037108,34.015220642089844
94763315,2025,2025-07-16,9835,2025-07-01,1115,024360,NA,2,1,9,3600,0,2,4,NA,2,015,YERMO RD,1ST ST,430,W,N,A,-,N,NA,NA,NA,NA,NA,NA,NA,NA,NA,N,3,0,1,2,A,-,08,22107,NA,F,B,C,A,A,H,-,A,D,0,NA,NA,NA,NA,Y,NA,-,99,0,1,0,0,0,0,0,0,0,-,-,34.90473175048828,-116.82185363769533,SAN BERNARDINO,UNINCORPORATED,-116.8205337524414,34.90507888793945
94763442,2025,2025-07-18,9855,2025-06-27,1600,021926,NA,5,2,9,3600,0,3,5,NA,2,001,ARROW ROUTE,ALMERIA AVE.,28,S,N,A,-,Y,NA,NA,NA,NA,NA,NA,NA,NA,NA,N,3,0,2,2,A,-,09,21802,A,N,D,C,A,A,H,-,A,D,0,NA,NA,NA,NA,Y,NA,A,01,0,2,0,0,0,0,0,0,0,-,-,34.099388122558594,-117.46034240722656,SAN BERNARDINO,UNINCORPORATED,-117.46027374267578,34.09926986694336
94763605,2025,2025-07-16,9855,2025-07-08,937,020620,NA,2,1,6,3607,0,1,3,NA,2,601,SR-60 W/B (POMONA FWY),VINEYARD AVE.,1169,E,N,A,-,Y,SBD,NA,60,NA,R,7.209,H,NA,L,Y,4,0,2,3,A,-,03,22350,NA,N,C,C,A,A,H,-,A,D,0,NA,NA,NA,NA,Y,NA,A,01,0,0,2,0,0,0,0,0,0,-,-,34.030609130859375,-117.60508728027344,SAN BERNARDINO,ONTARIO,-117.60508728027344,34.03067398071289
94765445,2025,2025-07-16,9860,2025-06-19,1810,022876,NA,4,2,9,3600,0,3,5,NA,2,001,KENWOOD AVENUE,CAJON BOULEVARD,32,E,N,A,-,N,NA,NA,NA,NA,NA,NA,NA,NA,NA,Y,4,0,1,2,A,-,01,23152,A,N,D,D,A,A,H,-,A,A,0,NA,NA,NA,NA,Y,Y,A,07,0,0,1,0,0,0,0,0,0,-,-,34.23482894897461,-117.42623901367188,SAN BERNARDINO,UNINCORPORATED,-117.42627716064452,34.23468017578125
94765466,2025,2025-07-16,9855,2025-07-10,1525,018313,NA,4,2,5,3602,0,1,3,NA,2,071,SR-71 S/B (CHINO FWY),BUTTERFIELD RANCH ROAD,800,N,N,A,-,Y,SBD,NA,71,NA,R,7.915,H,NA,L,Y,3,0,1,3,A,-,07,21658,A,N,B,C,A,A,H,-,A,D,0,NA,NA,Y,NA,Y,NA,A,07,0,1,0,0,0,0,0,0,1,-,-,33.931461334228516,-117.6601791381836,SAN BERNARDINO,CHINO,-117.66005706787108,33.93153381347656
9476803,2022,2022-07-19,3610,2022-06-11,2301,51206,NA,6,5,6,3610,0,0,0,NA,0,POLICE,W BASELINE ST,N D ST,27,E,N,A,-,N,NA,NA,NA,NA,NA,NA,NA,NA,NA,N,3,0,1,2,A,-,11,21950,B,N,A,B,D,A,H,-,C,D,0,Y,NA,NA,NA,Y,Y,N,60,0,1,0,0,1,0,0,0,0,-,-,NA,NA,SAN BERNARDINO,SAN BERNARDINO,-117.29183959960938,34.1213493347168
94771162,2025,2025-11-25,9860,2025-07-11,1900,022645,NA,5,2,9,3600,0,2,4,NA,2,066,CAJON BLVD,KENWOOD AVE,1742,N,N,A,-,N,NA,NA,NA,NA,NA,NA,NA,NA,NA,Y,2,0,4,2,A,-,08,22107,NA,N,A,C,A,A,H,-,B,D,0,NA,NA,NA,NA,Y,NA,A,08,2,2,0,0,0,0,0,0,0,-,-,34.237510681152344,-117.43084716796876,SAN BERNARDINO,UNINCORPORATED,-117.43085479736328,34.23753356933594
94772120,2025,2025-07-22,9870,2025-07-19,151,022177,NA,6,3,9,3600,0,1,3,NA,2,021,STATE ROUTE 247,ANCIENT WOMAN SPRINGS ROAD,509,N,N,A,-,Y,SBD,NA,247,NA,NA,5.182,H,NA,R,Y,1,1,1,2,A,-,01,23153,A,N,A,C,A,A,H,-,D,D,0,NA,NA,NA,NA,Y,Y,D,22,1,0,0,0,0,0,0,0,0,-,-,34.19281005859375,-116.43859100341795,SAN BERNARDINO,UNINCORPORATED,-116.4385986328125,34.19280242919922
9477241,2022,2022-08-24,3610,2022-06-26,2500,51354,NA,7,5,6,3610,0,0,0,NA,0,NA,EAST HIGHLAND AV,HARRISON ST,264,W,N,A,-,N,NA,NA,NA,NA,NA,NA,NA,NA,NA,Y,4,0,1,2,A,-,08,22107,NA,N,A,C,A,A,H,-,-,A,0,NA,NA,NA,NA,Y,NA,A,01,0,0,1,0,0,0,0,0,0,-,-,34.13587951660156,-117.26627349853516,SAN BERNARDINO,SAN BERNARDINO,-117.26555633544922,34.13589096069336
9477285,2022,2022-07-25,3610,2022-05-29,2139,51277,NA,7,5,6,3610,0,0,0,NA,0,POLICE,W 30TH ST,N LINCOLN DR,109,W,N,A,-,N,NA,NA,NA,NA,NA,NA,NA,NA,NA,Y,4,0,2,5,A,-,03,22350,NA,N,C,E,D,A,H,-,C,D,0,Y,NA,Y,NA,Y,NA,A,01,0,0,2,0,1,0,0,0,0,-,-,34.14720916748047,-117.30493927001952,SAN BERNARDINO,SAN BERNARDINO,-117.30528259277344,34.14685821533203
9477290,2022,2022-09-06,3610,2022-05-31,1215,51224,NA,2,5,6,3610,0,0,0,NA,0,COURTE,E 9TH ST,LUGO AV,15,E,N,A,-,N,NA,NA,NA,NA,NA,NA,NA,NA,NA,N,4,0,1,2,A,-,11,21955,NA,F,G,B,D,A,H,-,A,D,0,Y,NA,NA,NA,Y,NA,N,60,0,0,1,0,1,0,0,0,0,-,-,34.115821838378906,-117.28378295898438,SAN BERNARDINO,SAN BERNARDINO,-117.2837371826172,34.11579132080078
94772930,2025,2025-07-22,9855,2025-07-19,720,021873,NA,6,1,5,3602,0,1,3,NA,2,603,SR-60 W/B (POMONA FWY),MOUNTAIN AVE.,2500,W,N,A,-,Y,SBD,NA,60,NA,R,3.111,H,NA,L,N,3,0,2,2,A,-,08,22107,NA,N,C,C,A,A,H,-,A,D,0,NA,NA,NA,NA,Y,NA,A,01,0,2,0,0,0,0,0,0,0,-,-,34.03050994873047,-117.67646026611328,SAN BERNARDINO,CHINO,-117.67646026611328,34.03044891357422
9477362,2022,2022-09-20,3610,2022-06-24,1735,51367,NA,5,5,6,3610,0,0,0,NA,0,POLICE,RT 215,W 2ND ST,0,NA,Y,A,-,Y,SBD,8,215,-,-,6.637,R,4,S,Y,4,0,1,2,A,-,12,21453,A,N,D,C,A,A,H,-,A,A,0,NA,NA,NA,NA,Y,NA,-,-,0,0,1,0,0,0,0,0,0,-,-,34.102691650390625,-117.30200958251952,SAN BERNARDINO,SAN BERNARDINO,-117.30206298828124,34.100196838378906
94773704,2025,2025-07-23,9835,2025-07-11,327,024405,NA,5,3,9,3600,0,1,1,NA,2,041,I-40 W/B,NEBO ST,328,E,N,A,-,Y,SBD,NA,40,NA,R,4.785,H,NA,L,Y,3,0,3,1,A,-,08,22107,NA,N,E,I,A,A,H,-,D,D,0,NA,NA,NA,Y,Y,NA,F,26,0,3,0,0,0,0,0,0,0,-,-,34.863590240478516,-116.93106842041016,SAN BERNARDINO,UNINCORPORATED,-116.93105316162108,34.863651275634766
94774535,2025,2025-07-23,9835,2025-07-15,1930,024360,NA,2,2,9,3600,0,1,2,NA,1,014,US-395,LOCUST RD,1071,N,N,A,-,Y,SBD,NA,395,NA,NA,52.423,H,NA,R,Y,3,0,1,3,A,-,06,21751,NA,N,B,C,A,A,H,-,B,D,0,NA,NA,NA,Y,Y,NA,A,01,0,1,0,0,0,0,0,0,0,-,-,35.08325958251953,-117.56526947021484,SAN BERNARDINO,UNINCORPORATED,-117.5652084350586,35.08328628540039
94775595,2025,2025-07-24,9835,2025-07-19,834,022341,NA,6,1,9,3600,0,1,2,NA,1,014,S/B US 395,20 MULE TEAM ROAD,242,S,N,A,-,Y,SBD,NA,395,NA,NA,45.896,H,NA,R,Y,3,0,1,2,A,-,09,21804,A,N,D,C,A,A,H,-,A,D,0,NA,NA,NA,NA,Y,NA,A,01,0,1,0,0,0,0,0,0,0,-,-,34.99163055419922,-117.5414581298828,SAN BERNARDINO,UNINCORPORATED,-117.54139709472656,34.991641998291016
94779206,2025,2025-07-28,9850,2025-07-12,1900,023165,NA,6,2,9,3600,0,2,4,NA,2,037,OPEN DESERT NORTH OF BEAR VALLEY ROAD,WEST OF HIGHWAY 18,250,N,N,A,-,N,NA,NA,NA,NA,NA,NA,NA,NA,NA,N,2,0,1,1,A,-,08,38314,NA,F,F,A,A,A,G,-,A,D,0,NA,NA,NA,NA,Y,NA,-,99,1,0,0,0,0,0,0,0,0,-,-,34.47312927246094,-117.12718200683594,SAN BERNARDINO,UNINCORPORATED,NA,NA
94781205,2025,2025-07-29,9860,2025-05-11,2105,023457,NA,7,2,6,3604,0,1,1,NA,2,102,I-10 W/B,SIERRA AVE,3260,E,N,A,-,Y,SBD,NA,10,NA,NA,16.857,H,NA,L,Y,3,0,2,2,A,-,03,22350,NA,F,C,C,A,A,H,-,C,D,0,NA,NA,NA,NA,Y,NA,A,01,0,2,0,0,0,0,0,0,0,-,-,34.06755065917969,-117.42469024658205,SAN BERNARDINO,FONTANA,-117.42469024658205,34.0675048828125
9478260,2022,2022-08-01,3600,2022-05-25,2032,H9747,VC070,3,5,5,3612,0,0,0,NA,0,VC5,COBALT RD,PALMDALE RD,885,S,N,A,-,N,NA,NA,NA,NA,NA,NA,NA,NA,NA,N,4,0,1,2,A,-,00,23103,A,F,G,B,D,A,H,-,C,D,0,Y,NA,NA,NA,Y,Y,-,99,0,0,1,0,1,0,0,0,0,-,-,34.506690979003906,-117.37313842773438,SAN BERNARDINO,VICTORVILLE,-117.37312316894533,34.50426483154297
94784168,2025,2025-07-31,9855,2025-07-23,2015,021543,NA,3,2,6,3607,0,1,1,NA,2,101,I-10 E/B (SAN BERNARDINO FWY),HAVEN AVE.,1584,E,N,A,-,Y,SBD,NA,10,NA,NA,8.372,H,NA,R,N,4,0,1,2,A,-,03,22350,NA,N,C,C,A,A,H,-,C,D,0,NA,NA,NA,NA,Y,NA,A,01,0,0,1,0,0,0,0,0,0,-,-,34.06731033325195,-117.57225036621094,SAN BERNARDINO,ONTARIO,-117.5722427368164,34.067447662353516
94792405,2025,2025-08-06,9860,2025-07-29,1410,016575,NA,2,2,4,3603,0,1,1,NA,2,214,I-215 S/B,IOWA AVE.,2110,N,N,A,-,Y,SBD,NA,215,NA,NA,0.813,H,NA,L,Y,4,0,2,3,A,-,03,22350,NA,N,C,C,A,A,H,-,A,D,0,NA,NA,NA,NA,Y,NA,A,01,0,0,2,0,0,0,0,0,0,-,-,34.02865982055664,-117.33094787597656,SAN BERNARDINO,COLTON,-117.33096313476563,34.02867126464844
94793394,2025,2025-08-07,9835,2025-07-23,200,022889,NA,3,3,9,3600,0,1,1,NA,2,045,I-40 E/B,LAVIC RD,5808,E,N,A,-,Y,SBD,NA,40,NA,R,42.971,H,NA,R,N,4,0,1,2,C,-,18,NA,NA,N,E,J,A,A,H,-,D,D,0,NA,NA,NA,Y,Y,NA,-,-,0,0,1,0,0,0,0,0,0,-,-,34.73257064819336,-116.28581237792967,SAN BERNARDINO,UNINCORPORATED,-116.28581237792967,34.7325553894043
94793704,2025,2025-08-07,9860,2025-07-27,1130,023190,NA,7,1,5,3608,0,1,1,NA,2,203,I-10 W/B FROM SR-210 E/B,ALABAMA ST,1214,E,N,A,-,Y,NA,NA,NA,NA,NA,NA,NA,NA,NA,Y,4,0,1,1,A,-,01,23152,A,N,F,A,A,A,H,-,A,D,0,NA,NA,Y,NA,Y,Y,C,02,0,0,1,0,0,0,0,0,1,-,-,34.067039489746094,-117.20468139648438,SAN BERNARDINO,REDLANDS,-117.20474243164063,34.06671905517578
94793924,2025,2025-08-07,9860,2025-07-30,620,022843,NA,3,1,9,3600,0,1,1,NA,2,152,I-15 N/B,OAK HILL RD,10032,S,N,A,-,Y,SBD,NA,15,NA,R,24.765,H,NA,R,Y,4,0,1,2,A,-,03,22350,NA,N,C,C,A,A,H,-,A,D,0,NA,NA,NA,NA,Y,NA,A,01,0,0,1,0,0,0,0,0,0,-,-,34.341739654541016,-117.45545196533205,SAN BERNARDINO,UNINCORPORATED,-117.45542144775392,34.34168243408203
94797128,2025,2025-08-11,9855,2025-07-27,215,023010,NA,7,3,6,3607,0,1,1,NA,2,152,INTERSTATE 15 N/B TO INTERSTATE 10 W/B,INTERSTATE 10,1500,S,N,A,-,Y,NA,NA,NA,NA,NA,NA,NA,NA,NA,Y,2,0,2,2,A,-,03,22350,NA,N,B,C,A,A,D,-,D,D,0,NA,NA,Y,NA,Y,NA,C,02,2,0,0,0,0,0,0,0,2,-,-,34.0629997253418,-117.54434967041016,SAN BERNARDINO,ONTARIO,-117.5447998046875,34.06549072265625
94797202,2025,2025-08-11,9865,2025-07-20,758,021892,NA,7,1,9,3600,0,1,3,NA,1,010,RT 18,MPM 20.3,100,N,N,A,-,Y,SBD,NA,18,NA,NA,20.198,H,NA,R,N,3,0,1,2,A,-,05,21460,NA,N,B,C,A,A,H,-,A,D,0,NA,NA,NA,NA,Y,NA,A,08,0,1,0,0,0,0,0,0,0,-,-,34.226951599121094,-117.25804901123048,SAN BERNARDINO,UNINCORPORATED,-117.258056640625,34.2269401550293
94797502,2025,2025-08-11,9865,2025-08-03,1400,021892,NA,7,2,9,3600,0,1,3,NA,1,034,RT 18,MPM 64,1584,N,N,A,-,Y,SBD,NA,18,NA,NA,64.584,H,NA,R,N,4,0,1,1,A,-,03,22350,NA,N,E,I,A,A,H,-,A,D,0,NA,NA,NA,NA,Y,NA,A,01,0,0,1,0,0,0,0,0,0,-,-,34.339691162109375,-116.8397216796875,SAN BERNARDINO,UNINCORPORATED,-116.83982849121094,34.33967590332031
94797652,2025,2025-08-11,9865,2025-08-06,1455,020872,NA,3,2,9,3600,0,1,3,NA,1,010,SR-18,FOREST SERVICE ROAD 2N40,546,N,N,A,-,Y,SBD,NA,18,NA,R,15.059,H,NA,R,Y,3,0,1,1,A,-,08,22107,NA,N,F,I,A,A,H,-,A,D,0,NA,NA,NA,NA,Y,NA,A,07,0,1,0,0,0,0,0,0,0,-,-,34.225120544433594,-117.30130767822266,SAN BERNARDINO,UNINCORPORATED,-117.30133819580078,34.225059509277344