CASE_ID,ACCIDENT_YEAR,PROC_DATE,JURIS,COLLISION_DATE,COLLISION_TIME,OFFICER_ID,REPORTING_DISTRICT,DAY_OF_WEEK,CHP_SHIFT,POPULATION,CNTY_CITY_LOC,SPECIAL_COND,BEAT_TYPE,CHP_BEAT_TYPE,CITY_DIVISION_LAPD,CHP_BEAT_CLASS,BEAT_NUMBER,PRIMARY_RD,SECONDARY_RD,DISTANCE,DIRECTION,INTERSECTION,WEATHER_1,WEATHER_2,STATE_HWY_IND,CALTRANS_COUNTY,CALTRANS_DISTRICT,STATE_ROUTE,ROUTE_SUFFIX,POSTMILE_PREFIX,POSTMILE,LOCATION_TYPE,RAMP_INTERSECTION,SIDE_OF_HWY,TOW_AWAY,COLLISION_SEVERITY,NUMBER_KILLED,NUMBER_INJURED,PARTY_COUNT,PRIMARY_COLL_FACTOR,PCF_CODE_OF_VIOL,PCF_VIOL_CATEGORY,PCF_VIOLATION,PCF_VIOL_SUBSECTION,HIT_AND_RUN,TYPE_OF_COLLISION,MVIW,PED_ACTION,ROAD_SURFACE,ROAD_COND_1,ROAD_COND_2,LIGHTING,CONTROL_DEVICE,CHP_ROAD_TYPE,PEDESTRIAN_ACCIDENT,BICYCLE_ACCIDENT,MOTORCYCLE_ACCIDENT,TRUCK_ACCIDENT,NOT_PRIVATE_PROPERTY,ALCOHOL_INVOLVED,STWD_VEHTYPE_AT_FAULT,CHP_VEHTYPE_AT_FAULT,COUNT_SEVERE_INJ,COUNT_VISIBLE_INJ,COUNT_COMPLAINT_PAIN,COUNT_PED_KILLED,COUNT_PED_INJURED,COUNT_BICYCLIST_KILLED,COUNT_BICYCLIST_INJURED,COUNT_MC_KILLED,COUNT_MC_INJURED,PRIMARY_RAMP,SECONDARY_RAMP,LATITUDE,LONGITUDE,COUNTY,CITY,POINT_X,POINT_Y
9649042,2023,2024-08-30,3608,2023-11-27,1603,4024,NA,1,5,5,3608,0,0,0,NA,0,NA,JUDSON ST,CAMPUS AV,0,NA,Y,A,-,N,NA,NA,NA,NA,NA,NA,NA,NA,NA,N,3,0,1,2,A,-,08,22107,A,F,-,C,A,A,H,-,A,A,0,NA,NA,Y,NA,Y,NA,A,01,0,1,0,0,0,0,0,0,1,-,-,NA,NA,SAN BERNARDINO,REDLANDS,-117.15634918212892,34.06547546386719
9649049,2023,2024-01-24,3604,2023-11-14,823,1376,NA,2,5,6,3604,0,0,0,NA,0,NA,MERRILL AV,LAUREL AV,0,NA,Y,A,-,N,NA,NA,NA,NA,NA,NA,NA,NA,NA,N,3,0,2,2,A,-,03,22350,NA,N,C,C,A,A,H,-,A,D,0,NA,NA,NA,NA,Y,NA,A,01,0,2,0,0,0,0,0,0,0,-,-,NA,NA,SAN BERNARDINO,FONTANA,-117.41399383544922,34.09220886230469
9649380,2023,2024-02-16,3600,2023-12-13,1244,J5330,BL2,3,5,2,3680,0,0,0,NA,0,BL200,LAHONTAN DR,MOUNTAINAIRE LN,0,NA,Y,A,-,N,NA,NA,NA,NA,NA,NA,NA,NA,NA,Y,4,0,2,2,A,-,09,21803,A,N,D,C,A,A,H,-,A,A,0,NA,NA,NA,NA,Y,NA,-,NA,0,0,2,0,0,0,0,0,0,-,-,NA,NA,SAN BERNARDINO,BIG BEAR LAKE,-116.90261840820313,34.24564743041992
9650028,2023,2024-01-08,3605,2023-08-04,1337,460,3605,5,5,4,3605,0,0,0,NA,0,NA,STATE ST,GREENWOOD AV,53,W,N,A,-,N,NA,NA,NA,NA,NA,NA,NA,NA,NA,N,4,0,1,2,A,-,03,22350,NA,F,C,C,A,A,H,-,A,A,0,NA,NA,NA,NA,Y,NA,-,NA,0,0,1,0,0,0,0,0,0,-,-,34.05958938598633,-117.70098876953124,SAN BERNARDINO,MONTCLAIR,NA,NA
9650132,2023,2024-02-16,3605,2023-12-20,830,452,NA,3,5,4,3605,0,0,0,NA,0,NA,MISSION BL,RAMONA AV,411,E,N,C,-,N,NA,NA,NA,NA,NA,NA,NA,NA,NA,N,4,0,1,1,A,-,03,22350,NA,N,E,J,A,B,H,-,A,D,0,NA,NA,NA,NA,Y,Y,A,01,0,0,1,0,0,0,0,0,0,-,-,34.05596923828125,-117.70690155029295,SAN BERNARDINO,MONTCLAIR,-117.70555877685548,34.05583953857422
9650954,2023,2024-01-11,3600,2023-11-30,1559,G4510,HI016,4,5,4,3618,0,0,0,NA,0,HI2,BASELINE ST,COLE AV,0,NA,Y,A,-,N,NA,NA,NA,NA,NA,NA,NA,NA,NA,Y,3,0,3,3,A,-,09,21801,A,N,D,C,A,A,D,-,B,A,0,NA,NA,NA,NA,Y,NA,A,08,0,1,2,0,0,0,0,0,0,-,-,34.12131881713867,-117.21238708496094,SAN BERNARDINO,HIGHLAND,-117.21266174316406,34.12125015258789
9651493,2023,2024-07-10,3610,2023-12-01,2028,50789,NA,5,5,6,3610,0,0,0,NA,0,NA,N ARDEN AV,E 20TH ST,0,NA,Y,A,-,N,NA,NA,NA,NA,NA,NA,NA,NA,NA,Y,1,1,1,2,A,-,01,23152,F,N,D,C,A,A,H,-,C,A,0,NA,NA,Y,NA,Y,NA,A,01,0,0,1,0,0,0,0,1,0,-,-,34.13373947143555,-117.23487854003906,SAN BERNARDINO,SAN BERNARDINO,-117.23489379882813,34.13352584838867
9652358,2024,2024-03-26,3600,2024-01-06,1805,I1565,AP013,6,5,5,3621,0,0,0,NA,0,AP2,PAWNEE RD,ESAWS AV,0,NA,Y,A,-,N,NA,NA,NA,NA,NA,NA,NA,NA,NA,Y,3,0,1,4,A,-,01,23152,A,N,B,B,E,A,H,-,D,D,0,Y,NA,NA,NA,Y,Y,A,01,0,1,0,0,1,0,0,0,0,-,-,NA,NA,SAN BERNARDINO,APPLE VALLEY,-117.1843490600586,34.508060455322266
9652495,2023,2024-02-01,3600,2023-12-22,1506,G8550,BL207,5,5,2,3680,0,0,0,NA,0,BL2,FOX FARM RD,BIG BEAR BL,140,W,N,B,-,N,NA,NA,NA,NA,NA,NA,NA,NA,NA,N,4,0,1,2,A,-,09,21801,A,N,D,C,A,B,H,-,A,D,0,NA,NA,NA,NA,Y,NA,A,07,0,0,1,0,0,0,0,0,0,-,-,34.2486686706543,-116.88362121582033,SAN BERNARDINO,BIG BEAR LAKE,-116.88346862792967,34.24871063232422
9652733,2023,2024-01-23,3604,2023-10-16,2151,1383,NA,1,5,6,3604,0,0,0,NA,0,003,SIERRA AV,VALLEY BL,225,N,N,A,-,N,NA,NA,NA,NA,NA,NA,NA,NA,NA,N,3,0,1,2,A,-,08,22107,NA,F,H,C,A,A,H,-,C,D,0,NA,NA,Y,NA,Y,NA,A,07,0,1,0,0,0,0,0,0,1,-,-,NA,NA,SAN BERNARDINO,FONTANA,-117.43567657470705,34.070987701416016
9654360,2023,2024-01-09,3601,2023-10-25,1415,P28,VVSUP,3,5,3,3601,0,0,0,NA,0,001,W MAIN ST,SUNDANCE LN,0,NA,Y,A,-,N,NA,NA,NA,NA,NA,NA,NA,NA,NA,Y,2,0,1,1,A,-,08,22107,NA,N,E,I,A,A,H,-,A,D,0,NA,NA,NA,NA,Y,NA,A,01,1,0,0,0,0,0,0,0,0,-,-,NA,NA,SAN BERNARDINO,BARSTOW,-117.07145690917967,34.887996673583984
9655931,2024,2024-01-23,3610,2024-01-05,2023,51206,NA,5,5,6,3610,0,0,0,NA,0,NA,MILL ST,RANCHO AV,6,W,N,A,-,N,NA,NA,NA,NA,NA,NA,NA,NA,NA,N,4,0,1,2,A,-,17,21451,A,F,G,B,B,A,H,-,C,A,0,Y,NA,NA,NA,Y,NA,-,NA,0,0,1,0,1,0,0,0,0,-,-,NA,NA,SAN BERNARDINO,SAN BERNARDINO,-117.33368682861328,34.09230041503906
9655992,2023,2024-01-30,3604,2023-12-26,1744,768,NA,2,5,6,3604,0,0,0,NA,0,NA,MERRILL AV,LOCUST AV,252,W,N,A,-,N,NA,NA,NA,NA,NA,NA,NA,NA,NA,NA,4,0,1,3,A,-,03,22350,NA,N,C,C,A,A,H,-,C,A,0,NA,NA,NA,NA,Y,NA,A,07,0,0,1,0,0,0,0,0,0,-,-,NA,NA,SAN BERNARDINO,FONTANA,-117.41046905517578,34.09221267700195
9656382,2023,2024-04-04,3610,2023-11-25,1252,51407,NA,6,5,6,3610,0,0,0,NA,0,NA,N E ST,W 30TH ST,0,NA,Y,A,-,N,NA,NA,NA,NA,NA,NA,NA,NA,NA,NA,4,0,1,1,A,-,00,23103,A,N,E,I,A,A,H,-,A,A,0,NA,NA,NA,NA,Y,NA,A,01,0,0,1,0,0,0,0,0,0,-,-,34.1479606628418,-117.2989501953125,SAN BERNARDINO,SAN BERNARDINO,-117.29410552978516,34.14623260498047
9656520,2023,2024-02-16,3600,2023-12-26,1723,I1592,VC068,2,5,5,3612,0,0,0,NA,0,VC4,RT 395,BEAR VALLEY RD,1323,N,N,A,-,Y,SBD,8,395,-,-,8.87,H,-,N,Y,4,0,4,3,A,-,03,22350,NA,N,C,C,A,A,H,-,D,D,0,NA,NA,NA,NA,Y,NA,A,01,0,0,4,0,0,0,0,0,0,-,-,34.47412109375,-117.39951324462892,SAN BERNARDINO,VICTORVILLE,-117.39949035644533,34.47397232055664
9656796,2024,2024-03-26,3600,2024-01-02,1358,G4510,HI011,2,5,4,3618,0,0,0,NA,0,HI2,BASELINE ST,VICTORIA AV,200,E,N,A,-,N,NA,NA,NA,NA,NA,NA,NA,NA,NA,N,3,0,1,2,A,-,03,22350,NA,N,C,C,A,A,H,-,A,D,0,NA,NA,Y,NA,Y,NA,C,02,0,1,0,0,0,0,0,0,1,-,-,34.12120056152344,-117.2253875732422,SAN BERNARDINO,HIGHLAND,-117.22554779052734,34.121280670166016
9658701,2024,2024-04-13,3610,2024-01-14,1420,51496,NA,7,5,6,3610,0,0,0,NA,0,NA,SOUTH WATERMAN AV,W RIALTO AV,200,S,N,A,-,N,NA,NA,NA,NA,NA,NA,NA,NA,NA,Y,4,0,4,2,A,-,07,21658,A,N,B,C,A,A,H,-,A,D,0,NA,NA,NA,NA,Y,NA,-,NA,0,0,4,0,0,0,0,0,0,-,-,34.09585189819336,-117.27873992919922,SAN BERNARDINO,SAN BERNARDINO,-117.2787628173828,34.100311279296875
9658759,2024,2024-03-20,3610,2024-01-26,1652,51304,NA,5,5,6,3610,0,0,0,NA,0,NA,HIGHLAND AV,VALENCIA AV,442,E,N,A,-,N,NA,NA,NA,NA,NA,NA,NA,NA,NA,Y,4,0,5,2,A,-,08,21460,5,N,D,C,A,-,H,-,A,D,0,NA,NA,NA,NA,Y,NA,D,22,0,0,5,0,0,0,0,0,0,-,-,34.13589859008789,-117.27249908447266,SAN BERNARDINO,SAN BERNARDINO,-117.27106475830078,34.13589859008789
9659069,2024,2024-03-26,3600,2024-01-14,1616,G4514,RC069,7,5,6,3616,0,0,0,NA,0,RC3,CHERRY AV,WILSON AV,1292,S,N,A,-,N,NA,NA,NA,NA,NA,NA,NA,NA,NA,Y,3,0,1,1,A,-,08,22107,NA,N,E,I,A,A,H,-,A,D,0,NA,NA,Y,NA,Y,NA,C,02,0,1,0,0,0,0,0,0,1,-,-,NA,NA,SAN BERNARDINO,RANCHO CUCAMONGA,NA,NA
9659272,2023,2024-02-09,3604,2023-12-21,500,1438,NA,4,5,6,3604,0,0,0,NA,0,NA,BASELINE AV,PALEMETTO AV,0,NA,Y,B,-,N,NA,NA,NA,NA,NA,NA,NA,NA,NA,N,2,0,1,2,A,-,11,21954,A,F,G,B,E,A,H,-,C,A,0,Y,NA,NA,NA,Y,NA,N,60,1,0,0,0,1,0,0,0,0,-,-,NA,NA,SAN BERNARDINO,FONTANA,-117.42714691162108,34.121341705322266
9659279,2023,2024-02-09,3600,2023-12-27,10,68603,RC035,3,5,6,3616,0,0,0,NA,0,RC5,ARCHIBALD AV,4TH ST,0,NA,Y,A,-,N,NA,NA,NA,NA,NA,NA,NA,NA,NA,N,3,0,1,2,A,-,03,22350,NA,N,C,C,A,A,H,-,C,A,0,NA,NA,NA,NA,Y,NA,A,07,0,1,0,0,0,0,0,0,0,-,-,NA,NA,SAN BERNARDINO,RANCHO CUCAMONGA,-117.59339904785156,34.077491760253906
9659414,2023,2024-09-19,3600,2023-12-15,1442,J5307,RC038,5,5,6,3616,0,0,0,NA,0,RC4,FOOTHILL BL,MALACHITE AV,0,NA,Y,A,-,N,NA,NA,NA,NA,NA,NA,NA,NA,NA,Y,4,0,1,2,A,-,09,21801,A,N,-,C,A,A,H,-,A,D,0,NA,NA,NA,NA,Y,NA,A,07,0,0,1,0,0,0,0,0,0,-,-,NA,NA,SAN BERNARDINO,RANCHO CUCAMONGA,-117.59740447998048,34.10652542114258
9659490,2024,2024-03-21,3600,2024-01-13,854,H9027,3600,6,5,6,3616,0,0,0,NA,0,001,BASE LINE RD,VINEYARD AV,648,W,N,A,-,N,NA,NA,NA,NA,NA,NA,NA,NA,NA,Y,3,0,1,2,A,-,03,22350,NA,N,C,C,A,A,H,-,A,A,0,NA,NA,NA,NA,Y,NA,D,22,0,1,0,0,0,0,0,0,0,-,-,NA,NA,SAN BERNARDINO,RANCHO CUCAMONGA,-117.61313629150392,34.12154006958008
9659577,2024,2024-04-25,3600,2024-01-10,1625,68603,RC055,3,5,6,3616,0,0,0,NA,0,RC4,BASELINE AV,CARNELIAN ST,0,NA,Y,A,-,N,NA,NA,NA,NA,NA,NA,NA,NA,NA,N,3,0,1,3,A,-,09,21801,A,N,-,C,A,A,H,-,A,A,0,NA,NA,NA,NA,Y,NA,A,08,0,1,0,0,0,0,0,0,0,-,-,NA,NA,SAN BERNARDINO,RANCHO CUCAMONGA,-117.61611175537108,34.12154769897461
9660156,2024,2024-02-29,3600,2024-01-11,1340,H8994,HE328,4,5,5,3619,0,0,0,NA,0,HE3,MAIN ST,ESCONDIDO AV,605,E,N,A,-,N,NA,NA,NA,NA,NA,NA,NA,NA,NA,N,3,0,1,2,B,-,22,NA,NA,N,G,B,C,A,H,-,A,D,0,Y,NA,NA,NA,Y,NA,A,01,0,1,0,0,1,0,0,0,0,-,-,NA,NA,SAN BERNARDINO,HESPERIA,-117.37098693847656,34.42667007446289
9660474,2024,2024-03-05,3604,2024-01-16,2008,680,NA,2,5,6,3604,0,0,0,NA,0,NA,BASELINE AV,ALMERIA AV,0,NA,Y,A,-,N,NA,NA,NA,NA,NA,NA,NA,NA,NA,Y,4,0,2,2,A,-,09,21801,A,N,D,C,A,A,H,-,C,A,0,NA,NA,NA,NA,Y,NA,A,01,0,0,2,0,0,0,0,0,0,-,-,34.12163162231445,-117.46054077148438,SAN BERNARDINO,FONTANA,-117.46021270751952,34.12132263183594
9660477,2024,2024-03-05,3604,2024-01-12,1414,1463,NA,5,5,6,3604,0,0,0,NA,0,NA,MARYGOLD AV,SIERRA AV,50,E,N,A,-,N,NA,NA,NA,NA,NA,NA,NA,NA,NA,N,4,0,1,2,A,-,03,22350,NA,N,C,C,A,A,H,-,A,D,0,NA,NA,NA,NA,Y,NA,A,01,0,0,1,0,0,0,0,0,0,-,-,NA,NA,SAN BERNARDINO,FONTANA,-117.43551635742188,34.07398986816406
9660574,2024,2024-04-24,3600,2024-02-10,18,I3965,HI013,6,5,4,3618,0,0,0,NA,0,HI02,CYPRESS AV,VICTORIA AV,271,NA,N,A,-,N,NA,NA,NA,NA,NA,NA,NA,NA,NA,N,3,0,1,3,A,-,12,22450,NA,N,A,-,A,A,-,-,C,A,0,NA,NA,NA,NA,Y,NA,A,01,0,1,0,0,0,0,0,0,0,-,-,34.11399841308594,-117.22499847412108,SAN BERNARDINO,HIGHLAND,-117.22618865966795,34.11399459838867
9660866,2024,2024-04-30,3600,2024-01-10,1550,F4772,VC013,3,5,5,3612,0,0,0,NA,0,VC4,AMARGOSA RD,BEAR VALLEY RD,607,S,N,A,-,N,NA,NA,NA,NA,NA,NA,NA,NA,NA,Y,4,0,1,2,A,-,09,21804,A,N,D,C,A,A,H,-,A,D,0,NA,NA,NA,NA,Y,NA,A,01,0,0,1,0,0,0,0,0,0,-,-,34.46916961669922,-117.34906005859376,SAN BERNARDINO,VICTORVILLE,-117.34847259521484,34.468746185302734
9661108,2023,2024-02-23,3600,2023-12-09,1853,I3965,NA,6,5,4,3618,0,0,0,NA,0,HI02,BASELINE ST,VICTORIA AV,0,NA,Y,A,-,N,NA,NA,NA,NA,NA,NA,NA,NA,NA,Y,4,0,2,1,A,-,01,23152,B,N,E,I,A,A,H,-,C,A,0,NA,NA,NA,NA,Y,Y,A,01,0,0,2,0,0,0,0,0,0,-,-,34.12131881713867,-117.22727966308594,SAN BERNARDINO,HIGHLAND,-117.22621154785156,34.12127685546875
9661449,2023,2024-02-01,3600,2023-12-21,1709,D6899,HE412,4,5,5,3619,0,0,0,NA,0,HE4,E AV,FREMONTIA ST,0,NA,Y,A,-,N,NA,NA,NA,NA,NA,NA,NA,NA,NA,Y,3,0,2,2,A,-,09,21802,A,N,D,C,A,A,H,-,D,A,0,NA,NA,NA,NA,Y,NA,A,08,0,1,1,0,0,0,0,0,0,-,-,NA,NA,SAN BERNARDINO,HESPERIA,-117.30040740966795,34.39177322387695
9661657,2023,2024-02-23,3608,2023-12-26,2043,4536,SBSUP,2,5,5,3608,0,0,0,NA,0,NA,E LUGONIA AV,6TH ST,120,W,N,A,-,Y,SBD,8,38,-,-,0.68,H,-,E,Y,3,0,3,3,A,-,03,22350,NA,N,B,C,A,A,H,-,C,D,0,NA,NA,NA,NA,Y,NA,A,07,0,1,2,0,0,0,0,0,0,-,-,NA,NA,SAN BERNARDINO,REDLANDS,-117.18055725097656,34.07004165649414
9661783,2023,2024-04-19,3600,2023-07-29,2206,I3985,HE423,6,5,5,3619,0,0,0,NA,0,HE4,RT 173,WELSH RD,10560,S,N,A,-,Y,SBD,8,173,-,L,4.86,H,-,E,N,3,0,1,1,A,-,05,21650,NA,N,F,J,A,A,H,-,D,D,0,NA,NA,Y,NA,Y,NA,C,02,0,1,0,0,0,0,0,0,1,-,-,NA,NA,SAN BERNARDINO,HESPERIA,-117.2732162475586,34.313167572021484
9662182,2023,2024-03-15,3600,2023-12-24,1801,J6505,HE104,7,5,5,3619,0,0,0,NA,0,HE01,BEAR VALLEY ELECTORIC POLE,2ND AV,243,E,N,A,-,N,NA,NA,NA,NA,NA,NA,NA,NA,NA,N,3,0,1,2,A,-,11,21954,A,N,G,B,D,A,H,-,C,D,0,Y,NA,NA,NA,Y,NA,N,60,0,1,0,0,1,0,0,0,0,-,-,NA,NA,SAN BERNARDINO,HESPERIA,-117.29841613769533,34.470890045166016
9662293,2023,2024-02-06,3600,2023-11-09,838,F5717,HE322,4,5,5,3619,0,0,0,NA,0,HE5,7TH AVE,WELLS FARGO ST,117,S,N,A,-,N,NA,NA,NA,NA,NA,NA,NA,NA,NA,Y,4,0,4,2,A,-,03,22350,NA,N,C,C,A,A,D,-,A,D,0,NA,NA,NA,NA,Y,NA,A,07,0,0,4,0,0,0,0,0,0,-,-,34.38336944580078,-117.31965637207033,SAN BERNARDINO,HESPERIA,-117.31967163085938,34.38488006591797
9663182,2024,2024-03-13,3600,2024-01-30,1640,F3800,YC303,2,5,4,3640,0,0,0,NA,0,YC2,BRYANT ST,WILDWOOD CANYON RD,0,NA,Y,A,-,N,NA,NA,NA,NA,NA,NA,NA,NA,NA,N,4,0,1,2,A,-,09,21800,C,N,D,C,A,A,H,-,A,A,0,NA,NA,NA,NA,Y,NA,A,07,0,0,1,0,0,0,0,0,0,-,-,NA,NA,SAN BERNARDINO,YUCAIPA,-117.0344696044922,34.0157356262207
9664015,2024,2024-02-29,3600,2024-01-28,1647,B9547,HE103,7,5,5,3619,0,0,0,NA,0,HE1,BEAR VALLEY RD,CYPRESS AV,0,NA,Y,A,-,N,NA,NA,NA,NA,NA,NA,NA,NA,NA,Y,4,0,1,2,A,-,09,21802,A,N,D,C,A,A,H,-,A,A,0,NA,NA,NA,NA,Y,NA,A,08,0,0,1,0,0,0,0,0,0,-,-,NA,NA,SAN BERNARDINO,HESPERIA,-117.32553100585938,34.470611572265625
9664105,2024,2024-03-04,3608,2024-01-23,1214,4235,NA,2,5,5,3608,0,0,0,NA,0,NA,MOUNTAIN  VIEW AV,ALMOND AV,0,NA,Y,A,-,N,NA,NA,NA,NA,NA,NA,NA,NA,NA,Y,4,0,1,2,A,-,12,21453,A,N,D,C,A,A,H,-,A,A,0,NA,NA,NA,NA,Y,NA,D,22,0,0,1,0,0,0,0,0,0,-,-,NA,NA,SAN BERNARDINO,REDLANDS,-117.2436294555664,34.07426834106445
9664227,2024,2024-03-06,3604,2024-01-15,1456,1395,NA,1,5,6,3604,0,0,0,NA,0,NA,MILLER AV,LOMBARDY AV,224,W,N,A,-,N,NA,NA,NA,NA,NA,NA,NA,NA,NA,Y,3,0,1,3,C,-,18,NA,NA,N,B,E,A,A,H,-,A,A,0,NA,NA,NA,NA,Y,NA,-,-,0,1,0,0,0,0,0,0,0,-,-,34.11399841308594,-117.42059326171876,SAN BERNARDINO,FONTANA,-117.42121124267578,34.11396789550781
9664279,2024,2024-03-09,3600,2024-01-17,1310,F5717,HE105,3,5,5,3619,0,0,0,NA,0,HE1,HESPERIA RD,SEQUOIA ST,0,NA,Y,A,-,N,NA,NA,NA,NA,NA,NA,NA,NA,NA,N,4,0,1,2,A,-,09,21801,A,N,D,A,A,A,H,-,A,A,0,NA,NA,NA,NA,Y,NA,A,01,0,0,1,0,0,0,0,0,0,-,-,34.469390869140625,-117.29209136962892,SAN BERNARDINO,HESPERIA,-117.29232788085938,34.46907424926758
9664538,2024,2024-03-23,3604,2024-01-27,1233,1186,NA,6,5,6,3604,0,0,0,NA,0,NA,FONTANA AV,MERRILL AV,55,S,N,A,-,N,NA,NA,NA,NA,NA,NA,NA,NA,NA,N,4,0,1,2,A,-,03,22350,NA,M,C,C,A,A,H,-,A,A,0,NA,NA,NA,NA,Y,NA,-,99,0,0,1,0,0,0,0,0,0,-,-,34.09199142456055,-117.4487762451172,SAN BERNARDINO,FONTANA,-117.4489517211914,34.09198760986328
9665138,2024,2024-03-30,3604,2024-01-18,1842,1367,NA,4,5,6,3604,0,0,0,NA,0,NA,BEECH AV,WALNUT AV,56,N,N,A,-,N,NA,NA,NA,NA,NA,NA,NA,NA,NA,Y,3,0,1,2,A,-,01,23152,A,N,C,C,A,A,H,-,C,A,0,NA,NA,NA,NA,Y,Y,D,22,0,1,0,0,0,0,0,0,0,-,-,34.12871170043945,-117.4709014892578,SAN BERNARDINO,FONTANA,-117.47108459472656,34.1287727355957
9665228,2024,2024-08-28,3600,2024-02-10,636,J2791,VC004,6,5,5,3612,0,0,0,NA,0,003,NISQUALLI RD,7TH AV,0,NA,Y,A,-,N,NA,NA,NA,NA,NA,NA,NA,NA,NA,Y,3,0,1,2,D,-,00,NA,NA,N,D,I,A,A,-,-,A,A,0,NA,NA,NA,Y,Y,NA,-,-,0,1,0,0,0,0,0,0,0,-,-,NA,NA,SAN BERNARDINO,VICTORVILLE,-117.31242370605467,34.48529815673828
9665306,2024,2024-07-02,3604,2024-01-26,346,1458,NA,5,5,6,3604,0,0,0,NA,0,NA,LIVE OAK AV,SLOVER AV,175,S,N,A,-,N,NA,NA,NA,NA,NA,NA,NA,NA,NA,Y,3,0,1,2,A,-,03,22350,NA,N,B,E,A,A,H,-,C,D,0,NA,NA,NA,Y,Y,NA,A,07,0,1,0,0,0,0,0,0,0,-,-,NA,NA,SAN BERNARDINO,FONTANA,-117.48027801513672,34.06245040893555
9665418,2023,2024-03-04,3601,2023-12-09,1957,P37,BARST,6,5,3,3601,0,0,0,NA,0,PATROL,AVE G,FLORA AV,0,NA,Y,A,-,N,NA,NA,NA,NA,NA,NA,NA,NA,NA,N,4,0,1,2,A,-,10,21950,A,F,G,B,B,A,H,-,C,D,0,Y,NA,NA,NA,Y,NA,A,07,0,0,1,0,1,0,0,0,0,-,-,NA,NA,SAN BERNARDINO,BARSTOW,-117.04386901855467,34.891929626464844
9665828,2024,2024-04-23,3604,2024-02-21,1254,680,NA,3,5,6,3604,0,0,0,NA,0,NA,LOCUST AV,RANDALL AV,0,NA,Y,A,B,N,NA,NA,NA,NA,NA,NA,NA,NA,NA,N,4,0,1,2,A,-,09,21802,A,N,D,C,A,A,H,-,A,A,0,NA,NA,NA,NA,Y,NA,-,-,0,0,1,0,0,0,0,0,0,-,-,34.0849494934082,-117.40956115722656,SAN BERNARDINO,FONTANA,-117.40958404541016,34.08492660522461
9666107,2024,2024-04-11,3604,2024-02-27,1559,680,NA,2,5,6,3604,0,0,0,NA,0,NA,JURUPA AV,SIERRA AV,40,W,N,A,-,N,NA,NA,NA,NA,NA,NA,NA,NA,NA,N,4,0,1,2,A,-,03,22350,NA,M,C,C,A,A,H,-,A,A,0,NA,NA,NA,NA,Y,NA,A,07,0,0,1,0,0,0,0,0,0,-,-,34.04800033569336,-117.43499755859376,SAN BERNARDINO,FONTANA,-117.43563842773438,34.048301696777344
9666324,2024,2024-07-29,3600,2024-03-06,1137,G6918,VC067,3,5,5,3612,0,0,0,NA,0,VC6,GATEWAY DR,MOMENTUM RD,2648,W,N,A,-,N,NA,NA,NA,NA,NA,NA,NA,NA,NA,Y,3,0,1,1,A,-,03,22350,NA,N,D,I,A,A,H,-,A,A,0,NA,NA,NA,NA,Y,NA,A,01,0,1,0,0,0,0,0,0,0,-,-,34.471099853515625,-117.2871322631836,SAN BERNARDINO,VICTORVILLE,NA,NA
9666699,2023,2024-02-14,3603,2023-12-22,1841,4546,CPD,5,5,4,3603,0,0,0,NA,0,003,LA CADENA DR,VALLEY BL,50,S,N,A,-,N,NA,NA,NA,NA,NA,NA,NA,NA,NA,Y,4,0,1,2,A,-,17,21658,B,N,A,C,A,A,H,-,C,D,0,NA,NA,NA,NA,Y,NA,A,01,0,0,1,0,0,0,0,0,0,-,-,34.066898345947266,-117.32433319091795,SAN BERNARDINO,COLTON,-117.32435607910156,34.066734313964844
9668501,2024,2024-03-19,3605,2024-01-10,1350,399,NA,3,5,4,3605,0,0,0,NA,0,NA,HOLT BL,CENTRAL AV,0,NA,Y,A,-,N,NA,NA,NA,NA,NA,NA,NA,NA,NA,N,3,0,3,2,A,-,12,21453,A,N,D,C,A,A,H,-,A,A,0,NA,NA,NA,NA,Y,NA,A,07,0,1,2,0,0,0,0,0,0,-,-,34.063079833984375,-117.68955230712892,SAN BERNARDINO,MONTCLAIR,-117.6897430419922,34.06313705444336
9669576,2024,2024-05-01,3603,2024-02-06,1824,4916,CPD,2,5,4,3603,0,0,0,NA,0,001,RANCHO AV,STEVENSON ST,0,NA,Y,A,-,N,NA,NA,NA,NA,NA,NA,NA,NA,NA,N,4,0,2,2,A,-,04,21703,NA,N,C,C,A,A,H,-,C,D,0,NA,NA,NA,NA,Y,NA,D,22,0,0,2,0,0,0,0,0,0,-,-,34.07899856567383,-117.33399963378906,SAN BERNARDINO,COLTON,-117.33478546142578,34.07932662963867
9670111,2024,2024-04-24,3610,2024-02-22,1034,51509,NA,4,5,6,3610,0,0,0,NA,0,NA,N MOUNTAIN VIEW AV,W 7TH ST,0,NA,Y,A,-,N,NA,NA,NA,NA,NA,NA,NA,NA,NA,N,3,0,2,2,A,-,08,22103,NA,N,D,C,A,A,H,-,A,D,0,NA,NA,NA,NA,Y,NA,D,22,0,1,1,0,0,0,0,0,0,-,-,34.11111831665039,-117.28739166259766,SAN BERNARDINO,SAN BERNARDINO,-117.2873992919922,34.11205291748047