CASE_ID,ACCIDENT_YEAR,PROC_DATE,JURIS,COLLISION_DATE,COLLISION_TIME,OFFICER_ID,REPORTING_DISTRICT,DAY_OF_WEEK,CHP_SHIFT,POPULATION,CNTY_CITY_LOC,SPECIAL_COND,BEAT_TYPE,CHP_BEAT_TYPE,CITY_DIVISION_LAPD,CHP_BEAT_CLASS,BEAT_NUMBER,PRIMARY_RD,SECONDARY_RD,DISTANCE,DIRECTION,INTERSECTION,WEATHER_1,WEATHER_2,STATE_HWY_IND,CALTRANS_COUNTY,CALTRANS_DISTRICT,STATE_ROUTE,ROUTE_SUFFIX,POSTMILE_PREFIX,POSTMILE,LOCATION_TYPE,RAMP_INTERSECTION,SIDE_OF_HWY,TOW_AWAY,COLLISION_SEVERITY,NUMBER_KILLED,NUMBER_INJURED,PARTY_COUNT,PRIMARY_COLL_FACTOR,PCF_CODE_OF_VIOL,PCF_VIOL_CATEGORY,PCF_VIOLATION,PCF_VIOL_SUBSECTION,HIT_AND_RUN,TYPE_OF_COLLISION,MVIW,PED_ACTION,ROAD_SURFACE,ROAD_COND_1,ROAD_COND_2,LIGHTING,CONTROL_DEVICE,CHP_ROAD_TYPE,PEDESTRIAN_ACCIDENT,BICYCLE_ACCIDENT,MOTORCYCLE_ACCIDENT,TRUCK_ACCIDENT,NOT_PRIVATE_PROPERTY,ALCOHOL_INVOLVED,STWD_VEHTYPE_AT_FAULT,CHP_VEHTYPE_AT_FAULT,COUNT_SEVERE_INJ,COUNT_VISIBLE_INJ,COUNT_COMPLAINT_PAIN,COUNT_PED_KILLED,COUNT_PED_INJURED,COUNT_BICYCLIST_KILLED,COUNT_BICYCLIST_INJURED,COUNT_MC_KILLED,COUNT_MC_INJURED,PRIMARY_RAMP,SECONDARY_RAMP,LATITUDE,LONGITUDE,COUNTY,CITY,POINT_X,POINT_Y
6475647,2014,2014-07-07,3607,2014-03-26,0721,80248,223,3,5,6,3607,0,0,0,NA,0,052,PHILADELPHIA ST,PALMETTO AV,0,NA,Y,A,-,N,NA,NA,NA,NA,NA,NA,NA,NA,NA,Y,4,0,1,2,A,-,09,21802,A,N,D,C,A,A,H,-,A,A,0,NA,NA,NA,NA,Y,NA,-,NA,0,0,1,0,0,0,0,0,0,-,-,NA,NA,SAN BERNARDINO,ONTARIO,-117.66766006,34.03371007
6477569,2014,2014-07-23,9870,2014-04-18,2330,20460,NA,5,3,9,3600,0,3,5,NA,2,003,CAMPANULA ST,MARVIN DR,0,NA,Y,A,-,N,NA,NA,NA,NA,NA,NA,NA,NA,NA,N,2,0,1,1,A,-,01,23152,A,N,F,A,A,A,H,-,D,D,0,NA,NA,Y,NA,Y,Y,C,06,1,0,0,0,0,0,0,0,1,-,-,34.18681,-116.37174,SAN BERNARDINO,UNINCORPORATED,-116.37168001,34.18669008
6478385,2014,2016-04-16,9850,2014-04-13,1008,16227,NA,7,1,9,3600,0,1,3,NA,2,060,RT 138,OASIS RD,80,E,N,A,-,Y,SBD,8,138,-,-,1.25,H,-,W,Y,4,0,1,2,A,-,03,22350,NA,N,B,C,A,A,B,-,A,A,0,NA,NA,Y,Y,Y,NA,C,02,0,0,1,0,0,0,0,0,1,-,-,34.44057,-117.64216,SAN BERNARDINO,UNINCORPORATED,-117.6419773,34.44005559
6479736,2014,2014-07-22,3600,2014-04-20,1900,E7447,HE104,7,5,5,3619,0,0,0,NA,0,HE1,BEAR VALLEY RD,W 7TH AV,0,NA,Y,A,-,N,NA,NA,NA,NA,NA,NA,NA,NA,NA,N,4,0,1,2,A,-,03,22350,NA,N,C,C,A,A,H,-,A,A,0,NA,NA,NA,NA,Y,NA,A,01,0,0,1,0,0,0,0,0,0,-,-,NA,NA,SAN BERNARDINO,HESPERIA,-117.31237007,34.47072005
6481931,2014,2016-04-16,9860,2014-04-23,0831,016575,NA,3,1,4,3603,0,1,1,NA,2,102,RT 10,PEPPER AV,1122,W,N,A,-,Y,SBD,8,10,-,-,20.63,H,-,W,Y,4,0,2,3,A,-,07,21658,A,N,B,C,A,A,H,-,A,D,1,NA,NA,NA,Y,Y,NA,A,01,0,0,2,0,0,0,0,0,0,-,-,34.06906,-117.35653,SAN BERNARDINO,COLTON,-117.35884009,34.06905483
6481941,2014,2014-07-09,3600,2014-05-02,0910,D6174,RC047,5,5,6,3616,0,0,0,NA,0,001,BASELINE RD,BERYL ST,0,NA,N,A,-,N,NA,NA,NA,NA,NA,NA,NA,NA,NA,N,4,0,1,2,A,-,12,21453,A,N,D,C,A,A,H,-,A,A,0,NA,NA,NA,NA,Y,NA,H,64,0,0,1,0,0,0,0,0,0,-,-,NA,NA,SAN BERNARDINO,RANCHO CUCAMONGA,-117.60717002,34.12154006
6417203,2014,2014-06-24,3600,2014-03-05,0649,B9547,VC023,3,5,5,3612,0,0,0,NA,0,VC3,BEAR VALLEY RD,5TH ST,0,NA,Y,A,-,N,NA,NA,NA,NA,NA,NA,NA,NA,NA,Y,4,0,1,2,A,-,03,22350,NA,N,C,C,A,A,H,-,A,A,0,NA,NA,NA,NA,Y,NA,A,01,0,0,1,0,0,0,0,0,0,-,-,NA,NA,SAN BERNARDINO,VICTORVILLE,-117.30801013,34.47081009
6413784,2014,2014-06-17,3600,2014-01-30,2038,B5040,RC050,4,5,6,3616,0,0,0,NA,0,RC4,FOOTHILL BL,HELLMAN AV,32,W,N,C,-,N,NA,NA,NA,NA,NA,NA,NA,NA,NA,N,4,0,1,2,A,-,03,22350,NA,N,C,C,A,B,H,-,C,A,0,NA,NA,NA,NA,Y,NA,-,NA,0,0,1,0,0,0,0,0,0,-,-,NA,NA,SAN BERNARDINO,RANCHO CUCAMONGA,-117.60241542,34.10666086
6486380,2014,2014-07-09,3602,2014-03-11,2010,2923,NA,2,5,5,3602,0,0,0,NA,0,004,CENTRAL AV,EDISON AV,85,N,N,A,-,N,NA,NA,NA,NA,NA,NA,NA,NA,NA,Y,4,0,2,4,A,-,01,23153,A,N,C,C,A,A,H,-,C,A,0,NA,NA,NA,NA,Y,NA,A,07,0,0,2,0,0,0,0,0,0,-,-,NA,NA,SAN BERNARDINO,CHINO,-117.68911613,33.99752291
6413594,2014,2014-07-18,3600,2014-03-07,1813,C9501,HI011,5,5,4,3618,0,0,0,NA,0,002,BASELINE ST,VICTORIA,51,E,N,A,-,N,NA,NA,NA,NA,NA,NA,NA,NA,NA,Y,4,0,2,4,A,-,03,22350,NA,N,A,C,A,A,H,-,B,A,0,NA,NA,NA,NA,Y,Y,-,NA,0,0,2,0,0,0,0,0,0,-,-,NA,NA,SAN BERNARDINO,HIGHLAND,-117.22603351,34.12127614
6411197,2014,2015-08-11,3600,2014-03-01,1427,F1621,VC017,6,5,5,3612,0,0,0,NA,0,VC2,7TH ST,VICTOR ST,267,S,N,B,-,N,NA,NA,NA,NA,NA,NA,NA,NA,NA,Y,4,0,2,3,A,-,03,22350,NA,N,D,C,A,B,H,-,A,A,0,NA,NA,NA,NA,Y,NA,D,22,0,0,2,0,0,0,0,0,0,-,-,NA,NA,SAN BERNARDINO,VICTORVILLE,-117.30744943,34.52202656
6489184,2014,2014-07-23,3610,2014-01-20,1738,50802,NA,1,5,6,3610,0,0,0,NA,0,NA,E BASELINE ST,N  WALL ST,0,NA,Y,A,-,N,NA,NA,NA,NA,NA,NA,NA,NA,NA,N,4,0,1,2,A,-,10,21950,A,N,G,B,B,A,H,-,C,D,0,Y,NA,NA,NA,Y,NA,D,22,0,0,1,0,1,0,0,0,0,-,-,NA,NA,SAN BERNARDINO,SAN BERNARDINO,-117.28136007,34.12133008
6489223,2014,2016-04-16,9870,2014-05-26,1755,20717,NA,1,2,9,3600,0,1,3,NA,1,011,RT 62,OLE ST,238,E,N,A,-,Y,SBD,8,62,-,-,5.96,H,-,E,Y,3,0,1,1,A,-,08,22107,NA,N,F,A,A,A,H,-,A,D,0,NA,NA,NA,NA,Y,Y,D,22,0,1,0,0,0,0,0,0,0,-,-,39.09064,-116.51728,SAN BERNARDINO,UNINCORPORATED,-116.51717672,34.09084663
6409000,2014,2014-06-09,3600,2014-02-05,2047,D4669,RC024,3,5,6,3616,0,0,0,NA,0,002,HERMOSA AV,WILSON AV,0,NA,Y,B,-,N,NA,NA,NA,NA,NA,NA,NA,NA,NA,Y,4,0,1,2,D,-,00,NA,NA,N,D,C,A,A,H,-,C,A,0,NA,NA,NA,NA,Y,NA,-,-,0,0,1,0,0,0,0,0,0,-,-,NA,NA,SAN BERNARDINO,RANCHO CUCAMONGA,-117.5844901,34.15051003
6493077,2014,2016-04-16,9855,2014-04-07,0443,012210,NA,1,3,6,3607,0,1,1,NA,2,101,RT 10,ETIWANDA AV,2112,W,N,A,-,Y,SBD,8,10,-,-,10.73,H,-,E,N,4,0,1,2,D,-,00,NA,NA,F,C,C,A,A,H,-,A,D,1,NA,NA,NA,NA,Y,NA,-,-,0,0,1,0,0,0,0,0,0,-,-,NA,NA,SAN BERNARDINO,ONTARIO,-117.5311005,34.06726106
6493098,2014,2016-04-14,9855,2014-04-02,0805,11738,NA,3,1,5,3611,0,1,1,NA,2,203,RT 210,BASELINE RD,955,E,N,B,-,Y,SBD,8,210,-,R,29.5,H,-,E,Y,4,0,1,2,A,-,03,22350,NA,N,C,C,A,A,H,-,A,D,0,NA,NA,NA,Y,Y,NA,A,01,0,0,1,0,0,0,0,0,0,-,-,34.1272,-117.6881,SAN BERNARDINO,UPLAND,-117.20090538,34.11866933
6399801,2014,2014-06-20,3600,2014-02-14,1826,C9497,HE305,5,5,5,3619,0,0,0,NA,0,HE3,ESCONDIDO AV,PALM ST,0,NA,Y,A,-,N,NA,NA,NA,NA,NA,NA,NA,NA,NA,Y,4,0,1,2,A,-,09,21802,A,N,D,C,A,A,H,-,C,A,0,NA,NA,NA,NA,Y,NA,-,NA,0,0,1,0,0,0,0,0,0,-,-,NA,NA,SAN BERNARDINO,HESPERIA,-117.37282012,34.40853009
6498919,2014,2014-09-19,3605,2014-05-21,1153,541,NA,3,5,4,3605,0,0,0,NA,0,NA,MISSION BL,MONTE VISTA AV,0,NA,Y,A,-,N,NA,NA,NA,NA,NA,NA,NA,NA,NA,Y,4,0,1,3,A,-,-,NA,NA,N,D,C,A,A,H,-,A,A,0,NA,NA,NA,NA,Y,NA,D,22,0,0,1,0,0,0,0,0,0,-,-,NA,NA,SAN BERNARDINO,MONTCLAIR,-117.69819001,34.05599002
6500691,2014,2015-11-12,3600,2014-03-25,2044,H3376,3600,2,5,3,3613,0,0,0,NA,0,024,RT 395,STATOR BROTHERS EXIT,0,NA,Y,A,-,Y,SBD,8,395,-,-,11.31,H,-,S,N,4,0,1,2,A,-,10,21950,A,N,G,B,B,A,H,-,C,A,0,Y,NA,NA,NA,Y,NA,A,07,0,0,1,0,1,0,0,0,0,-,-,NA,NA,SAN BERNARDINO,ADELANTO,-117.3995568,34.50864164
6500716,2014,2014-07-09,3611,2014-03-31,1706,2401,NA,1,5,5,3611,0,0,0,NA,0,NA,SAN ANTONIO AV,FOOTHILL BL,30,S,N,A,-,N,NA,NA,NA,NA,NA,NA,NA,NA,NA,Y,4,0,1,2,A,-,21,22106,NA,M,C,C,A,A,H,-,A,A,0,NA,NA,NA,NA,Y,NA,A,01,0,0,1,0,0,0,0,0,0,-,-,NA,NA,SAN BERNARDINO,UPLAND,-117.66079,34.10688778
6501606,2014,2016-04-16,9835,2014-05-04,0130,016683,NA,7,3,9,3600,0,1,1,NA,2,043,RT 247,STODDARD WELLS RD,528,S,N,A,-,Y,SBD,8,247,-,-,73.08,H,-,N,Y,4,0,2,1,A,-,08,22107,NA,N,E,I,A,A,H,-,D,D,0,NA,NA,NA,NA,Y,NA,A,01,0,0,2,0,0,0,0,0,0,-,-,NA,NA,SAN BERNARDINO,UNINCORPORATED,-117.02758227,34.8179814
6503114,2014,2016-04-14,9855,2014-04-10,1545,12993,NA,4,2,5,3611,0,1,1,NA,2,203,RT 210,MOUNTAIN AV,50,W,N,A,-,Y,SBD,8,210,-,-,1.49,H,-,E,Y,4,0,1,3,A,-,03,22350,NA,N,C,C,A,A,H,-,A,D,1,NA,NA,NA,NA,Y,NA,A,01,0,0,1,0,0,0,0,0,0,-,-,34.8373,-117.40113,SAN BERNARDINO,UPLAND,-117.67048936,34.13456366
6503448,2014,2016-04-16,9860,2014-04-05,1637,019269,NA,6,2,9,3600,0,1,1,NA,2,151,RT 15,CLEGHORN FIRE RD,1584,N,N,A,-,Y,SBD,8,15,-,R,20.34,H,-,S,Y,4,0,2,3,A,-,07,21658,A,F,B,C,A,A,H,-,A,D,1,NA,NA,NA,NA,Y,NA,-,99,0,0,2,0,0,0,0,0,0,-,-,34.30466,-117.46547,SAN BERNARDINO,UNINCORPORATED,-117.46125493,34.3027286
6503488,2014,2016-04-16,9860,2014-04-27,0230,019440,NA,7,3,5,3608,0,1,1,NA,2,104,RT 10,CALIFORNIA ST,368,E,N,A,-,Y,SBD,8,10,-,-,28.4,H,-,W,Y,3,0,1,1,A,-,01,23152,A,N,E,I,A,A,H,-,C,D,1,NA,NA,NA,NA,Y,Y,A,07,0,1,0,0,0,0,0,0,0,-,-,34.06783,-117.22587,SAN BERNARDINO,REDLANDS,-117.22471331,34.06673783
6503523,2014,2016-04-19,9855,2014-04-08,0800,012480,NA,2,1,6,3607,0,1,3,NA,2,601,RT 60,GROVE AV,600,E,N,A,-,Y,SBD,8,60,-,R,5.99,H,-,W,Y,4,0,2,4,A,-,03,22350,NA,N,C,C,A,A,H,-,A,D,1,NA,NA,NA,NA,Y,NA,A,01,0,0,2,0,0,0,0,0,0,-,-,34.0306,-117.6275,SAN BERNARDINO,ONTARIO,-117.62629385,34.03060151
6503527,2014,2016-04-16,9855,2014-04-07,1400,12993,NA,1,2,6,3604,0,1,1,NA,2,201,RT 210,SIERRA AV,528,W,N,A,-,Y,SBD,8,210,-,-,14.83,H,-,E,Y,3,0,1,1,A,-,08,22107,NA,N,E,I,A,A,H,-,A,D,0,NA,NA,NA,NA,Y,NA,A,01,0,1,0,0,0,0,0,0,0,-,-,34.81057,-117.26143,SAN BERNARDINO,FONTANA,-117.43780517,34.13625466
6399756,2014,2014-06-19,9830,2014-02-28,1739,19372,NA,5,2,9,3600,0,3,5,NA,2,006,TRONA RD,RT 395,1056,N,N,B,-,N,NA,NA,NA,NA,NA,NA,NA,NA,NA,Y,4,0,2,1,A,-,08,22107,NA,N,E,I,A,B,H,-,B,D,0,NA,NA,NA,NA,Y,NA,A,01,0,0,2,0,0,0,0,0,0,-,-,35.39041,-117.59883,SAN BERNARDINO,UNINCORPORATED,-117.61948609,35.36959474
6388252,2014,2015-02-12,3600,2014-02-11,1802,D3560,HE131,2,5,5,3619,0,0,0,NA,0,001,MAIN ST,3RD AV,200,W,N,A,-,N,NA,NA,NA,NA,NA,NA,NA,NA,NA,N,4,0,2,2,A,-,09,21804,A,N,D,C,A,A,H,-,C,A,0,NA,NA,NA,NA,Y,NA,A,01,0,0,2,0,0,0,0,0,0,-,-,NA,NA,SAN BERNARDINO,HESPERIA,-117.30734157,34.42239308
6504693,2014,2016-04-16,9834,2014-05-19,0630,012313,NA,1,1,9,3600,0,1,1,NA,2,040,RT 40,ESSEX RD,27984,W,N,A,-,Y,SBD,8,40,-,R,94.33,H,-,E,Y,3,0,1,1,A,-,08,22107,NA,N,E,I,A,A,H,-,A,D,1,NA,NA,NA,NA,Y,NA,A,01,0,1,0,0,0,0,0,0,0,-,-,34.7926,-115.41215,SAN BERNARDINO,UNINCORPORATED,-115.41295635,34.79190937
6420677,2014,2014-06-16,3602,2014-02-15,0029,3466,NA,6,5,5,3602,0,0,0,NA,0,NA,RAMONA AV,ROOSEVELT ST,351,S,N,A,-,N,NA,NA,NA,NA,NA,NA,NA,NA,NA,Y,4,0,1,2,A,-,-,NA,NA,N,B,C,A,A,H,-,C,A,0,NA,NA,NA,NA,Y,NA,A,01,0,0,1,0,0,0,0,0,0,-,-,NA,NA,SAN BERNARDINO,CHINO,-117.70679982,34.02314799
6420701,2014,2014-06-16,3607,2014-02-21,0959,80313,90,5,5,6,3607,0,0,0,NA,0,021,I ST,SULTANA AV,50,W,N,A,-,N,NA,NA,NA,NA,NA,NA,NA,NA,NA,Y,4,0,1,2,A,-,08,22103,NA,N,D,C,A,A,H,-,A,D,0,NA,NA,NA,NA,Y,NA,-,NA,0,0,1,0,0,0,0,0,0,-,-,NA,NA,SAN BERNARDINO,ONTARIO,-117.64624467,34.07428898
6420705,2014,2014-06-20,3607,2014-02-20,1912,14757,224,4,5,6,3607,0,0,0,NA,0,052,FRANCIS ST,BOULDER,0,NA,Y,A,-,N,NA,NA,NA,NA,NA,NA,NA,NA,NA,N,4,0,1,2,A,-,10,21950,A,N,G,-,C,A,H,-,C,A,0,Y,NA,NA,NA,Y,NA,-,NA,0,0,1,0,1,0,0,0,0,-,-,NA,NA,SAN BERNARDINO,ONTARIO,-117.66573003,34.04099008
6508878,2014,2014-07-31,3608,2014-05-31,1732,3675,NA,6,5,5,3608,0,0,0,NA,0,NA,CLIFTON AV,HILARY LN,300,E,N,A,-,N,NA,NA,NA,NA,NA,NA,NA,NA,NA,Y,4,0,1,2,A,-,08,22107,NA,N,B,C,A,A,H,-,A,D,0,NA,NA,NA,NA,Y,NA,A,01,0,0,1,0,0,0,0,0,0,-,-,NA,NA,SAN BERNARDINO,REDLANDS,-117.19466868,34.03505566
6445806,2014,2014-06-16,3611,2014-01-20,1519,2387,NA,1,5,5,3611,0,0,0,NA,0,002,FOOTHILL BL,SANTO ANTONIO AV,50,W,N,A,-,N,NA,NA,NA,NA,NA,NA,NA,NA,NA,N,4,0,3,3,A,-,03,22350,NA,N,C,C,A,A,H,-,A,A,0,NA,NA,NA,NA,Y,NA,A,01,0,0,3,0,0,0,0,0,0,-,-,NA,NA,SAN BERNARDINO,UPLAND,-117.66095474,34.10697
6509709,2014,2014-08-04,3605,2014-05-15,1802,318,NA,4,5,4,3605,0,0,0,NA,0,NA,MORENO ST,FREMONT AV,0,NA,Y,A,-,N,NA,NA,NA,NA,NA,NA,NA,NA,NA,Y,3,0,6,2,A,-,01,23153,A,N,A,C,A,A,H,-,A,A,0,NA,NA,NA,NA,Y,NA,A,01,0,5,1,0,0,0,0,0,0,-,-,NA,NA,SAN BERNARDINO,MONTCLAIR,-117.69389001,34.08870002
6512304,2014,2014-06-30,3608,2014-04-15,1803,2674,NA,2,5,5,3608,0,0,0,NA,0,NA,CITRUS AV,GROVE ST,0,NA,Y,A,-,N,NA,NA,NA,NA,NA,NA,NA,NA,NA,Y,3,0,1,2,A,-,09,21802,A,N,B,C,A,A,H,-,A,A,0,NA,NA,NA,NA,Y,NA,A,01,0,1,0,0,0,0,0,0,0,-,-,NA,NA,SAN BERNARDINO,REDLANDS,-117.16051005,34.05559002
6512472,2014,2016-04-16,9850,2014-05-24,2015,18219,NA,6,2,9,3600,0,1,1,NA,2,081,RT 15,RT 395,5280,S,N,A,-,Y,SBD,8,15,-,-,30.81,H,-,N,N,4,0,2,2,A,-,07,21658,A,N,B,C,A,A,H,-,D,D,1,NA,NA,NA,NA,Y,NA,A,01,0,0,2,0,0,0,0,0,0,-,-,34.38864,-117.41045,SAN BERNARDINO,UNINCORPORATED,-117.41102054,34.38811527
6512476,2014,2016-04-16,9850,2014-05-18,1902,13931,NA,7,2,5,3612,0,1,1,NA,2,083,RT 15,PALMDALE RD,528,S,N,A,-,Y,SBD,8,15,-,-,40.41,H,-,N,Y,3,0,2,1,A,-,08,22107,NA,N,E,I,A,A,H,-,A,D,1,NA,NA,NA,NA,Y,NA,A,01,0,2,0,0,0,0,0,0,0,-,-,34.50721,-117.32279,SAN BERNARDINO,VICTORVILLE,-117.32313727,34.50637848
6513429,2014,2014-08-11,3600,2014-05-11,0040,C8664,AD302,7,5,3,3613,0,0,0,NA,0,NA,RANCHO RD,DAISY RD,0,NA,Y,A,-,N,NA,NA,NA,NA,NA,NA,NA,NA,NA,Y,3,0,1,1,A,-,01,23152,A,N,E,I,A,A,H,-,C,D,0,NA,NA,NA,NA,Y,Y,D,22,0,1,0,0,0,0,0,0,0,-,-,NA,NA,SAN BERNARDINO,ADELANTO,-117.43169001,34.55755006
6445818,2014,2014-06-16,3611,2014-01-23,1817,2488,3611,4,5,5,3611,0,0,0,NA,0,001,MOUNTAIN AV,15TH ST,15,S,N,A,-,N,NA,NA,NA,NA,NA,NA,NA,NA,NA,Y,4,0,2,2,A,-,08,22107,NA,N,B,C,A,A,H,-,C,A,0,NA,NA,NA,NA,Y,NA,A,01,0,0,2,0,0,0,0,0,0,-,-,NA,NA,SAN BERNARDINO,UPLAND,-117.67034,34.11780889
6483154,2014,2014-08-05,3608,2014-05-04,1904,4024,NA,7,5,5,3608,0,0,0,NA,0,NA,WABASH AV,BROCKTON AV,0,NA,Y,A,-,N,NA,NA,NA,NA,NA,NA,NA,NA,NA,NA,4,0,1,2,-,-,-,NA,NA,N,D,C,A,A,H,-,B,A,0,NA,NA,Y,NA,Y,NA,-,-,0,0,1,0,0,0,0,0,1,-,-,NA,NA,SAN BERNARDINO,REDLANDS,-117.13889011,34.06648002
6486324,2014,2014-07-17,3602,2014-04-23,1632,3402,NA,3,5,5,3602,0,0,0,NA,0,004,CENTRAL AV,B ST,104,N,N,A,-,N,NA,NA,NA,NA,NA,NA,NA,NA,NA,N,4,0,1,2,A,-,03,22350,NA,N,C,C,A,A,H,-,A,A,0,NA,NA,NA,NA,Y,NA,A,01,0,0,1,0,0,0,0,0,0,-,-,NA,NA,SAN BERNARDINO,CHINO,-117.68938,34.01756505
6486465,2014,2016-04-16,9850,2014-05-15,1325,016871,NA,4,1,9,3600,0,1,1,NA,2,084,RT 15,DALE EVANS PKWY,250,N,N,A,-,Y,SBD,8,15,-,-,51.88,H,-,S,Y,4,0,2,2,A,-,07,21658,A,N,B,C,A,A,H,-,A,D,1,NA,NA,NA,NA,Y,NA,D,22,0,0,2,0,0,0,0,0,0,-,-,34.64436,-117.21802,SAN BERNARDINO,UNINCORPORATED,-117.21770737,34.64494702
6514895,2014,2014-06-24,3602,2014-02-05,1416,3060,NA,3,5,5,3602,0,0,0,NA,0,001,CENTRAL AV,COLUMBUS ST,22,S,N,A,-,N,NA,NA,NA,NA,NA,NA,NA,NA,NA,N,2,0,1,2,A,-,11,21456,B,N,G,B,B,A,H,-,A,A,0,Y,NA,NA,NA,Y,NA,N,60,1,0,0,0,1,0,0,0,0,-,-,NA,NA,SAN BERNARDINO,CHINO,-117.6894892,34.02802971
6514944,2014,2014-06-26,3611,2014-02-14,1213,2365,24,5,5,5,3611,0,0,0,NA,0,002,MOUNTAIN AV,7TH ST,25,S,N,A,-,N,NA,NA,NA,NA,NA,NA,NA,NA,NA,N,4,0,1,2,A,-,03,22350,NA,N,C,C,A,A,H,-,A,A,0,NA,NA,NA,NA,Y,NA,A,07,0,0,1,0,0,0,0,0,0,-,-,NA,NA,SAN BERNARDINO,UPLAND,-117.67013,34.08870148
6515134,2014,2014-06-23,3611,2014-02-20,1452,2365,24,4,5,5,3611,0,0,0,NA,0,002,PALM AV,VERNON DR,61,S,N,A,-,N,NA,NA,NA,NA,NA,NA,NA,NA,NA,N,3,0,1,2,A,-,09,21802,A,N,D,G,A,A,H,-,A,A,0,NA,Y,NA,NA,Y,NA,A,01,0,1,0,0,0,0,1,0,0,-,-,NA,NA,SAN BERNARDINO,UPLAND,-117.65370628,34.09788399
6515138,2014,2014-06-23,3611,2014-02-21,1445,2963,2,5,5,5,3611,0,0,0,NA,0,002,8TH ST,SAN ANTONIO AV,0,NA,Y,A,-,N,NA,NA,NA,NA,NA,NA,NA,NA,NA,N,3,0,1,2,A,-,09,21804,A,N,D,G,A,A,H,-,A,A,0,NA,Y,NA,NA,Y,NA,L,04,0,1,0,0,0,0,1,0,0,-,-,NA,NA,SAN BERNARDINO,UPLAND,-117.66072009,34.09246004
6519137,2014,2014-08-13,3607,2014-06-06,1515,14983,171,5,5,6,3607,0,0,0,NA,0,042,MILLIKEN AV,LOWELL ST,100,S,N,A,-,N,NA,NA,NA,NA,NA,NA,NA,NA,NA,Y,4,0,2,2,A,-,03,22350,NA,N,C,C,A,A,H,-,A,D,0,NA,NA,NA,NA,Y,NA,-,NA,0,0,2,0,0,0,0,0,0,-,-,NA,NA,SAN BERNARDINO,ONTARIO,-117.55833096,34.05157596
6519330,2014,2014-07-31,3609,2014-05-23,1305,1074,153,5,5,5,3609,0,0,0,NA,0,004,EUCALYPTUS,MERRILL,0,NA,Y,A,-,N,NA,NA,NA,NA,NA,NA,NA,NA,NA,N,4,0,1,3,A,-,12,21453,A,N,D,C,A,A,H,-,A,A,0,NA,NA,NA,NA,Y,NA,A,01,0,0,1,0,0,0,0,0,0,-,-,NA,NA,SAN BERNARDINO,RIALTO,-117.35724011,34.0923101
6522054,2014,2014-07-22,3608,2014-04-28,1045,3434,NA,1,5,5,3608,0,0,0,NA,0,NA,IOWA ST,CITRUS AV,0,NA,Y,A,-,N,NA,NA,NA,NA,NA,NA,NA,NA,NA,Y,3,0,2,2,A,-,12,22450,A,N,D,C,A,A,H,-,A,A,0,NA,NA,NA,NA,Y,NA,A,07,0,1,1,0,0,0,0,0,0,-,-,NA,NA,SAN BERNARDINO,REDLANDS,-117.21311013,34.05554012
6522943,2014,2015-04-14,3600,2014-06-01,0648,B7127,HE101,7,5,5,3619,0,0,0,NA,0,001,COTTONWOOD AV,SEQUOIA ST,0,NA,Y,A,-,N,NA,NA,NA,NA,NA,NA,NA,NA,NA,Y,4,0,1,2,A,-,09,21802,A,N,D,C,A,A,H,-,A,A,0,NA,NA,NA,NA,Y,NA,-,-,0,0,1,0,0,0,0,0,0,-,-,NA,NA,SAN BERNARDINO,HESPERIA,-117.3386801,34.46871012
6524785,2014,2014-08-06,3603,2014-05-07,1719,CL4012,COLTO,3,5,4,3603,0,0,0,NA,0,001,RANCHO AV,CITRUS AV,121,S,N,A,-,N,NA,NA,NA,NA,NA,NA,NA,NA,NA,Y,4,0,1,2,A,-,08,22107,NA,N,D,C,A,A,H,-,A,D,0,NA,NA,NA,NA,Y,NA,A,01,0,0,1,0,0,0,0,0,0,-,-,NA,NA,SAN BERNARDINO,COLTON,-117.33433309,34.08453906
6527117,2014,2016-01-22,3611,2014-03-23,0508,2738,NA,7,5,5,3611,0,0,0,NA,0,004,EUCLID AV,RT 10,48,N,N,A,-,Y,SBD,8,10,-,-,3.352,R,2,E,N,4,0,1,2,D,-,00,NA,NA,N,B,C,A,A,H,-,C,D,0,NA,NA,NA,NA,Y,NA,-,-,0,0,1,0,0,0,0,0,0,-,SF,NA,NA,SAN BERNARDINO,UPLAND,-117.65315689,34.0872662
6529577,2014,2015-03-27,3600,2014-05-07,0957,M1330,LL007,3,5,3,3615,0,0,0,NA,0,NA,REDLANDS AV,ANDERSON ST,0,NA,Y,A,-,N,NA,NA,NA,NA,NA,NA,NA,NA,NA,N,4,0,1,2,A,-,01,23152,A,N,C,E,A,A,H,-,A,A,0,NA,NA,NA,NA,Y,NA,A,01,0,0,1,0,0,0,0,0,0,-,-,NA,NA,SAN BERNARDINO,LOMA LINDA,-117.26119008,34.06306012
6529871,2014,2014-08-08,9870,2014-06-02,2032,20280,NA,1,2,9,3600,0,2,4,NA,2,042,AMBOY RD,GAMMEL RD,1051,E,N,A,-,N,NA,NA,NA,NA,NA,NA,NA,NA,NA,N,3,0,1,1,A,-,08,22107,NA,N,F,I,A,A,H,-,D,D,0,NA,NA,NA,NA,Y,NA,D,22,0,1,0,0,0,0,0,0,0,-,-,34.1657,-115.94429,SAN BERNARDINO,UNINCORPORATED,-115.9453425,34.16562958
6533823,2014,2014-08-14,9850,2014-06-13,1155,13554,NA,5,1,9,3600,0,2,4,NA,2,066,PHELAN RD,CLOVIS RD,0,NA,Y,A,-,N,NA,NA,NA,NA,NA,NA,NA,NA,NA,Y,4,0,1,3,A,-,09,21802,A,N,D,C,A,A,H,-,A,A,0,NA,NA,NA,NA,Y,NA,A,01,0,0,1,0,0,0,0,0,0,-,-,34.42621,-117.57487,SAN BERNARDINO,UNINCORPORATED,-117.57473006,34.42632004
6489131,2014,2014-07-28,3600,2014-05-11,1922,L2118,HE412,7,5,5,3619,0,0,0,NA,0,HE4,DANBURY AV,MONTROSE AV,0,NA,Y,A,-,N,NA,NA,NA,NA,NA,NA,NA,NA,NA,Y,4,0,2,2,A,-,08,22107,NA,N,A,C,A,A,H,-,B,D,0,NA,NA,NA,NA,Y,NA,A,01,0,0,2,0,0,0,0,0,0,-,-,NA,NA,SAN BERNARDINO,HESPERIA,-117.28485004,34.39678004