CASE_ID,ACCIDENT_YEAR,PROC_DATE,JURIS,COLLISION_DATE,COLLISION_TIME,OFFICER_ID,REPORTING_DISTRICT,DAY_OF_WEEK,CHP_SHIFT,POPULATION,CNTY_CITY_LOC,SPECIAL_COND,BEAT_TYPE,CHP_BEAT_TYPE,CITY_DIVISION_LAPD,CHP_BEAT_CLASS,BEAT_NUMBER,PRIMARY_RD,SECONDARY_RD,DISTANCE,DIRECTION,INTERSECTION,WEATHER_1,WEATHER_2,STATE_HWY_IND,CALTRANS_COUNTY,CALTRANS_DISTRICT,STATE_ROUTE,ROUTE_SUFFIX,POSTMILE_PREFIX,POSTMILE,LOCATION_TYPE,RAMP_INTERSECTION,SIDE_OF_HWY,TOW_AWAY,COLLISION_SEVERITY,NUMBER_KILLED,NUMBER_INJURED,PARTY_COUNT,PRIMARY_COLL_FACTOR,PCF_CODE_OF_VIOL,PCF_VIOL_CATEGORY,PCF_VIOLATION,PCF_VIOL_SUBSECTION,HIT_AND_RUN,TYPE_OF_COLLISION,MVIW,PED_ACTION,ROAD_SURFACE,ROAD_COND_1,ROAD_COND_2,LIGHTING,CONTROL_DEVICE,CHP_ROAD_TYPE,PEDESTRIAN_ACCIDENT,BICYCLE_ACCIDENT,MOTORCYCLE_ACCIDENT,TRUCK_ACCIDENT,NOT_PRIVATE_PROPERTY,ALCOHOL_INVOLVED,STWD_VEHTYPE_AT_FAULT,CHP_VEHTYPE_AT_FAULT,COUNT_SEVERE_INJ,COUNT_VISIBLE_INJ,COUNT_COMPLAINT_PAIN,COUNT_PED_KILLED,COUNT_PED_INJURED,COUNT_BICYCLIST_KILLED,COUNT_BICYCLIST_INJURED,COUNT_MC_KILLED,COUNT_MC_INJURED,PRIMARY_RAMP,SECONDARY_RAMP,LATITUDE,LONGITUDE,COUNTY,CITY,POINT_X,POINT_Y
6931844,2015,2015-06-09,3611,2015-04-01,1637,2209,3611,3,5,5,3611,0,0,0,NA,0,001,MOUNTAIN AV,19TH ST,657,N,N,A,-,N,NA,NA,NA,NA,NA,NA,NA,NA,NA,Y,4,0,1,2,A,-,03,22350,NA,N,C,C,A,A,H,-,A,A,0,NA,NA,NA,NA,Y,NA,A,07,0,0,1,0,0,0,0,0,0,-,-,NA,NA,SAN BERNARDINO,UPLAND,-117.67044,34.13417052
6931894,2015,2015-06-05,3607,2015-04-01,0723,15171,137,3,5,6,3607,0,0,0,NA,0,032,D ST,CORONA AV,1056,W,N,A,-,N,NA,NA,NA,NA,NA,NA,NA,NA,NA,N,4,0,1,2,A,-,09,21804,A,N,D,C,A,A,H,-,A,D,0,NA,NA,NA,NA,Y,NA,-,NA,0,0,1,0,0,0,0,0,0,-,-,NA,NA,SAN BERNARDINO,ONTARIO,-117.61689743,34.06710959
6932731,2015,2016-11-21,9860,2015-04-27,1832,19449,NA,1,2,9,3600,0,1,1,NA,2,152,RT 15,RT 138,200,N,N,A,-,Y,SBD,8,15,-,R,21.41,H,-,N,Y,4,0,1,2,A,-,08,22107,NA,N,C,C,A,A,D,-,D,D,1,NA,NA,NA,Y,Y,NA,-,-,0,0,1,0,0,0,0,0,0,-,-,34.31454,-117.47766,SAN BERNARDINO,UNINCORPORATED,-117.47506133,34.31215748
6881995,2015,2015-04-22,3600,2015-03-15,1947,F3085,HE131,7,5,5,3619,0,0,0,NA,0,HE1,3RD AV,MAIN ST,109,S,N,A,-,N,NA,NA,NA,NA,NA,NA,NA,NA,NA,N,3,0,1,2,A,-,11,21953,NA,F,D,B,D,A,H,-,C,A,0,Y,NA,NA,NA,Y,Y,N,60,0,1,0,0,1,0,0,0,0,-,-,NA,NA,SAN BERNARDINO,HESPERIA,-117.30675411,34.42200616
6934043,2015,2015-06-04,3610,2015-04-02,1832,50970,NA,4,5,6,3610,0,0,0,NA,0,NA,N H ST,EDISON POLE #125527E,18,S,N,A,-,N,NA,NA,NA,NA,NA,NA,NA,NA,NA,Y,3,0,2,2,A,-,09,21804,NA,N,D,C,A,-,H,-,B,D,0,NA,NA,NA,NA,Y,NA,A,01,0,1,1,0,0,0,0,0,0,-,-,NA,NA,SAN BERNARDINO,SAN BERNARDINO,NA,NA
6934073,2015,2016-12-09,3607,2015-04-12,1421,80330,246,7,5,6,3607,0,0,0,NA,0,052,EUCLID AV,RT 60,5,N,N,A,-,Y,SBD,8,83,-,-,7.226,I,5,S,N,4,0,1,2,A,-,03,22350,NA,M,C,C,A,A,H,-,A,A,0,NA,NA,NA,NA,Y,NA,-,NA,0,0,1,0,0,0,0,0,0,-,-,NA,NA,SAN BERNARDINO,ONTARIO,-117.65104047,34.03107965
6934824,2015,2015-07-13,3607,2015-05-12,1750,15021,289,2,5,6,3607,0,0,0,NA,0,032,G ST,DEL NORTE AV,0,NA,Y,A,-,N,NA,NA,NA,NA,NA,NA,NA,NA,NA,N,3,0,1,2,A,-,05,21650,NA,N,D,G,A,A,H,-,A,A,0,NA,Y,NA,NA,Y,NA,L,04,0,1,0,0,0,0,1,0,0,-,-,NA,NA,SAN BERNARDINO,ONTARIO,-117.62592002,34.07070004
6934856,2015,2015-07-13,3611,2015-05-15,2356,2934,NA,5,5,5,3611,0,0,0,NA,0,001,16TH ST,BENSON AV,0,NA,Y,A,-,N,NA,NA,NA,NA,NA,NA,NA,NA,NA,Y,4,0,1,2,A,-,12,21453,A,N,D,C,A,A,H,-,C,A,0,NA,NA,NA,NA,Y,Y,A,01,0,0,1,0,0,0,0,0,0,-,-,NA,NA,SAN BERNARDINO,UPLAND,-117.68093011,34.12155012
6889066,2015,2016-10-10,9860,2015-03-25,0710,15686,NA,3,1,9,3600,0,1,3,NA,1,380,RT 38,TURQUOISE AV,20,W,N,A,-,Y,SBD,8,38,-,-,3.45,H,-,W,N,3,0,1,2,A,-,11,21954,A,N,G,B,D,A,H,-,A,A,0,Y,NA,NA,NA,Y,NA,N,60,0,1,0,0,1,0,0,0,0,-,-,34.06998,-117.1327,SAN BERNARDINO,UNINCORPORATED,-117.132258,34.07004692
6936717,2015,2016-12-10,9850,2015-05-22,2015,020884,NA,5,2,5,3619,0,1,1,NA,2,082,RT 15,MAIN ST,4752,S,N,B,-,Y,SBD,8,15,-,-,33.1,H,-,N,Y,3,0,3,2,A,-,01,23152,A,N,B,C,A,A,H,-,D,D,1,NA,NA,NA,NA,Y,Y,A,01,0,1,2,0,0,0,0,0,0,-,-,34.41674,-117.38797,SAN BERNARDINO,HESPERIA,-117.38890477,34.41566388
6937132,2015,2015-06-10,3607,2015-03-20,1519,14983,145,5,5,6,3607,0,0,0,NA,0,041,MILLIKEN AV,GUASTI RD,40,S,N,A,-,N,NA,NA,NA,NA,NA,NA,NA,NA,NA,Y,4,0,3,3,A,-,03,22350,NA,N,C,C,A,A,H,-,A,A,0,NA,NA,NA,NA,Y,NA,-,NA,0,0,3,0,0,0,0,0,0,-,-,NA,NA,SAN BERNARDINO,ONTARIO,-117.55827609,34.06392043
6937135,2015,2015-06-10,3607,2015-03-11,1503,80317,84,3,5,6,3607,0,0,0,NA,0,011,MOUNTAIN AV,G ST,112,S,N,A,-,N,NA,NA,NA,NA,NA,NA,NA,NA,NA,Y,4,0,1,2,A,-,08,22105,NA,N,D,C,A,A,H,-,A,D,0,NA,NA,NA,NA,Y,NA,-,NA,0,0,1,0,0,0,0,0,0,-,-,NA,NA,SAN BERNARDINO,ONTARIO,-117.67008,34.07026304
6818837,2015,2016-10-20,3607,2015-01-10,1908,80372,89,6,5,6,3607,0,0,0,NA,0,011,G ST,EUCLID AV,0,NA,Y,C,-,Y,SBD,8,83,-,-,9.96,I,5,S,Y,4,0,3,2,A,-,12,21453,A,N,D,C,A,B,H,-,C,A,0,NA,NA,NA,NA,Y,NA,-,NA,0,0,3,0,0,0,0,0,0,-,-,NA,NA,SAN BERNARDINO,ONTARIO,-117.65120909,34.07063123
6939021,2015,2016-06-14,3603,2015-05-09,1732,4061,CL,6,5,4,3603,0,0,0,NA,0,003,LA CROSSE AV,DE BERRY ST,0,NA,Y,A,-,N,NA,NA,NA,NA,NA,NA,NA,NA,NA,Y,4,0,1,1,A,-,05,21650,NA,N,E,I,A,A,H,-,A,D,0,NA,NA,NA,NA,Y,NA,-,NA,0,0,1,0,0,0,0,0,0,-,-,NA,NA,SAN BERNARDINO,COLTON,-117.32941013,34.03031009
6939489,2015,2016-11-22,9865,2015-04-20,1825,014696,NA,1,2,9,3600,0,1,3,NA,1,034,RT 18,HOLCOMB VALLEY RD,5280,S,N,A,-,Y,SBD,8,18,-,-,57.21,H,-,S,Y,3,0,1,1,A,-,08,22107,NA,N,E,I,A,A,H,-,A,D,0,NA,NA,NA,NA,Y,NA,A,07,0,1,0,0,0,0,0,0,0,-,-,34.28388,-116.81803,SAN BERNARDINO,UNINCORPORATED,-116.81825395,34.28401625
6939578,2015,2015-06-01,3607,2015-04-30,1553,80248,244,4,5,6,3607,0,0,0,NA,0,072,MISSION BL,HAVEN AV,1320,W,N,A,-,N,NA,NA,NA,NA,NA,NA,NA,NA,NA,Y,4,0,1,3,A,-,04,21703,NA,N,C,C,A,A,H,-,A,D,0,NA,NA,NA,NA,Y,NA,-,NA,0,0,1,0,0,0,0,0,0,-,-,NA,NA,SAN BERNARDINO,ONTARIO,-117.5798868,34.03967088
6939590,2015,2015-06-01,3607,2015-04-24,0640,80351,15,5,5,6,3607,0,0,0,NA,0,031,GROVE AV,6TH ST,200,S,N,A,-,N,NA,NA,NA,NA,NA,NA,NA,NA,NA,Y,4,0,2,2,A,-,09,21804,A,N,D,C,A,A,H,-,A,A,0,NA,NA,NA,NA,Y,NA,-,NA,0,0,2,0,0,0,0,0,0,-,-,NA,NA,SAN BERNARDINO,ONTARIO,-117.62857765,34.08449638
6939597,2015,2016-11-19,3607,2015-04-16,1152,80313,200,4,5,6,3607,0,0,0,NA,0,052,EUCLID AV,FRANCIS ST,0,NA,Y,A,-,Y,SBD,8,83,-,-,7.917,I,5,S,Y,3,0,1,2,A,-,12,21453,A,N,D,C,A,A,H,-,A,A,0,NA,NA,NA,NA,Y,NA,-,NA,0,1,0,0,0,0,0,0,0,-,-,NA,NA,SAN BERNARDINO,ONTARIO,-117.65108488,34.04106822
6940423,2015,2015-06-04,9860,2015-04-06,1140,16646,NA,1,1,9,3600,0,1,1,NA,2,151,CAJON BL,KENWOOD AV,10560,N,N,A,-,N,NA,NA,NA,NA,NA,NA,NA,NA,NA,Y,4,0,1,2,A,-,03,22350,NA,N,C,C,A,A,C,-,A,D,0,NA,NA,NA,NA,Y,NA,A,01,0,0,1,0,0,0,0,0,0,-,-,34.23752,-117.43065,SAN BERNARDINO,UNINCORPORATED,-117.45466771,34.25139317
6940531,2015,2015-06-01,9860,2015-04-28,0910,13945,NA,2,1,9,3600,0,3,5,NA,2,002,F ST,48TH ST,467,N,N,A,-,N,NA,NA,NA,NA,NA,NA,NA,NA,NA,Y,4,0,1,2,A,-,03,22350,NA,N,C,E,A,A,H,-,A,D,0,NA,NA,NA,NA,Y,NA,A,01,0,0,1,0,0,0,0,0,0,-,-,34.17306,-117.30277,SAN BERNARDINO,UNINCORPORATED,-117.30275345,34.17308937
6940691,2015,2016-11-19,9860,2015-04-17,1942,020559,NA,5,2,9,3600,0,1,1,NA,2,152,RT 15,RT 138,1700,N,N,A,-,Y,SBD,8,15,-,R,21.69,H,-,S,Y,4,0,1,1,A,-,08,22107,NA,N,E,I,A,A,D,-,B,D,1,NA,NA,NA,NA,Y,NA,A,01,0,0,1,0,0,0,0,0,0,-,-,34.3153,-117.4787,SAN BERNARDINO,UNINCORPORATED,-117.47851644,34.31505505
6943970,2015,2016-11-28,9860,2015-04-26,1640,16646,NA,7,2,6,3610,0,1,1,NA,2,202,SR 210,STERLING AV,50,W,N,A,-,Y,SBD,8,210,-,R,26.25,H,-,E,Y,3,0,2,3,A,-,04,21703,NA,N,C,C,A,A,H,-,A,D,1,NA,NA,NA,NA,Y,NA,A,01,0,2,0,0,0,0,0,0,0,-,-,34.13932,-117.24459,SAN BERNARDINO,SAN BERNARDINO,-117.24447077,34.13918344
6943978,2015,2016-11-19,9860,2015-04-11,1110,18223,NA,6,1,5,3608,0,1,1,NA,2,105,RT 10,UNIVERSITY ST,300,E,N,A,-,Y,SBD,8,10,-,-,31.97,H,-,W,Y,3,0,2,2,A,-,07,21658,A,N,B,C,A,A,H,-,A,D,1,NA,NA,NA,NA,Y,NA,A,07,0,1,1,0,0,0,0,0,0,-,-,34.05656,-117.16662,SAN BERNARDINO,REDLANDS,-117.16588606,34.05620899
6945837,2015,2015-06-23,3609,2015-04-30,1357,3156,155,4,5,5,3609,0,0,0,NA,0,003,MERRILL AV,CEDAR AV,0,NA,Y,A,-,N,NA,NA,NA,NA,NA,NA,NA,NA,NA,Y,3,0,2,2,A,-,12,21453,A,N,D,C,A,A,H,-,A,A,0,NA,NA,NA,NA,Y,NA,A,01,0,1,1,0,0,0,0,0,0,-,-,NA,NA,SAN BERNARDINO,RIALTO,-117.39652006,34.09224001
6832096,2015,2015-03-11,9860,2015-01-29,1805,20739,NA,4,2,9,3600,0,3,5,NA,2,004,LOCUST AV,SANTA ANA AV,1056,S,N,B,-,N,NA,NA,NA,NA,NA,NA,NA,NA,NA,N,4,0,1,2,A,-,11,21956,A,N,G,B,E,B,H,-,D,A,0,Y,NA,NA,NA,Y,Y,N,60,0,0,1,0,1,0,0,0,0,-,-,34.05537,-117.40946,SAN BERNARDINO,UNINCORPORATED,-117.40946,34.05294664
6833680,2015,2015-03-13,3604,2015-02-06,1710,907,NA,5,5,6,3604,0,0,0,NA,0,NA,CITRUS AV,ARROW BL,280,S,N,A,-,N,NA,NA,NA,NA,NA,NA,NA,NA,NA,N,4,0,1,2,A,-,03,22350,NA,N,C,C,A,A,H,-,A,A,0,NA,NA,NA,NA,Y,NA,A,01,0,0,1,0,0,0,0,0,0,-,-,NA,NA,SAN BERNARDINO,FONTANA,-117.45365,34.09853278
6947542,2015,2015-06-25,3608,2015-05-22,2053,3675,NA,5,5,5,3608,0,0,0,NA,0,NA,BROCKTON AV,CHURCH ST,0,NA,Y,C,-,N,NA,NA,NA,NA,NA,NA,NA,NA,NA,Y,4,0,2,2,A,-,12,22450,A,N,D,C,A,A,H,-,E,A,0,NA,NA,NA,NA,Y,NA,A,01,0,0,2,0,0,0,0,0,0,-,-,NA,NA,SAN BERNARDINO,REDLANDS,-117.17378008,34.06641
6949502,2015,2015-06-12,9855,2015-02-26,1740,20913,NA,4,2,9,3600,0,3,5,NA,2,001,ARROW RTE,CHERRY AV,600,W,N,A,-,N,NA,NA,NA,NA,NA,NA,NA,NA,NA,N,4,0,2,2,A,-,03,22350,NA,N,C,C,A,A,H,-,B,D,0,NA,NA,NA,NA,Y,NA,A,01,0,0,2,0,0,0,0,0,0,-,-,34.09925,-117.49157,SAN BERNARDINO,UNINCORPORATED,-117.49076628,34.09929879
6949513,2015,2016-09-06,9855,2015-02-26,1223,16051,NA,4,1,6,3607,0,1,3,NA,2,601,RT 60,MILLIKEN AV,650,W,N,A,-,Y,SBD,8,60,-,R,9.82,H,-,E,Y,4,0,3,2,A,-,03,22350,NA,N,C,C,A,A,H,-,A,D,1,NA,NA,NA,NA,Y,NA,A,01,0,0,3,0,0,0,0,0,0,-,-,NA,NA,SAN BERNARDINO,ONTARIO,-117.560643,34.02457699
6839512,2015,2015-03-13,3600,2015-02-21,2106,E5343,HE102,6,5,5,3619,0,0,0,NA,0,HE1,MARIPOSA RD,MAPLE AV,0,NA,Y,A,-,N,NA,NA,NA,NA,NA,NA,NA,NA,NA,Y,3,0,4,2,A,-,09,21801,A,N,A,C,A,A,H,-,C,D,0,NA,NA,NA,NA,Y,NA,A,01,0,1,3,0,0,0,0,0,0,-,-,NA,NA,SAN BERNARDINO,HESPERIA,-117.34669012,34.46746003
6949814,2015,2015-10-21,3600,2015-05-28,1723,F5717,HE412,4,5,5,3619,0,0,0,NA,0,NA,DANBURY AV,E AV,0,NA,Y,A,-,N,NA,NA,NA,NA,NA,NA,NA,NA,NA,N,4,0,1,2,A,-,03,22350,NA,N,B,C,A,A,H,-,A,A,0,NA,NA,NA,NA,Y,NA,A,01,0,0,1,0,0,0,0,0,0,-,-,NA,NA,SAN BERNARDINO,HESPERIA,-117.29709008,34.38471003
6841528,2015,2015-03-24,3609,2015-02-26,1257,6367,204,4,5,5,3609,0,0,0,NA,0,004,RIVERSIDE AV,SLOVER AV,0,NA,Y,A,-,N,NA,NA,NA,NA,NA,NA,NA,NA,NA,Y,3,0,3,2,A,-,12,21453,A,N,D,C,A,A,H,-,A,A,0,NA,NA,NA,NA,Y,NA,A,07,0,2,1,0,0,0,0,0,0,-,-,NA,NA,SAN BERNARDINO,RIALTO,-117.37024013,34.06318009
6848220,2015,2015-03-19,3600,2015-02-25,1701,E5343,HE128,3,5,5,3619,0,0,0,NA,0,HE1,MAIN ST,BALSAM AV,0,NA,Y,A,-,N,NA,NA,NA,NA,NA,NA,NA,NA,NA,Y,3,0,2,2,A,-,09,21802,A,N,D,C,A,A,H,-,A,A,0,NA,NA,NA,NA,Y,NA,A,01,0,1,1,0,0,0,0,0,0,-,-,NA,NA,SAN BERNARDINO,HESPERIA,-117.32974001,34.42685001
6953110,2015,2015-06-16,9850,2015-05-24,2022,20884,NA,7,2,9,3600,0,3,5,NA,2,002,RANCHERO RD,DESERT FOREST LN,43,E,N,A,-,N,NA,NA,NA,NA,NA,NA,NA,NA,NA,Y,4,0,2,1,A,-,08,22107,NA,N,E,I,A,A,H,-,C,D,0,NA,NA,NA,NA,Y,NA,A,01,0,0,2,0,0,0,0,0,0,-,-,34.38316,-117.38931,SAN BERNARDINO,UNINCORPORATED,-117.38926794,34.38310284
6913448,2015,2016-11-19,9855,2015-04-05,2205,020564,NA,7,3,6,3607,0,1,1,NA,2,152,JURUPA ST,RT 15,0,NA,Y,A,-,Y,SBD,8,15,-,-,1.229,R,4,N,Y,4,0,2,1,A,-,03,22350,NA,N,E,I,A,A,H,-,C,A,1,NA,NA,NA,NA,Y,NA,A,01,0,0,2,0,0,0,0,0,0,-,-,34.0483,-117.54856,SAN BERNARDINO,ONTARIO,-117.54856753,34.05133991
6956938,2015,2016-12-09,3600,2015-05-27,1233,B7126,VC069,3,5,5,3612,0,0,0,NA,0,VC069,RT 395,PALMDALE RD,300,N,N,A,-,Y,SBD,8,395,-,-,11.24,H,-,N,N,4,0,1,2,D,-,00,NA,NA,F,D,G,A,A,H,-,A,D,0,NA,Y,NA,NA,Y,NA,-,-,0,0,1,0,0,0,1,0,0,-,-,NA,NA,SAN BERNARDINO,VICTORVILLE,-117.39955714,34.50758835
6957085,2015,2015-06-22,3600,2015-04-19,1145,C9389,VC023,7,5,5,3612,0,0,0,NA,0,VC03,HESPERIA RD,SILICA RD,0,NA,Y,A,-,N,NA,NA,NA,NA,NA,NA,NA,NA,NA,Y,4,0,2,2,A,-,12,21453,A,N,D,C,A,A,H,-,A,A,0,NA,NA,NA,NA,Y,NA,A,01,0,0,2,0,0,0,0,0,0,-,-,NA,NA,SAN BERNARDINO,VICTORVILLE,-117.29105004,34.47823003
6957095,2015,2015-08-05,3600,2015-05-19,1127,C9389,VC064,2,5,5,3612,0,0,0,NA,0,VC05,MARICOPA RD,AMARGOSA RD,0,NA,Y,A,-,N,NA,NA,NA,NA,NA,NA,NA,NA,NA,Y,4,0,1,1,A,-,03,22350,NA,N,E,I,A,A,H,-,A,D,0,NA,NA,NA,NA,Y,NA,A,01,0,0,1,0,0,0,0,0,0,-,-,NA,NA,SAN BERNARDINO,VICTORVILLE,-117.33005012,34.49608008
6913452,2015,2016-12-07,9855,2015-04-10,1022,016853,NA,5,1,6,3604,0,1,1,NA,2,201,RT 210,BEECH AV,300,W,N,A,-,Y,SBD,8,210,-,-,12.71,H,-,E,Y,4,0,1,1,A,-,08,22107,NA,N,E,I,A,A,H,-,A,D,1,NA,NA,NA,NA,Y,NA,A,01,0,0,1,0,0,0,0,0,0,-,-,34.1362,-117.4709,SAN BERNARDINO,FONTANA,-117.47482234,34.13625967
6913456,2015,2016-12-08,9855,2015-04-08,0735,012923,NA,3,1,4,3605,0,1,1,NA,2,103,RT 10,MONTE VISTA AV,975,E,N,A,-,Y,SBD,8,10,-,-,0.87,H,-,E,Y,3,0,2,2,C,-,18,NA,NA,N,E,J,A,A,H,-,A,D,1,NA,NA,NA,NA,Y,NA,-,-,0,1,1,0,0,0,0,0,0,-,-,34.08265,-117.69545,SAN BERNARDINO,MONTCLAIR,-117.6955326,34.08285283
6913464,2015,2016-12-10,9855,2015-04-08,0740,011856,NA,3,1,5,3611,0,1,1,NA,2,103,RT 10,MOUNTAIN AV,2112,E,N,A,-,Y,SBD,8,10,-,-,2.78,H,-,W,N,3,0,1,1,A,-,08,22107,NA,N,E,I,A,A,H,-,A,D,1,NA,NA,NA,NA,Y,NA,A,01,0,1,0,0,0,0,0,0,0,-,-,34.08736,-117.66335,SAN BERNARDINO,UPLAND,-117.66322145,34.08743185
6959423,2015,2015-08-01,3604,2015-06-01,0829,509,NA,1,5,6,3604,0,0,0,NA,0,NA,JUNIPER AV,SAN BERNARDINO AV,420,N,N,A,-,N,NA,NA,NA,NA,NA,NA,NA,NA,NA,Y,4,0,1,2,A,-,03,22350,NA,N,B,E,A,A,H,-,A,D,0,NA,NA,NA,NA,Y,NA,A,08,0,0,1,0,0,0,0,0,0,-,-,NA,NA,SAN BERNARDINO,FONTANA,-117.44005419,34.0787008
6960557,2015,2015-06-23,3600,2015-04-30,1358,A7108,CH003,4,5,5,3630,0,0,0,NA,0,001,PEYTON DR,BEVERLY GLEN RD,0,NA,Y,A,-,N,NA,NA,NA,NA,NA,NA,NA,NA,NA,Y,4,0,1,2,A,-,03,22350,NA,N,C,C,A,A,H,-,A,A,0,NA,NA,NA,NA,Y,NA,A,01,0,0,1,0,0,0,0,0,0,-,-,NA,NA,SAN BERNARDINO,CHINO HILLS,-117.74565005,34.01559003
6916235,2015,2015-06-01,3605,2015-04-02,1728,361,NA,4,5,4,3605,0,0,0,NA,0,NA,SAN BERNARDINO ST,CENTRAL AV,5,W,N,A,-,N,NA,NA,NA,NA,NA,NA,NA,NA,NA,N,3,0,1,2,A,-,12,21453,A,N,D,G,A,A,H,-,A,A,0,NA,Y,NA,NA,Y,NA,L,04,0,1,0,0,0,0,1,0,0,-,-,NA,NA,SAN BERNARDINO,MONTCLAIR,-117.68962647,34.07767
6966118,2015,2015-06-23,3609,2015-05-31,2015,3156,133,7,5,5,3609,0,0,0,NA,0,003,CEDAR AV,2ND ST,180,W,N,A,-,N,NA,NA,NA,NA,NA,NA,NA,NA,NA,N,3,0,1,2,A,-,10,21950,A,N,G,B,C,A,H,-,C,A,0,Y,NA,NA,NA,Y,NA,A,01,0,1,0,0,1,0,0,0,0,-,-,NA,NA,SAN BERNARDINO,RIALTO,-117.39656,34.10238
6966145,2015,2015-07-01,3602,2015-05-15,1649,3468,NA,5,5,5,3602,0,0,0,NA,0,003,PIPELINE AV,SCHAEFER AV,40,N,N,A,-,N,NA,NA,NA,NA,NA,NA,NA,NA,NA,N,4,0,1,2,A,-,03,22350,NA,N,C,C,A,A,H,-,A,A,0,NA,NA,NA,NA,Y,NA,A,01,0,0,1,0,0,0,0,0,0,-,-,NA,NA,SAN BERNARDINO,CHINO,-117.71528848,34.00448963
6916387,2015,2015-05-29,3610,2015-04-27,1720,50840,NA,1,5,6,3610,0,0,0,NA,0,NA,WEST 5TH,N H ST,0,NA,Y,A,-,N,NA,NA,NA,NA,NA,NA,NA,NA,NA,N,4,0,2,2,D,-,00,NA,NA,N,D,C,A,A,H,-,A,A,0,NA,NA,NA,NA,Y,NA,-,-,0,0,2,0,0,0,0,0,0,-,-,NA,NA,SAN BERNARDINO,SAN BERNARDINO,-117.30089001,34.10834002
6919356,2015,2016-12-13,9855,2015-05-07,1652,20913,NA,4,2,5,3630,0,1,3,NA,2,071,RT 71,CHINO AV,2000,N,N,A,-,Y,SBD,8,71,-,R,0.53,H,-,S,Y,4,0,1,2,A,-,03,22350,NA,N,C,C,A,A,H,-,A,D,5,NA,NA,NA,NA,Y,NA,A,01,0,0,1,0,0,0,0,0,0,-,-,34.0148,-117.7387,SAN BERNARDINO,CHINO HILLS,-117.73889959,34.01503311
6919359,2015,2016-12-10,9855,2015-05-09,1500,17313,NA,6,2,6,3616,0,1,1,NA,2,152,RT 15,ROCHESTER AV,200,N,N,A,-,Y,SBD,8,15,-,-,4.17,H,-,N,Y,4,0,1,3,A,-,03,22350,NA,N,C,C,A,A,H,-,A,D,1,NA,NA,NA,NA,Y,NA,A,01,0,0,1,0,0,0,0,0,0,-,-,34.094,-117.54301,SAN BERNARDINO,RANCHO CUCAMONGA,-117.54325678,34.09354003
6971853,2015,2015-07-07,3610,2015-05-23,1029,50532,NA,6,5,6,3610,0,0,0,NA,0,NA,NORTH WATERMAN AV,EAST HIGHLAND AV,0,NA,Y,B,-,N,NA,NA,NA,NA,NA,NA,NA,NA,NA,Y,3,0,4,2,A,-,12,21453,A,N,D,C,A,A,H,-,A,A,0,NA,NA,NA,NA,Y,NA,A,01,0,1,3,0,0,0,0,0,0,-,-,NA,NA,SAN BERNARDINO,SAN BERNARDINO,-117.2787601,34.13593012
6972015,2015,2015-07-07,3610,2015-05-12,0449,50919,NA,2,5,6,3610,0,0,0,NA,0,NA,N MOUNTAIN VIEW AV,W 7TH ST,0,NA,Y,A,-,N,NA,NA,NA,NA,NA,NA,NA,NA,NA,N,2,0,1,2,A,-,11,21956,NA,N,G,B,E,A,H,-,C,A,0,Y,NA,NA,NA,Y,Y,N,60,1,0,0,0,1,0,0,0,0,-,-,NA,NA,SAN BERNARDINO,SAN BERNARDINO,-117.28740005,34.11205007
6926168,2015,2016-12-09,9855,2015-04-27,0845,12923,NA,1,1,6,3607,0,1,3,NA,2,601,RT 60,HAVEN AV,1275,E,N,A,-,Y,SBD,8,60,-,R,8.64,H,-,W,Y,4,0,2,4,A,-,03,22350,NA,N,C,C,A,A,H,-,A,D,1,NA,NA,NA,NA,Y,NA,D,22,0,0,2,0,0,0,0,0,0,-,-,34.02654,-117.56622,SAN BERNARDINO,ONTARIO,-117.58017692,34.03018562
6928107,2015,2015-06-08,3607,2015-05-15,2014,80204,208,5,5,6,3607,0,0,0,NA,0,061,GROVE AV,FRANCIS ST,238,N,N,A,-,N,NA,NA,NA,NA,NA,NA,NA,NA,NA,Y,4,0,1,2,A,-,09,21804,A,N,D,C,A,A,H,-,C,D,0,NA,NA,NA,NA,Y,NA,-,NA,0,0,1,0,0,0,0,0,0,-,-,NA,NA,SAN BERNARDINO,ONTARIO,-117.62854,34.04186227
6930347,2015,2016-12-09,3600,2015-05-08,1018,E4685,HE301,5,5,5,3619,0,0,0,NA,0,003,RT 395,PHELAN RD,0,NA,Y,A,-,Y,SBD,8,395,-,R,5.59,H,-,N,Y,4,0,1,3,A,-,03,22350,NA,N,C,C,A,A,H,-,A,A,0,NA,NA,NA,NA,Y,NA,A,01,0,0,1,0,0,0,0,0,0,-,-,NA,NA,SAN BERNARDINO,HESPERIA,-117.4000776,34.42638205
6977877,2015,2016-11-28,9860,2015-05-26,1355,15686,NA,2,1,9,3600,0,1,3,NA,1,380,RT 38,CHRYSOLITE AV,42,E,N,A,-,Y,SBD,8,38,-,-,3.16,H,-,W,Y,4,0,2,4,A,-,03,22350,NA,N,C,C,A,A,H,-,A,D,0,NA,NA,NA,NA,Y,NA,A,01,0,0,2,0,0,0,0,0,0,-,-,34.07016,-117.13721,SAN BERNARDINO,UNINCORPORATED,-117.137319,34.07011892
6933038,2015,2015-06-05,3611,2015-04-29,1151,2831,3611,3,5,5,3611,0,0,0,NA,0,002,11TH ST,MAGNOLIA AV,327,W,N,A,-,N,NA,NA,NA,NA,NA,NA,NA,NA,NA,N,4,0,1,2,A,-,03,22350,NA,N,C,C,A,A,H,-,A,D,0,NA,NA,NA,NA,Y,NA,A,01,0,0,1,0,0,0,0,0,0,-,-,NA,NA,SAN BERNARDINO,UPLAND,-117.66487737,34.10333
6886643,2015,2015-04-27,9870,2015-04-11,1345,18842,NA,6,1,9,3600,0,3,5,NA,2,003,PARK BL,DIVISION ST,0,NA,Y,A,-,N,NA,NA,NA,NA,NA,NA,NA,NA,NA,N,4,0,1,2,A,-,09,21804,A,N,D,C,A,A,H,-,A,D,0,NA,NA,NA,NA,Y,NA,A,07,0,0,1,0,0,0,0,0,0,-,-,34.13414,-116.31527,SAN BERNARDINO,UNINCORPORATED,-116.31518001,34.13412009