CASE_ID,ACCIDENT_YEAR,PROC_DATE,JURIS,COLLISION_DATE,COLLISION_TIME,OFFICER_ID,REPORTING_DISTRICT,DAY_OF_WEEK,CHP_SHIFT,POPULATION,CNTY_CITY_LOC,SPECIAL_COND,BEAT_TYPE,CHP_BEAT_TYPE,CITY_DIVISION_LAPD,CHP_BEAT_CLASS,BEAT_NUMBER,PRIMARY_RD,SECONDARY_RD,DISTANCE,DIRECTION,INTERSECTION,WEATHER_1,WEATHER_2,STATE_HWY_IND,CALTRANS_COUNTY,CALTRANS_DISTRICT,STATE_ROUTE,ROUTE_SUFFIX,POSTMILE_PREFIX,POSTMILE,LOCATION_TYPE,RAMP_INTERSECTION,SIDE_OF_HWY,TOW_AWAY,COLLISION_SEVERITY,NUMBER_KILLED,NUMBER_INJURED,PARTY_COUNT,PRIMARY_COLL_FACTOR,PCF_CODE_OF_VIOL,PCF_VIOL_CATEGORY,PCF_VIOLATION,PCF_VIOL_SUBSECTION,HIT_AND_RUN,TYPE_OF_COLLISION,MVIW,PED_ACTION,ROAD_SURFACE,ROAD_COND_1,ROAD_COND_2,LIGHTING,CONTROL_DEVICE,CHP_ROAD_TYPE,PEDESTRIAN_ACCIDENT,BICYCLE_ACCIDENT,MOTORCYCLE_ACCIDENT,TRUCK_ACCIDENT,NOT_PRIVATE_PROPERTY,ALCOHOL_INVOLVED,STWD_VEHTYPE_AT_FAULT,CHP_VEHTYPE_AT_FAULT,COUNT_SEVERE_INJ,COUNT_VISIBLE_INJ,COUNT_COMPLAINT_PAIN,COUNT_PED_KILLED,COUNT_PED_INJURED,COUNT_BICYCLIST_KILLED,COUNT_BICYCLIST_INJURED,COUNT_MC_KILLED,COUNT_MC_INJURED,PRIMARY_RAMP,SECONDARY_RAMP,LATITUDE,LONGITUDE,COUNTY,CITY,POINT_X,POINT_Y
7114188,2015,2015-11-18,3607,2015-10-14,0745,80508,45,3,5,6,3607,0,0,0,NA,0,021,PRINCETON ST,BERLYN AV,0,NA,Y,A,-,N,NA,NA,NA,NA,NA,NA,NA,NA,NA,N,3,0,1,2,A,-,09,21802,A,M,D,G,A,A,H,-,A,A,0,NA,Y,NA,NA,Y,Y,L,04,0,1,0,0,0,0,1,0,0,-,-,NA,NA,SAN BERNARDINO,ONTARIO,-117.63900001,34.07975002
7057798,2015,2015-11-20,9860,2015-08-07,1615,17919,NA,5,2,9,3600,0,3,5,NA,2,003,POTATO CANYON RD,OAK GLEN RD,2640,E,N,A,-,N,NA,NA,NA,NA,NA,NA,NA,NA,NA,Y,3,0,1,1,A,-,08,22107,NA,N,E,I,A,A,H,-,A,D,0,NA,NA,NA,NA,Y,NA,A,01,0,1,0,0,0,0,0,0,0,-,-,34.05461,-117.9757,SAN BERNARDINO,UNINCORPORATED,-116.96902096,34.05435689
7115004,2015,2015-11-10,3611,2015-09-25,2124,3009,UPD,5,5,5,3611,0,0,0,NA,0,002,SAN ANTONIO AV,FOOTHILL BL,0,NA,Y,A,-,N,NA,NA,NA,NA,NA,NA,NA,NA,NA,Y,4,0,2,2,A,-,09,21801,A,N,D,C,A,A,H,-,C,A,0,NA,NA,NA,NA,Y,NA,A,01,0,0,2,0,0,0,0,0,0,-,-,NA,NA,SAN BERNARDINO,UPLAND,-117.66079011,34.10697005
7115166,2015,2015-11-10,3611,2015-09-06,0847,2488,SVMC,7,5,5,3611,0,0,0,NA,0,001,SAN ANTONIO AV,16TH ST,0,NA,Y,A,-,N,NA,NA,NA,NA,NA,NA,NA,NA,NA,Y,3,0,2,2,A,-,12,21453,A,N,D,C,A,A,H,-,A,A,0,NA,NA,NA,NA,Y,NA,A,01,0,1,1,0,0,0,0,0,0,-,-,NA,NA,SAN BERNARDINO,UPLAND,-117.66086004,34.12151009
7115189,2015,2015-11-10,3611,2015-09-21,0924,1175,3611,1,5,5,3611,0,0,0,NA,0,002,BENSON AV,11TH ST,250,N,N,A,-,N,NA,NA,NA,NA,NA,NA,NA,NA,NA,Y,3,0,2,3,A,-,08,22107,NA,N,C,E,A,A,H,-,A,D,0,NA,NA,NA,NA,Y,NA,A,01,0,2,0,0,0,0,0,0,0,-,-,NA,NA,SAN BERNARDINO,UPLAND,-117.68088243,34.10395516
7116636,2015,2015-11-13,3600,2015-10-26,1923,D3381,VC067,1,5,5,3612,0,0,0,NA,0,VC6,AIR EXPRESS WY,PHANTOM ST WEST,0,NA,Y,A,-,N,NA,NA,NA,NA,NA,NA,NA,NA,NA,Y,3,0,2,1,A,-,08,22107,NA,N,F,I,A,A,H,-,C,A,0,NA,NA,NA,NA,Y,NA,A,01,0,2,0,0,0,0,0,0,0,-,-,NA,NA,SAN BERNARDINO,VICTORVILLE,-117.37686004,34.5722001
7057973,2015,2015-11-24,3600,2015-10-19,1826,S3852,RC052,1,5,6,3616,0,0,0,NA,0,003,ARROW RTE,VINEYARD,41,W,N,B,-,N,NA,NA,NA,NA,NA,NA,NA,NA,NA,N,4,0,1,2,A,-,03,22350,NA,N,C,C,A,A,H,-,C,A,0,NA,NA,NA,NA,Y,NA,A,01,0,0,1,0,0,0,0,0,0,-,-,NA,NA,SAN BERNARDINO,RANCHO CUCAMONGA,-117.61123507,34.09935
7116828,2015,2015-11-18,3607,2015-10-21,0958,80313,215,3,5,6,3607,0,0,0,NA,0,042,HAVEN AV,FRANCIS ST,0,NA,Y,A,-,N,NA,NA,NA,NA,NA,NA,NA,NA,NA,N,4,0,1,2,A,-,03,22350,NA,N,C,C,A,A,H,-,A,A,0,NA,NA,NA,NA,Y,NA,A,01,0,0,1,0,0,0,0,0,0,-,-,NA,NA,SAN BERNARDINO,ONTARIO,-117.57598012,34.0424401
7058391,2015,2015-10-10,3604,2015-09-01,0049,680,NA,2,5,6,3604,0,0,0,NA,0,NA,CITRUS,MERRILL,25,S,N,A,-,N,NA,NA,NA,NA,NA,NA,NA,NA,NA,Y,4,0,2,2,A,-,03,22350,NA,N,C,C,A,A,H,-,C,A,0,NA,NA,NA,NA,Y,NA,A,01,0,0,2,0,0,0,0,0,0,-,-,NA,NA,SAN BERNARDINO,FONTANA,-117.45368,34.0920015
7121219,2015,2016-04-20,3610,2015-10-26,1235,50734,NA,1,5,6,3610,0,0,0,NA,0,POLICE,N GUTHRIE ST,E 18TH ST,0,NA,Y,A,-,N,NA,NA,NA,NA,NA,NA,NA,NA,NA,Y,4,0,1,2,A,-,09,21802,A,N,D,C,A,A,H,-,A,A,0,NA,NA,NA,NA,Y,NA,D,22,0,0,1,0,0,0,0,0,0,-,-,NA,NA,SAN BERNARDINO,SAN BERNARDINO,-117.23973013,34.13062011
7121301,2015,2015-12-04,3600,2015-10-22,1156,D6902,TW004,4,5,3,3617,0,0,0,NA,0,TW1,ADOBE RD,SMITHS RANCH RD,0,NA,Y,A,-,N,NA,NA,NA,NA,NA,NA,NA,NA,NA,N,4,0,1,2,A,-,03,22350,NA,N,C,C,A,A,H,-,A,D,0,NA,NA,NA,NA,Y,NA,D,22,0,0,1,0,0,0,0,0,0,-,-,NA,NA,SAN BERNARDINO,TWENTYNINE PALMS,-116.05414012,34.17091005
7121429,2015,2015-12-04,3610,2015-10-19,2004,50625,NA,1,5,6,3610,0,0,0,NA,0,NA,NORTH WATERMAN AV,TEMPLE ST,48,S,N,A,-,N,NA,NA,NA,NA,NA,NA,NA,NA,NA,N,4,0,1,2,A,-,11,21954,A,F,A,B,D,A,H,-,C,D,0,Y,NA,NA,NA,Y,NA,N,60,0,0,1,0,1,0,0,0,0,-,-,34.11579,-117.2788,SAN BERNARDINO,SAN BERNARDINO,-117.27879,34.1165785
7121466,2015,2015-12-04,3610,2015-10-10,2110,50761,NA,6,5,6,3610,0,0,0,NA,0,POLICE,48TH ST,LITTLE MOUNTAIN DR,0,NA,Y,A,-,N,NA,NA,NA,NA,NA,NA,NA,NA,NA,Y,4,0,2,2,A,-,09,21801,A,N,A,C,A,A,H,-,C,A,0,NA,NA,NA,NA,Y,NA,A,01,0,0,2,0,0,0,0,0,0,-,-,NA,NA,SAN BERNARDINO,SAN BERNARDINO,-117.31482003,34.17175001
7121501,2015,2015-12-02,3600,2015-10-26,1539,E2868,TW005,1,5,3,3617,0,0,0,NA,0,TW1,ADOBE RD,CONDOR RD,27,S,N,A,-,N,NA,NA,NA,NA,NA,NA,NA,NA,NA,Y,4,0,2,2,A,-,12,21453,A,N,D,D,A,A,H,-,A,A,0,NA,NA,NA,NA,Y,NA,D,22,0,0,2,0,0,0,0,0,0,-,-,NA,NA,SAN BERNARDINO,TWENTYNINE PALMS,-116.05404,34.18831615
7121510,2015,2015-12-04,3610,2015-10-02,0608,50872,NA,5,5,6,3610,0,0,0,NA,0,CHARLI,ARDEN AV,RT 210,0,NA,Y,A,-,N,NA,NA,NA,NA,NA,NA,NA,NA,NA,Y,4,0,1,2,A,-,12,21453,A,N,A,C,A,A,H,-,A,A,0,NA,NA,NA,NA,Y,NA,A,01,0,0,1,0,0,0,0,0,0,-,-,NA,NA,SAN BERNARDINO,SAN BERNARDINO,-117.23493003,34.13557008
7123932,2015,2015-12-02,3610,2015-10-21,1529,50571,NA,3,5,6,3610,0,0,0,NA,0,POLICE,E BASELINE ST,WALL AV,127,E,N,A,-,N,NA,NA,NA,NA,NA,NA,NA,NA,NA,Y,4,0,1,2,B,-,22,NA,NA,N,B,C,A,A,H,-,A,D,0,NA,NA,NA,NA,Y,NA,-,-,0,0,1,0,0,0,0,0,0,-,-,34.12133,-117.28137,SAN BERNARDINO,SAN BERNARDINO,-117.28094167,34.12133
7123947,2015,2015-12-02,3610,2015-10-23,2025,50911,NA,5,5,6,3610,0,0,0,NA,0,POLICE,NORTH ARROWHEAD AV,MAGNOLIA AV,105,N,N,A,-,N,NA,NA,NA,NA,NA,NA,NA,NA,NA,N,3,0,1,2,A,-,11,21950,B,F,G,B,D,-,H,-,C,D,0,Y,NA,NA,NA,Y,NA,N,60,0,1,0,0,1,0,0,0,0,-,-,34.12669,-117.28965,SAN BERNARDINO,SAN BERNARDINO,-117.28966164,34.12700765
7123957,2015,2015-12-02,3610,2015-10-16,2330,50912,NA,5,5,6,3610,0,0,0,NA,0,POLICE,E BASELINE ST,N PEPPER TREE LN,42,E,N,A,-,N,NA,NA,NA,NA,NA,NA,NA,NA,NA,N,2,0,1,1,A,-,03,22350,NA,F,G,B,A,A,H,-,C,D,0,NA,NA,NA,NA,Y,NA,A,01,1,0,0,0,0,0,0,0,0,-,-,34.1214,-117.27478,SAN BERNARDINO,SAN BERNARDINO,-117.27470165,34.12133
7124700,2015,2015-12-01,3605,2015-11-10,1453,338,NA,2,5,4,3605,0,0,0,NA,0,NA,CENTRAL AV,PHILLIPS BL,10,N,N,A,-,N,NA,NA,NA,NA,NA,NA,NA,NA,NA,N,4,0,1,2,A,-,04,21703,NA,N,C,C,A,A,H,-,A,A,0,NA,NA,NA,NA,Y,NA,A,07,0,0,1,0,0,0,0,0,0,-,-,NA,NA,SAN BERNARDINO,MONTCLAIR,-117.68960948,34.0477574
7059067,2015,2016-12-10,9855,2015-06-01,0840,13860,NA,1,1,6,3607,0,1,1,NA,2,152,RT 15,RIVERSIDE CO LINE,1000,N,N,A,-,Y,SBD,8,15,-,-,0.19,H,-,S,Y,4,0,1,2,A,-,07,21658,A,N,B,C,A,A,H,-,A,D,1,NA,NA,Y,NA,Y,NA,A,01,0,0,1,0,0,0,0,0,1,-,-,NA,NA,SAN BERNARDINO,ONTARIO,-117.55044751,34.03628033
7126657,2015,2016-01-04,3600,2015-10-21,1556,E8290,AP023,3,5,5,3621,0,0,0,NA,0,NA,BASS HILL RD,WESTLUND WY,0,NA,Y,A,-,N,NA,NA,NA,NA,NA,NA,NA,NA,NA,Y,4,0,1,2,A,-,05,21650,NA,N,-,C,A,A,H,-,A,A,0,NA,NA,NA,NA,Y,NA,A,01,0,0,1,0,0,0,0,0,0,-,-,NA,NA,SAN BERNARDINO,APPLE VALLEY,-117.21972048,34.52783914
7126890,2015,2015-12-16,3600,2015-11-30,0543,F3078,VC043,1,5,5,3612,0,0,0,NA,0,VC1,D ST,11TH ST,100,E,N,A,G,N,NA,NA,NA,NA,NA,NA,NA,NA,NA,N,4,0,1,2,A,-,03,22350,NA,F,B,G,A,A,H,-,B,A,0,NA,Y,NA,NA,Y,NA,-,NA,0,0,1,0,0,0,1,0,0,-,-,NA,NA,SAN BERNARDINO,VICTORVILLE,-117.28934,34.53366
7126925,2015,2015-12-16,3600,2015-11-12,1637,D2561,VC067,4,5,5,3612,0,0,0,NA,0,NA,PHANTOM EAST ST,SHAY RD,0,NA,Y,A,-,N,NA,NA,NA,NA,NA,NA,NA,NA,NA,Y,4,0,1,2,A,-,08,22107,NA,N,D,C,A,A,H,-,B,A,0,NA,NA,NA,NA,Y,NA,-,NA,0,0,1,0,0,0,0,0,0,-,-,NA,NA,SAN BERNARDINO,VICTORVILLE,-117.34814012,34.57898003
7126937,2015,2015-12-16,3600,2015-11-08,0641,F6907,VC046,7,5,5,3612,0,0,0,NA,0,VC6,AIR EXPRESS WY,VILLAGE DR,0,NA,Y,A,-,N,NA,NA,NA,NA,NA,NA,NA,NA,NA,Y,4,0,2,2,A,-,12,21453,A,N,D,C,A,A,H,-,A,A,0,NA,NA,NA,NA,Y,NA,A,01,0,0,2,0,0,0,0,0,0,-,-,NA,NA,SAN BERNARDINO,VICTORVILLE,-117.34030011,34.56575001
7062199,2015,2015-11-20,9860,2015-08-16,1720,18905,NA,7,2,9,3600,0,3,5,NA,2,003,CALIFORNIA ST,PARK AV,115,S,N,B,-,N,NA,NA,NA,NA,NA,NA,NA,NA,NA,Y,4,0,1,4,A,-,03,22350,NA,N,C,C,A,A,H,-,A,A,0,NA,NA,NA,NA,Y,NA,A,01,0,0,1,0,0,0,0,0,0,-,-,34.05913,-117.22642,SAN BERNARDINO,UNINCORPORATED,-117.2262,34.05903498
7127503,2015,2015-12-29,3605,2015-12-05,1331,309,NA,6,5,4,3605,0,0,0,NA,0,NA,RAMONA AV,GRAND AV,0,NA,Y,A,-,N,NA,NA,NA,NA,NA,NA,NA,NA,NA,Y,4,0,1,2,A,-,03,22350,NA,N,D,C,A,A,H,-,A,A,0,NA,NA,NA,NA,Y,NA,A,01,0,0,1,0,0,0,0,0,0,-,-,NA,NA,SAN BERNARDINO,MONTCLAIR,-117.70674003,34.04852003
7043770,2015,2015-09-17,3605,2015-08-14,1604,233,NA,5,5,4,3605,0,0,0,NA,0,NA,CENTRAL AV,MORENO ST,0,NA,Y,A,-,N,NA,NA,NA,NA,NA,NA,NA,NA,NA,N,4,0,1,2,D,-,00,NA,NA,N,D,C,A,A,H,-,A,A,0,NA,NA,NA,NA,Y,NA,-,-,0,0,1,0,0,0,0,0,0,-,-,NA,NA,SAN BERNARDINO,MONTCLAIR,-117.68971002,34.0887701
7065159,2014,2015-09-17,9855,2014-12-23,1835,12993,NA,2,2,5,3611,0,1,1,NA,2,203,RT 210,CAMPUS AV,528,E,N,A,-,Y,NA,NA,210,NA,NA,NA,NA,NA,NA,N,4,0,2,2,A,-,03,22350,NA,N,C,C,A,A,H,-,D,D,0,NA,NA,NA,Y,Y,NA,F,26,0,0,2,0,0,0,0,0,0,-,-,34.13458,-117.63053,SAN BERNARDINO,UPLAND,-117.63053117,34.13474848
7045750,2015,2015-09-10,3600,2015-07-28,2043,D4677,CH024,2,5,5,3630,0,0,0,NA,0,001,PEYTON DR,OLYMPIC VIEW DR,1.5,N,N,A,-,N,NA,NA,NA,NA,NA,NA,NA,NA,NA,Y,4,0,1,2,A,-,00,21415,B,N,-,C,A,A,H,-,C,A,0,NA,NA,NA,NA,Y,NA,-,NA,0,0,1,0,0,0,0,0,0,-,-,NA,NA,SAN BERNARDINO,CHINO HILLS,-117.73656316,34.00549316
7132018,2015,2015-12-10,3605,2015-11-29,0025,369,NA,7,5,4,3605,0,0,0,NA,0,NA,MONTE VISTA AV,HOWARD ST,0,NA,Y,A,-,N,NA,NA,NA,NA,NA,NA,NA,NA,NA,Y,4,0,2,2,A,-,01,23152,A,N,D,C,A,A,H,-,D,A,0,NA,NA,NA,NA,Y,Y,A,01,0,0,2,0,0,0,0,0,0,-,-,NA,NA,SAN BERNARDINO,MONTCLAIR,-117.69812003,34.05216012
7045846,2015,2016-11-30,3600,2015-06-26,2140,F5102,AP014,5,5,5,3621,0,0,0,NA,0,AP2,RT 18,JOSHUA RD,0,NA,Y,A,-,Y,SBD,8,18,-,-,86.872,I,5,S,Y,4,0,1,1,C,-,18,NA,NA,N,H,J,A,A,H,-,D,A,0,NA,NA,NA,NA,Y,NA,-,-,0,0,1,0,0,0,0,0,0,-,-,NA,NA,SAN BERNARDINO,APPLE VALLEY,-117.15526197,34.5006146
7134777,2015,2016-02-09,3600,2015-11-27,1344,C4058,HI025,5,5,4,3618,0,0,0,NA,0,HI3,GOLD BUCKLE RD,GOLD BUCKLE RD 29324,0,NA,N,A,-,N,NA,NA,NA,NA,NA,NA,NA,NA,NA,Y,4,0,1,3,A,-,03,22350,NA,N,C,E,A,A,H,-,A,A,0,NA,NA,NA,NA,Y,NA,A,01,0,0,1,0,0,0,0,0,0,-,-,NA,NA,SAN BERNARDINO,HIGHLAND,-117.16448575,34.11112649
7135611,2015,2015-12-18,3609,2015-10-31,0834,1514,059,6,5,5,3609,0,0,0,NA,0,002,RIVERSIDE AV,CAMALIA ST,57,S,N,A,-,N,NA,NA,NA,NA,NA,NA,NA,NA,NA,Y,3,0,1,1,A,-,03,22350,NA,N,F,J,A,B,H,-,A,A,0,NA,NA,NA,NA,Y,NA,D,22,0,1,0,0,0,0,0,0,0,-,-,NA,NA,SAN BERNARDINO,RIALTO,-117.37165992,34.13901992
7137538,2015,2016-01-12,3603,2015-09-16,1233,CL4251,COLTO,3,5,4,3603,0,0,0,NA,0,004,WASHINGTON ST,COOLEY DR,0,NA,Y,B,-,N,NA,NA,NA,NA,NA,NA,NA,NA,NA,Y,4,0,2,2,A,-,12,21453,A,N,A,C,A,A,H,-,A,A,0,NA,NA,NA,NA,Y,NA,A,07,0,0,2,0,0,0,0,0,0,-,-,NA,NA,SAN BERNARDINO,COLTON,-117.29304008,34.04849003
7137908,2015,2016-01-04,3611,2015-09-15,1040,2297,3611,2,5,5,3611,0,0,0,NA,0,002,MOUNTAIN AV,8TH ST,120,N,N,B,C,N,NA,NA,NA,NA,NA,NA,NA,NA,NA,Y,4,0,1,1,A,-,03,22350,A,N,E,I,A,B,H,-,A,D,0,NA,NA,NA,NA,Y,NA,D,22,0,0,1,0,0,0,0,0,0,-,-,NA,NA,SAN BERNARDINO,UPLAND,-117.67023,34.09272698
7138082,2015,2015-12-21,3611,2015-10-07,0502,2893,NA,3,5,5,3611,0,0,0,NA,0,001,EUCLID AV,16TH ST,0,NA,Y,A,-,N,NA,NA,NA,NA,NA,NA,NA,NA,NA,Y,4,0,2,2,A,-,09,21453,C,N,B,C,A,A,H,-,C,A,0,NA,NA,NA,NA,Y,NA,A,01,0,0,2,0,0,0,0,0,0,-,-,NA,NA,SAN BERNARDINO,UPLAND,-117.65140013,34.12155006
7048965,2015,2017-01-20,3600,2015-08-09,2355,7130,HE301,7,5,5,3619,0,0,0,NA,0,NA,RT 395,MAIN ST,1584,S,N,A,-,Y,SBD,8,395,-,R,5.31,H,-,S,Y,4,0,1,1,A,-,03,22350,NA,N,F,-,A,A,H,-,D,A,0,NA,NA,NA,NA,Y,NA,A,01,0,0,1,0,0,0,0,0,0,-,-,NA,NA,SAN BERNARDINO,HESPERIA,-117.40032279,34.42234668
7138436,2015,2015-12-28,3610,2015-11-08,1745,50707,NA,7,5,6,3610,0,0,0,NA,0,POLICE,N DELROSA AV,E 3RD ST,0,NA,Y,A,-,N,NA,NA,NA,NA,NA,NA,NA,NA,NA,N,3,0,1,2,A,-,12,21453,A,N,G,G,A,A,H,-,C,A,0,NA,Y,NA,NA,Y,NA,L,04,0,1,0,0,0,0,1,0,0,-,-,NA,NA,SAN BERNARDINO,SAN BERNARDINO,-117.25131002,34.10454011
7138561,2015,2015-12-23,3610,2015-11-17,1157,50571,NA,2,5,6,3610,0,0,0,NA,0,POLICE,W KENDALL DR,ARROWHEAD AV,283,S,N,A,F,N,NA,NA,NA,NA,NA,NA,NA,NA,NA,N,3,0,1,1,A,-,08,22107,NA,N,E,I,A,A,H,-,A,D,0,NA,NA,NA,NA,Y,NA,A,01,0,1,0,0,0,0,0,0,0,-,-,34.15733,-117.29403,SAN BERNARDINO,SAN BERNARDINO,-117.29264259,34.15846383
7138629,2015,2015-12-23,3604,2015-11-26,0956,1043,NA,4,5,6,3604,0,0,0,NA,0,NA,SLOVER AV,CATAWBA AV,726,W,N,A,-,N,NA,NA,NA,NA,NA,NA,NA,NA,NA,N,3,0,1,2,A,-,09,21804,A,N,D,C,A,A,H,-,A,D,0,NA,NA,NA,NA,Y,NA,A,08,0,1,0,0,0,0,0,0,0,-,-,NA,NA,SAN BERNARDINO,FONTANA,-117.46054019,34.0629877
7138637,2015,2015-12-23,3604,2015-11-18,0805,948,NA,3,5,6,3604,0,0,0,NA,0,NA,CYPRESS AV,VALLEY BL,21,N,N,A,-,N,NA,NA,NA,NA,NA,NA,NA,NA,NA,NA,4,0,3,2,A,-,03,22350,NA,N,C,C,A,A,H,-,A,A,0,NA,NA,NA,NA,Y,NA,A,07,0,0,3,0,0,0,0,0,0,-,-,NA,NA,SAN BERNARDINO,FONTANA,-117.44438962,34.07040754
7139193,2015,2016-02-08,3600,2015-11-20,1150,D2004,YV16,5,5,3,3631,0,0,0,NA,0,023,PALOMAR AV,DELANO TR,64,S,N,A,-,N,NA,NA,NA,NA,NA,NA,NA,NA,NA,N,3,0,1,1,C,-,18,NA,NA,N,E,I,A,A,H,-,A,A,0,NA,NA,NA,NA,Y,NA,-,-,0,1,0,0,0,0,0,0,0,-,-,NA,NA,SAN BERNARDINO,YUCCA VALLEY,-116.38997269,34.11687282
7141224,2015,2016-02-22,3609,2015-11-04,1453,2493,168,3,5,5,3609,0,0,0,NA,0,003,LARCH AV,WOODCREST AV,9,S,N,A,-,N,NA,NA,NA,NA,NA,NA,NA,NA,NA,N,4,0,4,2,A,-,08,22107,NA,N,D,D,A,A,H,-,A,D,0,NA,NA,NA,NA,Y,NA,-,-,0,0,4,0,0,0,0,0,0,-,-,34.0877,-117.4066,SAN BERNARDINO,RIALTO,-117.39212019,34.08079534
7144653,2015,2016-02-09,3600,2015-11-22,0802,E3903,AP008,7,5,5,3621,0,0,0,NA,0,AP3,BEARVALLEY RD,KIOWA RD,0,NA,Y,A,-,N,NA,NA,NA,NA,NA,NA,NA,NA,NA,N,4,0,1,2,A,-,10,21950,A,N,G,B,B,A,H,-,A,A,0,Y,NA,NA,NA,Y,NA,-,-,0,0,1,0,1,0,0,0,0,-,-,NA,NA,SAN BERNARDINO,APPLE VALLEY,-117.20773,34.47144006
7146704,2015,2016-01-04,3604,2015-11-19,0715,948,NA,4,5,6,3604,0,0,0,NA,0,NA,VALLEY BL,HEALTHCARE PKWY,195,W,N,A,-,N,NA,NA,NA,NA,NA,NA,NA,NA,NA,Y,4,0,1,1,A,-,01,23152,A,N,E,I,A,A,H,-,A,A,0,NA,NA,NA,NA,Y,Y,A,07,0,0,1,0,0,0,0,0,0,-,-,NA,NA,SAN BERNARDINO,FONTANA,-117.42997201,34.070394
7148996,2015,2016-02-01,3605,2015-12-21,2152,318,NA,1,5,4,3605,0,0,0,NA,0,NA,MISSION BL,RAMONA AV,0,NA,Y,C,-,N,NA,NA,NA,NA,NA,NA,NA,NA,NA,Y,3,0,3,2,A,-,12,21453,A,N,D,C,A,B,H,-,C,A,0,NA,NA,NA,NA,Y,NA,A,01,0,1,2,0,0,0,0,0,0,-,-,NA,NA,SAN BERNARDINO,MONTCLAIR,-117.70691013,34.05604008
7150113,2015,2016-01-11,3604,2015-12-08,0752,678,NA,2,5,6,3604,0,0,0,NA,0,NA,BASELINE AV,ALDER AV,164,W,N,A,-,N,NA,NA,NA,NA,NA,NA,NA,NA,NA,Y,3,0,1,2,A,-,08,22107,NA,N,D,C,A,A,H,-,A,A,0,NA,NA,NA,NA,Y,NA,A,01,0,1,0,0,0,0,0,0,0,-,-,NA,NA,SAN BERNARDINO,FONTANA,-117.4189403,34.12133
7150703,2015,2016-02-20,3600,2015-12-18,1734,E5343,HE402,5,5,5,3619,0,0,0,NA,0,HE2,MAIN ST,E AV,315,W,N,A,-,N,NA,NA,NA,NA,NA,NA,NA,NA,NA,Y,4,0,1,2,A,-,03,22350,NA,N,C,C,A,A,H,-,C,A,0,NA,NA,NA,NA,Y,NA,A,07,0,0,1,0,0,0,0,0,0,-,-,NA,NA,SAN BERNARDINO,HESPERIA,-117.29356509,34.42037159
7150947,2015,2016-01-12,3603,2015-10-13,2000,CL4709,COLTO,2,5,4,3603,0,0,0,NA,0,004,MT VERNON AV,CENTREPOINTE DR,0,NA,Y,A,-,N,NA,NA,NA,NA,NA,NA,NA,NA,NA,N,4,0,1,2,A,-,05,21650,1,N,A,G,A,-,H,-,C,A,0,NA,Y,NA,NA,Y,Y,L,04,0,0,1,0,0,0,1,0,0,-,-,NA,NA,SAN BERNARDINO,COLTON,-117.30925004,34.04992011
7154807,2015,2016-01-09,3602,2015-12-02,1031,1127,NA,3,5,5,3602,0,0,0,NA,0,002,JEFFERSON ST,10TH ST,0,NA,Y,A,-,N,NA,NA,NA,NA,NA,NA,NA,NA,NA,N,4,0,2,2,A,-,09,21801,A,N,D,C,A,A,H,-,A,A,0,NA,NA,NA,NA,Y,NA,A,01,0,0,2,0,0,0,0,0,0,-,-,NA,NA,SAN BERNARDINO,CHINO,-117.68684008,34.02467007
7155092,2015,2017-02-04,3600,2015-12-21,0533,F2746,VC069,1,5,5,3612,0,0,0,NA,0,VC4,RT 395,LUNAR RD,0,NA,Y,A,-,Y,SBD,8,395,-,-,10.12,H,-,N,Y,2,0,2,3,A,-,01,23153,A,N,A,C,A,A,H,-,B,A,0,NA,NA,NA,NA,Y,Y,A,01,1,0,1,0,0,0,0,0,0,-,-,NA,NA,SAN BERNARDINO,VICTORVILLE,-117.39950008,34.49185095
7155836,2015,2016-01-19,3600,2015-12-24,1521,B3501,RC069,4,5,6,3616,0,0,0,NA,0,RC3,WARDMAN BULLOCK RD,PARKVIEW PL,0,NA,Y,A,-,N,NA,NA,NA,NA,NA,NA,NA,NA,NA,Y,3,0,1,2,A,-,09,21802,A,N,D,C,A,A,H,-,A,A,0,NA,NA,NA,NA,Y,NA,A,01,0,1,0,0,0,0,0,0,0,-,-,NA,NA,SAN BERNARDINO,RANCHO CUCAMONGA,-117.50071,34.1468801
7156286,2015,2016-01-25,3607,2015-10-19,0740,80482,152,1,5,6,3607,0,0,0,NA,0,051,BENSON AV,MISSION BL,50,S,N,A,-,N,NA,NA,NA,NA,NA,NA,NA,NA,NA,Y,4,0,1,2,A,-,03,22350,NA,N,C,C,A,A,H,-,A,A,0,NA,NA,NA,NA,Y,NA,-,NA,0,0,1,0,0,0,0,0,0,-,-,NA,NA,SAN BERNARDINO,ONTARIO,-117.6808,34.05590296
7156365,2015,2016-01-29,3610,2015-12-12,1409,50481,NA,6,5,6,3610,0,0,0,NA,0,DAVID,SOUTH WATERMAN AV,S WATERMAN AV 1930,0,NA,Y,A,-,N,NA,NA,NA,NA,NA,NA,NA,NA,NA,N,4,0,1,1,A,-,-,NA,NA,N,H,A,A,A,H,-,A,D,0,NA,NA,NA,NA,Y,NA,D,22,0,0,1,0,0,0,0,0,0,-,-,34.06618,-117.2792,SAN BERNARDINO,SAN BERNARDINO,-117.27884531,34.06613717
7156371,2015,2016-04-20,3610,2015-12-01,1127,50469,NA,2,5,6,3610,0,0,0,NA,0,POLICE,MT VIEW AV,CENTRAL AV,18,S,N,A,-,N,NA,NA,NA,NA,NA,NA,NA,NA,NA,Y,2,0,1,2,A,-,08,22100,A,N,D,C,A,A,G,-,A,D,0,NA,NA,Y,Y,Y,NA,G,25,1,0,0,0,0,0,0,0,1,-,-,NA,NA,SAN BERNARDINO,SAN BERNARDINO,-117.24370941,34.08582069
7156861,2015,2016-01-21,3600,2015-12-11,1936,B7126,AP018,5,5,5,3621,0,0,0,NA,0,NA,BEAR VALLEY RD,NAVAJO RD,0,NA,Y,A,-,N,NA,NA,NA,NA,NA,NA,NA,NA,NA,N,3,0,1,2,A,-,11,21456,B,N,G,B,B,A,H,-,C,A,0,Y,NA,NA,NA,Y,Y,N,60,0,1,0,0,1,0,0,0,0,-,-,NA,NA,SAN BERNARDINO,APPLE VALLEY,-117.19017002,34.47150003
7157180,2015,2016-01-23,3605,2015-12-31,1655,336,NA,4,5,4,3605,0,0,0,NA,0,NA,BENSON AV,SAN BERNARDINO ST,42,N,N,A,-,N,NA,NA,NA,NA,NA,NA,NA,NA,NA,Y,3,0,1,2,A,-,03,22350,NA,N,C,E,A,A,H,-,B,A,0,NA,NA,NA,NA,Y,NA,A,01,0,1,0,0,0,0,0,0,0,-,-,NA,NA,SAN BERNARDINO,MONTCLAIR,-117.68081237,34.0778851