CASE_ID,ACCIDENT_YEAR,PROC_DATE,JURIS,COLLISION_DATE,COLLISION_TIME,OFFICER_ID,REPORTING_DISTRICT,DAY_OF_WEEK,CHP_SHIFT,POPULATION,CNTY_CITY_LOC,SPECIAL_COND,BEAT_TYPE,CHP_BEAT_TYPE,CITY_DIVISION_LAPD,CHP_BEAT_CLASS,BEAT_NUMBER,PRIMARY_RD,SECONDARY_RD,DISTANCE,DIRECTION,INTERSECTION,WEATHER_1,WEATHER_2,STATE_HWY_IND,CALTRANS_COUNTY,CALTRANS_DISTRICT,STATE_ROUTE,ROUTE_SUFFIX,POSTMILE_PREFIX,POSTMILE,LOCATION_TYPE,RAMP_INTERSECTION,SIDE_OF_HWY,TOW_AWAY,COLLISION_SEVERITY,NUMBER_KILLED,NUMBER_INJURED,PARTY_COUNT,PRIMARY_COLL_FACTOR,PCF_CODE_OF_VIOL,PCF_VIOL_CATEGORY,PCF_VIOLATION,PCF_VIOL_SUBSECTION,HIT_AND_RUN,TYPE_OF_COLLISION,MVIW,PED_ACTION,ROAD_SURFACE,ROAD_COND_1,ROAD_COND_2,LIGHTING,CONTROL_DEVICE,CHP_ROAD_TYPE,PEDESTRIAN_ACCIDENT,BICYCLE_ACCIDENT,MOTORCYCLE_ACCIDENT,TRUCK_ACCIDENT,NOT_PRIVATE_PROPERTY,ALCOHOL_INVOLVED,STWD_VEHTYPE_AT_FAULT,CHP_VEHTYPE_AT_FAULT,COUNT_SEVERE_INJ,COUNT_VISIBLE_INJ,COUNT_COMPLAINT_PAIN,COUNT_PED_KILLED,COUNT_PED_INJURED,COUNT_BICYCLIST_KILLED,COUNT_BICYCLIST_INJURED,COUNT_MC_KILLED,COUNT_MC_INJURED,PRIMARY_RAMP,SECONDARY_RAMP,LATITUDE,LONGITUDE,COUNTY,CITY,POINT_X,POINT_Y
8404858,2018,2018-07-25,3608,2018-01-07,1512,4761,NA,7,5,5,3608,0,0,0,NA,0,NA,E PIONEER AV,KINGSBURY DR,308,W,N,A,-,N,NA,NA,NA,NA,NA,NA,NA,NA,NA,Y,1,1,0,2,D,-,00,NA,NA,N,C,C,A,A,H,-,A,D,0,NA,NA,NA,NA,Y,NA,-,-,0,0,0,0,0,0,0,0,0,-,-,NA,NA,SAN BERNARDINO,REDLANDS,-117.17574310302734,34.08082580566406
8406401,2017,2017-08-04,3610,2017-06-22,1033,50266,NA,4,5,6,3610,0,0,0,NA,0,NA,CALIFORNIA ST,20TH ST,60,N,N,A,-,N,NA,NA,NA,NA,NA,NA,NA,NA,NA,Y,4,0,1,2,A,-,08,22107,NA,N,E,E,A,A,H,-,-,D,0,NA,NA,NA,NA,Y,NA,A,01,0,0,1,0,0,0,0,0,0,-,-,NA,NA,SAN BERNARDINO,SAN BERNARDINO,-117.33111,34.13341438
8407851,2017,2018-03-28,3608,2017-06-13,1640,4117,NA,2,5,5,3608,0,0,0,NA,0,NA,ALABAMA ST,RT 10,0,NA,Y,A,-,Y,SBD,8,10,-,-,29.687,R,4,W,N,4,0,1,2,A,-,12,21453,A,N,D,C,A,A,H,-,A,A,0,NA,NA,NA,NA,Y,NA,A,01,0,0,1,0,0,0,0,0,0,-,-,NA,NA,SAN BERNARDINO,REDLANDS,-117.20255993,34.06640318
8407855,2017,2017-07-26,3608,2017-06-29,1851,3821,NA,4,5,5,3608,0,0,0,NA,0,NA,COLTON AV,LINCOLN ST,0,NA,Y,A,-,N,NA,NA,NA,NA,NA,NA,NA,NA,NA,Y,3,0,2,2,A,-,09,21802,A,N,D,C,A,A,H,-,A,A,0,NA,NA,NA,NA,Y,NA,A,01,0,1,1,0,0,0,0,0,0,-,-,NA,NA,SAN BERNARDINO,REDLANDS,-117.15199011,34.06281002
8410870,2017,2017-07-25,3600,2017-04-08,1145,F5107,AD104,6,5,3,3613,0,0,0,NA,0,AD1,JONATHAN ST,WHITE AV,0,NA,Y,A,-,N,NA,NA,NA,NA,NA,NA,NA,NA,NA,N,4,0,1,2,A,-,09,21800,A,N,D,C,A,A,H,-,A,A,0,NA,NA,NA,NA,Y,Y,A,01,0,0,1,0,0,0,0,0,0,-,-,NA,NA,SAN BERNARDINO,ADELANTO,-117.40957009,34.58466003
8411066,2017,2017-07-24,3610,2017-06-30,0925,50681,NA,5,5,6,3610,0,0,0,NA,0,ADAM,S EUCALYPTUS AV,RANDALL,18,N,N,A,-,N,NA,NA,NA,NA,NA,NA,NA,NA,NA,Y,3,0,1,1,A,-,08,22107,NA,N,E,I,A,A,H,-,A,-,0,NA,NA,NA,NA,Y,NA,A,01,0,1,0,0,0,0,0,0,0,-,-,34.08503,-117.35723,SAN BERNARDINO,SAN BERNARDINO,-117.35723,34.08502932
8412265,2017,2017-07-25,3610,2017-06-30,0445,51087,NA,5,5,6,3610,0,0,0,NA,0,POLICE,W MILL ST,SOUTH K ST,459,W,N,A,-,N,NA,NA,NA,NA,NA,NA,NA,NA,NA,Y,4,0,1,2,A,-,08,22107,NA,N,A,C,A,A,H,-,B,D,0,NA,NA,NA,NA,Y,NA,A,01,0,0,1,0,0,0,0,0,0,-,-,34.09214,-117.31381,SAN BERNARDINO,SAN BERNARDINO,-117.30915145,34.09214968
8413301,2017,2018-05-18,3600,2017-07-04,1629,F1596,RC046,2,5,6,3616,0,0,0,NA,0,001,CARNELIAN ST,RT 210,0,S,N,A,-,N,NA,NA,NA,NA,NA,NA,NA,NA,NA,Y,4,0,1,2,A,-,09,21804,A,N,D,C,A,A,H,-,A,A,0,NA,NA,NA,NA,Y,NA,A,01,0,0,1,0,0,0,0,0,0,-,EO,NA,NA,SAN BERNARDINO,RANCHO CUCAMONGA,-117.61625005,34.13508008
8414027,2017,2017-08-10,3610,2017-07-18,2119,50756,NA,2,5,6,3610,0,0,0,NA,0,CHARLI,WEST MAGNOLIA AV,NORTH SIERRA WY,0,NA,Y,A,-,N,NA,NA,NA,NA,NA,NA,NA,NA,NA,Y,4,0,1,1,A,-,01,23152,A,N,E,I,A,D,H,-,C,D,0,NA,NA,NA,NA,Y,NA,A,01,0,0,1,0,0,0,0,0,0,-,-,34.12672,-117.28514,SAN BERNARDINO,SAN BERNARDINO,-117.28515013,34.12670008
8414353,2017,2017-09-18,3605,2017-09-03,1515,397,NA,7,5,4,3605,0,0,0,NA,0,NA,CENTRAL AV,HOLT BL,54,N,N,B,-,N,NA,NA,NA,NA,NA,NA,NA,NA,NA,N,3,0,4,2,A,-,01,23152,A,F,C,C,A,A,H,-,A,A,0,NA,NA,NA,NA,Y,Y,A,01,0,1,3,0,0,0,0,0,0,-,-,NA,NA,SAN BERNARDINO,MONTCLAIR,-117.68973648,34.06343798
8414397,2017,2017-09-27,3604,2017-08-14,0946,678,FONTA,1,5,6,3604,0,0,0,NA,0,NA,POPLAR AV,SANTA ANA,619,N,N,A,-,N,NA,NA,NA,NA,NA,NA,NA,NA,NA,Y,3,0,4,2,A,-,05,21650,A,N,D,C,A,A,H,-,A,D,0,NA,NA,NA,Y,Y,NA,A,01,0,1,3,0,0,0,0,0,0,-,-,NA,NA,SAN BERNARDINO,FONTANA,-117.46258123,34.05739605
8414468,2017,2017-09-19,3610,2017-08-31,1735,50700,NA,4,5,6,3610,0,0,0,NA,0,ADAM,WEST RIALTO AV,SOUTH RANCHO AV,0,NA,Y,B,C,N,NA,NA,NA,NA,NA,NA,NA,NA,NA,Y,4,0,1,4,A,-,09,21801,A,N,D,C,A,B,H,-,A,A,0,NA,NA,NA,NA,Y,NA,A,07,0,0,1,0,0,0,0,0,0,-,-,34.0997,-117.33299,SAN BERNARDINO,SAN BERNARDINO,-117.33302008,34.09968007
8414486,2017,2017-09-22,3610,2017-08-31,0200,51087,NA,4,5,6,3610,0,0,0,NA,0,POLICE,N PEPPER AV,W RIALTO ST,0,NA,Y,A,-,N,NA,NA,NA,NA,NA,NA,NA,NA,NA,Y,4,0,1,2,A,-,01,23152,A,N,D,C,A,A,H,-,C,A,0,NA,NA,NA,NA,Y,Y,A,01,0,0,1,0,0,0,0,0,0,-,-,34.09954,-117.35292,SAN BERNARDINO,SAN BERNARDINO,-117.35289007,34.09953007
8414759,2017,2017-10-05,3611,2017-07-13,1330,2488,3611,4,5,5,3611,0,0,0,NA,0,002,MOUNTAIN AV,8TH ST,70,N,N,A,-,N,NA,NA,NA,NA,NA,NA,NA,NA,NA,Y,4,0,2,4,A,-,03,22350,NA,N,C,C,A,A,H,-,A,A,0,NA,NA,NA,NA,Y,NA,A,07,0,0,2,0,0,0,0,0,0,-,-,NA,NA,SAN BERNARDINO,UPLAND,-117.67022998,34.09258994
8415924,2017,2017-12-06,3600,2017-10-27,1815,F8247,AP009,5,5,5,3621,0,0,0,NA,0,AP3,APPLE VALLEY RD,OTTAWA RD,0,NA,Y,A,-,N,NA,NA,NA,NA,NA,NA,NA,NA,NA,Y,2,0,3,2,A,-,09,21801,A,N,D,C,A,A,G,-,C,D,0,NA,NA,NA,NA,Y,NA,A,01,1,2,0,0,0,0,0,0,0,-,-,NA,NA,SAN BERNARDINO,APPLE VALLEY,-117.24251,34.4930101
8415928,2017,2017-12-06,3600,2017-10-23,0737,G6208,AP003,1,5,5,3621,0,0,0,NA,0,AP1,ZUNI RD,SERRANO RD,0,NA,Y,A,-,N,NA,NA,NA,NA,NA,NA,NA,NA,NA,Y,4,0,1,2,A,-,09,21802,A,N,-,C,A,A,H,-,A,A,0,NA,NA,NA,NA,Y,NA,A,01,0,0,1,0,0,0,0,0,0,-,-,NA,NA,SAN BERNARDINO,APPLE VALLEY,-117.22180003,34.53677009
8417208,2017,2018-03-28,3600,2017-05-01,1835,W2673,YC407,1,5,4,3640,0,0,0,NA,0,YC3,RT 10,LIVE OAK CANYON RD,2640,W,N,A,-,N,NA,NA,NA,NA,NA,NA,NA,NA,NA,Y,2,0,2,1,A,-,01,23152,A,N,F,I,A,A,H,-,A,D,0,NA,NA,NA,NA,Y,Y,-,NA,1,0,1,0,0,0,0,0,0,-,-,NA,NA,SAN BERNARDINO,YUCAIPA,-117.10304052,34.02097408
8417526,2017,2017-08-01,3605,2017-06-14,2222,355,NA,3,5,4,3605,0,0,0,NA,0,NA,STATE ST,SILICON AV,92,W,N,A,-,N,NA,NA,NA,NA,NA,NA,NA,NA,NA,N,3,0,1,1,A,-,01,23152,A,N,E,I,A,A,H,-,C,D,0,NA,NA,NA,NA,Y,Y,A,01,0,1,0,0,0,0,0,0,0,-,-,NA,NA,SAN BERNARDINO,MONTCLAIR,-117.7148229,34.05952434
8418484,2017,2017-07-26,3607,2017-06-28,2157,80506,74,3,5,6,3607,0,0,0,NA,0,041,SHELBY ST,LOTUS AV,600,W,N,A,-,N,NA,NA,NA,NA,NA,NA,NA,NA,NA,Y,4,0,1,1,A,-,08,22107,NA,N,F,A,A,A,H,-,C,D,0,NA,NA,Y,NA,Y,NA,C,02,0,0,1,0,0,0,0,0,1,-,-,NA,NA,SAN BERNARDINO,ONTARIO,-117.57975567,34.07015279
8418588,2017,2017-11-21,3600,2017-07-05,1812,E7444,HI023,3,5,4,3618,0,0,0,NA,0,HI3,HIGHLAND AV,NOYES AV,0,NA,Y,A,-,N,NA,NA,NA,NA,NA,NA,NA,NA,NA,Y,4,0,1,2,A,-,03,22350,NA,N,C,C,A,A,H,-,A,D,0,NA,NA,NA,NA,Y,NA,A,01,0,0,1,0,0,0,0,0,0,-,-,NA,NA,SAN BERNARDINO,HIGHLAND,-117.17026013,34.12910001
8418605,2017,2017-07-28,3600,2017-06-21,2121,F6910,HI002,3,5,4,3618,0,0,0,NA,0,HI1,9TH ST,STERLING AV,216,W,N,A,-,N,NA,NA,NA,NA,NA,NA,NA,NA,NA,Y,4,0,1,2,A,-,03,22350,NA,N,C,C,A,A,H,-,C,D,0,NA,NA,NA,NA,Y,NA,-,NA,0,0,1,0,0,0,0,0,0,-,-,NA,NA,SAN BERNARDINO,HIGHLAND,-117.2443714,34.11572314
8419505,2017,2017-08-03,3602,2017-06-10,1548,3678,NA,6,5,5,3602,0,0,0,NA,0,003,MONTE VISTA AV,SCHAEFER AV,384,N,N,A,-,N,NA,NA,NA,NA,NA,NA,NA,NA,NA,N,4,0,1,2,A,-,08,22105,NA,N,D,C,A,A,H,-,A,D,0,NA,NA,NA,NA,Y,Y,A,01,0,0,1,0,0,0,0,0,0,-,-,NA,NA,SAN BERNARDINO,CHINO,-117.69788815,34.00551238
8422012,2017,2017-08-09,3611,2017-04-18,1011,2325,3611,2,5,5,3611,0,0,0,NA,0,001,MOUNTAIN AV,13TH ST,44,S,N,A,-,N,NA,NA,NA,NA,NA,NA,NA,NA,NA,Y,4,0,1,2,A,-,08,22100,A,N,C,C,A,A,H,-,A,A,0,NA,NA,NA,NA,Y,NA,D,22,0,0,1,0,0,0,0,0,0,-,-,NA,NA,SAN BERNARDINO,UPLAND,-117.67032,34.11044941
8422068,2017,2017-08-08,3608,2017-07-14,1833,4388,NA,5,5,5,3608,0,0,0,NA,0,NA,NEW YORK ST,COLTON AV,795,S,N,A,-,N,NA,NA,NA,NA,NA,NA,NA,NA,NA,Y,2,0,5,2,A,-,03,22350,NA,N,A,C,A,A,H,-,A,D,0,NA,NA,NA,NA,Y,NA,A,01,1,1,3,0,0,0,0,0,0,-,-,NA,NA,SAN BERNARDINO,REDLANDS,-117.1951,34.06244
8428729,2017,2017-08-23,3610,2017-07-25,2019,50749,NA,2,5,6,3610,0,0,0,NA,0,DAVID,WEST 5TH ST,NORTH E ST,0,NA,Y,A,-,N,NA,NA,NA,NA,NA,NA,NA,NA,NA,Y,3,0,1,2,A,-,12,21453,A,N,D,C,A,A,H,-,C,A,0,NA,NA,NA,NA,Y,NA,A,01,0,1,0,0,0,0,0,0,0,-,-,34.10832,-117.29415,SAN BERNARDINO,SAN BERNARDINO,-117.29414009,34.10831004
8428790,2017,2017-08-22,3610,2017-07-24,1527,50266,NA,1,5,6,3610,0,0,0,NA,0,ADAM,WEST 27TH ST,LINCOLN DR,110,E,N,B,-,N,NA,NA,NA,NA,NA,NA,NA,NA,NA,N,3,0,1,2,A,-,03,22350,NA,N,E,E,A,A,H,-,-,D,0,NA,NA,NA,NA,Y,NA,A,01,0,1,0,0,0,0,0,0,0,-,-,NA,NA,SAN BERNARDINO,SAN BERNARDINO,-117.30507767,34.1406529
8429968,2017,2018-06-19,3609,2017-07-08,0407,9252,192,6,5,5,3609,0,0,0,NA,0,004,RIVERSIDE AV,RT 10,0,NA,Y,A,-,Y,SBD,8,10,-,-,20.137,R,4,W,N,4,0,1,2,A,-,05,21650,1,N,D,G,A,A,H,-,C,A,0,NA,Y,NA,NA,Y,NA,D,22,0,0,1,0,0,0,1,0,0,-,WF,34.0693,-117.37004,SAN BERNARDINO,RIALTO,-117.36742105,34.06891412
8430289,2017,2017-08-24,3610,2017-07-21,1220,50911,NA,5,5,6,3610,0,0,0,NA,0,POLICE,N PICO ST,9TH ST,32,N,N,A,-,N,NA,NA,NA,NA,NA,NA,NA,NA,NA,Y,3,0,1,1,A,-,03,22350,NA,N,A,I,A,A,H,-,A,D,0,NA,NA,NA,NA,Y,NA,A,01,0,1,0,0,0,0,0,0,0,-,-,34.11615,-117.31642,SAN BERNARDINO,SAN BERNARDINO,-117.31625086,34.11585766
8431148,2017,2017-09-29,3609,2017-07-26,0950,2493,138,3,5,5,3609,0,0,0,NA,0,003,CACTUS AV,MERRILL AV,0,NA,Y,A,-,N,NA,NA,NA,NA,NA,NA,NA,NA,NA,Y,4,0,1,2,A,-,12,21453,A,N,-,C,A,A,-,-,A,A,0,NA,NA,NA,NA,Y,NA,A,01,0,0,1,0,0,0,0,0,0,-,-,34.09231,-117.38349,SAN BERNARDINO,RIALTO,-117.38344012,34.09225005
8431661,2017,2017-09-23,3607,2017-06-30,1330,15021,223,5,5,6,3607,0,0,0,NA,0,052,PHILADELPHIA,PALMETTO,5,W,N,A,-,N,NA,NA,NA,NA,NA,NA,NA,NA,NA,N,4,0,3,2,A,-,03,22350,NA,N,-,C,A,A,H,-,A,A,0,NA,NA,NA,NA,Y,NA,-,NA,0,0,3,0,0,0,0,0,0,-,-,NA,NA,SAN BERNARDINO,ONTARIO,-117.66767646,34.03371
8431747,2017,2017-09-25,3608,2017-08-04,2056,4117,NA,5,5,5,3608,0,0,0,NA,0,NA,CITRUS AV,9TH ST,241,E,N,A,-,N,NA,NA,NA,NA,NA,NA,NA,NA,NA,Y,4,0,1,2,A,-,03,22350,NA,N,B,C,A,A,H,-,C,A,0,NA,NA,NA,NA,Y,NA,A,01,0,0,1,0,0,0,0,0,0,-,-,NA,NA,SAN BERNARDINO,REDLANDS,-117.17643698,34.05552
8432375,2017,2017-08-22,3609,2017-07-29,1929,2072,3609,6,5,5,3609,0,0,0,NA,0,003,RANDALL AV,LARCH AV,0,NA,Y,A,-,N,NA,NA,NA,NA,NA,NA,NA,NA,NA,NA,4,0,1,3,A,-,12,22450,A,N,D,C,A,A,H,-,A,A,0,NA,NA,NA,NA,Y,NA,A,01,0,0,1,0,0,0,0,0,0,-,-,NA,NA,SAN BERNARDINO,RIALTO,-117.3921101,34.08496001
8432435,2017,2018-06-19,3600,2017-07-03,1157,C4462,VC042,1,5,5,3612,0,0,0,NA,0,VC1,MOJAVE DR,RT 15,0,NA,Y,A,-,Y,SBD,8,15,-,-,42.16,R,4,N,Y,4,0,1,2,A,-,08,22107,NA,F,B,C,A,A,A,-,A,A,0,NA,NA,NA,NA,Y,NA,-,NA,0,0,1,0,0,0,0,0,0,-,-,NA,NA,SAN BERNARDINO,VICTORVILLE,-117.31465667,34.53082501
8432437,2017,2017-08-22,3609,2017-07-25,1525,8510,073,2,5,5,3609,0,0,0,NA,0,001,AYALA DR,RENAISSANCE PKWY,0,NA,Y,A,-,N,NA,NA,NA,NA,NA,NA,NA,NA,NA,Y,3,0,2,2,A,-,09,21453,C,N,A,C,A,A,H,-,A,A,0,NA,NA,NA,NA,Y,NA,A,07,0,2,0,0,0,0,0,0,0,-,-,34.13351,-117.39225,SAN BERNARDINO,RIALTO,-117.39234009,34.13355002
84359081,2024,2024-08-19,3609,2024-08-05,726,01323,NA,1,5,5,3609,0,0,0,NA,0,004,RIVERSIDE AVE,RANDALL AVE,0,NA,Y,A,-,N,NA,NA,NA,NA,NA,NA,NA,NA,NA,Y,4,0,1,2,A,-,09,21453,C,N,D,C,A,A,D,-,A,A,0,NA,NA,NA,NA,Y,NA,A,01,0,0,1,0,0,0,0,0,0,-,-,34.08517074584961,-117.37001037597656,SAN BERNARDINO,RIALTO,-117.37033081054688,34.08498001098633
84361045,2024,2024-08-20,3602,2024-07-29,2251,4170,NA,1,5,5,3602,0,0,0,NA,0,003,EUCLID AVENUE (17400 BLOCK),POMONA RINCON ROAD,18,N,N,A,-,Y,SBD,NA,83,NA,NA,0.57,H,NA,R,N,3,0,1,1,A,-,03,22350,NA,N,F,A,A,A,H,-,D,D,0,NA,NA,Y,NA,Y,NA,C,02,0,1,0,0,0,0,0,0,1,-,-,33.93516159057617,-117.65608215332033,SAN BERNARDINO,CHINO,-117.65618896484376,33.935184478759766
84366720,2024,2024-08-23,3602,2024-08-05,552,4322,NA,1,5,5,3602,0,0,0,NA,0,003,EL PRADO RD,KIMBALL AVE,50,N,N,A,-,N,NA,NA,NA,NA,NA,NA,NA,NA,NA,Y,3,0,1,2,A,-,04,21703,NA,N,C,C,A,A,H,-,A,D,0,NA,NA,NA,NA,Y,NA,A,01,0,1,0,0,0,0,0,0,0,-,-,NA,NA,SAN BERNARDINO,CHINO,-117.68047332763672,33.968238830566406
8436677,2017,2017-09-19,3604,2017-08-09,0651,473,NA,3,5,6,3604,0,0,0,NA,0,NA,CITRUS AV,FLORENCE LN,15,N,N,A,-,N,NA,NA,NA,NA,NA,NA,NA,NA,NA,Y,4,0,1,1,A,-,03,22350,NA,N,E,I,A,A,H,-,A,A,0,NA,NA,NA,NA,Y,NA,A,01,0,0,1,0,0,0,0,0,0,-,-,NA,NA,SAN BERNARDINO,FONTANA,-117.46132761,34.03896663
8437096,2017,2017-09-21,3610,2017-08-29,1839,NA,NA,2,5,6,3610,0,0,0,NA,0,POLICE,W BASELINE ST,N E ST,73,E,N,A,-,N,NA,NA,NA,NA,NA,NA,NA,NA,NA,Y,4,0,2,2,A,-,08,22107,NA,N,D,C,A,A,H,-,A,A,0,NA,NA,NA,NA,Y,NA,A,01,0,0,2,0,0,0,0,0,0,-,-,34.121340000000004,-117.29419,SAN BERNARDINO,SAN BERNARDINO,-117.29391954,34.12135
8437957,2017,2017-08-25,3600,2017-07-12,0744,A3285,VC060,3,5,5,3612,0,0,0,NA,0,VC4,DUNCAN RD,MONTE VISTA RD,0,NA,Y,A,-,N,NA,NA,NA,NA,NA,NA,NA,NA,NA,Y,3,0,2,3,A,-,09,21801,A,N,D,C,A,A,H,-,A,A,0,NA,NA,NA,NA,Y,NA,A,01,0,1,1,0,0,0,0,0,0,-,-,NA,NA,SAN BERNARDINO,VICTORVILLE,-117.55964006,34.46992008
8437965,2017,2017-08-25,3600,2017-07-16,0213,F6907,VC058,7,5,5,3612,0,0,0,NA,0,VC6,PALMDALE RD,CANTINA DR,440,W,N,A,-,N,NA,NA,NA,NA,NA,NA,NA,NA,NA,N,3,0,1,2,A,-,11,21954,A,N,G,B,D,A,H,-,C,D,0,Y,NA,NA,NA,Y,NA,N,60,0,1,0,0,1,0,0,0,0,-,-,NA,NA,SAN BERNARDINO,VICTORVILLE,-117.39654613,34.50668
8438173,2017,2017-08-28,3610,2017-07-27,2500,51103,NA,4,5,6,3610,0,0,0,NA,0,CHARLI,EAST HIGHLAND AV,NORTH WATERMAN AV,0,NA,Y,A,-,N,NA,NA,NA,NA,NA,NA,NA,NA,NA,NA,4,0,2,3,A,-,12,21453,A,F,D,C,A,A,H,-,C,A,0,NA,NA,NA,NA,Y,NA,A,01,0,0,2,0,0,0,0,0,0,-,-,34.1359,-117.27876,SAN BERNARDINO,SAN BERNARDINO,-117.2787601,34.13593012
84385098,2024,2024-09-09,3609,2024-08-27,745,01323,NA,2,5,5,3609,0,0,0,NA,0,003,2ND ST,GLENWOOD AVE,122,E,N,A,-,N,NA,NA,NA,NA,NA,NA,NA,NA,NA,Y,3,0,1,2,A,-,09,21804,A,N,D,D,A,A,H,-,A,D,0,NA,NA,NA,NA,Y,NA,A,01,0,1,0,0,0,0,0,0,0,-,-,34.10197830200195,-117.39131927490234,SAN BERNARDINO,RIALTO,-117.39080810546876,34.10192108154297
8438656,2017,2017-08-29,3610,2017-08-03,0806,50747,NA,4,5,6,3610,0,0,0,NA,0,NA,W 16TH ST,N MASSACHUSETTS AV,228,W,N,A,-,N,NA,NA,NA,NA,NA,NA,NA,NA,NA,Y,4,0,1,1,A,-,03,22350,NA,N,A,I,A,B,H,-,A,D,0,NA,NA,NA,NA,Y,NA,A,01,0,0,1,0,0,0,0,0,0,-,-,34.12891,-117.30918,SAN BERNARDINO,SAN BERNARDINO,-117.30928109,34.12864482
84392580,2024,2024-09-13,3611,2024-07-24,509,3466,NA,3,5,5,3611,0,0,0,NA,0,002,BENSON AVE,N BENSON AVE,5,E,N,A,-,N,NA,NA,NA,NA,NA,NA,NA,NA,NA,Y,3,0,1,2,A,-,01,23152,A,N,A,C,A,A,C,-,C,B,0,NA,NA,NA,NA,Y,Y,A,01,0,1,0,0,0,0,0,0,0,-,-,34.09954833984375,-117.68089294433594,SAN BERNARDINO,UPLAND,-117.68092346191406,34.09387969970703
84394106,2024,2024-09-16,3609,2024-08-30,1844,01323,NA,5,5,5,3609,0,0,0,NA,0,004,RIVERSIDE AVE,CAMERON WAY,580,N,N,A,-,N,NA,NA,NA,NA,NA,NA,NA,NA,NA,Y,2,0,1,1,A,-,08,22107,NA,N,F,I,A,A,H,-,A,D,0,NA,NA,NA,NA,Y,NA,D,22,1,0,0,0,0,0,0,0,0,-,-,34.065208435058594,-117.37046813964844,SAN BERNARDINO,RIALTO,-117.37026214599608,34.06650924682617
84401306,2024,2024-09-20,3607,2024-02-28,1249,80365,NA,3,5,6,3607,0,0,0,NA,0,042,MILLIKEN AV,JURUPA ST,21,S,N,A,-,N,NA,NA,NA,NA,NA,NA,NA,NA,NA,N,4,0,1,2,A,-,03,22350,NA,N,C,C,A,A,H,-,A,A,0,NA,NA,NA,NA,Y,NA,A,01,0,0,1,0,0,0,0,0,0,-,-,NA,NA,SAN BERNARDINO,ONTARIO,-117.55838012695313,34.048030853271484
84401318,2024,2024-09-20,3607,2024-03-05,315,20132,NA,2,5,6,3607,0,0,0,NA,0,042,HAVEN AV,AIRPORT DR,0,NA,Y,A,-,N,NA,NA,NA,NA,NA,NA,NA,NA,NA,Y,3,0,1,2,A,-,09,21800,A,N,D,C,A,A,H,-,C,A,0,NA,NA,NA,NA,Y,NA,A,01,0,1,0,0,0,0,0,0,0,-,-,NA,NA,SAN BERNARDINO,ONTARIO,-117.57591247558594,34.0613899230957
84401354,2024,2024-09-20,3607,2024-03-18,934,21321,NA,1,5,6,3607,0,0,0,NA,0,071,2200 BLOCK E. PHILADELPHIA,HELLMAN AVENUE,319,W,N,A,-,N,NA,NA,NA,NA,NA,NA,NA,NA,NA,Y,4,0,2,2,A,-,08,22107,NA,N,B,C,A,A,H,-,A,D,0,NA,NA,NA,NA,Y,NA,A,01,0,0,2,0,0,0,0,0,0,-,-,NA,NA,SAN BERNARDINO,ONTARIO,-117.60308837890624,34.03387451171875
84401381,2024,2024-09-20,3607,2024-03-24,1757,20686,NA,7,5,6,3607,0,0,0,NA,0,042,JURUPA ST,COMMERCE PW,20,W,N,C,-,N,NA,NA,NA,NA,NA,NA,NA,NA,NA,Y,4,0,2,2,A,-,01,23152,A,N,D,C,A,B,H,-,A,A,0,NA,NA,NA,NA,Y,Y,A,01,0,0,2,0,0,0,0,0,0,-,-,NA,NA,SAN BERNARDINO,ONTARIO,-117.56778717041016,34.04827117919922
84401393,2024,2024-09-20,3607,2024-03-29,1057,21164,NA,5,5,6,3607,0,0,0,NA,0,061,GROVE AV,FIFTH ST (N),150,S,N,A,-,Y,NA,NA,NA,NA,NA,NA,NA,NA,NA,Y,4,0,1,2,A,-,05,21651,B,M,A,C,A,A,D,-,A,A,0,NA,NA,NA,NA,Y,NA,A,01,0,0,1,0,0,0,0,0,0,-,-,NA,NA,SAN BERNARDINO,ONTARIO,-117.62857055664063,34.080848693847656
84401409,2024,2024-09-20,3607,2024-04-01,1524,80533,NA,1,5,6,3607,0,0,0,NA,0,072,RIVERSIDE DR,MILL CREEK AV,528,W,N,A,-,N,NA,NA,NA,NA,NA,NA,NA,NA,NA,N,3,0,1,2,D,-,00,NA,NA,N,C,C,A,A,H,-,A,D,0,NA,NA,NA,NA,Y,NA,-,-,0,1,0,0,0,0,0,0,0,-,-,NA,NA,SAN BERNARDINO,ONTARIO,-117.56888580322266,34.01898956298828
84401412,2024,2024-09-20,3607,2024-04-01,1712,21480,NA,1,5,6,3607,0,0,0,NA,0,041,ONTARIO MILLS PW,ETIWANDA AV,40,W,N,A,-,N,NA,NA,NA,NA,NA,NA,NA,NA,NA,N,4,0,3,2,A,-,03,22350,NA,N,C,C,A,A,H,-,A,A,0,NA,NA,NA,NA,Y,NA,A,01,0,0,3,0,0,0,0,0,0,-,-,NA,NA,SAN BERNARDINO,ONTARIO,-117.52434539794922,34.07098388671875
84401477,2024,2024-09-20,3607,2024-04-15,1823,20904,NA,1,5,6,3607,0,0,0,NA,0,061,MISSION BL,BON VIEW AV,0,NA,Y,A,-,N,NA,NA,NA,NA,NA,NA,NA,NA,NA,Y,4,0,2,2,A,-,12,21453,A,N,D,C,A,A,H,-,A,A,0,NA,NA,NA,NA,Y,NA,A,01,0,0,2,0,0,0,0,0,0,-,-,NA,NA,SAN BERNARDINO,ONTARIO,-117.63658905029295,34.05488586425781
84401525,2024,2024-09-20,3607,2024-05-01,1340,80515,NA,3,5,6,3607,0,0,0,NA,0,012,BOULDER AV,HOLLOWELL ST,0,NA,Y,A,-,N,NA,NA,NA,NA,NA,NA,NA,NA,NA,N,3,0,1,2,A,-,05,21651,A,N,D,G,A,A,H,-,A,A,0,NA,Y,NA,NA,Y,NA,L,04,0,1,0,0,0,0,1,0,0,-,-,NA,NA,SAN BERNARDINO,ONTARIO,-117.66532135009766,34.06591033935547
84401596,2024,2024-09-20,3607,2024-05-09,1452,21480,NA,4,5,6,3607,0,0,0,NA,0,052,MOUNTAIN AV,FRANCIS ST,1280,S,N,A,-,N,NA,NA,NA,NA,NA,NA,NA,NA,NA,Y,4,0,2,2,A,-,09,21804,A,N,A,C,A,A,H,-,A,D,0,NA,NA,NA,NA,Y,NA,A,01,0,0,2,0,0,0,0,0,0,-,-,NA,NA,SAN BERNARDINO,ONTARIO,-117.6685028076172,34.0385627746582