CASE_ID,ACCIDENT_YEAR,PROC_DATE,JURIS,COLLISION_DATE,COLLISION_TIME,OFFICER_ID,REPORTING_DISTRICT,DAY_OF_WEEK,CHP_SHIFT,POPULATION,CNTY_CITY_LOC,SPECIAL_COND,BEAT_TYPE,CHP_BEAT_TYPE,CITY_DIVISION_LAPD,CHP_BEAT_CLASS,BEAT_NUMBER,PRIMARY_RD,SECONDARY_RD,DISTANCE,DIRECTION,INTERSECTION,WEATHER_1,WEATHER_2,STATE_HWY_IND,CALTRANS_COUNTY,CALTRANS_DISTRICT,STATE_ROUTE,ROUTE_SUFFIX,POSTMILE_PREFIX,POSTMILE,LOCATION_TYPE,RAMP_INTERSECTION,SIDE_OF_HWY,TOW_AWAY,COLLISION_SEVERITY,NUMBER_KILLED,NUMBER_INJURED,PARTY_COUNT,PRIMARY_COLL_FACTOR,PCF_CODE_OF_VIOL,PCF_VIOL_CATEGORY,PCF_VIOLATION,PCF_VIOL_SUBSECTION,HIT_AND_RUN,TYPE_OF_COLLISION,MVIW,PED_ACTION,ROAD_SURFACE,ROAD_COND_1,ROAD_COND_2,LIGHTING,CONTROL_DEVICE,CHP_ROAD_TYPE,PEDESTRIAN_ACCIDENT,BICYCLE_ACCIDENT,MOTORCYCLE_ACCIDENT,TRUCK_ACCIDENT,NOT_PRIVATE_PROPERTY,ALCOHOL_INVOLVED,STWD_VEHTYPE_AT_FAULT,CHP_VEHTYPE_AT_FAULT,COUNT_SEVERE_INJ,COUNT_VISIBLE_INJ,COUNT_COMPLAINT_PAIN,COUNT_PED_KILLED,COUNT_PED_INJURED,COUNT_BICYCLIST_KILLED,COUNT_BICYCLIST_INJURED,COUNT_MC_KILLED,COUNT_MC_INJURED,PRIMARY_RAMP,SECONDARY_RAMP,LATITUDE,LONGITUDE,COUNTY,CITY,POINT_X,POINT_Y
84401769,2024,2024-09-20,3607,2024-06-10,935,80547,NA,1,5,6,3607,0,0,0,NA,0,022,GROVE AV,G ST,0,NA,Y,A,-,N,NA,NA,NA,NA,NA,NA,NA,NA,NA,Y,3,0,2,2,A,-,09,21801,A,N,D,C,A,A,H,-,A,A,0,NA,NA,NA,Y,Y,NA,A,07,0,2,0,0,0,0,0,0,0,-,-,NA,NA,SAN BERNARDINO,ONTARIO,-117.62926483154295,34.07068634033203
84401785,2024,2024-09-20,3607,2024-06-14,846,21442,NA,5,5,6,3607,0,0,0,NA,0,052,EUCLID AV,PHILLIPS ST,0,NA,Y,A,-,Y,NA,NA,NA,NA,NA,NA,NA,NA,NA,Y,3,0,1,2,A,-,09,21804,A,N,D,C,A,A,H,-,A,A,0,NA,NA,NA,NA,Y,NA,A,01,0,1,0,0,0,0,0,0,0,-,-,NA,NA,SAN BERNARDINO,ONTARIO,-117.65077972412108,34.050384521484375
84401789,2024,2024-09-20,3607,2024-06-14,2336,20521,NA,5,5,6,3607,0,0,0,NA,0,072,ARCHIBALD AV,60 FREEWAY,0,NA,Y,A,-,N,NA,NA,NA,NA,NA,NA,NA,NA,NA,Y,3,0,2,2,A,-,12,21453,A,N,D,C,A,A,H,-,C,A,0,NA,NA,Y,NA,Y,NA,-,-,0,2,0,0,0,0,0,0,1,-,-,NA,NA,SAN BERNARDINO,ONTARIO,NA,NA
84401815,2024,2024-09-20,3607,2024-06-19,2348,80509,NA,3,5,6,3607,0,0,0,NA,0,061,BELMONT ST,EUCLID AV,200,E,N,A,-,N,NA,NA,NA,NA,NA,NA,NA,NA,NA,Y,3,0,1,2,A,-,01,23152,A,N,B,E,A,A,H,-,C,D,0,NA,NA,NA,NA,Y,Y,A,01,0,1,0,0,0,0,0,0,0,-,-,NA,NA,SAN BERNARDINO,ONTARIO,-117.65013122558594,34.051456451416016
84401817,2024,2024-09-20,3607,2024-06-20,1438,21438,NA,4,5,6,3607,0,0,0,NA,0,NA,"1200 BLOCK, ETIWANDA AVENUE",DAHLIA STREET,800,S,N,A,-,N,NA,NA,NA,NA,NA,NA,NA,NA,NA,N,3,0,2,2,A,-,08,22107,NA,N,B,C,A,A,H,-,A,D,0,NA,NA,NA,NA,Y,NA,A,01,0,2,0,0,0,0,0,0,0,-,-,NA,NA,SAN BERNARDINO,ONTARIO,-117.52416229248048,34.050296783447266
84401866,2024,2024-09-20,3607,2024-07-05,542,20466,NA,5,5,6,3607,0,0,0,NA,0,022,ALLYN AV,ELMA ST,0,NA,Y,A,-,N,NA,NA,NA,NA,NA,NA,NA,NA,NA,N,4,0,2,2,A,-,09,21802,A,N,D,C,A,A,H,-,A,A,0,NA,NA,NA,NA,Y,NA,A,07,0,0,2,0,0,0,0,0,0,-,-,NA,NA,SAN BERNARDINO,ONTARIO,-117.63721466064452,34.06611633300781
84401886,2024,2024-09-20,3607,2024-07-14,1540,21484,NA,7,5,6,3607,0,0,0,NA,0,081,GROVE AV,CHINO AV,900,S,N,A,-,N,NA,NA,NA,NA,NA,NA,NA,NA,NA,Y,2,0,1,1,A,-,08,22107,NA,N,E,I,A,A,H,-,A,D,0,NA,NA,NA,NA,Y,NA,A,01,1,0,0,0,0,0,0,0,0,-,-,NA,NA,SAN BERNARDINO,ONTARIO,-117.62823486328124,34.00969314575195
84401914,2024,2024-09-20,3607,2024-07-20,1724,20686,NA,6,5,6,3607,0,0,0,NA,0,031,1705 E FOURTH ST,CORONA AVE,100,W,N,A,-,N,NA,NA,NA,NA,NA,NA,NA,NA,NA,Y,4,0,1,2,A,-,01,23152,A,N,B,E,A,A,H,-,A,D,0,NA,NA,NA,NA,Y,Y,A,01,0,0,1,0,0,0,0,0,0,-,-,NA,NA,SAN BERNARDINO,ONTARIO,-117.61579132080078,34.07762145996094
84401989,2024,2024-09-20,3607,2024-08-07,1148,21321,NA,3,5,6,3607,0,0,0,NA,0,071,ARCHIBALD AV,RIVERSIDE DR,356,N,N,A,-,N,NA,NA,NA,NA,NA,NA,NA,NA,NA,N,4,0,2,2,A,-,03,22350,NA,N,C,C,A,A,H,-,A,D,0,NA,NA,NA,NA,Y,Y,A,01,0,0,2,0,0,0,0,0,0,-,-,NA,NA,SAN BERNARDINO,ONTARIO,-117.59319305419922,34.02010726928711
84401990,2024,2024-09-20,3607,2024-08-07,1312,80508,NA,3,5,6,3607,0,0,0,NA,0,NA,EIGHTH ST,GROVE AV,0,NA,Y,A,-,N,NA,NA,NA,NA,NA,NA,NA,NA,NA,N,4,0,1,2,A,-,03,22350,NA,N,C,C,A,A,H,-,A,A,0,NA,NA,NA,NA,Y,NA,A,01,0,0,1,0,0,0,0,0,0,-,-,NA,NA,SAN BERNARDINO,ONTARIO,-117.62857818603516,34.09211730957031
84402083,2024,2024-09-20,3607,2024-09-06,2041,21439,NA,5,5,6,3607,0,0,0,NA,0,012,N MOUNTAIN AVE,W HOLT BLVD,94,N,N,A,-,N,NA,NA,NA,NA,NA,NA,NA,NA,NA,Y,4,0,1,2,A,-,01,23152,A,N,B,C,A,A,H,-,C,A,0,NA,NA,NA,NA,Y,Y,A,07,0,0,1,0,0,0,0,0,0,-,-,NA,NA,SAN BERNARDINO,ONTARIO,-117.6700439453125,34.06355667114258
8440965,2017,2017-11-14,3600,2017-08-28,2500,E5343,NA,1,5,5,3612,0,0,0,NA,0,HE411,C AV,SAGE ST,0,NA,Y,A,-,N,NA,NA,NA,NA,NA,NA,NA,NA,NA,Y,4,0,2,2,A,-,12,22450,A,N,D,C,A,A,H,-,A,A,0,NA,NA,NA,NA,Y,NA,A,01,0,0,2,0,0,0,0,0,0,-,-,NA,NA,SAN BERNARDINO,VICTORVILLE,-117.30113011,34.40068005
8441471,2017,2017-09-14,3608,2017-08-21,1603,4342,NA,1,5,5,3608,0,0,0,NA,0,NA,COLTON AV,NEW YORK ST,433,E,N,A,-,N,NA,NA,NA,NA,NA,NA,NA,NA,NA,N,4,0,1,2,A,-,09,21801,A,N,D,C,A,A,H,-,A,D,0,NA,NA,Y,NA,Y,NA,A,01,0,0,1,0,0,0,0,0,1,-,-,NA,NA,SAN BERNARDINO,REDLANDS,-117.19543,34.06285
84420325,2024,2024-10-07,3609,2024-09-19,1958,01948,NA,4,5,5,3609,0,0,0,NA,0,004,RIVERSIDE AVE,MIGUEL BUSTAMANTE PARKWAY,0,NA,Y,A,-,N,NA,NA,NA,NA,NA,NA,NA,NA,NA,N,4,0,3,2,A,-,03,22350,NA,N,C,C,A,A,H,-,C,A,0,NA,NA,NA,NA,Y,Y,A,01,0,0,3,0,0,0,0,0,0,-,-,NA,NA,SAN BERNARDINO,RIALTO,-117.36495971679688,34.030818939208984
84428804,2024,2024-10-14,3602,2024-09-18,718,3051,NA,3,5,5,3602,0,0,0,NA,0,003,BICKMORE AVENUE,FERN AVENUE,0,NA,Y,A,-,N,NA,NA,NA,NA,NA,NA,NA,NA,NA,Y,4,0,1,2,A,-,12,22450,A,N,D,C,A,A,H,-,A,A,0,NA,NA,NA,Y,Y,NA,G,27,0,0,1,0,0,0,0,0,0,-,-,33.96123123168945,-117.65390777587892,SAN BERNARDINO,CHINO,-117.65390777587892,33.961177825927734
84428811,2024,2024-10-14,3611,2024-08-28,1134,3416,NA,3,5,5,3611,0,0,0,NA,0,004,2ND AVE,A ST,0,NA,Y,A,-,N,NA,NA,NA,NA,NA,NA,NA,NA,NA,N,4,0,1,2,A,-,09,21802,A,N,D,C,A,A,H,-,A,A,0,NA,NA,NA,NA,Y,NA,A,01,0,0,1,0,0,0,0,0,0,-,-,34.09490966796875,-117.6483917236328,SAN BERNARDINO,UPLAND,-117.64839935302734,34.09475326538086
84428813,2024,2024-10-14,3602,2024-09-26,1755,4251,NA,4,5,5,3602,0,0,0,NA,0,002,OAKS AVE,RIVERSIDE DR,0,NA,Y,A,-,N,NA,NA,NA,NA,NA,NA,NA,NA,NA,N,4,0,2,2,A,-,12,21453,A,N,D,C,A,A,H,-,B,A,0,NA,NA,NA,NA,Y,NA,A,01,0,0,2,0,0,0,0,0,0,-,-,34.01913833618164,-117.67626953125,SAN BERNARDINO,CHINO,-117.67623901367188,34.01917266845703
84435841,2024,2024-10-18,3609,2024-10-07,753,01323,NA,1,5,5,3609,0,0,0,NA,0,003,CACTUS AVE,2ND ST,0,NA,Y,A,-,N,NA,NA,NA,NA,NA,NA,NA,NA,NA,Y,4,0,2,2,A,-,09,21802,A,N,D,C,A,A,H,-,A,A,0,NA,NA,NA,NA,Y,NA,A,07,0,0,2,0,0,0,0,0,0,-,-,34.10240173339844,-117.38356018066406,SAN BERNARDINO,RIALTO,-117.38348388671876,34.1024055480957
84437964,2024,2024-10-21,3609,2024-09-14,222,02065,NA,6,5,5,3609,0,0,0,NA,0,004,RIVERSIDE AVE,10 FWY,0,NA,Y,A,-,N,NA,NA,NA,NA,NA,NA,NA,NA,NA,Y,4,0,1,2,A,-,09,21453,C,N,D,C,A,A,H,-,C,A,0,NA,NA,NA,NA,Y,NA,A,01,0,0,1,0,0,0,0,0,0,-,-,34.0684814453125,-117.37039947509766,SAN BERNARDINO,RIALTO,-117.37026977539063,34.068790435791016
8444100,2017,2017-09-13,3600,2017-08-03,0720,D4321,AP005,4,5,5,3621,0,0,0,NA,0,AP1,TUSCOLA RD,APPLE VALLEY RD,178,W,N,B,-,N,NA,NA,NA,NA,NA,NA,NA,NA,NA,N,4,0,1,2,A,-,21,22106,NA,N,C,C,A,A,H,-,A,A,0,NA,NA,NA,NA,Y,Y,A,01,0,0,1,0,0,0,0,0,0,-,-,NA,NA,SAN BERNARDINO,APPLE VALLEY,-117.26890144,34.53534369
84451522,2024,2024-10-30,3607,2024-08-11,123,80511,NA,7,5,6,3607,0,0,0,NA,0,021,GROVE AV,I ST,600,N,N,A,-,N,NA,NA,NA,NA,NA,NA,NA,NA,NA,Y,2,0,3,2,A,-,01,23153,A,N,A,C,A,A,H,-,C,A,0,NA,NA,NA,NA,Y,Y,A,01,3,0,0,0,0,0,0,0,0,-,-,NA,NA,SAN BERNARDINO,ONTARIO,-117.62956237792967,34.07597732543945
84451573,2024,2024-10-30,3607,2024-09-21,1412,20730,NA,6,5,6,3607,0,0,0,NA,0,012,SIXTH ST,EUCLID AV,0,NA,Y,A,-,Y,NA,NA,NA,NA,NA,NA,NA,NA,NA,N,3,0,3,2,A,-,12,21453,A,N,D,C,A,A,H,-,A,A,0,NA,NA,NA,NA,Y,NA,A,01,0,2,1,0,0,0,0,0,0,-,-,NA,NA,SAN BERNARDINO,ONTARIO,-117.65126800537108,34.08518600463867
84451595,2024,2024-10-30,3607,2024-09-26,548,20276,NA,4,5,6,3607,0,0,0,NA,0,061,STATE ST,GROVE AV,500,W,N,A,-,N,NA,NA,NA,NA,NA,NA,NA,NA,NA,N,3,0,1,2,A,-,11,21955,NA,F,G,B,E,A,H,-,D,D,0,Y,NA,NA,NA,Y,NA,N,60,0,1,0,0,1,0,0,0,0,-,-,NA,NA,SAN BERNARDINO,ONTARIO,-117.63023376464844,34.06010055541992
84451626,2024,2024-10-30,3607,2024-10-05,2122,21367,NA,6,5,6,3607,0,0,0,NA,0,012,SAN ANTONIO AV,HOLT BL,0,NA,Y,A,-,N,NA,NA,NA,NA,NA,NA,NA,NA,NA,N,2,0,2,2,A,-,12,21453,A,N,D,C,A,A,H,-,C,A,0,NA,NA,NA,NA,Y,NA,A,01,1,1,0,0,0,0,0,0,0,-,-,NA,NA,SAN BERNARDINO,ONTARIO,-117.6605987548828,34.06332778930664
84451646,2024,2024-10-30,3607,2024-10-11,1120,21568,NA,5,5,6,3607,0,0,0,NA,0,041,ARCHIBALD AV,INLAND EMPIRE BL,0,NA,Y,A,-,N,NA,NA,NA,NA,NA,NA,NA,NA,NA,N,2,0,1,2,A,-,12,21453,A,N,D,G,A,A,H,-,A,A,0,NA,Y,NA,NA,Y,NA,L,04,1,0,0,0,0,0,1,0,0,-,-,NA,NA,SAN BERNARDINO,ONTARIO,-117.59349060058594,34.070255279541016
84451684,2024,2024-10-30,3607,2024-10-25,1100,20219,NA,5,5,6,3607,0,0,0,NA,0,042,JURUPA ST,VINTAGE AV (E),0,NA,Y,A,-,N,NA,NA,NA,NA,NA,NA,NA,NA,NA,N,4,0,2,2,A,-,08,22107,NA,N,B,C,A,A,H,-,A,D,0,NA,NA,NA,NA,Y,NA,A,01,0,0,2,0,0,0,0,0,0,-,-,NA,NA,SAN BERNARDINO,ONTARIO,-117.5361099243164,34.048072814941406
84470442,2024,2024-11-15,3609,2024-10-30,2004,01948,NA,3,5,5,3609,0,0,0,NA,0,004,VALLEY BLVD,WILLOW AVE,0,NA,Y,A,-,N,NA,NA,NA,NA,NA,NA,NA,NA,NA,Y,4,0,4,2,A,-,08,22107,NA,N,C,C,A,A,H,-,C,A,0,NA,NA,NA,NA,Y,NA,A,01,0,0,4,0,0,0,0,0,0,-,-,34.070499420166016,-117.37458801269533,SAN BERNARDINO,RIALTO,-117.37462615966795,34.07050704956055
8447603,2017,2017-10-04,3602,2017-08-06,1820,3536,NA,7,5,5,3602,0,0,0,NA,0,004,3RD ST,B ST,0,NA,Y,A,-,N,NA,NA,NA,NA,NA,NA,NA,NA,NA,Y,4,0,1,2,A,-,09,21804,A,N,D,C,A,A,H,-,A,A,0,NA,NA,NA,NA,Y,NA,A,08,0,0,1,0,0,0,0,0,0,-,-,NA,NA,SAN BERNARDINO,CHINO,-117.69560006,34.01726011
84476308,2024,2024-11-20,3607,2024-10-23,1116,20393,NA,3,5,6,3607,0,0,0,NA,0,062,EUCLID AV,WALNUT ST,74,N,N,A,-,Y,NA,NA,NA,NA,NA,NA,NA,NA,NA,N,4,0,2,2,A,-,03,22350,NA,N,B,C,A,A,H,-,A,A,0,NA,NA,NA,Y,Y,NA,G,75,0,0,2,0,0,0,0,0,0,-,-,NA,NA,SAN BERNARDINO,ONTARIO,-117.65066528320313,34.02680206298828
84476318,2024,2024-11-20,3607,2024-11-04,738,19955,NA,1,5,6,3607,0,0,0,NA,0,012,G ST,GRANITE AV,0,NA,Y,A,-,N,NA,NA,NA,NA,NA,NA,NA,NA,NA,N,4,0,2,3,A,-,09,21801,A,N,D,C,A,A,H,-,A,D,0,NA,NA,NA,NA,Y,NA,D,22,0,0,2,0,0,0,0,0,0,-,-,NA,NA,SAN BERNARDINO,ONTARIO,-117.6630401611328,34.070587158203125
84476325,2024,2024-11-20,3607,2024-11-05,2042,20634,NA,2,5,6,3607,0,0,0,NA,0,022,EUCLID AV,D ST,0,NA,Y,A,-,Y,NA,NA,NA,NA,NA,NA,NA,NA,NA,Y,3,0,1,2,A,-,12,21453,A,N,D,C,A,A,H,-,C,A,0,NA,NA,NA,NA,Y,NA,A,01,0,1,0,0,0,0,0,0,0,-,-,NA,NA,SAN BERNARDINO,ONTARIO,-117.65120697021484,34.06698989868164
84476338,2024,2024-11-20,3607,2024-11-09,1840,21484,NA,6,5,6,3607,0,0,0,NA,0,012,HOLT BL,SAN ANTONIO AV,528,E,N,A,-,N,NA,NA,NA,NA,NA,NA,NA,NA,NA,Y,3,0,1,2,A,-,01,23152,A,N,A,C,A,A,H,-,C,D,0,NA,NA,NA,NA,Y,Y,A,07,0,1,0,0,0,0,0,0,0,-,-,34.063350677490234,-117.6588134765625,SAN BERNARDINO,ONTARIO,-117.65885925292967,34.06334686279297
84497818,2024,2024-12-13,3607,2024-12-08,816,21844,NA,7,5,6,3607,0,0,0,NA,0,072,HAMNER AV,RIVERSIDE DR,0,NA,Y,A,-,N,NA,NA,NA,NA,NA,NA,NA,NA,NA,Y,4,0,2,2,A,-,12,21453,A,N,D,C,A,A,H,-,A,A,0,NA,NA,NA,NA,Y,NA,A,01,0,0,2,0,0,0,0,0,0,-,-,NA,NA,SAN BERNARDINO,ONTARIO,-117.55828094482422,34.01889419555664
84502688,2024,2024-12-13,3607,2024-12-09,2112,21167,NA,1,5,6,3607,0,0,0,NA,0,NA,EUCLID AV,E/B 60 FWY ON RAMP,0,NA,Y,A,G,N,NA,NA,NA,NA,NA,NA,NA,NA,NA,Y,3,0,1,2,A,-,12,21453,A,N,D,C,A,A,H,-,C,A,0,NA,NA,NA,NA,Y,NA,A,01,0,1,0,0,0,0,0,0,0,-,-,NA,NA,SAN BERNARDINO,ONTARIO,NA,NA
8451427,2017,2017-10-21,3600,2017-08-20,1844,C8643,RC011,7,5,6,3616,0,0,0,NA,0,003,VICTORIA PARK LN,SOUTH VICTORIA WINDROW LOOP,0,NA,Y,A,-,N,NA,NA,NA,NA,NA,NA,NA,NA,NA,Y,3,0,2,2,A,-,09,21801,A,N,D,C,A,A,H,-,A,A,0,NA,NA,NA,NA,Y,NA,A,01,0,1,1,0,0,0,0,0,0,-,-,NA,NA,SAN BERNARDINO,RANCHO CUCAMONGA,-117.53317012,34.12911001
8451677,2017,2017-09-15,3608,2017-08-29,0805,4722,NA,2,5,5,3608,0,0,0,NA,0,NA,W REDLANDS BL,CLARK ST,0,NA,Y,A,-,N,NA,NA,NA,NA,NA,NA,NA,NA,NA,N,3,0,1,2,A,-,10,21950,A,N,B,B,B,A,H,-,A,A,0,Y,NA,NA,NA,Y,NA,A,01,0,1,0,0,1,0,0,0,0,-,-,NA,NA,SAN BERNARDINO,REDLANDS,-117.17499012,34.05461003
8452228,2017,2017-09-26,3607,2017-06-14,1904,80537,201,3,5,6,3607,0,0,0,NA,0,061,E ACACIA ST,EUCLID AV,90,E,N,A,-,N,NA,NA,NA,NA,NA,NA,NA,NA,NA,N,4,0,1,2,A,-,09,21804,A,M,D,C,A,A,H,-,A,A,0,NA,NA,NA,NA,Y,Y,-,NA,0,0,1,0,0,0,0,0,0,-,-,NA,NA,SAN BERNARDINO,ONTARIO,-117.65080388,34.04921925
84535986,2024,2025-02-03,3602,2024-11-27,1643,4066,NA,3,5,5,3602,0,0,0,NA,0,003,KIMBALL AVE,FERN AVE,59,E,N,A,-,N,NA,NA,NA,NA,NA,NA,NA,NA,NA,Y,4,0,1,4,A,-,03,22350,NA,N,C,C,A,A,H,-,A,A,0,NA,NA,NA,NA,Y,Y,D,82,0,0,1,0,0,0,0,0,0,-,-,33.06850051879883,-117.65406036376952,SAN BERNARDINO,CHINO,-117.65388488769533,33.9684944152832
84535990,2024,2025-01-13,3602,2024-12-04,1552,4148,NA,3,5,5,3602,0,0,0,NA,0,002,17TH ST,JEFFERSON CT,103,S,N,A,-,N,NA,NA,NA,NA,NA,NA,NA,NA,NA,N,4,0,3,2,A,-,08,22107,NA,N,D,C,A,A,H,-,A,D,0,NA,NA,NA,NA,Y,NA,A,01,0,0,3,0,0,0,0,0,0,-,-,34.02450942993164,-117.67849731445313,SAN BERNARDINO,CHINO,-117.67848205566406,34.02423858642578
84539346,2025,2025-01-16,3607,2025-01-09,1746,80522,NA,4,5,6,3607,0,0,0,NA,0,051,SAN ANTONIO AV,STATE ST,0,NA,Y,A,-,N,NA,NA,NA,NA,NA,NA,NA,NA,NA,N,4,0,1,2,A,-,09,21802,A,N,D,C,A,A,H,-,E,A,0,NA,NA,NA,NA,Y,NA,A,01,0,0,1,0,0,0,0,0,0,-,-,NA,NA,SAN BERNARDINO,ONTARIO,-117.66059112548828,34.05999755859375
84540917,2025,2025-01-17,3607,2025-01-06,1421,80522,NA,1,5,6,3607,0,0,0,NA,0,051,VINE AV,PARK ST,0,NA,Y,A,-,N,NA,NA,NA,NA,NA,NA,NA,NA,NA,N,4,0,1,2,A,-,09,21802,A,N,D,C,A,A,H,-,A,D,0,NA,NA,NA,NA,Y,NA,A,01,0,0,1,0,0,0,0,0,0,-,-,NA,NA,SAN BERNARDINO,ONTARIO,-117.65587615966795,34.05894470214844
8454148,2017,2017-10-06,3600,2017-08-28,1854,G4526,AP003,1,5,5,3621,0,0,0,NA,0,NA,RANCHERIAS RD,RANCHERIAS RD 15783,0,NA,N,A,-,N,NA,NA,NA,NA,NA,NA,NA,NA,NA,N,4,0,3,2,A,-,03,22350,NA,N,C,C,A,A,H,-,C,A,0,NA,NA,NA,NA,Y,NA,D,22,0,0,3,0,0,0,0,0,0,-,-,NA,NA,SAN BERNARDINO,APPLE VALLEY,-117.22568214,34.53809318
84542873,2024,2025-01-20,3602,2024-12-29,1749,3655,NA,7,5,5,3602,0,0,0,NA,0,002,MOUNTAIN AVE,WALNUT AVE,0,NA,Y,A,-,N,NA,NA,NA,NA,NA,NA,NA,NA,NA,Y,4,0,1,2,A,-,09,21801,A,F,A,C,A,A,H,-,C,A,0,NA,NA,NA,NA,Y,Y,A,01,0,0,1,0,0,0,0,0,0,-,-,34.02642059326172,-117.66763305664063,SAN BERNARDINO,CHINO,-117.66761779785156,34.026424407958984
84545256,2025,2025-01-22,3607,2025-01-19,711,21719,NA,7,5,6,3607,0,0,0,NA,0,071,HAMNER AV,BELLEGRAVE AV,0,NA,Y,A,-,N,NA,NA,NA,NA,NA,NA,NA,NA,NA,N,3,0,2,2,A,-,09,21800,A,N,A,C,A,A,H,-,A,D,0,NA,NA,NA,NA,Y,NA,A,01,0,1,1,0,0,0,0,0,0,-,-,NA,NA,SAN BERNARDINO,ONTARIO,-117.55851745605467,33.98851013183594
84548223,2025,2025-01-24,3602,2025-01-10,549,3051,NA,5,5,5,3602,0,0,0,NA,0,002,RIVERSIDE DRIVE,TENTH STREET,0,NA,Y,A,-,N,NA,NA,NA,NA,NA,NA,NA,NA,NA,Y,3,0,1,2,A,-,09,21801,A,N,A,C,A,A,H,-,C,A,0,NA,NA,NA,NA,Y,NA,A,01,0,1,0,0,0,0,0,0,0,-,-,34.019081115722656,-117.68678283691406,SAN BERNARDINO,CHINO,-117.68677520751952,34.019100189208984
84556674,2025,2025-01-31,3607,2025-01-15,1314,20072,NA,3,5,6,3607,0,0,0,NA,0,042,CARNEGIE AV,LA SALLE ST,30,N,N,A,-,N,NA,NA,NA,NA,NA,NA,NA,NA,NA,N,4,0,1,2,A,-,03,22350,NA,N,E,J,A,A,D,-,A,D,0,NA,NA,NA,NA,Y,NA,I,11,0,0,1,0,0,0,0,0,0,-,-,NA,NA,SAN BERNARDINO,ONTARIO,-117.56993103027344,34.051910400390625
84556683,2025,2025-01-31,3607,2025-01-22,1455,21480,NA,3,5,6,3607,0,0,0,NA,0,071,PHILADELPHIA ST,GROVE AV,180,E,N,A,-,N,NA,NA,NA,NA,NA,NA,NA,NA,NA,Y,3,0,1,2,A,-,09,21804,A,N,A,C,A,A,H,-,A,D,0,NA,NA,NA,NA,Y,NA,A,01,0,1,0,0,0,0,0,0,0,-,-,NA,NA,SAN BERNARDINO,ONTARIO,-117.62787628173828,34.03398132324219
84560882,2024,2025-02-03,3611,2024-11-02,1538,3482,NA,6,5,5,3611,0,0,0,NA,0,004,ARROW HWY,2ND AVE,0,NA,Y,B,-,N,NA,NA,NA,NA,NA,NA,NA,NA,NA,Y,4,0,1,2,A,-,09,21801,A,N,D,C,A,A,H,-,A,A,0,NA,NA,NA,NA,Y,NA,A,01,0,0,1,0,0,0,0,0,0,-,-,34.099910736083984,-117.6483917236328,SAN BERNARDINO,UPLAND,-117.64840698242188,34.0997314453125
84561013,2024,2025-02-03,3611,2024-11-18,1032,3530,NA,1,5,5,3611,0,0,0,NA,0,002,ARROW HWY,SHASTA WAY,142,E,N,A,-,N,NA,NA,NA,NA,NA,NA,NA,NA,NA,Y,3,0,2,2,A,-,03,22350,NA,N,C,C,A,A,H,-,A,D,0,NA,NA,NA,Y,Y,NA,A,01,0,2,0,0,0,0,0,0,0,-,-,34.09983825683594,-117.65673828125,SAN BERNARDINO,UPLAND,-117.65628051757813,34.0997200012207
84561114,2024,2025-02-03,3611,2024-12-05,1926,3362,NA,4,5,5,3611,0,0,0,NA,0,003,WINSTON AVE,MIDWAY CT,93,N,N,A,-,N,NA,NA,NA,NA,NA,NA,NA,NA,NA,Y,4,0,1,2,A,-,08,22107,NA,N,C,E,A,A,H,-,C,D,0,NA,NA,NA,Y,Y,NA,A,01,0,0,1,0,0,0,0,0,0,-,-,34.126678466796875,-117.64537048339844,SAN BERNARDINO,UPLAND,-117.64509582519533,34.12681579589844
84561139,2024,2025-02-03,3611,2024-12-10,1129,3530,NA,2,5,5,3611,0,0,0,NA,0,004,EUCLID AVE,FOOTHILL BLVD,66,S,N,A,-,N,NA,NA,NA,NA,NA,NA,NA,NA,NA,N,3,0,1,2,A,-,03,22350,NA,N,C,C,A,A,H,-,A,A,0,NA,NA,NA,NA,Y,NA,A,01,0,1,0,0,0,0,0,0,0,-,-,34.10702896118164,-117.65096282958984,SAN BERNARDINO,UPLAND,-117.6513671875,34.10675048828125
84563974,2024,2025-02-04,3609,2024-11-24,1655,01944,NA,7,5,5,3609,0,0,0,NA,0,001,LINDEN AVE,MIRO WAY,1558,N,N,A,-,N,NA,NA,NA,NA,NA,NA,NA,NA,NA,Y,4,0,3,2,A,-,09,21804,A,N,D,C,A,A,H,-,A,D,0,NA,NA,NA,NA,Y,NA,A,01,0,0,3,0,0,0,0,0,0,-,-,34.124210357666016,-117.4011688232422,SAN BERNARDINO,RIALTO,-117.40116119384766,34.12771987915039
84564013,2024,2025-02-04,3609,2024-12-01,1428,01932,NA,7,5,5,3609,0,0,0,NA,0,001,AYALA DR,BASELINE RD,847,N,N,A,-,N,NA,NA,NA,NA,NA,NA,NA,NA,NA,N,4,0,1,1,A,-,03,22350,NA,N,E,I,A,A,H,-,A,D,0,NA,NA,NA,NA,Y,NA,A,01,0,0,1,0,0,0,0,0,0,-,-,34.1213493347168,-117.39669799804688,SAN BERNARDINO,RIALTO,-117.39599609375,34.123558044433594
8456555,2017,2017-10-19,3607,2017-08-02,0742,80422,215,3,5,6,3607,0,0,0,NA,0,042,MISSION BL,HAVEN AV,1320,E,N,A,-,N,NA,NA,NA,NA,NA,NA,NA,NA,NA,Y,4,0,1,2,C,-,18,NA,NA,N,C,C,A,A,H,-,A,D,0,NA,NA,NA,NA,Y,NA,-,-,0,0,1,0,0,0,0,0,0,-,-,NA,NA,SAN BERNARDINO,ONTARIO,-117.57187123,34.03698134