CASE_ID,ACCIDENT_YEAR,PROC_DATE,JURIS,COLLISION_DATE,COLLISION_TIME,OFFICER_ID,REPORTING_DISTRICT,DAY_OF_WEEK,CHP_SHIFT,POPULATION,CNTY_CITY_LOC,SPECIAL_COND,BEAT_TYPE,CHP_BEAT_TYPE,CITY_DIVISION_LAPD,CHP_BEAT_CLASS,BEAT_NUMBER,PRIMARY_RD,SECONDARY_RD,DISTANCE,DIRECTION,INTERSECTION,WEATHER_1,WEATHER_2,STATE_HWY_IND,CALTRANS_COUNTY,CALTRANS_DISTRICT,STATE_ROUTE,ROUTE_SUFFIX,POSTMILE_PREFIX,POSTMILE,LOCATION_TYPE,RAMP_INTERSECTION,SIDE_OF_HWY,TOW_AWAY,COLLISION_SEVERITY,NUMBER_KILLED,NUMBER_INJURED,PARTY_COUNT,PRIMARY_COLL_FACTOR,PCF_CODE_OF_VIOL,PCF_VIOL_CATEGORY,PCF_VIOLATION,PCF_VIOL_SUBSECTION,HIT_AND_RUN,TYPE_OF_COLLISION,MVIW,PED_ACTION,ROAD_SURFACE,ROAD_COND_1,ROAD_COND_2,LIGHTING,CONTROL_DEVICE,CHP_ROAD_TYPE,PEDESTRIAN_ACCIDENT,BICYCLE_ACCIDENT,MOTORCYCLE_ACCIDENT,TRUCK_ACCIDENT,NOT_PRIVATE_PROPERTY,ALCOHOL_INVOLVED,STWD_VEHTYPE_AT_FAULT,CHP_VEHTYPE_AT_FAULT,COUNT_SEVERE_INJ,COUNT_VISIBLE_INJ,COUNT_COMPLAINT_PAIN,COUNT_PED_KILLED,COUNT_PED_INJURED,COUNT_BICYCLIST_KILLED,COUNT_BICYCLIST_INJURED,COUNT_MC_KILLED,COUNT_MC_INJURED,PRIMARY_RAMP,SECONDARY_RAMP,LATITUDE,LONGITUDE,COUNTY,CITY,POINT_X,POINT_Y
8794388,2019,2019-03-14,3601,2019-01-11,0823,P85,BARST,5,5,3,3601,0,0,0,NA,0,PATROL,BARSTOW RD,ARMORY RD,0,NA,Y,A,-,Y,SBD,8,247,-,-,77.967,I,5,S,Y,4,0,1,2,A,-,12,21453,A,N,D,C,A,A,H,-,A,A,0,NA,NA,NA,NA,Y,NA,A,01,0,0,1,0,0,0,0,0,0,-,-,NA,NA,SAN BERNARDINO,BARSTOW,-117.02291107177734,34.884132385253906
8794418,2019,2019-02-21,3609,2019-01-24,1845,8510,RI132,4,5,5,3609,0,0,0,NA,0,003,FOOTHILL BL,CEDAR AV,158,W,N,A,-,N,NA,NA,NA,NA,NA,NA,NA,NA,NA,N,4,0,1,2,A,-,11,21955,NA,N,G,B,D,A,H,-,D,D,0,Y,NA,NA,NA,Y,NA,N,60,0,0,1,0,1,0,0,0,0,-,-,34.10675048828125,-117.39720916748048,SAN BERNARDINO,RIALTO,-117.39708709716795,34.10673141479492
8795512,2018,2019-02-13,3611,2018-10-15,0910,626,3611,1,5,5,3611,0,0,0,NA,0,001,CAMPUS AV,16TH ST,0,NA,Y,A,-,N,NA,NA,NA,NA,NA,NA,NA,NA,NA,Y,4,0,2,2,A,-,09,21800,D,N,D,C,A,A,H,-,A,B,0,NA,NA,NA,NA,Y,NA,A,01,0,0,2,0,0,0,0,0,0,-,-,NA,NA,SAN BERNARDINO,UPLAND,-117.6415786743164,34.121559143066406
8795775,2018,2019-02-13,3611,2018-11-20,1631,3160,3611,2,5,5,3611,0,0,0,NA,0,002,S MOUNTAIN AV,8TH ST,0,NA,Y,A,-,N,NA,NA,NA,NA,NA,NA,NA,NA,NA,Y,4,0,2,2,A,-,09,21801,A,N,D,C,A,A,H,-,A,A,0,NA,NA,NA,NA,Y,NA,A,01,0,0,2,0,0,0,0,0,0,-,-,NA,NA,SAN BERNARDINO,UPLAND,-117.67015075683594,34.092411041259766
8797567,2019,2019-02-11,3605,2019-01-11,1558,401,NA,5,5,4,3605,0,0,0,NA,0,NA,MORENO ST,TARGET LN,22,W,N,A,-,N,NA,NA,NA,NA,NA,NA,NA,NA,NA,Y,3,0,2,3,A,-,09,21801,A,F,D,C,A,A,H,-,A,A,0,NA,NA,NA,NA,Y,NA,A,08,0,1,1,0,0,0,0,0,0,-,-,NA,NA,SAN BERNARDINO,MONTCLAIR,-117.69116973876952,34.08872985839844
8799662,2019,2019-02-25,3603,2019-01-02,1539,4861,CPD,3,5,4,3603,0,0,0,NA,0,001,W VALLEY BL,N PENNSYLVANIA AV,0,NA,Y,A,-,N,NA,NA,NA,NA,NA,NA,NA,NA,NA,N,3,0,1,2,A,-,09,21802,B,N,D,C,A,A,H,-,A,D,0,NA,NA,NA,NA,Y,NA,A,01,0,1,0,0,0,0,0,0,0,-,-,NA,NA,SAN BERNARDINO,COLTON,-117.32901763916016,34.06761169433594
8799678,2019,2019-02-22,3603,2019-01-18,1156,4920,CPD,5,5,4,3603,0,0,0,NA,0,001,PENNSYLVANIA AV,MILL ST,10,N,N,A,-,N,NA,NA,NA,NA,NA,NA,NA,NA,NA,Y,4,0,1,2,A,-,09,21801,A,N,A,C,A,A,H,-,A,D,0,NA,NA,NA,NA,Y,NA,A,01,0,0,1,0,0,0,0,0,0,-,-,34.0921516418457,-117.32708740234376,SAN BERNARDINO,COLTON,-117.3291473388672,34.09217834472656
8800045,2018,2019-02-21,3611,2018-12-28,0658,2926,3611,5,5,5,3611,0,0,0,NA,0,004,CAMPUS AV,ARROW HWY,0,NA,Y,A,-,N,NA,NA,NA,NA,NA,NA,NA,NA,NA,Y,4,0,1,2,A,-,12,21453,A,N,E,C,A,A,H,-,A,A,0,NA,NA,NA,NA,Y,NA,A,01,0,0,1,0,0,0,0,0,0,-,-,NA,NA,SAN BERNARDINO,UPLAND,-117.6414794921875,34.099769592285156
8801447,2019,2019-03-05,3600,2019-02-10,1802,D3381,VC013,7,5,5,3612,0,0,0,NA,0,VC4,AMARGOSA RD,BEAR VALLEY RD,0,NA,Y,B,C,N,NA,NA,NA,NA,NA,NA,NA,NA,NA,Y,4,0,2,1,A,-,03,22350,NA,N,E,I,A,B,H,-,C,A,0,NA,NA,NA,NA,Y,NA,A,01,0,0,2,0,0,0,0,0,0,-,-,NA,NA,SAN BERNARDINO,VICTORVILLE,-117.34842681884766,34.47040939331055
8801747,2019,2019-03-12,3602,2019-01-24,1449,3172,NA,4,5,5,3602,0,0,0,NA,0,001,CENTRAL AV,PHILLIPS AV,0,NA,Y,A,-,N,NA,NA,NA,NA,NA,NA,NA,NA,NA,N,4,0,1,2,A,-,12,21453,A,N,D,C,A,A,H,-,A,A,0,NA,NA,NA,NA,Y,NA,D,22,0,0,1,0,0,0,0,0,0,-,-,NA,NA,SAN BERNARDINO,CHINO,-117.68961334228516,34.0477294921875
8801797,2019,2019-03-04,3610,2019-01-21,1941,50700,NA,1,5,6,3610,0,0,0,NA,0,DAVID,S TIPPECANOE AV,E BENEDICT RD,0,NA,Y,A,-,N,NA,NA,NA,NA,NA,NA,NA,NA,NA,NA,3,0,1,2,A,-,09,21801,A,N,A,C,A,A,H,-,A,D,0,NA,NA,NA,NA,Y,NA,A,07,0,1,0,0,0,0,0,0,0,-,-,34.08401107788086,-117.25959014892578,SAN BERNARDINO,SAN BERNARDINO,-117.25959014892578,34.083980560302734
8802057,2018,2019-03-06,3602,2018-12-24,2135,3805,NA,1,5,5,3602,0,0,0,NA,0,003,EUCALYPTUS AV,PIPELINE AV,400,E,N,A,-,N,NA,NA,NA,NA,NA,NA,NA,NA,NA,Y,3,0,2,2,A,-,09,21801,A,N,D,C,A,A,H,-,C,D,0,NA,NA,NA,NA,Y,NA,A,07,0,1,1,0,0,0,0,0,0,-,-,NA,NA,SAN BERNARDINO,CHINO,-117.7160873413086,33.98942947387695
8802088,2018,2019-03-04,3602,2018-12-12,1630,3536,NA,3,5,5,3602,0,0,0,NA,0,004,CENTRAL AV,C ST,0,NA,Y,A,-,N,NA,NA,NA,NA,NA,NA,NA,NA,NA,N,3,0,1,2,A,-,12,21453,A,F,D,G,A,A,H,-,B,A,0,NA,Y,NA,NA,Y,NA,A,01,0,1,0,0,0,0,1,0,0,-,-,NA,NA,SAN BERNARDINO,CHINO,-117.68936157226563,34.01551055908203
8802096,2018,2019-03-04,3602,2018-12-16,1628,3805,NA,7,5,5,3602,0,0,0,NA,0,001,EAST END AV,COUNTY RD,308,N,N,A,-,N,NA,NA,NA,NA,NA,NA,NA,NA,NA,Y,3,0,1,1,A,-,08,22107,NA,N,E,I,A,A,H,-,A,D,0,NA,NA,NA,NA,Y,NA,A,01,0,1,0,0,0,0,0,0,0,-,-,NA,NA,SAN BERNARDINO,CHINO,-117.7242431640625,34.026893615722656
8803617,2019,2019-04-30,3602,2019-01-22,0825,3628,NA,2,5,5,3602,0,0,0,NA,0,003,GRAND AV,PIPELINE AV,0,NA,Y,A,-,N,NA,NA,NA,NA,NA,NA,NA,NA,NA,N,4,0,1,2,A,-,09,21453,C,N,D,C,A,A,H,-,A,A,0,NA,NA,NA,Y,Y,NA,F,25,0,0,1,0,0,0,0,0,0,-,-,NA,NA,SAN BERNARDINO,CHINO,-117.71524810791016,33.99721908569336
8803688,2019,2019-03-04,3604,2019-01-22,1858,1163,NA,2,5,6,3604,0,0,0,NA,0,NA,JUNIPER AV,ORANGE AV,0,NA,Y,A,-,N,NA,NA,NA,NA,NA,NA,NA,NA,NA,N,3,0,1,2,A,-,12,21453,A,N,D,C,A,A,H,-,C,A,0,NA,NA,NA,NA,Y,NA,D,22,0,1,0,0,0,0,0,0,0,-,-,NA,NA,SAN BERNARDINO,FONTANA,-117.44011688232422,34.09584045410156
8808682,2019,2019-10-29,3609,2019-08-17,1023,02275,RI139,6,5,5,3609,0,0,0,NA,0,002,FOOTHILL BL,SYCAMORE AV,54,S,N,A,-,N,NA,NA,NA,NA,NA,NA,NA,NA,NA,Y,4,0,2,3,A,-,12,21453,A,N,F,C,A,A,H,-,A,A,0,NA,NA,NA,NA,Y,NA,A,01,0,0,2,0,0,0,0,0,0,-,-,NA,NA,SAN BERNARDINO,RIALTO,-117.3659896850586,34.10675811767578
8809545,2018,2019-03-26,3610,2018-12-14,0013,51106,NA,5,5,6,3610,0,0,0,NA,0,NA,10TH ST,10TH ST 569,0,NA,N,A,-,N,NA,NA,NA,NA,NA,NA,NA,NA,NA,Y,4,0,1,1,A,-,01,23152,A,N,A,I,A,A,H,-,C,D,0,NA,NA,NA,NA,Y,NA,A,01,0,0,1,0,0,0,0,0,0,-,-,34.11764907836914,-117.29537200927734,SAN BERNARDINO,SAN BERNARDINO,-117.295372,34.117649
8810070,2019,2019-03-12,3610,2019-01-30,1455,50803,NA,3,5,6,3610,0,0,0,NA,0,CHARLI,EAST HIGHLAND AV,N HARRISON ST,0,NA,Y,A,-,N,NA,NA,NA,NA,NA,NA,NA,NA,NA,N,4,0,1,2,A,-,11,21456,B,N,G,B,B,A,H,-,A,A,0,Y,NA,NA,NA,Y,NA,N,60,0,0,1,0,1,0,0,0,0,-,-,34.13618850708008,-117.26416015625,SAN BERNARDINO,SAN BERNARDINO,-117.26468658447266,34.13589096069336
8810177,2019,2019-03-12,3600,2019-02-11,2040,F5717,HE417,1,5,5,3619,0,0,0,NA,0,HE4,CENTURY AV,DANBURY AV,0,NA,Y,A,-,N,NA,NA,NA,NA,NA,NA,NA,NA,NA,Y,4,0,1,3,A,-,09,21802,A,N,D,-,A,A,H,-,C,A,0,NA,NA,NA,NA,Y,NA,A,01,0,0,1,0,0,0,0,0,0,-,-,NA,NA,SAN BERNARDINO,HESPERIA,-117.29502868652344,34.38676071166992
8811241,2019,2019-03-12,3609,2019-02-10,1404,5403,RI099,7,5,5,3609,0,0,0,NA,0,002,BASELINE RD,RIVERSIDE AV,420,W,N,C,-,N,NA,NA,NA,NA,NA,NA,NA,NA,NA,N,4,0,2,3,A,-,09,21801,A,N,D,C,A,B,H,-,A,D,0,NA,NA,NA,NA,Y,NA,A,08,0,0,2,0,0,0,0,0,0,-,-,34.12139892578125,-117.37190246582033,SAN BERNARDINO,RIALTO,-117.3718032836914,34.1213493347168
8813432,2019,2019-03-08,3608,2019-02-10,1518,3821,NA,7,5,5,3608,0,0,0,NA,0,NA,EUREKA AV,PEARL AV,0,NA,Y,B,C,N,NA,NA,NA,NA,NA,NA,NA,NA,NA,Y,4,0,1,2,A,-,09,21801,A,N,A,C,A,B,H,-,A,A,0,NA,NA,NA,NA,Y,NA,A,01,0,0,1,0,0,0,0,0,0,-,-,NA,NA,SAN BERNARDINO,REDLANDS,-117.18646240234376,34.06132888793945
8814540,2019,2019-03-19,3604,2019-02-07,1933,1159,NA,4,5,6,3604,0,0,0,NA,0,NA,BASELINE RD,PALMETTO AV,0,NA,Y,A,-,N,NA,NA,NA,NA,NA,NA,NA,NA,NA,Y,4,0,1,3,A,-,09,21801,A,N,D,C,A,A,H,-,C,A,0,NA,NA,NA,NA,Y,NA,A,01,0,0,1,0,0,0,0,0,0,-,-,NA,NA,SAN BERNARDINO,FONTANA,-117.42727661132813,34.121341705322266
8814626,2019,2019-03-08,3600,2019-01-26,2022,G6193,RC068,6,5,6,3616,0,0,0,NA,0,006,TERRA VISTA PKWY,CHURCH ST,0,NA,Y,A,-,N,NA,NA,NA,NA,NA,NA,NA,NA,NA,Y,4,0,1,3,A,-,03,22350,NA,N,B,C,A,A,H,-,E,A,0,NA,NA,NA,NA,Y,NA,A,01,0,0,1,0,0,0,0,0,0,-,-,NA,NA,SAN BERNARDINO,RANCHO CUCAMONGA,-117.57259368896484,34.113609313964844
8814961,2019,2019-03-04,3609,2019-02-05,1356,2493,RI144,2,5,5,3609,0,0,0,NA,0,003,RIALTO AV,CEDAR AV,0,NA,Y,C,-,N,NA,NA,NA,NA,NA,NA,NA,NA,NA,Y,4,0,1,2,A,-,12,21453,A,F,D,C,A,B,H,-,A,A,0,NA,NA,NA,NA,Y,NA,A,01,0,0,1,0,0,0,0,0,0,-,-,34.099430084228516,-117.39665985107422,SAN BERNARDINO,RIALTO,-117.39656066894533,34.09952163696289
8815738,2019,2019-03-13,3600,2019-02-08,0702,C8400,AP018,5,5,5,3621,0,0,0,NA,0,AP4,YUCCA LOMA RD,RANCHERIAS RD,0,NA,Y,A,-,N,NA,NA,NA,NA,NA,NA,NA,NA,NA,Y,4,0,1,2,A,-,03,22350,NA,N,D,C,A,A,H,-,B,A,0,NA,NA,NA,NA,Y,NA,A,01,0,0,1,0,0,0,0,0,0,-,-,NA,NA,SAN BERNARDINO,APPLE VALLEY,-117.1961669921875,34.500518798828125
8816275,2018,2019-03-12,3604,2018-12-17,0507,885,NA,1,5,6,3604,0,0,0,NA,0,NA,SIERRA AV,SLOVER AV,10,N,N,A,-,N,NA,NA,NA,NA,NA,NA,NA,NA,NA,N,4,0,1,2,A,-,03,22350,NA,N,C,C,A,A,H,-,C,A,0,NA,NA,NA,NA,Y,NA,D,22,0,0,1,0,0,0,0,0,0,-,-,NA,NA,SAN BERNARDINO,FONTANA,-117.43572998046876,34.06312561035156
8820021,2019,2019-03-19,3604,2019-02-21,1911,1313,NA,4,5,6,3604,0,0,0,NA,0,NA,RUBY PEAK LN,KNOX AV,36,E,N,A,-,N,NA,NA,NA,NA,NA,NA,NA,NA,NA,N,4,0,1,2,A,-,21,22106,NA,N,G,B,E,A,H,-,C,A,0,Y,NA,NA,NA,Y,NA,A,01,0,0,1,0,1,0,0,0,0,-,-,NA,NA,SAN BERNARDINO,FONTANA,-117.46207427978516,34.14781951904297
8820783,2019,2019-03-21,3610,2019-02-06,2132,50700,NA,3,5,6,3610,0,0,0,NA,0,DAVID,S G ST,INLAND CENTER DR,0,NA,Y,A,-,N,NA,NA,NA,NA,NA,NA,NA,NA,NA,Y,4,0,1,2,A,-,09,21801,A,N,D,C,A,A,H,-,A,A,0,NA,NA,NA,NA,Y,NA,A,07,0,0,1,0,0,0,0,0,0,-,-,34.08890914916992,-117.29725646972656,SAN BERNARDINO,SAN BERNARDINO,-117.29734802246094,34.088951110839844
8821727,2018,2019-04-02,3611,2018-07-28,0203,3160,3611,6,5,5,3611,0,0,0,NA,0,002,W ARROW HWY,N SHASTA WY,180,W,N,A,-,N,NA,NA,NA,NA,NA,NA,NA,NA,NA,Y,3,0,1,4,A,-,01,23152,B,N,B,E,A,A,H,-,D,D,0,NA,NA,NA,NA,Y,Y,A,01,0,1,0,0,0,0,0,0,0,-,-,NA,NA,SAN BERNARDINO,UPLAND,-117.65734100341795,34.0997200012207
8822026,2019,2019-03-29,3600,2019-03-01,1743,E2055,HE123,5,5,5,3619,0,0,0,NA,0,HE1,5TH AV,HERCULES ST,27,N,N,A,-,N,NA,NA,NA,NA,NA,NA,NA,NA,NA,Y,3,0,2,2,A,-,09,21802,A,N,D,C,A,A,H,-,A,A,0,NA,NA,NA,NA,Y,Y,A,01,0,2,0,0,0,0,0,0,0,-,-,NA,NA,SAN BERNARDINO,HESPERIA,-117.3083953857422,34.43482208251953
8828766,2019,2019-04-12,3600,2019-03-18,2116,E2055,HE327,1,5,5,3619,0,0,0,NA,0,HE3,MAIN ST,KEY POINTE AV,38,W,N,A,-,N,NA,NA,NA,NA,NA,NA,NA,NA,NA,Y,4,0,2,2,A,-,12,21453,A,N,D,C,A,A,H,-,C,A,0,NA,NA,NA,NA,Y,NA,A,01,0,0,2,0,0,0,0,0,0,-,-,NA,NA,SAN BERNARDINO,HESPERIA,-117.38392639160156,34.42675018310547
8829021,2019,2019-04-12,3604,2019-03-24,1715,1278,NA,7,5,6,3604,0,0,0,NA,0,003,BEECH AV,SOUTH HIGHLAND AV,0,NA,Y,A,-,N,NA,NA,NA,NA,NA,NA,NA,NA,NA,N,3,0,2,2,A,-,12,21453,A,N,D,C,A,A,H,-,A,A,0,NA,NA,NA,NA,Y,NA,A,01,0,2,0,0,0,0,0,0,0,-,-,NA,NA,SAN BERNARDINO,FONTANA,-117.47106170654295,34.13426971435547
8829222,2019,2019-04-19,3600,2019-03-21,1227,S3887,HE104,4,5,5,3619,0,0,0,NA,0,'HE1,3RD AV,SEQUOIA ST,0,NA,Y,B,-,N,NA,NA,NA,NA,NA,NA,NA,NA,NA,Y,4,0,1,2,A,-,09,21802,A,N,D,C,A,A,H,-,A,A,0,NA,NA,NA,NA,Y,NA,A,01,0,0,1,0,0,0,0,0,0,-,-,NA,NA,SAN BERNARDINO,HESPERIA,-117.30358123779295,34.46900939941406
8830452,2019,2019-03-28,3610,2019-02-08,0740,50926,NA,5,5,6,3610,0,0,0,NA,0,BAKER,N LITTLE MOUNTAIN DR,W BUSSEY ST,70,S,N,A,-,N,NA,NA,NA,NA,NA,NA,NA,NA,NA,N,4,0,1,2,A,-,03,22350,NA,N,B,C,A,A,H,-,A,D,0,NA,NA,NA,NA,Y,NA,A,01,0,0,1,0,0,0,0,0,0,-,-,34.148521423339844,-117.31883239746094,SAN BERNARDINO,SAN BERNARDINO,-117.31920623779295,34.14868927001953
8830460,2019,2019-03-28,3610,2019-02-08,2030,51003,NA,5,5,6,3610,0,0,0,NA,0,CHARLI,N VICTORIA AV,E CITRUS AV,0,NA,Y,A,-,N,NA,NA,NA,NA,NA,NA,NA,NA,NA,Y,4,0,3,3,A,-,12,21453,A,N,D,C,A,A,H,-,C,A,0,NA,NA,NA,NA,Y,NA,A,01,0,0,3,0,0,0,0,0,0,-,-,34.14488983154297,-117.2260513305664,SAN BERNARDINO,SAN BERNARDINO,-117.22605895996094,34.14487838745117
8830583,2019,2019-08-23,3604,2019-03-05,1656,1163,NA,2,5,6,3604,0,0,0,NA,0,NA,BASELINE AV,RT 15,0,NA,Y,B,-,Y,SBD,8,15,-,-,7.034,R,4,N,N,3,0,1,2,A,-,12,21453,A,N,D,C,A,A,H,-,A,A,0,NA,NA,NA,NA,Y,NA,-,-,0,1,0,0,0,0,0,0,0,-,NO,NA,NA,SAN BERNARDINO,FONTANA,-117.50975799560548,34.12464904785156
8831736,2019,2019-04-12,3601,2019-03-03,2001,P86,3601,7,5,3,3601,0,0,0,NA,0,PATROL,EAST MAIN ST,YUCCA AV,0,NA,Y,A,G,N,NA,NA,NA,NA,NA,NA,NA,NA,NA,Y,3,0,2,2,A,-,12,21453,A,N,D,C,A,A,H,-,C,A,0,NA,NA,NA,NA,Y,NA,A,01,0,1,1,0,0,0,0,0,0,-,-,NA,NA,SAN BERNARDINO,BARSTOW,-117.00721740722656,34.89617919921875
8831761,2019,2019-04-09,3610,2019-01-17,1724,50866,NA,4,5,6,3610,0,0,0,NA,0,DAVID,W HOSPITALITY LN,HUNTS LN,25,E,N,B,C,N,NA,NA,NA,NA,NA,NA,NA,NA,NA,Y,4,0,3,3,A,-,03,22350,NA,N,C,C,A,B,H,-,C,A,0,NA,NA,NA,NA,Y,NA,A,01,0,0,3,0,0,0,0,0,0,-,-,34.06586837768555,-117.28759002685548,SAN BERNARDINO,SAN BERNARDINO,-117.28749847412108,34.06584167480469
8831883,2019,2019-05-03,3602,2019-02-22,0602,3079,66,5,5,5,3602,0,0,0,NA,0,004,CHINO AV,MONTE VISTA AV,0,NA,Y,B,-,N,NA,NA,NA,NA,NA,NA,NA,NA,NA,N,4,0,1,2,A,-,09,21802,B,F,D,C,A,A,H,-,B,A,0,NA,NA,NA,NA,Y,NA,A,01,0,0,1,0,0,0,0,0,0,-,-,NA,NA,SAN BERNARDINO,CHINO,-117.69799041748048,34.011741638183594
8834494,2019,2019-08-23,3600,2019-02-28,1028,G0803,RC04,4,5,6,3616,0,0,0,NA,0,001,CARNELIAN ST,RT 210,0,NA,Y,B,-,Y,SBD,8,210,-,-,4.432,R,4,E,Y,4,0,1,3,A,-,12,21453,A,N,B,C,A,A,H,-,A,A,0,NA,NA,NA,NA,Y,NA,A,07,0,0,1,0,0,0,0,0,0,-,EF,NA,NA,SAN BERNARDINO,RANCHO CUCAMONGA,-117.6191635131836,34.1347770690918
8834942,2019,2019-04-16,3600,2019-02-28,1631,B3501,RC067,4,5,6,3616,0,0,0,NA,0,RCM,MONET AV,FOOTHILL BL,0,NA,Y,A,-,N,NA,NA,NA,NA,NA,NA,NA,NA,NA,N,4,0,2,2,A,-,03,22350,NA,M,C,C,A,A,H,-,A,A,0,NA,NA,NA,NA,Y,NA,A,07,0,0,2,0,0,0,0,0,0,-,-,NA,NA,SAN BERNARDINO,RANCHO CUCAMONGA,-117.53556823730467,34.10641098022461
8835229,2019,2019-04-10,3600,2019-02-28,1440,A7108,CH009,4,5,5,3630,0,0,0,NA,0,CH009,PEYTON DR,PAISLEY ST,0,NA,Y,A,-,N,NA,NA,NA,NA,NA,NA,NA,NA,NA,Y,4,0,1,2,A,-,09,21802,A,N,A,C,A,A,H,-,A,A,0,NA,NA,NA,NA,Y,NA,A,07,0,0,1,0,0,0,0,0,0,-,-,NA,NA,SAN BERNARDINO,CHINO HILLS,-117.7324676513672,33.96710968017578
8835617,2019,2019-04-17,3609,2019-03-29,0556,7770,RI106,5,5,5,3609,0,0,0,NA,0,001,BASELINE RD,AYALA DR,159,E,N,A,-,N,NA,NA,NA,NA,NA,NA,NA,NA,NA,N,3,0,1,2,A,-,09,21804,NA,N,D,G,A,A,H,-,C,D,0,NA,Y,NA,NA,Y,NA,-,NA,0,1,0,0,0,0,1,0,0,-,-,34.07170867919922,-117.23455810546876,SAN BERNARDINO,RIALTO,-117.39609527587892,34.12131881713867
8836985,2019,2019-04-30,3608,2019-03-18,1000,4536,SBSUP,1,5,5,3608,0,0,0,NA,0,NA,BARTON RD,TERRACINA BL,528,W,N,A,-,N,NA,NA,NA,NA,NA,NA,NA,NA,NA,Y,4,0,1,2,A,-,04,21703,NA,N,C,C,A,A,H,-,A,A,0,NA,NA,NA,NA,Y,NA,A,01,0,0,1,0,0,0,0,0,0,-,-,NA,NA,SAN BERNARDINO,REDLANDS,-117.21617889404295,34.04827117919922
8838103,2019,2019-06-20,3600,2019-03-16,0356,E2055,HE134,6,5,5,3619,0,0,0,NA,0,HE3,RT 395,MAIN ST,158,N,N,A,-,Y,SBD,8,395,-,R,5.64,H,-,S,Y,4,0,1,2,A,-,03,22350,NA,N,C,C,A,A,H,-,C,A,0,NA,NA,NA,Y,Y,NA,A,01,0,0,1,0,0,0,0,0,0,-,-,NA,NA,SAN BERNARDINO,HESPERIA,-117.39999389648438,34.42711639404297
8838315,2019,2019-05-17,3600,2019-03-27,2150,H5978,YV007,3,5,3,3631,0,0,0,NA,0,0YV,TWENTYNINE PALMS HWY,CHURCH AV,0,NA,Y,A,-,Y,SBD,8,62,-,-,11.078,I,5,W,Y,4,0,1,2,A,-,08,22100,NA,N,C,C,A,A,H,-,C,A,0,NA,NA,Y,NA,Y,NA,C,02,0,0,1,0,0,0,0,0,1,-,-,NA,NA,SAN BERNARDINO,YUCCA VALLEY,-116.43653106689452,34.12065505981445
8838331,2018,2019-05-04,3600,2018-11-10,1507,E6894,RC005,6,5,6,3616,0,0,0,NA,0,NA,FOOTHILL BL,ELM AV,0,NA,N,A,-,N,NA,NA,NA,NA,NA,NA,NA,NA,NA,Y,4,0,1,2,A,-,09,21801,A,N,D,C,A,A,H,-,A,A,0,NA,NA,NA,NA,Y,NA,A,01,0,0,1,0,0,0,0,0,0,-,-,NA,NA,SAN BERNARDINO,RANCHO CUCAMONGA,-117.56149291992188,34.106590270996094
8838339,2018,2019-05-04,3600,2018-11-20,1720,C9392,RC050,2,5,6,3616,0,0,0,NA,0,RC4,FOOTHILL BL,LION ST,25,W,N,-,-,N,NA,NA,NA,NA,NA,NA,NA,NA,NA,NA,3,0,1,2,A,-,11,21950,B,N,G,B,D,A,H,-,C,D,0,Y,NA,NA,NA,Y,NA,N,60,0,1,0,0,1,0,0,0,0,-,-,NA,NA,SAN BERNARDINO,RANCHO CUCAMONGA,-117.60494995117188,34.10668182373047
8838363,2018,2019-05-06,3600,2018-12-27,0031,E3370,RC001,4,5,6,3616,0,0,0,NA,0,006,4TH ST,RT 15,9,E,N,A,-,Y,SBD,8,15,-,-,3.141,R,4,S,Y,3,0,1,2,A,-,08,22107,NA,N,D,C,A,A,H,-,C,A,0,NA,NA,NA,NA,Y,NA,A,01,0,1,0,0,0,0,0,0,0,-,-,NA,NA,SAN BERNARDINO,RANCHO CUCAMONGA,-117.54497528076172,34.07854461669922
8839722,2019,2019-04-29,3608,2019-04-04,0822,3675,NA,4,5,5,3608,0,0,0,NA,0,NA,REDLANDS BL,HIGHLAND AV,0,NA,Y,A,-,N,NA,NA,NA,NA,NA,NA,NA,NA,NA,Y,4,0,1,2,A,-,12,21453,A,N,D,C,A,A,H,-,A,A,0,NA,NA,NA,NA,Y,NA,D,22,0,0,1,0,0,0,0,0,0,-,-,NA,NA,SAN BERNARDINO,REDLANDS,-117.16591644287108,34.04452896118164
8839737,2019,2019-04-25,3608,2019-03-24,0141,4214,3608,7,5,5,3608,0,0,0,NA,0,NA,REDLANDS BL,COLTON AV,0,NA,Y,A,-,N,NA,NA,NA,NA,NA,NA,NA,NA,NA,Y,3,0,1,1,A,-,01,23152,A,N,A,I,A,A,H,-,C,A,0,NA,NA,NA,NA,Y,Y,A,01,0,1,0,0,0,0,0,0,0,-,-,NA,NA,SAN BERNARDINO,REDLANDS,-117.20606994628906,34.062400817871094
8839811,2019,2019-04-23,3608,2019-03-25,1414,3219,NA,1,5,5,3608,0,0,0,NA,0,NA,BROOKSIDE AV,BUENA VISTA,0,NA,Y,A,-,N,NA,NA,NA,NA,NA,NA,NA,NA,NA,Y,4,0,1,2,A,-,09,21802,A,N,D,C,A,A,H,-,A,D,0,NA,NA,NA,NA,Y,NA,A,01,0,0,1,0,0,0,0,0,0,-,-,NA,NA,SAN BERNARDINO,REDLANDS,-117.18900299072266,34.05356979370117
8840300,2019,2019-04-25,3600,2019-02-19,0750,H3376,3600,2,5,3,3613,0,0,0,NA,0,024,MOJAVE DR,REIMAN ST,0,NA,Y,A,-,N,NA,NA,NA,NA,NA,NA,NA,NA,NA,N,3,0,1,2,A,-,05,21650,NA,F,D,G,A,A,H,-,A,A,0,NA,Y,NA,NA,Y,Y,L,04,0,1,0,0,0,0,1,0,0,-,-,NA,NA,SAN BERNARDINO,ADELANTO,-117.42761993408205,34.528411865234375