CASE_ID,ACCIDENT_YEAR,PROC_DATE,JURIS,COLLISION_DATE,COLLISION_TIME,OFFICER_ID,REPORTING_DISTRICT,DAY_OF_WEEK,CHP_SHIFT,POPULATION,CNTY_CITY_LOC,SPECIAL_COND,BEAT_TYPE,CHP_BEAT_TYPE,CITY_DIVISION_LAPD,CHP_BEAT_CLASS,BEAT_NUMBER,PRIMARY_RD,SECONDARY_RD,DISTANCE,DIRECTION,INTERSECTION,WEATHER_1,WEATHER_2,STATE_HWY_IND,CALTRANS_COUNTY,CALTRANS_DISTRICT,STATE_ROUTE,ROUTE_SUFFIX,POSTMILE_PREFIX,POSTMILE,LOCATION_TYPE,RAMP_INTERSECTION,SIDE_OF_HWY,TOW_AWAY,COLLISION_SEVERITY,NUMBER_KILLED,NUMBER_INJURED,PARTY_COUNT,PRIMARY_COLL_FACTOR,PCF_CODE_OF_VIOL,PCF_VIOL_CATEGORY,PCF_VIOLATION,PCF_VIOL_SUBSECTION,HIT_AND_RUN,TYPE_OF_COLLISION,MVIW,PED_ACTION,ROAD_SURFACE,ROAD_COND_1,ROAD_COND_2,LIGHTING,CONTROL_DEVICE,CHP_ROAD_TYPE,PEDESTRIAN_ACCIDENT,BICYCLE_ACCIDENT,MOTORCYCLE_ACCIDENT,TRUCK_ACCIDENT,NOT_PRIVATE_PROPERTY,ALCOHOL_INVOLVED,STWD_VEHTYPE_AT_FAULT,CHP_VEHTYPE_AT_FAULT,COUNT_SEVERE_INJ,COUNT_VISIBLE_INJ,COUNT_COMPLAINT_PAIN,COUNT_PED_KILLED,COUNT_PED_INJURED,COUNT_BICYCLIST_KILLED,COUNT_BICYCLIST_INJURED,COUNT_MC_KILLED,COUNT_MC_INJURED,PRIMARY_RAMP,SECONDARY_RAMP,LATITUDE,LONGITUDE,COUNTY,CITY,POINT_X,POINT_Y
8999515,2018,2019-12-12,3607,2018-12-20,0236,80510,142,4,5,6,3607,0,0,0,NA,0,041,HAVEN AV,AIRPORT DR,300,N,N,A,-,N,NA,NA,NA,NA,NA,NA,NA,NA,NA,Y,2,0,3,3,A,-,03,22350,NA,N,C,C,A,A,F,-,C,D,0,NA,NA,NA,NA,Y,NA,A,01,1,1,1,0,0,0,0,0,0,-,-,NA,NA,SAN BERNARDINO,ONTARIO,-117.57585144042967,34.06235885620117
8999524,2018,2019-12-16,3607,2018-10-04,1534,19999,211,4,5,6,3607,0,0,0,NA,0,071,MISSION BL,HELLMAN AV,0,NA,Y,A,-,N,NA,NA,NA,NA,NA,NA,NA,NA,NA,N,3,0,1,2,A,-,09,21802,A,N,D,C,A,A,H,-,A,A,0,NA,NA,NA,NA,Y,NA,A,01,0,1,0,0,0,0,0,0,0,-,-,NA,NA,SAN BERNARDINO,ONTARIO,-117.60214996337892,34.04710006713867
8999537,2018,2019-12-10,3607,2018-06-21,1418,19964,238,4,5,6,3607,0,0,0,NA,0,062,GROVE AV,OAK HILL DR,100,N,N,A,-,N,NA,NA,NA,NA,NA,NA,NA,NA,NA,Y,4,0,2,2,A,-,03,22350,NA,N,C,C,A,A,H,-,A,D,0,NA,NA,NA,NA,Y,NA,A,01,0,0,2,0,0,0,0,0,0,-,-,NA,NA,SAN BERNARDINO,ONTARIO,-117.62842559814452,34.0284538269043
8999548,2018,2019-12-16,3607,2018-10-01,0611,80483,212,1,5,6,3607,0,0,0,NA,0,042,ARCHIBALD AV,JURUPA ST,285,S,N,A,-,N,NA,NA,NA,NA,NA,NA,NA,NA,NA,Y,3,0,2,2,A,-,09,21801,A,N,D,C,A,A,H,-,B,A,0,NA,NA,NA,NA,Y,NA,A,01,0,1,1,0,0,0,0,0,0,-,-,NA,NA,SAN BERNARDINO,ONTARIO,-117.59333801269533,34.04754638671875
8999602,2018,2019-12-11,3607,2018-08-24,1120,80546,135,5,5,6,3607,0,0,0,NA,0,032,VIRGINIA AV,NOCTA ST,0,NA,Y,A,-,N,NA,NA,NA,NA,NA,NA,NA,NA,NA,Y,4,0,1,2,A,-,12,22450,NA,N,D,C,A,A,H,-,A,D,0,NA,NA,NA,NA,Y,NA,A,07,0,0,1,0,0,0,0,0,0,-,-,NA,NA,SAN BERNARDINO,ONTARIO,-117.63086700439452,34.065250396728516
8999618,2018,2019-12-11,3607,2018-08-25,0336,80285,112,6,5,6,3607,0,0,0,NA,0,032,GROVE AV,G ST,200,N,N,A,-,N,NA,NA,NA,NA,NA,NA,NA,NA,NA,Y,4,0,1,1,A,-,01,23152,A,N,E,I,A,A,H,-,C,A,0,NA,NA,NA,NA,Y,Y,A,01,0,0,1,0,0,0,0,0,0,-,-,NA,NA,SAN BERNARDINO,ONTARIO,-117.62943267822266,34.07122039794922
8999640,2018,2019-12-11,3607,2018-10-11,1059,80536,90,4,5,6,3607,0,0,0,NA,0,021,SULTANA AV,H ST,0,NA,Y,A,-,N,NA,NA,NA,NA,NA,NA,NA,NA,NA,N,3,0,3,2,A,-,12,22450,NA,N,D,C,A,A,H,-,A,A,0,NA,NA,NA,NA,Y,NA,A,08,0,2,1,0,0,0,0,0,0,-,-,NA,NA,SAN BERNARDINO,ONTARIO,-117.64608001708984,34.07246017456055
8999686,2018,2019-12-10,3607,2018-01-31,1638,80534,60,3,5,6,3607,0,0,0,NA,0,011,SAN ANTONIO AV,ROSEWOOD CT,0,NA,Y,A,-,N,NA,NA,NA,NA,NA,NA,NA,NA,NA,N,4,0,1,2,A,-,09,21802,A,N,D,G,A,A,H,-,A,D,0,NA,Y,NA,NA,Y,NA,A,01,0,0,1,0,0,0,1,0,0,-,-,NA,NA,SAN BERNARDINO,ONTARIO,-117.66068267822266,34.076881408691406
8999736,2018,2019-12-16,3607,2018-09-23,1354,20099,29,7,5,6,3607,0,0,0,NA,0,021,GROVE AV,6TH ST,75,N,N,A,-,N,NA,NA,NA,NA,NA,NA,NA,NA,NA,N,4,0,1,3,A,-,03,22350,NA,N,C,C,A,A,H,-,A,A,0,NA,NA,NA,NA,Y,NA,A,07,0,0,1,0,0,0,0,0,0,-,-,NA,NA,SAN BERNARDINO,ONTARIO,-117.62857055664063,34.08526611328125
8999744,2018,2019-12-12,3607,2018-09-24,1431,80131,306,1,5,6,3607,0,0,0,NA,0,MILL,4TH ST,FRANKLIN AV,500,W,N,A,-,N,NA,NA,NA,NA,NA,NA,NA,NA,NA,N,4,0,2,2,A,-,07,21658,A,N,C,C,A,A,H,-,A,A,0,NA,NA,NA,NA,Y,NA,A,08,0,0,2,0,0,0,0,0,0,-,-,NA,NA,SAN BERNARDINO,ONTARIO,-117.55189514160156,34.077171325683594
8999760,2018,2019-12-12,3607,2018-09-25,1804,19999,640,2,5,6,3607,0,0,0,NA,0,082,ONTARIO RANCH RD,S WHISPERING LAKES LN,25,W,N,A,-,N,NA,NA,NA,NA,NA,NA,NA,NA,NA,N,4,0,1,1,A,-,03,22350,NA,N,E,I,A,A,H,-,A,A,0,NA,NA,NA,NA,Y,NA,A,07,0,0,1,0,0,0,0,0,0,-,-,NA,NA,SAN BERNARDINO,ONTARIO,-117.60684967041016,33.99781036376953
8999846,2018,2019-12-11,3607,2018-10-30,0809,80310,125,2,5,6,3607,0,0,0,NA,0,012,D ST,EUCLID AV,150,W,N,A,-,N,NA,NA,NA,NA,NA,NA,NA,NA,NA,N,4,0,1,2,A,-,05,21650,1,N,H,G,A,A,H,-,A,A,0,NA,Y,NA,NA,Y,NA,L,04,0,0,1,0,0,0,1,0,0,-,-,NA,NA,SAN BERNARDINO,ONTARIO,-117.65170288085938,34.06698989868164
8999880,2018,2019-12-11,3607,2018-01-01,1236,80248,121,1,5,6,3607,0,0,0,NA,0,012,PALMETTO AV,D ST,5,S,N,A,-,N,NA,NA,NA,NA,NA,NA,NA,NA,NA,N,4,0,1,2,A,-,12,22450,A,M,G,B,C,A,H,-,A,A,0,Y,NA,NA,NA,Y,NA,A,01,0,0,1,0,1,0,0,0,0,-,-,NA,NA,SAN BERNARDINO,ONTARIO,-117.66877746582033,34.06694030761719
8999889,2018,2019-12-10,3607,2018-11-14,1623,20033,152,3,5,6,3607,0,0,0,NA,0,051,MISSION BL,OAKS AV,0,NA,Y,A,-,N,NA,NA,NA,NA,NA,NA,NA,NA,NA,Y,4,0,2,2,A,-,09,21801,A,N,D,C,A,A,H,-,A,A,0,NA,NA,NA,NA,Y,NA,A,07,0,0,2,0,0,0,0,0,0,-,-,NA,NA,SAN BERNARDINO,ONTARIO,-117.6763916015625,34.056068420410156
8999893,2018,2019-12-10,3607,2018-11-13,1729,80536,113,2,5,6,3607,0,0,0,NA,0,032,D ST,GROVE AV,550,E,N,A,-,N,NA,NA,NA,NA,NA,NA,NA,NA,NA,N,3,0,1,3,A,-,11,21954,A,M,G,B,D,A,H,-,C,D,0,Y,NA,NA,NA,Y,NA,N,60,0,1,0,0,1,0,0,0,0,-,-,NA,NA,SAN BERNARDINO,ONTARIO,-117.62671661376952,34.06705093383789
8999908,2018,2019-12-11,3607,2018-02-02,0738,80554,149,5,5,6,3607,0,0,0,NA,0,012,HOLT BL,SAN ANTONIO AV,150,W,N,A,-,N,NA,NA,NA,NA,NA,NA,NA,NA,NA,Y,3,0,1,2,A,-,08,22107,NA,N,C,E,A,A,H,-,A,A,0,NA,NA,NA,NA,Y,NA,A,01,0,1,0,0,0,0,0,0,0,-,-,NA,NA,SAN BERNARDINO,ONTARIO,-117.66109466552734,34.063331604003906
8999923,2018,2019-12-11,3607,2018-02-28,1338,80248,257,3,5,6,3607,0,0,0,NA,0,071,PARCO AV,WALNUT ST,3,S,N,A,-,N,NA,NA,NA,NA,NA,NA,NA,NA,NA,N,4,0,1,2,A,-,05,21650,1,N,H,G,A,A,H,-,A,A,0,NA,Y,NA,NA,Y,NA,L,04,0,0,1,0,0,0,1,0,0,-,-,NA,NA,SAN BERNARDINO,ONTARIO,-117.6240692138672,34.0267219543457
8999933,2018,2019-12-10,3607,2018-10-22,1008,80334,171,1,5,6,3607,0,0,0,NA,0,042,AIRPORT DR,DUPONT AV,0,NA,Y,B,-,N,NA,NA,NA,NA,NA,NA,NA,NA,NA,Y,4,0,3,2,A,-,09,21804,A,N,D,C,A,A,H,-,A,D,0,NA,NA,NA,NA,Y,NA,A,01,0,0,3,0,0,0,0,0,0,-,-,NA,NA,SAN BERNARDINO,ONTARIO,-117.56226348876952,34.0620002746582
8999939,2018,2019-12-10,3607,2018-02-23,1335,19813,2,5,5,6,3607,0,0,0,NA,0,032,8TH ST,GROVE AV,200,W,N,A,-,N,NA,NA,NA,NA,NA,NA,NA,NA,NA,Y,3,0,1,1,A,-,08,22107,NA,M,E,I,A,A,H,-,A,D,0,NA,NA,NA,NA,Y,Y,A,01,0,1,0,0,0,0,0,0,0,-,-,NA,NA,SAN BERNARDINO,ONTARIO,-117.62924194335938,34.09212875366211
8999944,2018,2019-12-10,3607,2018-02-22,1629,80313,327,4,5,6,3607,0,0,0,NA,0,041,HAVEN AV,INLAND EMPIRE BL,0,NA,Y,B,-,N,NA,NA,NA,NA,NA,NA,NA,NA,NA,Y,3,0,2,3,A,-,12,21453,A,N,D,C,A,A,H,-,A,A,0,NA,NA,Y,NA,Y,NA,C,02,0,1,1,0,0,0,0,0,1,-,-,NA,NA,SAN BERNARDINO,ONTARIO,-117.57594299316406,34.07176971435547
8999952,2018,2019-12-10,3607,2018-02-16,2222,15047,90,5,5,6,3607,0,0,0,NA,0,021,G ST,CAMPUS AV,253,W,N,A,-,N,NA,NA,NA,NA,NA,NA,NA,NA,NA,Y,3,0,1,2,A,-,01,23152,A,M,C,C,A,A,H,-,C,D,0,NA,NA,NA,NA,Y,Y,A,01,0,1,0,0,0,0,0,0,0,-,-,NA,NA,SAN BERNARDINO,ONTARIO,-117.64218139648438,34.07065963745117
8999982,2018,2019-12-10,3607,2018-11-30,1209,19974,241,5,5,6,3607,0,0,0,NA,0,071,PHILADELPHIA ST,HELLMAN AV,0,NA,Y,A,-,N,NA,NA,NA,NA,NA,NA,NA,NA,NA,Y,4,0,3,2,A,-,09,21802,A,N,D,C,A,A,H,-,A,A,0,NA,NA,NA,NA,Y,NA,A,01,0,0,3,0,0,0,0,0,0,-,-,NA,NA,SAN BERNARDINO,ONTARIO,-117.60204315185548,34.03385925292969
8999983,2018,2019-12-11,3607,2018-03-19,2000,19897,165,1,5,6,3607,0,0,0,NA,0,061,GROVE AV,MISSION BL,300,S,N,A,-,N,NA,NA,NA,NA,NA,NA,NA,NA,NA,Y,3,0,1,1,A,-,01,23152,A,N,E,I,A,A,H,-,C,D,0,NA,NA,NA,NA,Y,Y,A,01,0,1,0,0,0,0,0,0,0,-,-,NA,NA,SAN BERNARDINO,ONTARIO,-117.62870025634766,34.054176330566406
8947072,2019,2019-10-03,3600,2019-09-05,1806,F5111,HE323,4,5,5,3619,0,0,0,NA,0,HE5,RANCHERO RD,COTTONWOOD AV,23,W,N,A,-,N,NA,NA,NA,NA,NA,NA,NA,NA,NA,Y,3,0,1,2,A,-,03,22350,NA,N,C,C,A,A,H,-,B,A,0,NA,NA,NA,NA,Y,NA,A,01,0,1,0,0,0,0,0,0,0,-,-,NA,NA,SAN BERNARDINO,HESPERIA,-117.3380889892578,34.38326644897461
8941552,2019,2019-10-08,3600,2019-09-06,0751,E2055,HE415,5,5,5,3619,0,0,0,NA,0,HE4,SEAFORTH ST,GAYLOP AV,0,NA,Y,A,-,N,NA,NA,NA,NA,NA,NA,NA,NA,NA,Y,4,0,1,2,A,-,09,21801,A,N,D,C,A,A,H,-,A,A,0,NA,NA,NA,NA,Y,NA,A,01,0,0,1,0,0,0,0,0,0,-,-,NA,NA,SAN BERNARDINO,HESPERIA,-117.25637817382813,34.397830963134766
8941513,2019,2019-10-09,3600,2019-09-03,0750,E2055,HE2,2,5,5,3619,0,0,0,NA,0,HE313,3RD AV,ORANGE ST,0,NA,Y,A,-,N,NA,NA,NA,NA,NA,NA,NA,NA,NA,N,3,0,1,2,A,-,09,21802,A,N,D,C,A,A,-,-,A,A,0,NA,NA,NA,NA,Y,NA,D,22,0,1,0,0,0,0,0,0,0,-,-,NA,NA,SAN BERNARDINO,HESPERIA,-117.30713653564452,34.42020034790039
8941509,2019,2019-10-18,3600,2019-09-10,1458,D4301,HE210,2,5,5,3619,0,0,0,NA,0,HE2,SMOKE TREE ST,E AV,0,NA,Y,A,-,N,NA,NA,NA,NA,NA,NA,NA,NA,NA,Y,4,0,1,2,A,-,09,21802,A,N,D,C,A,A,H,-,A,A,0,NA,NA,NA,NA,Y,NA,D,22,0,0,1,0,0,0,0,0,0,-,-,NA,NA,SAN BERNARDINO,HESPERIA,-117.29170989990234,34.42399978637695
8940461,2019,2019-09-25,3609,2019-08-25,1745,3251,R1097,7,5,5,3609,0,0,0,NA,0,002,BASELINE AV,WILLOW AV,100,E,N,A,-,N,NA,NA,NA,NA,NA,NA,NA,NA,NA,N,3,0,1,2,A,-,09,21804,NA,N,D,C,A,A,H,-,A,D,0,NA,NA,Y,NA,Y,NA,D,22,0,1,0,0,0,0,0,0,1,-,-,34.12099838256836,-117.37490081787108,SAN BERNARDINO,RIALTO,-117.37447357177734,34.12135314941406
8963196,2019,2019-11-04,3610,2019-09-30,2330,51195,NA,1,5,6,3610,0,0,0,NA,0,DAVID,WATERMAN AV,5TH ST,0,NA,Y,A,-,N,NA,NA,NA,NA,NA,NA,NA,NA,NA,Y,4,0,1,2,A,-,12,21453,A,F,D,C,A,A,H,-,C,A,0,NA,NA,NA,Y,Y,NA,F,26,0,0,1,0,0,0,0,0,0,-,-,34.108341217041016,-117.2787628173828,SAN BERNARDINO,SAN BERNARDINO,-117.27877044677734,34.10832977294922
8967917,2019,2020-02-18,3608,2019-10-12,0111,4523,3608,6,5,5,3608,0,0,0,NA,0,NA,TEXAS ST,WESTERN AV,160,N,N,A,-,N,NA,NA,NA,NA,NA,NA,NA,NA,NA,Y,4,0,1,5,A,-,03,22350,NA,N,A,E,A,A,H,-,C,D,0,NA,NA,NA,NA,Y,NA,A,01,0,0,1,0,0,0,0,0,0,-,-,NA,NA,SAN BERNARDINO,REDLANDS,-117.1911849975586,34.06870651245117
8936692,2019,2019-09-25,3600,2019-06-08,1907,G9501,HE101,6,5,5,3619,0,0,0,NA,0,HE1,MARIPOSA RD,EUCALYPTUS ST,0,NA,Y,A,-,N,NA,NA,NA,NA,NA,NA,NA,NA,NA,Y,3,0,2,2,A,-,12,22450,A,N,D,C,A,A,H,-,A,A,0,NA,NA,NA,NA,Y,NA,A,01,0,1,1,0,0,0,0,0,0,-,-,NA,NA,SAN BERNARDINO,HESPERIA,-117.35417175292967,34.45589828491211
8968358,2019,2019-11-12,3600,2019-08-16,1824,F6913,RC037,5,5,6,3616,0,0,0,NA,0,004,FOOTHILL BL,TIMBERLINE LN,0,NA,Y,A,-,N,NA,NA,NA,NA,NA,NA,NA,NA,NA,Y,4,0,1,2,A,-,09,21801,A,N,A,C,A,A,H,-,A,D,0,NA,NA,NA,NA,Y,NA,A,01,0,0,1,0,0,0,0,0,0,-,-,NA,NA,SAN BERNARDINO,RANCHO CUCAMONGA,-117.6048583984375,34.10654067993164
8969461,2019,2019-11-18,3600,2019-09-13,1305,H8229,VC013,5,5,5,3612,0,0,0,NA,0,VC4,AMARGOSA RD,DUNIA RD,1000,S,N,A,-,N,NA,NA,NA,NA,NA,NA,NA,NA,NA,N,4,0,1,2,A,-,09,21804,A,N,D,C,A,A,H,-,A,D,0,NA,NA,NA,NA,Y,NA,-,NA,0,0,1,0,0,0,0,0,0,-,-,34.47480010986328,-117.34320068359376,SAN BERNARDINO,VICTORVILLE,-117.35368347167967,34.46149444580078
8969474,2019,2019-11-14,3601,2019-10-21,1755,P86,3801,1,5,3,3601,0,0,0,NA,0,PATROL,AVENUE B,WEST MAIN ST,34,N,N,A,-,N,NA,NA,NA,NA,NA,NA,NA,NA,NA,N,4,0,1,2,A,-,05,21460,C,N,-,C,A,A,H,-,B,D,0,NA,NA,NA,NA,Y,NA,A,01,0,0,1,0,0,0,0,0,0,-,-,NA,NA,SAN BERNARDINO,BARSTOW,-117.03587341308594,34.897071838378906
8974310,2019,2020-01-28,3600,2019-08-25,0228,H5174,TW,7,5,3,3617,0,0,0,NA,0,NA,RT 62,SHOSHONE VALLEY RD,0,NA,-,A,-,Y,SBD,8,62,-,-,28.28,H,-,W,Y,3,0,1,1,A,-,01,23152,A,N,F,A,A,A,-,-,D,A,0,NA,NA,NA,NA,Y,Y,-,NA,0,1,0,0,0,0,0,0,0,-,-,34.13528060913086,-116.1402587890625,SAN BERNARDINO,TWENTYNINE PALMS,-116.14036560058594,34.1350212097168
8985127,2019,2020-01-31,3603,2019-11-24,1710,4608,CPD,7,5,4,3603,0,0,0,NA,0,NA,S IOWA AV,MAIN ST,0,NA,Y,A,-,N,NA,NA,NA,NA,NA,NA,NA,NA,NA,Y,3,0,2,2,A,-,09,21453,C,N,D,C,A,A,H,-,A,A,0,NA,NA,NA,NA,Y,NA,A,01,0,2,0,0,0,0,0,0,0,-,-,NA,NA,SAN BERNARDINO,COLTON,-117.33901977539063,34.01959991455078
8985608,2019,2020-02-10,3610,2019-10-30,1340,51013,NA,3,5,6,3610,0,0,0,NA,0,POLICE,WEST HIGHLAND AV,RT 210,0,NA,Y,A,-,Y,SBD,8,210,-,R,26.524,R,4,E,Y,4,0,1,2,D,-,00,NA,NA,N,D,C,A,A,H,-,A,A,0,NA,NA,NA,NA,Y,NA,-,-,0,0,1,0,0,0,0,0,0,-,-,34.13600158691406,-117.30087280273438,SAN BERNARDINO,SAN BERNARDINO,-117.24015045166016,34.13741683959961
8988660,2019,2020-01-29,3600,2019-11-05,0858,G6641,AP007,2,5,5,3621,0,0,0,NA,0,AP2,NAVAJO RD,STANDING ROCK AV,0,NA,Y,A,-,N,NA,NA,NA,NA,NA,NA,NA,NA,NA,Y,4,0,3,2,A,-,09,21802,A,N,D,C,A,A,H,-,A,A,0,NA,NA,NA,NA,Y,Y,E,22,0,0,3,0,0,0,0,0,0,-,-,NA,NA,SAN BERNARDINO,APPLE VALLEY,-117.19043731689452,34.52146911621094
8990717,2019,2020-01-08,3600,2019-06-10,1605,G3871,LL049,1,5,3,3615,0,0,0,NA,0,LL2,BARTON RD,SAN TIMOTEO CANYON RD,0,NA,-,A,-,N,NA,NA,NA,NA,NA,NA,NA,NA,NA,Y,4,0,1,3,D,-,00,NA,NA,N,C,D,A,A,H,-,A,A,0,NA,NA,NA,NA,Y,NA,-,-,0,0,1,0,0,0,0,0,0,-,-,NA,NA,SAN BERNARDINO,LOMA LINDA,-117.21882629394533,34.048248291015625
8990773,2019,2020-06-10,3600,2019-10-30,1632,H8229,VC060,3,5,5,3612,0,0,0,NA,0,VC4,BEAR VALLEY RD,MONTE VISTA RD,0,NA,Y,A,-,N,NA,NA,NA,NA,NA,NA,NA,NA,NA,Y,4,0,1,2,A,-,09,21802,A,N,D,-,A,A,H,-,A,D,0,NA,NA,NA,NA,Y,NA,A,01,0,0,1,0,0,0,0,0,0,-,-,NA,NA,SAN BERNARDINO,VICTORVILLE,-117.43473052978516,34.47026062011719
8996732,2019,2020-02-08,3603,2019-12-07,1527,4861,CPD,6,5,4,3603,0,0,0,NA,0,004,E COOLEY DR,E ASHLEY WY,50,N,N,C,-,N,NA,NA,NA,NA,NA,NA,NA,NA,NA,Y,3,0,1,1,A,-,05,21650,NA,N,E,I,A,B,H,-,C,D,0,NA,NA,NA,NA,Y,NA,A,01,0,1,0,0,0,0,0,0,0,-,-,34.054840087890625,-117.30349731445313,SAN BERNARDINO,COLTON,-117.30359649658205,34.05500793457031
8999059,2018,2019-12-12,3607,2018-11-28,0411,19823,250,3,5,6,3607,0,0,0,NA,0,071,PHILADELPHIA ST,BAKER AV,0,NA,Y,A,-,N,NA,NA,NA,NA,NA,NA,NA,NA,NA,Y,3,0,1,1,A,-,08,22107,NA,N,E,I,A,A,H,-,C,A,0,NA,NA,NA,NA,Y,NA,A,01,0,1,0,0,0,0,0,0,0,-,-,NA,NA,SAN BERNARDINO,ONTARIO,-117.61538696289063,34.03403091430664
8980497,2019,2019-12-18,3609,2019-10-28,1424,2493,RI105,1,5,5,3609,0,0,0,NA,0,001,BASELINE RD,SMOKETREE ST,220,E,N,A,-,N,NA,NA,NA,NA,NA,NA,NA,NA,NA,Y,4,0,1,2,A,-,09,21804,A,N,D,C,A,A,H,-,A,D,0,NA,NA,NA,NA,Y,NA,A,01,0,0,1,0,0,0,0,0,0,-,-,NA,NA,SAN BERNARDINO,RIALTO,-117.39805603027344,34.12133026123047
8980577,2019,2020-01-22,3609,2019-11-05,0900,4247,R1133,2,5,5,3609,0,0,0,NA,0,003,CEDAR AV,RIALTO AV,156,N,N,A,-,N,NA,NA,NA,NA,NA,NA,NA,NA,NA,N,4,0,1,2,A,-,03,22350,NA,N,C,C,A,A,H,-,A,D,0,NA,NA,NA,NA,Y,NA,A,07,0,0,1,0,0,0,0,0,0,-,-,NA,NA,SAN BERNARDINO,RIALTO,-117.39656066894533,34.09994888305664
8984917,2019,2019-12-30,3611,2019-09-06,1526,3189,3611,5,5,5,3611,0,0,0,NA,0,003,FOOTHILL BL,HOSPITAL PKWY,490,E,N,A,-,N,NA,NA,NA,NA,NA,NA,NA,NA,NA,Y,4,0,1,2,A,-,03,22350,NA,N,C,C,A,A,H,-,A,D,0,NA,NA,NA,NA,Y,NA,A,07,0,0,1,0,0,0,0,0,0,-,-,NA,NA,SAN BERNARDINO,UPLAND,-117.6352081298828,34.107051849365234
8985110,2019,2020-01-27,3607,2019-10-19,1832,19955,49,6,5,6,3607,0,0,0,NA,0,032,4TH ST,CALAVERAS AV,200,E,N,A,-,N,NA,NA,NA,NA,NA,NA,NA,NA,NA,N,3,0,1,2,A,-,09,21804,A,N,D,C,A,A,H,-,A,D,0,NA,NA,Y,NA,Y,NA,A,01,0,1,0,0,0,0,0,0,1,-,-,NA,NA,SAN BERNARDINO,ONTARIO,-117.62615966796876,34.077659606933594
8985113,2019,2020-06-11,3607,2019-10-26,1330,19945,141,6,5,6,3607,0,0,0,NA,0,041,ARCHIBALD AV,RT 10,0,NA,Y,A,-,Y,SBD,8,10,-,-,7.216,R,4,E,Y,4,0,2,2,-,-,-,NA,NA,N,A,C,A,A,H,-,A,A,0,NA,NA,NA,NA,Y,NA,-,-,0,0,2,0,0,0,0,0,0,-,-,NA,NA,SAN BERNARDINO,ONTARIO,-117.59236907958984,34.06755447387695
8999989,2018,2019-12-10,3607,2018-11-29,1739,80548,336,4,5,6,3607,0,0,0,NA,0,041,HAVEN AV,RT 10,0,NA,Y,B,C,N,NA,NA,NA,NA,NA,NA,NA,NA,NA,Y,4,0,1,3,A,-,12,21453,A,N,D,C,A,B,H,-,C,A,0,NA,NA,NA,NA,Y,NA,A,01,0,0,1,0,0,0,0,0,0,-,WF,NA,NA,SAN BERNARDINO,ONTARIO,-117.5759506225586,34.06768035888672
8999994,2018,2019-12-10,3607,2018-11-29,0030,19952,750,4,5,6,3607,0,0,0,NA,0,082,ONTARIO RANCH RD,ARCHIBALD AV,0,NA,Y,C,-,N,NA,NA,NA,NA,NA,NA,NA,NA,NA,Y,4,0,1,1,A,-,03,22350,NA,N,E,I,A,B,H,-,C,A,0,NA,NA,NA,NA,Y,NA,A,01,0,0,1,0,0,0,0,0,0,-,-,NA,NA,SAN BERNARDINO,ONTARIO,-117.59329,33.99724
9000082,2019,2019-12-16,3607,2019-05-15,2238,80546,157,3,5,6,3607,0,0,0,NA,0,051,MISSION BL,VINE AV,0,NA,Y,A,-,N,NA,NA,NA,NA,NA,NA,NA,NA,NA,N,3,0,1,2,D,-,00,NA,NA,N,D,C,A,A,H,-,C,A,0,NA,NA,NA,NA,Y,NA,-,-,0,1,0,0,0,0,0,0,0,-,-,NA,NA,SAN BERNARDINO,ONTARIO,-117.65586090087892,34.05506896972656
9000091,2019,2019-12-18,3607,2019-01-25,1736,80388,136,5,5,6,3607,0,0,0,NA,0,032,AIRPORT DR,VINEYARD AV,0,NA,Y,A,-,N,NA,NA,NA,NA,NA,NA,NA,NA,NA,N,3,0,3,3,A,-,08,22107,NA,N,B,C,A,A,H,-,C,A,0,NA,NA,NA,NA,Y,NA,A,07,0,1,2,0,0,0,0,0,0,-,-,NA,NA,SAN BERNARDINO,ONTARIO,-117.61096954345705,34.06208038330078
9000143,2019,2019-12-16,3607,2019-05-24,1117,80388,264,5,5,6,3607,0,0,0,NA,0,062,SULTANA AV,DEER SPRING RD,100,S,N,A,-,N,NA,NA,NA,NA,NA,NA,NA,NA,NA,NA,3,0,1,2,A,-,03,22350,NA,N,H,G,A,A,H,-,A,A,0,NA,Y,NA,NA,Y,NA,A,01,0,1,0,0,0,0,1,0,0,-,-,NA,NA,SAN BERNARDINO,ONTARIO,NA,NA
9000171,2019,2019-12-17,3607,2019-01-07,2500,80497,NA,1,5,6,3607,0,0,0,NA,0,NA,MISSION BL,CYPRESS AV,0,NA,Y,A,-,N,NA,NA,NA,NA,NA,NA,NA,NA,NA,N,4,0,1,2,A,-,09,21801,A,N,A,C,A,A,H,-,A,D,0,NA,NA,NA,NA,Y,NA,A,01,0,0,1,0,0,0,0,0,0,-,-,NA,NA,SAN BERNARDINO,ONTARIO,-117.66326141357422,34.05611038208008
9001271,2019,2019-12-14,3607,2019-05-08,1518,20209,86,3,5,6,3607,0,0,0,NA,0,011,MOUNTAIN AV,G ST,100,E,N,A,-,N,NA,NA,NA,NA,NA,NA,NA,NA,NA,N,4,0,1,2,A,-,05,21650,1,N,H,G,A,A,H,-,A,D,0,NA,Y,NA,NA,Y,NA,L,04,0,0,1,0,0,0,1,0,0,-,-,NA,NA,SAN BERNARDINO,ONTARIO,-117.67008209228516,34.07057189941406
90019655,2015,2015-10-29,9860,2015-09-08,1433,014686,NA,2,2,9,3600,0,1,1,NA,2,152,I-15 N/B,SR-138,6336,N,N,A,-,Y,NA,NA,15,NA,NA,NA,NA,NA,N,Y,3,0,2,2,A,-,03,22350,NA,N,C,C,A,A,D,-,A,D,0,NA,NA,NA,Y,Y,NA,G,25,0,1,1,0,0,0,0,0,0,-,-,34.32833,-117.48203,SAN BERNARDINO,UNINCORPORATED,-117.48206183,34.32832998