CASE_ID,ACCIDENT_YEAR,PROC_DATE,JURIS,COLLISION_DATE,COLLISION_TIME,OFFICER_ID,REPORTING_DISTRICT,DAY_OF_WEEK,CHP_SHIFT,POPULATION,CNTY_CITY_LOC,SPECIAL_COND,BEAT_TYPE,CHP_BEAT_TYPE,CITY_DIVISION_LAPD,CHP_BEAT_CLASS,BEAT_NUMBER,PRIMARY_RD,SECONDARY_RD,DISTANCE,DIRECTION,INTERSECTION,WEATHER_1,WEATHER_2,STATE_HWY_IND,CALTRANS_COUNTY,CALTRANS_DISTRICT,STATE_ROUTE,ROUTE_SUFFIX,POSTMILE_PREFIX,POSTMILE,LOCATION_TYPE,RAMP_INTERSECTION,SIDE_OF_HWY,TOW_AWAY,COLLISION_SEVERITY,NUMBER_KILLED,NUMBER_INJURED,PARTY_COUNT,PRIMARY_COLL_FACTOR,PCF_CODE_OF_VIOL,PCF_VIOL_CATEGORY,PCF_VIOLATION,PCF_VIOL_SUBSECTION,HIT_AND_RUN,TYPE_OF_COLLISION,MVIW,PED_ACTION,ROAD_SURFACE,ROAD_COND_1,ROAD_COND_2,LIGHTING,CONTROL_DEVICE,CHP_ROAD_TYPE,PEDESTRIAN_ACCIDENT,BICYCLE_ACCIDENT,MOTORCYCLE_ACCIDENT,TRUCK_ACCIDENT,NOT_PRIVATE_PROPERTY,ALCOHOL_INVOLVED,STWD_VEHTYPE_AT_FAULT,CHP_VEHTYPE_AT_FAULT,COUNT_SEVERE_INJ,COUNT_VISIBLE_INJ,COUNT_COMPLAINT_PAIN,COUNT_PED_KILLED,COUNT_PED_INJURED,COUNT_BICYCLIST_KILLED,COUNT_BICYCLIST_INJURED,COUNT_MC_KILLED,COUNT_MC_INJURED,PRIMARY_RAMP,SECONDARY_RAMP,LATITUDE,LONGITUDE,COUNTY,CITY,POINT_X,POINT_Y
90269816,2016,2016-09-19,9860,2016-09-15,1320,012530,NA,4,1,4,3603,0,1,1,NA,2,214,I-215 S/B,BARTON ROAD O/C.,1462,S,N,A,-,Y,NA,NA,215,NA,NA,NA,NA,NA,S,N,3,0,1,3,A,-,03,22350,NA,N,C,C,A,A,H,-,A,D,0,NA,NA,NA,NA,Y,NA,A,01,0,1,0,0,0,0,0,0,0,-,-,34.03082,-117.32845,SAN BERNARDINO,COLTON,-117.32849702,34.03087354
90269842,2016,2016-09-19,9860,2016-09-16,1855,020758,NA,5,2,6,3610,0,1,1,NA,2,202,SR-210 E/B,HIGHLAND AVE,1056,W,N,A,-,Y,NA,NA,210,NA,NA,NA,NA,NA,E,Y,4,0,1,2,A,-,03,22350,NA,N,C,C,A,A,H,-,C,D,0,NA,NA,NA,NA,Y,NA,A,07,0,0,1,0,0,0,0,0,0,-,-,34.13756,-117.24037,SAN BERNARDINO,SAN BERNARDINO,-117.24038859,34.13751441
9023988,2019,2020-02-04,3610,2019-12-05,0336,50925,NA,4,5,6,3610,0,0,0,NA,0,BAKER,W KENDALL DR,H ST,1070,E,N,B,-,N,NA,NA,NA,NA,NA,NA,NA,NA,NA,Y,3,0,3,3,A,-,08,22107,NA,N,A,C,A,B,H,-,C,D,0,NA,NA,NA,NA,Y,NA,A,01,0,1,2,0,0,0,0,0,0,-,-,34.15732955932617,-117.29402923583984,SAN BERNARDINO,SAN BERNARDINO,-117.29792022705078,34.15996551513672
90270304,2016,2016-09-19,9855,2016-09-03,0958,017704,NA,6,1,9,3600,0,3,5,NA,2,004,RIVERSIDE DR.,TOWNE AVE.,0,NA,Y,A,-,N,NA,NA,NA,NA,NA,NA,NA,NA,NA,Y,4,0,1,2,A,-,17,21451,A,N,D,C,A,A,H,-,A,A,0,NA,NA,NA,NA,Y,NA,A,07,0,0,1,0,0,0,0,0,0,-,-,34.01929,-117.7399,SAN BERNARDINO,UNINCORPORATED,-117.7401001,34.01903008
90244886,2016,2016-08-15,9855,2016-08-08,0515,012923,NA,1,3,5,3602,0,1,3,NA,2,603,SR-60 W/B FROM MOUNTAIN AVE,MOUNTAIN AVE.,365,W,N,B,-,Y,NA,NA,NA,NA,NA,NA,NA,NA,NA,N,4,0,1,2,A,-,21,22106,NA,N,C,C,A,A,H,-,A,A,0,NA,NA,NA,NA,Y,NA,D,22,0,0,1,0,0,0,0,0,0,-,-,38.4042,-117.432,SAN BERNARDINO,CHINO,-117.66882153,34.03046488
90272409,2016,2016-09-21,9855,2016-09-15,0650,012480,NA,4,1,6,3616,0,1,1,NA,2,204,SR-210 W/B (FOOTHILL FWY),ARCHIBALD AVE.,400,W,N,A,-,Y,NA,NA,210,NA,NA,NA,NA,NA,W,Y,4,0,1,1,A,-,03,22350,NA,N,F,A,A,A,H,-,A,D,0,NA,NA,Y,NA,Y,NA,C,02,0,0,1,0,0,0,0,0,1,-,-,34.1351,-117.5963,SAN BERNARDINO,RANCHO CUCAMONGA,-117.59630116,34.13521235
9024630,2019,2020-02-01,3610,2019-10-03,1353,50675,NA,4,5,6,3610,0,0,0,NA,0,NA,S PEPPER AV,PARKHAVEN DR,108,S,N,A,-,N,NA,NA,NA,NA,NA,NA,NA,NA,NA,N,4,0,1,1,A,-,08,22107,NA,N,E,I,A,A,H,-,A,D,0,NA,NA,Y,NA,Y,NA,C,02,0,0,1,0,0,0,0,0,1,-,-,NA,NA,SAN BERNARDINO,SAN BERNARDINO,-117.35295104980467,34.088623046875
9027423,2020,2020-03-05,3605,2020-01-24,0940,434,NA,5,5,4,3605,0,0,0,NA,0,NA,PALO VERDE ST,MONTE VISTA AV,0,NA,Y,A,-,N,NA,NA,NA,NA,NA,NA,NA,NA,NA,N,4,0,1,2,A,-,12,21453,A,M,D,C,A,A,H,-,A,A,0,NA,NA,NA,NA,Y,NA,A,07,0,0,1,0,0,0,0,0,0,-,-,NA,NA,SAN BERNARDINO,MONTCLAIR,-117.69825744628906,34.08135986328125
90274564,2016,2016-09-23,9855,2016-09-11,0245,020367,NA,7,3,5,3611,0,1,1,NA,2,203,SR-210 E/B (FOOTHILL FWY),SAN BERNARDINO COUNTY LINE,2640,E,N,A,-,Y,NA,NA,210,NA,NA,NA,NA,NA,E,Y,4,0,1,2,A,-,01,23152,A,N,D,C,A,A,H,-,D,D,0,NA,NA,NA,NA,Y,Y,D,22,0,0,1,0,0,0,0,0,0,-,-,34.1268,-117.6885,SAN BERNARDINO,UPLAND,-117.68861838,34.12696744
90275158,2016,2016-09-26,9855,2016-09-17,1450,021048,NA,6,2,9,3600,0,3,5,NA,2,001,FOOTHILL BLVD.,HEMLOCK AVE.,0,NA,Y,A,-,N,NA,NA,NA,NA,NA,NA,NA,NA,NA,Y,4,0,3,2,A,-,12,21453,A,N,D,C,A,A,H,-,A,A,0,NA,NA,NA,NA,Y,NA,A,01,0,0,3,0,0,0,0,0,0,-,-,34.1064,-117.4756,SAN BERNARDINO,UNINCORPORATED,-117.47570013,34.10651009
9027528,2020,2020-03-04,3604,2020-01-25,2310,1286,NA,6,5,6,3604,0,0,0,NA,0,NA,CITRUS AV,SAN BERNARDINO,140,S,N,A,-,N,NA,NA,NA,NA,NA,NA,NA,NA,NA,N,3,0,1,2,A,-,01,23152,A,N,C,C,A,A,H,-,C,A,0,NA,NA,NA,NA,Y,Y,D,22,0,1,0,0,0,0,0,0,0,-,-,NA,NA,SAN BERNARDINO,FONTANA,-117.45375061035156,34.077144622802734
90275335,2016,2016-09-26,9835,2016-09-23,1640,021160,NA,5,2,9,3600,0,1,3,NA,1,013,SR-58 E/B,KRAMER STATION RD,1056,W,N,A,-,Y,NA,NA,NA,NA,NA,NA,NA,NA,NA,N,4,0,3,2,A,-,03,22350,NA,N,C,C,A,A,H,-,A,D,0,NA,NA,NA,Y,Y,NA,G,25,0,0,3,0,0,0,0,0,0,-,-,35.5947,-117.3543,SAN BERNARDINO,UNINCORPORATED,-117.59185227,34.99640552
90277105,2016,2016-09-27,9850,2016-09-19,1907,020898,NA,1,2,9,3600,0,2,4,NA,2,055,NATIONAL TRAILS HWY,VISTA RD,0,NA,Y,A,-,N,NA,NA,NA,NA,NA,NA,NA,NA,NA,Y,1,1,1,2,A,-,05,21460,A,N,A,C,A,A,H,-,D,A,0,NA,NA,NA,NA,Y,NA,A,07,0,1,0,0,0,0,0,0,0,-,-,34.73198,-117.32659,SAN BERNARDINO,UNINCORPORATED,-117.32653014,34.73201004
90277500,2016,2016-09-28,9860,2016-09-12,1819,018275,NA,1,2,9,3600,0,1,1,NA,2,152,I-15 N/B,OAK HILL ROAD,5280,S,N,A,-,Y,NA,NA,15,NA,NA,NA,NA,NA,N,Y,2,0,1,2,A,-,03,22350,NA,N,C,C,A,A,H,-,B,D,0,NA,NA,NA,Y,Y,NA,A,01,1,0,0,0,0,0,0,0,0,-,-,34.35646,-117.43733,SAN BERNARDINO,UNINCORPORATED,-117.43732572,34.35645814
9024687,2019,2020-03-16,3607,2019-07-25,0958,19968,341,4,5,6,3607,0,0,0,NA,0,041,ETIWANDA AV,RT 10,0,NA,Y,-,-,Y,SBD,8,10,-,-,11.278,R,4,E,NA,4,0,2,2,A,-,04,21703,NA,N,C,C,A,A,H,-,A,A,0,NA,NA,NA,NA,Y,NA,A,01,0,0,2,0,0,0,0,0,0,-,EO,NA,NA,SAN BERNARDINO,ONTARIO,-117.52156066894533,34.06746292114258
90279553,2016,2016-09-29,9855,2016-09-28,1700,017313,NA,3,2,6,3604,0,1,1,NA,2,101,I-10 E/B (SAN BERNARDINO FWY),VALLEY BLVD.,1584,E,N,A,-,Y,NA,NA,10,NA,NA,NA,NA,NA,E,Y,4,0,1,2,A,-,03,22350,NA,N,C,C,A,A,H,-,A,D,0,NA,NA,NA,NA,Y,NA,A,01,0,0,1,0,0,0,0,0,0,-,-,34.06628,-117.50015,SAN BERNARDINO,FONTANA,-117.50013306,34.06551634
90281681,2016,2016-10-03,9860,2016-09-28,2343,019674,NA,3,3,9,3600,0,1,3,NA,1,012,SR-138 W/B,SALYLE RD,430,W,N,A,-,Y,NA,NA,138,NA,NA,NA,NA,NA,W,Y,4,0,1,3,A,-,03,22350,NA,N,C,C,A,A,D,-,D,D,0,NA,NA,NA,NA,Y,NA,A,07,0,0,1,0,0,0,0,0,0,-,-,34.34628,-117.52549,SAN BERNARDINO,UNINCORPORATED,-117.52541061,34.34630628
90281769,2016,2016-10-03,9860,2016-10-02,0138,020856,NA,7,3,9,3600,0,2,4,NA,1,131,LYTLE CREEK RD,SOUTH FORK ROAD,300,S,N,A,-,N,NA,NA,NA,NA,NA,NA,NA,NA,NA,Y,4,0,1,1,A,-,08,22107,NA,N,F,J,A,A,H,-,D,D,0,NA,NA,NA,NA,Y,NA,A,07,0,0,1,0,0,0,0,0,0,-,-,34.23691,-117.49703,SAN BERNARDINO,UNINCORPORATED,-117.49781144,34.23830318
90214566,2016,2016-07-01,9860,2016-06-28,1238,017204,NA,2,1,9,3600,0,1,3,NA,1,012,SR-138,HESS RD.,219,W,N,A,-,Y,NA,NA,138,NA,NA,NA,NA,NA,NA,Y,3,0,2,2,A,-,03,22350,NA,N,C,C,A,A,D,-,A,D,0,NA,NA,NA,NA,Y,NA,A,01,0,1,1,0,0,0,0,0,0,-,-,34.36571,-117.53962,SAN BERNARDINO,UNINCORPORATED,-117.53954427,34.36577928
90282678,2016,2016-10-03,9855,2016-09-28,1530,016889,NA,3,2,6,3607,0,1,1,NA,2,101,I-10 E/B (SAN BERNARDINO FWY),HAVEN AVE.,1584,E,N,B,-,Y,NA,NA,10,NA,NA,NA,NA,NA,E,Y,4,0,1,3,A,-,03,22350,NA,N,C,C,A,A,H,-,A,D,0,NA,NA,NA,NA,Y,NA,D,22,0,0,1,0,0,0,0,0,0,-,-,34.06732,-117.57144,SAN BERNARDINO,ONTARIO,-117.57143948,34.06743002
90217891,2016,2016-07-07,9850,2016-07-01,0818,021159,NA,5,1,9,3600,0,1,1,NA,2,084,I-15 N/B,STODDARD WELLS RD. (NORTH),5280,N,N,A,-,Y,NA,NA,15,NA,NA,NA,NA,NA,N,Y,4,0,2,2,A,-,08,22107,NA,N,C,C,A,A,H,-,A,D,0,NA,NA,NA,Y,Y,NA,D,22,0,0,2,0,0,0,0,0,0,-,-,34.60676,-117.24675,SAN BERNARDINO,UNINCORPORATED,-117.24685738,34.60684667
90285913,2016,2016-10-06,9855,2016-08-25,0312,019165,NA,4,3,6,3607,0,1,1,NA,2,101,I-10 E/B (SAN BERNARDINO FWY),I-15 N/B (ONTARIO FWY),460,E,N,A,-,Y,NA,NA,10,NA,NA,NA,NA,NA,E,Y,1,1,0,2,A,-,01,23152,E,N,C,E,A,A,H,-,C,D,0,NA,NA,NA,Y,Y,NA,D,22,0,0,0,0,0,0,0,0,0,-,-,34.06722,-117.54319,SAN BERNARDINO,ONTARIO,-117.54318856,34.06735022
90286553,2016,2016-10-07,9855,2016-10-04,0055,018000,NA,2,3,6,3607,0,1,3,NA,2,601,SR-60 E/B (POMONA FWY),ARCHIBALD AVE.,732,E,N,A,-,Y,NA,NA,60,NA,NA,NA,NA,NA,E,Y,3,0,1,2,A,-,03,22350,NA,N,C,C,A,A,H,-,C,D,0,NA,NA,NA,NA,Y,NA,A,01,0,1,0,0,0,0,0,0,0,-,-,34.03046,-117.59128,SAN BERNARDINO,ONTARIO,-117.59128067,34.03052951
90219189,2016,2016-07-08,9835,2016-06-11,1856,021278,NA,6,2,3,3601,0,1,1,NA,2,071,I-15 S/B,BARSTOW RD,1584,N,N,A,-,Y,NA,NA,15,NA,NA,NA,NA,NA,S,Y,4,0,3,3,A,-,07,21658,A,N,B,C,A,A,H,-,A,D,0,NA,NA,NA,Y,Y,NA,G,25,0,0,3,0,0,0,0,0,0,-,-,34.88599,-117.01708000000001,SAN BERNARDINO,BARSTOW,-117.01707972,34.88608142
90286998,2016,2016-10-10,9860,2016-10-01,0225,020051,NA,6,3,6,3610,0,1,1,NA,2,202,SR-210 W/B TO I-215 N/B,SR-210,632,N,N,A,-,Y,NA,NA,210,NA,NA,NA,R,NA,W,Y,2,0,1,1,A,-,08,22107,NA,N,E,I,A,A,H,-,C,D,0,NA,NA,NA,NA,Y,NA,A,01,1,0,0,0,0,0,0,0,0,-,-,34.14656,-117.3194,SAN BERNARDINO,SAN BERNARDINO,-117.3194,34.14656
90287344,2016,2016-10-10,9860,2016-10-06,1003,020766,NA,4,1,6,3610,0,1,1,NA,2,214,I-215 N/B,ORANGE SHOW RD,300,N,N,A,-,Y,NA,NA,215,NA,NA,NA,NA,NA,N,Y,3,0,1,1,A,-,08,22107,NA,N,E,I,A,A,H,-,A,D,0,NA,NA,NA,NA,Y,NA,A,01,0,1,0,0,0,0,0,0,0,-,-,34.08045,-117.29797,SAN BERNARDINO,SAN BERNARDINO,-117.29786681,34.08051696
90287510,2016,2016-10-10,9835,2016-10-02,1435,021186,NA,7,2,9,3600,0,1,1,NA,2,073,I-15 N/B,AFTON CANYON RD,14256,S,N,A,-,Y,NA,NA,15,NA,NA,NA,NA,NA,N,Y,3,0,4,2,A,-,07,21658,A,N,B,C,A,A,H,-,A,D,0,NA,NA,NA,Y,Y,NA,G,25,0,1,3,0,0,0,0,0,0,-,-,35.04772,-116.44784,SAN BERNARDINO,UNINCORPORATED,-116.44774446,35.04757302
90287592,2016,2016-10-10,9860,2016-09-28,1550,017204,NA,3,2,5,3609,0,1,1,NA,2,102,I-10 W/B,RIVERSIDE AVE,1584,W,N,B,-,Y,NA,NA,10,NA,NA,NA,NA,NA,W,Y,4,0,1,3,A,-,03,22350,NA,N,C,C,A,A,H,-,A,D,0,NA,NA,NA,NA,Y,NA,A,01,0,0,1,0,0,0,0,0,0,-,-,34.06854,-117.37538,SAN BERNARDINO,RIALTO,-117.37538187,34.06867068
9022618,2019,2020-01-28,3608,2019-12-17,1256,4965,3806,2,5,5,3608,0,0,0,NA,0,NA,LUGONIA,NEW YORK ST,0,NA,Y,A,-,N,NA,NA,NA,NA,NA,NA,NA,NA,NA,Y,4,0,1,3,A,-,03,22350,NA,N,C,C,A,A,H,-,A,D,0,NA,NA,NA,NA,Y,NA,A,01,0,0,1,0,0,0,0,0,0,-,-,34.0702018737793,-117.19580078125,SAN BERNARDINO,REDLANDS,-117.19542694091795,34.07014083862305
90288588,2016,2016-10-11,9835,2016-10-02,1405,021186,NA,7,2,9,3600,0,1,1,NA,2,073,I-15 S/B,MINNEOLA RD,528,N,N,A,-,Y,NA,NA,15,NA,NA,NA,NA,NA,S,Y,3,0,1,2,A,-,03,22350,NA,N,C,C,A,A,H,-,A,D,0,NA,NA,Y,NA,Y,NA,C,02,0,1,0,0,0,0,0,0,1,-,-,34.91917,-116.76683,SAN BERNARDINO,UNINCORPORATED,-116.76683716,34.91920503
90288691,2016,2016-10-11,9865,2016-10-01,1131,017407,NA,6,1,9,3600,0,1,3,NA,1,039,STATE ROUTE 38,HATCHERY DR,1584,W,N,A,-,Y,NA,NA,38,NA,NA,NA,NA,NA,NA,Y,2,0,2,1,A,-,08,22107,NA,N,E,I,A,A,H,-,A,D,0,NA,NA,NA,NA,Y,NA,A,01,1,1,0,0,0,0,0,0,0,-,-,34.22822,-116.80392,SAN BERNARDINO,UNINCORPORATED,-116.80385614,34.22833643
90289088,2016,2016-10-11,9860,2016-10-04,1750,015940,NA,2,2,4,3603,0,1,1,NA,2,214,I-215 N/B,I-10,480,N,N,A,-,Y,NA,NA,215,NA,NA,NA,NA,NA,N,Y,3,0,2,2,A,-,03,22350,NA,N,C,C,A,A,H,-,A,D,0,NA,NA,NA,NA,Y,NA,A,01,0,1,1,0,0,0,0,0,0,-,-,34.06575,-117.29602,SAN BERNARDINO,COLTON,-117.29597131,34.06574273
9026464,2020,2020-02-27,3604,2020-01-05,1556,1163,NA,7,5,6,3604,0,0,0,NA,0,NA,OLEANDER AV,ATHOL LN,400,S,N,A,-,N,NA,NA,NA,NA,NA,NA,NA,NA,NA,N,4,0,4,2,A,-,06,21750,A,N,B,C,A,A,H,-,A,D,0,NA,NA,NA,NA,Y,NA,A,01,0,0,4,0,0,0,0,0,0,-,-,NA,NA,SAN BERNARDINO,FONTANA,-117.44878387451172,34.08740234375
90265678,2016,2016-09-12,9860,2016-09-01,1450,012530,NA,4,2,6,3610,0,1,1,NA,2,216,I-215 S/B FROM PALM AVENUE,PALM AVENUE,645,S,N,A,-,Y,NA,NA,215,NA,NA,NA,R,NA,S,Y,3,0,1,1,A,-,03,22350,NA,N,F,A,A,A,H,-,A,D,0,NA,NA,Y,NA,Y,NA,C,02,0,1,0,0,0,0,0,0,1,-,-,34.1892,-117.36038,SAN BERNARDINO,SAN BERNARDINO,-117.36038,34.1892
90293266,2016,2016-10-17,9850,2016-10-04,0745,021365,NA,2,1,9,3600,0,2,4,NA,2,066,ARROWHEAD RD,PHELAN RD,12,N,N,A,-,N,NA,NA,NA,NA,NA,NA,NA,NA,NA,N,3,0,1,2,A,-,05,21650,NA,N,D,G,A,A,H,-,A,A,0,NA,Y,NA,NA,Y,NA,A,01,0,1,0,0,0,0,1,0,0,-,-,34.42662,-117.45548,SAN BERNARDINO,UNINCORPORATED,-117.45552,34.42652
90293322,2016,2016-10-17,9860,2016-10-10,1615,016658,NA,1,2,3,3615,0,1,1,NA,2,104,I-10 W/B,CALIFORNIA ST. U/C,50,W,N,A,-,Y,NA,NA,10,NA,NA,NA,NA,NA,W,Y,4,0,1,3,A,-,03,22350,NA,N,C,C,A,A,H,-,A,D,0,NA,NA,NA,NA,Y,NA,A,01,0,0,1,0,0,0,0,0,0,-,-,34.06681,-117.22693,SAN BERNARDINO,LOMA LINDA,-117.22692995,34.06673149
90265958,2016,2016-09-12,9850,2016-09-01,1507,020899,NA,4,2,5,3612,0,1,1,NA,2,083,I-15 S/B,ROY ROGERS DR,147,S,N,A,-,Y,NA,NA,15,NA,NA,NA,NA,NA,S,Y,3,0,1,2,A,-,03,22350,NA,N,C,C,A,A,H,-,A,D,0,NA,NA,NA,NA,Y,NA,A,01,0,1,0,0,0,0,0,0,0,-,-,34.52037,-117.31964,SAN BERNARDINO,VICTORVILLE,-117.31964243,34.52037064
90295723,2016,2016-10-19,9850,2016-10-09,1610,019278,NA,7,2,5,3619,0,1,1,NA,2,082,I-15 N/B,BEAR VALLEY RD,8448,S,N,A,-,Y,NA,NA,15,NA,NA,NA,NA,NA,N,Y,4,0,1,1,A,-,08,22107,NA,N,E,I,A,A,H,-,A,D,0,NA,NA,NA,NA,Y,NA,A,01,0,0,1,0,0,0,0,0,0,-,-,34.4508,-117.3611,SAN BERNARDINO,HESPERIA,-117.36129035,34.45094918
90297673,2016,2016-10-20,9860,2016-10-14,0526,019419,NA,5,3,9,3600,0,1,1,NA,2,152,I-15 S/B,SR-138,15840,N,N,A,-,Y,NA,NA,15,NA,NA,NA,NA,NA,S,Y,4,0,1,3,A,-,03,22350,NA,N,C,C,A,A,H,-,D,D,0,NA,NA,NA,NA,Y,NA,D,22,0,0,1,0,0,0,0,0,0,-,-,34.347,-117.47723,SAN BERNARDINO,UNINCORPORATED,-117.47721017,34.34695179
90297694,2016,2016-10-21,9860,2016-10-17,0613,020426,NA,1,1,9,3600,0,3,5,NA,2,004,LOCUST AVE,JURUPA AVE,528,N,N,B,C,N,NA,NA,NA,NA,NA,NA,NA,NA,NA,Y,4,0,1,1,A,-,08,22107,NA,N,E,J,A,B,H,-,D,D,0,NA,NA,NA,NA,Y,NA,A,01,0,0,1,0,0,0,0,0,0,-,-,34.05076,-117.40942,SAN BERNARDINO,UNINCORPORATED,-117.40946,34.04997669
90298264,2016,2016-10-21,9860,2016-07-11,0610,016658,NA,1,1,6,3610,0,1,1,NA,2,202,SR-210 WESTBOUND,STATE ROUTE 259,280,E,N,A,-,Y,NA,NA,210,NA,NA,NA,NA,NA,W,Y,1,1,1,2,A,-,11,21954,A,N,G,B,E,A,H,-,B,D,0,Y,NA,NA,NA,Y,NA,N,60,0,0,1,1,0,0,0,0,0,-,-,34.14585,-117.29662,SAN BERNARDINO,SAN BERNARDINO,-117.29662112,34.14575106
90299024,2016,2016-10-24,9855,2016-10-05,0450,013860,NA,3,3,6,3604,0,1,1,NA,2,153,I-15 S/B (ONTARIO FWY),DUNCAN CANYON RD.,1000,N,N,A,-,Y,NA,NA,15,NA,NA,NA,NA,NA,S,N,4,0,1,2,A,-,03,22350,NA,N,C,C,A,A,H,-,D,D,0,NA,NA,NA,NA,Y,NA,A,01,0,0,1,0,0,0,0,0,0,-,-,34.1668,-117.4595,SAN BERNARDINO,FONTANA,-117.459503,34.1668036
90301392,2016,2016-10-26,9850,2016-10-21,0856,021365,NA,5,1,5,3612,0,1,1,NA,2,083,I-15 S/B,NISQUALLI RD,2112,S,N,A,-,Y,NA,NA,15,NA,NA,NA,NA,NA,S,Y,3,0,1,1,A,-,08,22107,NA,N,F,I,A,A,H,-,A,D,0,NA,NA,NA,NA,Y,NA,A,01,0,1,0,0,0,0,0,0,0,-,-,34.4789,-117.3399,SAN BERNARDINO,VICTORVILLE,-117.33979849,34.47882173
90302243,2016,2016-10-26,9860,2016-10-24,1213,013945,NA,1,1,6,3610,0,1,1,NA,2,216,I-215 S/B TO SR-210 E/B,I-215 S/B TO SR-210 E/B TRANSITION ROAD,192,W,N,B,C,Y,NA,NA,215,NA,NA,NA,R,NA,S,Y,3,0,1,1,A,-,08,22107,NA,N,E,I,A,B,H,-,A,D,0,NA,NA,NA,NA,Y,NA,A,01,0,1,0,0,0,0,0,0,0,-,-,34.14371,-117.3202,SAN BERNARDINO,SAN BERNARDINO,-117.3202,34.14371
90302868,2016,2016-10-27,9855,2016-10-20,1855,013591,NA,4,2,5,3611,0,1,1,NA,2,203,SR-210 W/B (FOOTHILL FWY),CAMPUS AVE.,2640,E,N,A,-,Y,NA,NA,210,NA,NA,NA,NA,NA,W,N,4,0,1,1,A,-,08,22107,NA,N,E,I,A,A,H,-,D,D,0,NA,NA,NA,NA,Y,NA,D,22,0,0,1,0,0,0,0,0,0,-,-,34.13503,-117.62677,SAN BERNARDINO,UPLAND,-117.62676985,34.13500807
9030495,2019,2020-02-01,3607,2019-06-13,1227,20219,135,4,5,6,3607,0,0,0,NA,0,032,HOLT BL,IMPERIAL AV,150,W,N,A,-,N,NA,NA,NA,NA,NA,NA,NA,NA,NA,Y,4,0,1,2,A,-,08,22107,NA,N,C,E,A,A,H,-,A,D,0,NA,NA,NA,Y,Y,NA,A,01,0,0,1,0,0,0,0,0,0,-,-,NA,NA,SAN BERNARDINO,ONTARIO,-117.62334442138672,34.06344985961914
9030538,2019,2020-02-01,3607,2019-06-24,1527,80533,122,1,5,6,3607,0,0,0,NA,0,012,MOUNTAIN AV,HOLT BL,105,S,N,A,-,N,NA,NA,NA,NA,NA,NA,NA,NA,NA,Y,4,0,2,4,A,-,03,22350,NA,N,C,C,A,A,H,-,A,D,0,NA,NA,NA,NA,Y,NA,A,01,0,0,2,0,0,0,0,0,0,-,-,NA,NA,SAN BERNARDINO,ONTARIO,-117.67003631591795,34.06330108642578
9030553,2019,2020-01-31,3607,2019-06-11,1218,20168,214,2,5,6,3607,0,0,0,NA,0,071,HAVEN AV,FRANCIS ST,0,NA,Y,A,-,N,NA,NA,NA,NA,NA,NA,NA,NA,NA,N,4,0,2,2,A,-,04,21703,NA,N,C,C,A,A,H,-,A,A,0,NA,NA,NA,NA,Y,NA,A,01,0,0,2,0,0,0,0,0,0,-,-,NA,NA,SAN BERNARDINO,ONTARIO,-117.57598114013672,34.04243850708008
90306101,2016,2016-10-28,9860,2016-10-22,1610,020766,NA,6,2,9,3600,0,3,5,NA,2,003,OAK GLEN RD,OAK LN,141,E,N,A,-,N,NA,NA,NA,NA,NA,NA,NA,NA,NA,Y,3,0,1,2,A,-,01,23152,A,N,A,C,A,A,H,-,A,D,0,NA,NA,NA,NA,Y,Y,A,01,0,1,0,0,0,0,0,0,0,-,-,34.04708,-116.94537,SAN BERNARDINO,UNINCORPORATED,-116.94546037,34.04670666
90306533,2016,2016-10-31,9860,2016-10-23,2105,020596,NA,7,2,5,3609,0,1,1,NA,2,201,SR-210 E/B,PEPPER AVE,634,E,N,C,-,Y,NA,NA,210,NA,NA,NA,NA,NA,E,Y,4,0,4,2,A,-,08,22107,NA,M,B,C,A,B,H,-,D,D,0,NA,NA,NA,NA,Y,NA,A,01,0,0,4,0,0,0,0,0,0,-,-,34.13451,-117.35531,SAN BERNARDINO,RIALTO,-117.35529053,34.13459978
90306553,2016,2017-03-06,9860,2016-10-27,0835,018905,NA,4,1,4,3603,0,1,1,NA,2,214,I-215 S/B,WASHINGTON ST,3696,N,N,A,-,Y,NA,NA,215,NA,NA,NA,NA,NA,S,Y,3,0,2,2,A,-,07,21658,A,N,C,C,A,A,H,-,A,D,0,NA,NA,NA,NA,Y,NA,A,08,0,1,1,0,0,0,0,0,0,-,-,34.05382,-117.29955,SAN BERNARDINO,COLTON,-117.29977803,34.05397691
90266114,2016,2016-09-12,9835,2016-08-27,0640,020976,NA,6,1,9,3600,0,1,1,NA,2,076,I-15 S/B,BAILEY ROAD,17952,S,N,A,-,Y,NA,NA,15,NA,NA,NA,NA,NA,S,Y,4,0,1,1,A,-,08,22107,NA,N,E,I,A,A,H,-,A,D,0,NA,NA,NA,NA,Y,NA,A,07,0,0,1,0,0,0,0,0,0,-,-,35.47034,-115.60014,SAN BERNARDINO,UNINCORPORATED,-115.60013118,35.47031485
9027017,2019,2020-02-26,3607,2019-07-08,1952,80249,78,1,5,6,3607,0,0,0,NA,0,MILL,MILLIKEN AV,ONTARIO MILLS PKWY,2,N,N,A,-,N,NA,NA,NA,NA,NA,NA,NA,NA,NA,N,4,0,2,2,A,-,03,22350,NA,N,C,C,A,A,H,-,A,A,0,NA,NA,NA,NA,Y,NA,A,01,0,0,2,0,0,0,0,0,0,-,-,NA,NA,SAN BERNARDINO,ONTARIO,-117.55834197998048,34.068904876708984
90271250,2016,2016-09-20,9860,2016-08-21,0223,013665,NA,7,3,9,3600,0,3,5,NA,2,003,SAND CANYON RD,CRAFTON AVE,1056,E,N,A,-,N,NA,NA,NA,NA,NA,NA,NA,NA,NA,Y,4,0,1,1,A,-,03,22350,NA,N,E,I,A,A,H,-,C,D,0,NA,NA,NA,NA,Y,NA,A,01,0,0,1,0,0,0,0,0,0,-,-,34.04788,-117.11792,SAN BERNARDINO,UNINCORPORATED,-117.11790025,34.04789029