CASE_ID,ACCIDENT_YEAR,PROC_DATE,JURIS,COLLISION_DATE,COLLISION_TIME,OFFICER_ID,REPORTING_DISTRICT,DAY_OF_WEEK,CHP_SHIFT,POPULATION,CNTY_CITY_LOC,SPECIAL_COND,BEAT_TYPE,CHP_BEAT_TYPE,CITY_DIVISION_LAPD,CHP_BEAT_CLASS,BEAT_NUMBER,PRIMARY_RD,SECONDARY_RD,DISTANCE,DIRECTION,INTERSECTION,WEATHER_1,WEATHER_2,STATE_HWY_IND,CALTRANS_COUNTY,CALTRANS_DISTRICT,STATE_ROUTE,ROUTE_SUFFIX,POSTMILE_PREFIX,POSTMILE,LOCATION_TYPE,RAMP_INTERSECTION,SIDE_OF_HWY,TOW_AWAY,COLLISION_SEVERITY,NUMBER_KILLED,NUMBER_INJURED,PARTY_COUNT,PRIMARY_COLL_FACTOR,PCF_CODE_OF_VIOL,PCF_VIOL_CATEGORY,PCF_VIOLATION,PCF_VIOL_SUBSECTION,HIT_AND_RUN,TYPE_OF_COLLISION,MVIW,PED_ACTION,ROAD_SURFACE,ROAD_COND_1,ROAD_COND_2,LIGHTING,CONTROL_DEVICE,CHP_ROAD_TYPE,PEDESTRIAN_ACCIDENT,BICYCLE_ACCIDENT,MOTORCYCLE_ACCIDENT,TRUCK_ACCIDENT,NOT_PRIVATE_PROPERTY,ALCOHOL_INVOLVED,STWD_VEHTYPE_AT_FAULT,CHP_VEHTYPE_AT_FAULT,COUNT_SEVERE_INJ,COUNT_VISIBLE_INJ,COUNT_COMPLAINT_PAIN,COUNT_PED_KILLED,COUNT_PED_INJURED,COUNT_BICYCLIST_KILLED,COUNT_BICYCLIST_INJURED,COUNT_MC_KILLED,COUNT_MC_INJURED,PRIMARY_RAMP,SECONDARY_RAMP,LATITUDE,LONGITUDE,COUNTY,CITY,POINT_X,POINT_Y
90240954,2016,2016-08-09,9865,2016-08-03,1530,013542,NA,3,2,9,3600,0,2,4,NA,2,013,LAKE GREGORY DR,GENEVA DR,0,NA,Y,A,-,N,NA,NA,NA,NA,NA,NA,NA,NA,NA,Y,3,0,5,2,A,-,09,21801,A,N,D,C,A,A,H,-,A,D,0,NA,NA,NA,NA,Y,NA,A,01,0,4,1,0,0,0,0,0,0,-,-,34.23637,-117.26868,SAN BERNARDINO,UNINCORPORATED,-117.26876008,34.23641008
90272967,2016,2016-09-21,9860,2016-09-16,0640,017919,NA,5,1,9,3600,0,1,1,NA,2,151,I-15 S/B,KENWOOD AVE,2820,S,N,A,-,Y,NA,NA,15,NA,NA,NA,NA,NA,S,Y,4,0,1,2,A,-,07,21658,A,N,B,C,A,A,H,-,A,D,0,NA,NA,NA,NA,Y,NA,D,22,0,0,1,0,0,0,0,0,0,-,-,34.2316,-117.41807,SAN BERNARDINO,UNINCORPORATED,-117.41832773,34.23125977
9031042,2019,2020-01-29,3610,2019-12-24,0347,50925,NA,2,5,6,3610,0,0,0,NA,0,BAKER,WEST HIGHLAND AV,N G ST,186,W,N,A,-,N,NA,NA,NA,NA,NA,NA,NA,NA,NA,Y,2,0,1,1,A,-,08,22107,NA,F,E,I,A,B,F,-,C,D,0,NA,NA,NA,NA,Y,NA,A,01,1,0,0,0,0,0,0,0,0,-,-,34.135990142822266,-117.2986297607422,SAN BERNARDINO,SAN BERNARDINO,-117.29925537109376,34.13602066040039
9031086,2019,2020-01-29,3610,2019-12-30,1740,NA,NA,1,5,6,3610,0,0,0,NA,0,DAVID,N MT VIEW AV,W 40TH ST,41,S,N,A,-,N,NA,NA,NA,NA,NA,NA,NA,NA,NA,N,3,0,1,2,A,-,11,21955,NA,N,G,B,E,A,H,-,C,A,0,Y,NA,NA,NA,Y,NA,N,60,0,1,0,0,1,0,0,0,0,-,-,NA,NA,SAN BERNARDINO,SAN BERNARDINO,-117.28729248046876,34.164798736572266
9031094,2019,2020-01-29,3610,2019-12-03,1710,NA,NA,2,5,6,3610,0,0,0,NA,0,BAKER,N BROOKFIELD ST,N KENDALL DR,0,NA,Y,B,-,N,NA,NA,NA,NA,NA,NA,NA,NA,NA,Y,3,0,2,2,A,-,09,21801,A,N,D,D,A,A,H,-,C,D,0,NA,NA,NA,NA,Y,NA,A,01,0,1,1,0,0,0,0,0,0,-,-,34.171661376953125,-117.3212890625,SAN BERNARDINO,SAN BERNARDINO,-117.32127380371094,34.171669006347656
90310984,2016,2016-11-03,9855,2016-10-27,0600,017649,NA,4,1,5,3602,0,1,3,NA,2,603,SR-60 E/B (POMONA FWY),PIPELINE AVE.,150,E,N,B,-,Y,NA,NA,60,NA,NA,NA,NA,NA,E,Y,4,0,2,3,A,-,03,22350,NA,N,C,C,A,A,H,-,A,D,0,NA,NA,NA,NA,Y,NA,D,22,0,0,2,0,0,0,0,0,0,-,-,34.02909,-117.71547,SAN BERNARDINO,CHINO,-117.71546201,34.02907024
90311954,2016,2016-11-07,9860,2016-10-28,2005,019706,NA,5,2,4,3603,0,1,1,NA,2,214,I-215 SOUTHBOUND,WASHINGTON ST.,1200,N,N,A,-,Y,NA,NA,215,NA,NA,NA,NA,NA,S,Y,4,0,1,2,A,-,03,22350,NA,N,C,C,A,A,H,-,C,D,0,NA,NA,NA,NA,Y,NA,A,01,0,0,1,0,0,0,0,0,0,-,-,34.0501,-117.30431,SAN BERNARDINO,COLTON,-117.30426961,34.05004233
90311970,2016,2016-11-07,9860,2016-11-02,2240,019449,NA,3,3,4,3618,0,1,1,NA,2,203,SR-210 W/B,5TH STREET,451,E,N,A,-,Y,NA,NA,210,NA,NA,NA,NA,NA,W,Y,3,0,1,1,A,-,01,23152,A,N,E,I,A,A,H,-,D,D,0,NA,NA,NA,NA,Y,Y,A,01,0,1,0,0,0,0,0,0,0,-,-,34.10635,-117.19911,SAN BERNARDINO,HIGHLAND,-117.198934,34.10632799
90312060,2016,2016-11-07,9860,2016-10-28,1918,020596,NA,5,2,5,3608,0,1,1,NA,2,105,I-10 W/B TO SR-210 W/B,TENNESSEE ST,1478,E,N,A,-,Y,NA,NA,10,NA,NA,NA,R,NA,W,Y,4,0,1,3,A,-,03,22350,NA,N,C,C,A,A,H,-,D,D,0,NA,NA,NA,NA,Y,NA,A,01,0,0,1,0,0,0,0,0,0,-,-,34.06463,-117.19772,SAN BERNARDINO,REDLANDS,-117.19772,34.06463
90312136,2016,2016-11-07,9860,2016-10-28,0909,019251,NA,5,1,9,3600,0,1,3,NA,1,012,SR-138 W/B,LONE PINE CANYON RD,0,NA,Y,B,-,Y,NA,NA,138,NA,NA,NA,NA,NA,W,N,3,0,1,1,A,-,08,22107,NA,N,E,I,A,A,D,-,A,D,0,NA,NA,NA,NA,Y,NA,A,01,0,1,0,0,0,0,0,0,0,-,-,34.31594,-117.49556,SAN BERNARDINO,UNINCORPORATED,-117.49557637,34.31588487
90312525,2016,2016-11-07,9835,2016-10-29,0630,021307,NA,6,1,9,3600,0,1,1,NA,2,074,INTERSTATE 15 N/B,AFTON CANYON RD,15312,N,N,A,-,Y,NA,NA,NA,NA,NA,NA,NA,NA,NA,Y,3,0,2,1,A,-,08,22107,NA,N,E,I,A,A,H,-,B,D,0,NA,NA,NA,NA,Y,NA,A,01,0,1,1,0,0,0,0,0,0,-,-,38.08469,-116.36543,SAN BERNARDINO,UNINCORPORATED,NA,NA
9031378,2019,2020-01-31,3610,2019-12-19,1725,50911,NA,4,5,6,3610,0,0,0,NA,0,PDAVID,F ST,RIALTO AV,0,NA,Y,A,-,N,NA,NA,NA,NA,NA,NA,NA,NA,NA,N,3,0,2,3,A,-,11,21456,B,F,G,B,B,A,H,-,C,A,0,Y,NA,NA,NA,Y,NA,N,60,0,1,1,0,2,0,0,0,0,-,-,34.1008415222168,-117.2963409423828,SAN BERNARDINO,SAN BERNARDINO,-117.29640197753906,34.100868225097656
90248443,2016,2016-08-19,9850,2016-08-11,1116,016227,NA,4,1,5,3612,0,1,1,NA,2,083,I-15 S/B,STODDARD WELLS RD (SOUTH),510,S,N,A,-,Y,NA,NA,15,NA,NA,NA,NA,NA,S,Y,3,0,1,1,A,-,08,22107,NA,N,E,I,A,A,C,-,A,D,0,NA,NA,NA,NA,Y,NA,A,01,0,1,0,0,0,0,0,0,0,-,-,34.55208,-117.29064,SAN BERNARDINO,VICTORVILLE,-117.29078022,34.55218906
9031650,2020,2020-02-26,3600,2020-01-12,1038,F6904,RC013,7,5,6,3616,0,0,0,NA,0,RC3,MILLIKEN AV,FAIRMONT WY,0,NA,Y,A,-,N,NA,NA,NA,NA,NA,NA,NA,NA,NA,Y,3,0,3,2,A,-,12,21453,A,N,D,C,A,A,H,-,A,A,0,NA,NA,NA,NA,Y,NA,A,01,0,2,1,0,0,0,0,0,0,-,-,NA,NA,SAN BERNARDINO,RANCHO CUCAMONGA,-117.5586166381836,34.12705993652344
90316652,2016,2016-11-10,9860,2016-11-04,0500,019419,NA,5,3,9,3600,0,1,1,NA,2,152,I-15 S/B,SR-138,5280,N,N,A,-,Y,NA,NA,NA,NA,NA,NA,NA,NA,NA,Y,4,0,2,3,A,-,03,22350,NA,N,C,C,A,A,H,-,D,D,0,NA,NA,NA,NA,Y,NA,A,01,0,0,2,0,0,0,0,0,0,-,-,34.32318,-117.48131,SAN BERNARDINO,UNINCORPORATED,NA,NA
90317984,2016,2016-11-14,9860,2016-11-07,1555,15763,NA,1,2,3,3615,0,1,1,NA,2,104,I-10 W/B,MOUNTAIN VIEW AVENUE,79,W,N,A,-,Y,NA,NA,10,NA,NA,NA,NA,NA,W,Y,2,0,4,3,A,-,03,22350,NA,N,C,C,A,A,H,-,A,D,0,NA,NA,NA,NA,Y,NA,A,01,1,0,3,0,0,0,0,0,0,-,-,34.0667,-117.24415,SAN BERNARDINO,LOMA LINDA,-117.24415014,34.0667373
90318018,2016,2016-11-14,9860,2016-11-07,1759,019449,NA,1,2,4,3603,0,1,1,NA,2,103,I-10 W/B,RANCHO AVE,420,W,N,A,-,Y,NA,NA,10,NA,NA,NA,NA,NA,W,Y,4,0,2,2,A,-,03,22350,NA,N,C,C,A,A,H,-,D,D,0,NA,NA,NA,NA,Y,NA,A,01,0,0,2,0,0,0,0,0,0,-,-,34.06863,-117.34061,SAN BERNARDINO,COLTON,-117.34061461,34.06854508
90249155,2016,2016-08-22,9860,2016-08-21,1250,020614,NA,7,1,5,3609,0,1,1,NA,2,102,I-10 EASTBOUND,RIVERSIDE AVE.,646,W,N,A,-,Y,NA,NA,10,NA,NA,NA,NA,NA,E,Y,3,0,2,1,A,-,01,23152,A,N,E,I,A,A,H,-,D,D,0,NA,NA,NA,NA,Y,Y,A,01,0,2,0,0,0,0,0,0,0,-,-,34.06866,-117.3723,SAN BERNARDINO,RIALTO,-117.3723027,34.06869246
90321438,2016,2016-11-17,9860,2016-11-14,1755,016651,NA,1,2,3,3615,0,1,1,NA,2,104,I-10 W/B,TIPPECANOE AVE,1300,W,N,A,-,Y,NA,NA,10,NA,NA,NA,NA,NA,W,N,4,0,1,4,A,-,03,22350,NA,M,C,C,A,A,H,-,C,D,0,NA,NA,NA,NA,Y,NA,A,07,0,0,1,0,0,0,0,0,0,-,-,34.06408,-117.26566,SAN BERNARDINO,LOMA LINDA,-117.26565686000001,34.06403307
90249176,2016,2016-08-22,9835,2016-08-14,2249,021082,NA,7,3,9,3600,0,1,1,NA,2,077,I-15 S/B,YATES WELL RD,11299,S,N,A,-,Y,NA,NA,NA,NA,NA,NA,NA,NA,NA,Y,2,0,2,1,A,-,08,22107,NA,N,F,A,A,A,H,-,C,D,0,NA,NA,NA,NA,Y,NA,A,07,1,1,0,0,0,0,0,0,0,-,-,35.3011,-115.269,SAN BERNARDINO,UNINCORPORATED,NA,NA
9032206,2019,2020-01-31,3602,2019-12-16,1023,1127,NA,1,5,5,3602,0,0,0,NA,0,NA,RIVERSIDE DR,CENTRAL AV,115,E,N,A,-,N,NA,NA,NA,NA,NA,NA,NA,NA,NA,N,4,0,1,2,A,-,09,21804,NA,N,D,C,A,A,H,-,A,D,0,NA,NA,NA,NA,Y,NA,D,22,0,0,1,0,0,0,0,0,0,-,-,NA,NA,SAN BERNARDINO,CHINO,-117.68901824951172,34.01908493041992
90324891,2016,2016-11-18,9850,2016-11-13,2156,021366,NA,7,2,9,3600,0,2,4,NA,2,066,PHELAN RD.,BALDY MESA RD.,449,E,N,A,-,N,NA,NA,NA,NA,NA,NA,NA,NA,NA,Y,2,0,1,2,A,-,21,22106,NA,N,D,C,A,A,H,-,D,D,0,NA,NA,Y,Y,Y,NA,G,25,1,0,0,0,0,0,0,0,1,-,-,34.42658,-117.44924,SAN BERNARDINO,UNINCORPORATED,-117.44950545,34.42653
90250741,2016,2016-08-23,9855,2016-08-16,1614,015919,NA,2,2,6,3616,0,1,1,NA,2,201,SR-210 E/B (FOOTHILL FWY),I-15,175,W,N,A,-,Y,NA,NA,210,NA,NA,NA,NA,NA,E,Y,4,0,1,2,A,-,03,22350,NA,N,C,C,A,A,H,-,A,D,0,NA,NA,NA,NA,Y,NA,D,22,0,0,1,0,0,0,0,0,0,-,-,34.1363,-117.4978,SAN BERNARDINO,RANCHO CUCAMONGA,-117.49780012,34.13624403
90326628,2016,2016-11-21,9860,2016-11-09,0735,014686,NA,3,1,9,3600,0,1,1,NA,2,216,I-215 S/B,LITTLE LEAGUE DR,1056,N,N,A,-,Y,NA,NA,215,NA,NA,NA,NA,NA,S,Y,3,0,1,2,A,-,03,22350,NA,N,C,C,A,A,H,-,A,D,0,NA,NA,NA,NA,Y,NA,A,01,0,1,0,0,0,0,0,0,0,-,-,34.20095,-117.37447,SAN BERNARDINO,UNINCORPORATED,-117.37450839,34.20090051
90253024,2016,2016-08-25,9835,2016-07-16,1625,020993,NA,6,2,9,3600,0,3,5,NA,2,034,DAGGETT-YERMO ROAD,AGATE ROAD,1584,S,N,A,-,N,NA,NA,NA,NA,NA,NA,NA,NA,NA,Y,1,1,0,1,A,-,08,22107,NA,N,E,I,A,A,H,-,A,D,0,NA,NA,NA,NA,Y,NA,A,01,0,0,0,0,0,0,0,0,0,-,-,34.87648,-116.88853,SAN BERNARDINO,UNINCORPORATED,-116.88854634,34.87738758
90254269,2016,2016-08-26,9860,2016-08-24,2125,019027,NA,3,2,5,3608,0,1,1,NA,2,104,I-10 W/B,CALIFORNIA ST.,1584,E,N,A,-,Y,NA,NA,NA,NA,NA,NA,NA,NA,NA,Y,3,0,2,3,A,-,07,21658,A,F,B,C,A,A,H,-,D,D,0,NA,NA,NA,Y,Y,NA,A,01,0,2,0,0,0,0,0,0,0,-,-,34.04002,-117.1313,SAN BERNARDINO,REDLANDS,-117.22097625,34.06676
90328914,2016,2016-11-23,9860,2016-11-21,1715,016658,NA,1,2,4,3640,0,1,1,NA,2,106,I-10 E/B,LIVE OAK CANYON RD,300,W,N,B,-,Y,NA,NA,10,NA,NA,NA,NA,NA,E,Y,4,0,2,3,A,-,03,22350,NA,N,C,C,A,A,D,-,D,D,0,NA,NA,NA,NA,Y,NA,A,01,0,0,2,0,0,0,0,0,0,-,-,34.01875,-117.09965,SAN BERNARDINO,YUCAIPA,-117.09959126,34.01884284
90329388,2016,2016-11-25,9860,2016-11-22,1826,017784,NA,2,2,4,3603,0,1,1,NA,2,214,INTERSTATE 215 NORTHBOUND,WASHINGTON STREET,1056,N,N,B,-,Y,NA,NA,215,NA,NA,NA,NA,NA,N,Y,4,0,1,2,A,-,04,21703,NA,N,C,C,A,A,H,-,D,D,0,NA,NA,NA,NA,Y,NA,A,01,0,0,1,0,0,0,0,0,0,-,-,34.05103,-117.30245,SAN BERNARDINO,COLTON,-117.30247234,34.05106201
90330074,2016,2016-11-28,9860,2016-11-21,0340,020766,NA,1,3,6,3610,0,1,1,NA,2,104,I-10 E/B,WATERMAN AVE,200,E,N,B,C,Y,NA,NA,10,NA,NA,NA,NA,NA,E,Y,3,0,1,1,A,-,03,22350,NA,N,E,I,A,B,H,-,C,D,0,NA,NA,NA,NA,Y,NA,A,01,0,1,0,0,0,0,0,0,0,-,-,34.06365,-117.27462,SAN BERNARDINO,SAN BERNARDINO,-117.27461327,34.06376023
90332548,2016,2016-11-29,9860,2016-11-17,1435,014686,NA,4,2,9,3600,0,1,1,NA,2,152,I-15 N/B,OAK HILL ROAD,5808,S,N,A,-,Y,NA,NA,NA,NA,NA,NA,NA,NA,NA,Y,3,0,1,1,A,-,01,23152,A,N,E,J,A,A,H,-,A,D,0,NA,NA,NA,NA,Y,Y,D,22,0,1,0,0,0,0,0,0,0,-,-,34.3465,-117.41289,SAN BERNARDINO,UNINCORPORATED,-117.44123991,34.34795627
90254963,2016,2016-08-26,9855,2016-08-18,1302,019809,NA,4,1,5,3602,0,1,3,NA,2,603,SR-60 W/B (POMONA FWY),RAMONA AVE.,250,W,N,A,-,Y,NA,NA,60,NA,NA,NA,NA,NA,W,Y,4,0,1,3,A,-,07,21658,A,N,B,C,A,A,H,-,A,D,0,NA,NA,NA,Y,Y,NA,G,26,0,0,1,0,0,0,0,0,0,-,-,34.02999,-117.71236,SAN BERNARDINO,CHINO,-117.71236422,34.03001889
90256693,2016,2016-08-30,9865,2016-08-23,1630,013542,NA,2,2,9,3600,0,1,3,NA,1,030,SR-18,18 SBD 40.36,299,W,N,A,-,Y,NA,NA,18,NA,NA,NA,NA,NA,NA,Y,2,0,1,1,A,-,03,22350,NA,N,E,I,A,A,H,-,A,D,0,NA,NA,Y,NA,Y,NA,C,02,1,0,0,0,0,0,0,0,1,-,-,34.24353,-117.02817,SAN BERNARDINO,UNINCORPORATED,-117.02819435,34.24353751
9033907,2019,2020-07-13,3600,2019-12-16,1326,G8600,BL210,1,5,2,3680,0,0,0,NA,0,BL2,RT 18,BIG BEAR BL,9.6,N,N,A,-,Y,SBD,8,18,-,-,49.87,H,-,N,Y,4,0,1,2,A,-,03,22350,NA,N,C,C,A,A,H,-,B,D,0,NA,NA,NA,NA,Y,NA,-,NA,0,0,1,0,0,0,0,0,0,-,-,NA,NA,SAN BERNARDINO,BIG BEAR LAKE,-116.89815521240234,34.24349594116211
90341762,2016,2016-12-12,9860,2016-12-01,1843,019449,NA,4,2,4,3603,0,1,1,NA,2,103,I-10 W/B,RANCHO AVE,850,E,N,A,-,Y,NA,NA,10,NA,NA,NA,NA,NA,W,N,4,0,1,2,A,-,03,22350,NA,N,C,C,A,A,H,-,C,D,0,NA,NA,NA,NA,Y,NA,A,07,0,0,1,0,0,0,0,0,0,-,-,34.06683,-117.33302,SAN BERNARDINO,COLTON,-117.33301007,34.06690076
90341922,2016,2016-12-12,9860,2016-12-06,1650,016821,NA,2,2,6,3610,0,1,1,NA,2,214,I-215 S/B,LYTLE CREEK,50,N,N,B,-,Y,NA,NA,215,NA,NA,NA,NA,NA,S,Y,3,0,2,2,A,-,03,22350,NA,N,C,C,A,A,H,-,C,D,0,NA,NA,NA,NA,Y,NA,A,01,0,1,1,0,0,0,0,0,0,-,-,34.09586,-117.30195,SAN BERNARDINO,SAN BERNARDINO,-117.30202269,34.09585934
90257376,2016,2016-08-30,9855,2016-08-22,0640,012923,NA,1,1,6,3607,0,1,3,NA,2,601,SR-60 E/B (POMONA FWY),SR-83 (EUCLID AVE.),385,E,N,A,-,Y,NA,NA,60,NA,NA,NA,NA,NA,E,Y,4,0,2,4,A,-,07,21658,A,N,B,C,A,A,H,-,A,D,0,NA,NA,NA,NA,Y,NA,A,01,0,0,2,0,0,0,0,0,0,-,-,34.03021,-117.64468,SAN BERNARDINO,ONTARIO,-117.64468,34.03034789
90342878,2016,2016-12-13,9860,2016-12-01,1820,018275,NA,4,2,9,3600,0,1,1,NA,2,201,SR-210 W/B,STATE STREET,528,W,N,A,-,Y,NA,NA,210,NA,NA,NA,NA,NA,W,N,4,0,2,2,A,-,08,22107,NA,N,B,C,A,A,H,-,D,D,0,NA,NA,NA,NA,Y,NA,A,01,0,0,2,0,0,0,0,0,0,-,-,34.1348,-117.33786,SAN BERNARDINO,UNINCORPORATED,-117.33786165,34.13476977
90259672,2016,2016-09-02,9855,2016-08-28,0455,020690,NA,7,3,6,3604,0,1,1,NA,2,152,I-15 N/B (ONTARIO FWY),DUNCAN CANYON RD.,3800,S,N,A,-,Y,NA,NA,15,NA,NA,NA,NA,NA,N,Y,4,0,1,2,A,-,03,22350,NA,N,C,C,A,A,H,-,C,D,0,NA,NA,NA,Y,Y,NA,A,01,0,0,1,0,0,0,0,0,0,-,-,34.15756,-117.47005,SAN BERNARDINO,FONTANA,-117.47007311,34.15758774
9034465,2019,2020-01-29,3610,2019-11-20,1851,50761,NA,3,5,6,3610,0,0,0,NA,0,POLICE,W FOOTHILL BL,N DALLAS AVE,56,W,N,B,-,N,NA,NA,NA,NA,NA,NA,NA,NA,NA,N,4,0,1,2,A,-,11,21954,A,N,G,B,D,B,H,-,C,D,0,Y,NA,NA,NA,Y,NA,N,60,0,0,1,0,1,0,0,0,0,-,-,34.10670852661133,-117.34496307373048,SAN BERNARDINO,SAN BERNARDINO,-117.3449478149414,34.1068000793457
9034551,2019,2020-02-04,3607,2019-12-05,1807,80266,680,4,5,6,3607,0,0,0,NA,0,081,HAVEN AV,SCHAEFER AV,500,N,N,A,-,N,NA,NA,NA,NA,NA,NA,NA,NA,NA,Y,4,0,1,1,A,-,08,22107,NA,N,E,I,A,A,H,-,D,D,0,NA,NA,NA,NA,Y,NA,A,01,0,0,1,0,0,0,0,0,0,-,-,NA,NA,SAN BERNARDINO,ONTARIO,-117.57588958740234,34.00559616088867
90346057,2016,2016-12-15,9855,2016-12-02,1625,019675,NA,5,2,6,3616,0,1,1,NA,2,203,SR-210 E/B (FOOTHILL FWY),CARNELIAN ST.,500,W,N,A,G,Y,NA,NA,210,NA,NA,NA,NA,NA,E,Y,4,0,2,2,A,-,03,22350,NA,N,C,C,A,A,H,-,B,D,0,NA,NA,NA,NA,Y,NA,D,22,0,0,2,0,0,0,0,0,0,-,-,34.13473,-117.62416,SAN BERNARDINO,RANCHO CUCAMONGA,-117.62415989,34.13476622
9034630,2019,2020-02-08,3607,2019-12-15,0255,20343,229,7,5,6,3607,0,0,0,NA,0,052,PHILADELPHIA ST,SAN ANTONIO AV,500,W,N,A,-,N,NA,NA,NA,NA,NA,NA,NA,NA,NA,N,4,0,1,2,A,-,08,22107,NA,N,C,E,A,A,H,-,C,D,0,NA,NA,NA,NA,Y,NA,A,01,0,0,1,0,0,0,0,0,0,-,-,NA,NA,SAN BERNARDINO,ONTARIO,-117.6605987548828,34.03376007080078
9034770,2019,2021-05-12,3602,2019-12-12,1445,3368,NA,4,5,5,3602,0,0,0,NA,0,005,EUCLID AV,KIMBALL AV,817,S,N,A,-,Y,SBD,8,83,-,-,2.77,H,-,N,N,3,0,1,2,A,-,03,22350,NA,N,C,C,A,A,H,-,A,A,0,NA,NA,NA,NA,Y,NA,A,01,0,1,0,0,0,0,0,0,0,-,-,NA,NA,SAN BERNARDINO,CHINO,-117.65055847167967,33.9663200378418
90347934,2016,2016-12-19,9860,2016-11-30,1410,016658,NA,3,2,6,3610,0,1,1,NA,2,202,SR-210 E/B,WATERMAN AVE,200,E,N,A,-,Y,NA,NA,210,NA,NA,NA,NA,NA,E,Y,4,0,1,2,A,-,08,22107,NA,N,E,I,A,A,H,-,A,D,0,NA,NA,NA,NA,Y,NA,A,01,0,0,1,0,0,0,0,0,0,-,-,34.14492,-117.27424,SAN BERNARDINO,SAN BERNARDINO,-117.27424364,34.14483857
90349383,2016,2016-12-20,9855,2016-12-08,1645,019675,NA,4,2,5,3611,0,1,1,NA,2,203,SR-210 E/B (FOOTHILL FWY),SAN ANTONIO AVE.,600,W,N,A,-,Y,NA,NA,210,NA,NA,NA,NA,NA,E,N,4,0,1,2,A,-,03,22350,NA,N,C,C,A,A,H,-,D,D,0,NA,NA,NA,NA,Y,NA,D,22,0,0,1,0,0,0,0,0,0,-,-,34.13449,-117.66306,SAN BERNARDINO,UPLAND,-117.66305964,34.1345356
9034948,2020,2020-09-28,3605,2020-01-17,0928,431,NA,5,5,4,3605,0,0,0,NA,0,NA,CENTRAL AV,MONTCLAIR PLAZA LN,443,S,N,B,-,Y,SBD,8,10,-,-,1.361,R,4,W,N,4,0,1,2,A,-,12,21453,A,N,D,C,A,B,H,-,A,A,0,NA,NA,NA,NA,Y,NA,A,07,0,0,1,0,0,0,0,0,0,-,-,NA,NA,SAN BERNARDINO,MONTCLAIR,-117.68779754638672,34.08637619018555
90264441,2016,2016-09-08,9835,2016-09-07,0622,021278,NA,3,1,9,3600,0,1,1,NA,2,076,I-15 S/B,HALLORAN SUMMIT RD,5438,N,N,A,-,Y,NA,NA,15,NA,NA,NA,NA,NA,S,Y,3,0,1,2,A,-,01,23152,A,N,C,C,A,A,H,-,B,D,0,NA,NA,NA,Y,Y,Y,A,01,0,1,0,0,0,0,0,0,0,-,-,35.41074,-115.76935,SAN BERNARDINO,UNINCORPORATED,-115.76934256,35.41071891
9029050,2019,2020-02-05,3608,2019-12-09,1825,3372,REDLA,1,5,5,3608,0,0,0,NA,0,NA,ALESSANDRO RD,CREEKSIDE DR,298,N,N,A,-,N,NA,NA,NA,NA,NA,NA,NA,NA,NA,Y,3,0,3,2,A,-,05,21460,A,N,A,C,A,A,H,-,D,D,0,NA,NA,NA,NA,Y,NA,A,01,0,2,1,0,0,0,0,0,0,-,-,NA,NA,SAN BERNARDINO,REDLANDS,-117.17903900146484,34.01565933227539
9035055,2019,2020-02-13,3611,2019-10-05,0753,3200,3611,6,5,5,3611,0,0,0,NA,0,002,FOOTHILL BL,MOUNTAIN AV,165,W,N,A,-,N,NA,NA,NA,NA,NA,NA,NA,NA,NA,Y,4,0,1,1,A,-,08,22107,NA,N,E,I,A,A,H,-,A,D,0,NA,NA,NA,NA,Y,NA,A,01,0,0,1,0,0,0,0,0,0,-,-,NA,NA,SAN BERNARDINO,UPLAND,-117.67074584960938,34.10696029663086
90350584,2016,2016-12-21,9834,2016-12-20,1130,021525,NA,2,1,9,3600,0,1,1,NA,2,042,I-40 W/B,MOUNTAIN SPRINGS RD,4277,E,N,A,-,Y,NA,NA,40,NA,NA,NA,NA,NA,W,Y,3,0,2,2,A,-,03,22350,NA,N,C,C,A,A,H,-,A,D,0,NA,NA,NA,Y,Y,NA,G,25,0,1,1,0,0,0,0,0,0,-,-,34.83002,-115.03698,SAN BERNARDINO,UNINCORPORATED,-115.03698216,34.82999445
9035151,2020,2020-10-26,3600,2020-02-16,1123,T1686,AP007,7,5,5,3621,0,0,0,NA,0,AP2,RT 18,NAVAJO RD,0,NA,Y,A,-,Y,SBD,8,18,-,-,88.871,I,5,S,Y,2,0,2,2,A,-,12,21453,A,N,D,C,A,A,H,-,A,A,0,NA,NA,Y,NA,Y,NA,C,02,2,0,0,0,0,0,0,0,2,-,-,NA,NA,SAN BERNARDINO,APPLE VALLEY,-117.19026947021484,34.50057601928711
90294087,2016,2016-10-18,9860,2016-10-06,1005,016658,NA,4,1,4,3640,0,1,1,NA,2,106,I-10 W/B,COUNTY LINE RD,528,W,N,A,-,Y,NA,NA,10,NA,NA,NA,NA,NA,W,Y,4,0,1,2,A,-,03,22350,NA,N,C,C,A,A,H,-,A,D,0,NA,NA,NA,NA,Y,NA,A,07,0,0,1,0,0,0,0,0,0,-,-,34.00652,-117.06643,SAN BERNARDINO,YUCAIPA,-117.06630366,34.00658487
90353843,2016,2016-12-27,9860,2016-12-16,0710,016646,NA,5,1,9,3600,0,1,1,NA,2,201,SR-210 E/B,27TH STREET,100,W,N,B,C,Y,NA,NA,NA,NA,NA,NA,NA,NA,NA,Y,4,0,1,2,A,-,08,22107,NA,N,D,C,A,B,H,-,A,D,0,NA,NA,NA,NA,Y,NA,A,01,0,0,1,0,0,0,0,0,0,-,-,34.14006,-117.32423,SAN BERNARDINO,UNINCORPORATED,-117.32404681,34.14010673