CASE_ID,ACCIDENT_YEAR,PROC_DATE,JURIS,COLLISION_DATE,COLLISION_TIME,OFFICER_ID,REPORTING_DISTRICT,DAY_OF_WEEK,CHP_SHIFT,POPULATION,CNTY_CITY_LOC,SPECIAL_COND,BEAT_TYPE,CHP_BEAT_TYPE,CITY_DIVISION_LAPD,CHP_BEAT_CLASS,BEAT_NUMBER,PRIMARY_RD,SECONDARY_RD,DISTANCE,DIRECTION,INTERSECTION,WEATHER_1,WEATHER_2,STATE_HWY_IND,CALTRANS_COUNTY,CALTRANS_DISTRICT,STATE_ROUTE,ROUTE_SUFFIX,POSTMILE_PREFIX,POSTMILE,LOCATION_TYPE,RAMP_INTERSECTION,SIDE_OF_HWY,TOW_AWAY,COLLISION_SEVERITY,NUMBER_KILLED,NUMBER_INJURED,PARTY_COUNT,PRIMARY_COLL_FACTOR,PCF_CODE_OF_VIOL,PCF_VIOL_CATEGORY,PCF_VIOLATION,PCF_VIOL_SUBSECTION,HIT_AND_RUN,TYPE_OF_COLLISION,MVIW,PED_ACTION,ROAD_SURFACE,ROAD_COND_1,ROAD_COND_2,LIGHTING,CONTROL_DEVICE,CHP_ROAD_TYPE,PEDESTRIAN_ACCIDENT,BICYCLE_ACCIDENT,MOTORCYCLE_ACCIDENT,TRUCK_ACCIDENT,NOT_PRIVATE_PROPERTY,ALCOHOL_INVOLVED,STWD_VEHTYPE_AT_FAULT,CHP_VEHTYPE_AT_FAULT,COUNT_SEVERE_INJ,COUNT_VISIBLE_INJ,COUNT_COMPLAINT_PAIN,COUNT_PED_KILLED,COUNT_PED_INJURED,COUNT_BICYCLIST_KILLED,COUNT_BICYCLIST_INJURED,COUNT_MC_KILLED,COUNT_MC_INJURED,PRIMARY_RAMP,SECONDARY_RAMP,LATITUDE,LONGITUDE,COUNTY,CITY,POINT_X,POINT_Y
9055262,2020,2020-05-29,3602,2020-02-04,1642,3368,67,2,5,5,3602,0,0,0,NA,0,004,RIVERSIDE DR,6TH ST,191,E,N,A,-,N,NA,NA,NA,NA,NA,NA,NA,NA,NA,N,3,0,1,2,A,-,03,22350,NA,N,C,C,A,A,H,-,B,D,0,NA,NA,NA,NA,Y,NA,A,01,0,1,0,0,0,0,0,0,0,-,-,NA,NA,SAN BERNARDINO,CHINO,-117.69123840332033,34.019065856933594
90554376,2017,2017-09-25,9860,2017-09-21,1605,016590,NA,4,2,6,3610,0,1,1,NA,2,214,I-215 S/B,MILL ST.,1375,N,N,B,-,Y,NA,NA,215,NA,NA,NA,NA,NA,S,Y,4,0,1,2,A,-,03,22350,NA,N,C,C,A,A,H,-,A,D,0,NA,NA,NA,NA,Y,NA,A,01,0,0,1,0,0,0,0,0,0,-,-,34.09726,-117.30192,SAN BERNARDINO,SAN BERNARDINO,-117.30203472,34.097259
90554966,2017,2017-09-25,9860,2017-09-20,0655,012530,NA,3,1,6,3604,0,1,1,NA,2,201,SR-210 W/B,ALDER AVENUE O/C.,1056,E,N,B,-,Y,NA,NA,NA,NA,NA,NA,NA,NA,NA,N,4,0,1,2,A,-,03,22350,NA,F,C,C,A,A,H,-,A,D,0,NA,NA,NA,NA,Y,NA,A,01,0,0,1,0,0,0,0,0,0,-,-,34.13648,-117.41391,SAN BERNARDINO,FONTANA,-117.41502041,34.13659182
9055985,2020,2020-05-20,3602,2020-02-26,1442,1127,NA,3,5,5,3602,0,0,0,NA,0,NA,RAMONA AV,PHILADELPHIA ST,54,N,N,A,-,N,NA,NA,NA,NA,NA,NA,NA,NA,NA,N,4,0,1,2,A,-,21,22106,NA,N,C,C,A,A,H,-,A,A,0,NA,NA,NA,NA,Y,NA,A,08,0,0,1,0,0,0,0,0,0,-,-,NA,NA,SAN BERNARDINO,CHINO,-117.70690155029295,34.033626556396484
90560587,2017,2017-10-02,9860,2017-09-27,1425,014829,NA,3,2,9,3600,0,1,3,NA,1,010,SR-138,WAGON TRAIN RD,12144,E,N,A,-,Y,NA,NA,NA,NA,NA,NA,NA,NA,NA,Y,4,0,1,1,A,-,08,22107,NA,N,F,A,A,A,H,-,A,D,0,NA,NA,NA,NA,Y,Y,A,07,0,0,1,0,0,0,0,0,0,-,-,34.32631,-117.15189,SAN BERNARDINO,UNINCORPORATED,-117.44311303,34.32994161
90476461,2017,2017-06-13,9835,2017-06-02,1340,021186,NA,5,1,9,3600,0,3,5,NA,2,032,NATIONAL TRAILS HWY,MURPHEY CO RD,1056,W,N,A,-,N,NA,NA,NA,NA,NA,NA,NA,NA,NA,Y,3,0,1,1,A,-,08,22107,NA,N,E,I,A,A,H,-,A,D,0,NA,NA,NA,NA,Y,NA,A,07,0,1,0,0,0,0,0,0,0,-,-,34.748780000000004,-117.30786,SAN BERNARDINO,UNINCORPORATED,-117.30786,34.748779999999996
9056149,2020,2020-03-13,3600,2020-01-17,1524,G8603,RC001,5,5,6,3616,0,0,0,NA,0,RC06,SANTA ANNA AV,4TH ST,12,E,N,A,-,N,NA,NA,NA,NA,NA,NA,NA,NA,NA,Y,2,0,2,1,A,-,03,22350,NA,N,E,I,A,A,H,-,A,D,0,NA,NA,NA,NA,Y,NA,A,01,1,1,0,0,0,0,0,0,0,-,-,NA,NA,SAN BERNARDINO,RANCHO CUCAMONGA,NA,NA
90476806,2017,2017-06-13,9860,2017-06-06,1650,016651,NA,2,2,6,3610,0,1,1,NA,2,103,I-10 W/B,WATERMAN AVE,1630,W,N,A,-,Y,NA,NA,10,NA,NA,NA,NA,NA,W,Y,3,0,1,4,D,-,00,NA,NA,N,C,C,A,A,H,-,A,D,0,NA,NA,NA,NA,Y,NA,-,-,0,1,0,0,0,0,0,0,0,-,-,34.06401,-117.28421,SAN BERNARDINO,SAN BERNARDINO,-117.28420871,34.06399764
90478009,2017,2017-07-25,9860,2017-03-03,2243,020051,NA,5,3,3,3690,0,1,1,NA,2,214,I-215 SOUTHBOUND,BARTON ROAD,1676,S,N,A,-,Y,NA,NA,215,NA,NA,NA,NA,NA,S,Y,1,1,2,2,A,-,05,21651,B,N,A,C,A,A,H,-,D,D,0,NA,NA,NA,NA,Y,Y,A,01,0,2,0,0,0,0,0,0,0,-,-,34.0307,-117.32862,SAN BERNARDINO,GRAND TERRACE,-117.32865249,34.03073699
90482686,2017,2017-06-21,9855,2017-06-07,2100,017570,NA,3,2,6,3616,0,1,1,NA,2,153,I-15 N/B (ONTARIO FWY),SR-210 E/B,1500,S,N,A,-,Y,NA,NA,NA,NA,NA,NA,NA,NA,NA,Y,3,0,2,3,A,-,03,22350,NA,F,C,C,A,A,H,-,C,D,0,NA,NA,NA,NA,Y,NA,A,01,0,1,1,0,0,0,0,0,0,-,-,34.1231,-117.50055,SAN BERNARDINO,RANCHO CUCAMONGA,NA,NA
90563822,2017,2017-10-05,9860,2017-09-27,1827,019391,NA,3,2,3,3690,0,1,1,NA,2,214,I-215 S/B,IOWA AVE,1655,N,N,A,-,Y,NA,NA,215,NA,NA,NA,NA,NA,S,Y,4,0,1,3,A,-,07,21658,A,N,C,C,A,A,H,-,A,D,0,NA,NA,NA,NA,Y,NA,A,01,0,0,1,0,0,0,0,0,0,-,-,34.02789,-117.33203,SAN BERNARDINO,GRAND TERRACE,-117.33196,34.02781672
90564899,2017,2017-10-06,9855,2017-10-04,0745,012923,NA,3,1,5,3602,0,1,3,NA,2,603,SR-60 W/B (POMONA FWY),CENTRAL AVE.,565,E,N,A,-,Y,NA,NA,60,NA,NA,NA,NA,NA,W,N,4,0,1,2,A,-,03,22350,NA,N,C,C,A,A,H,-,A,D,0,NA,NA,NA,NA,Y,NA,A,07,0,0,1,0,0,0,0,0,0,-,-,34.031,-117.69,SAN BERNARDINO,CHINO,-117.6899939,34.03037049
90564985,2017,2017-10-06,9855,2017-10-05,0955,016375,NA,4,1,5,3611,0,1,1,NA,2,203,SR-210 W/B (FOOTHILL FWY),CAMPUS AVE.,1056,E,N,A,-,Y,NA,NA,210,NA,NA,NA,NA,NA,W,Y,4,0,1,2,A,-,03,22350,NA,N,C,C,A,A,H,-,A,D,0,NA,NA,NA,NA,Y,NA,A,01,0,0,1,0,0,0,0,0,0,-,-,34.13485,-117.629,SAN BERNARDINO,UPLAND,-117.6290008,34.13500634
90488876,2017,2017-06-27,9850,2017-06-18,1330,019278,NA,7,1,5,3612,0,1,1,NA,2,083,I-15 S/B,BEAR VALLEY RD,3960,N,N,A,-,Y,NA,NA,15,NA,NA,NA,NA,NA,S,Y,4,0,1,3,A,-,03,22350,NA,N,C,C,A,A,H,-,A,D,0,NA,NA,NA,NA,Y,NA,D,22,0,0,1,0,0,0,0,0,0,-,-,34.4765,-117.3415,SAN BERNARDINO,VICTORVILLE,-117.34156413,34.47655032
90489032,2017,2017-06-27,9860,2017-06-16,1800,020626,NA,5,2,9,3600,0,2,4,NA,1,410,VALLEY BLVD,LINDEN AVE,633,W,N,A,-,N,NA,NA,NA,NA,NA,NA,NA,NA,NA,Y,3,0,1,2,A,-,01,23152,A,M,E,I,A,A,H,-,A,D,0,NA,NA,NA,NA,Y,Y,A,01,0,1,0,0,0,0,0,0,0,-,-,34.07036,-117.40295,SAN BERNARDINO,UNINCORPORATED,-117.40285409,34.07047663
90528257,2017,2017-08-22,9855,2017-08-12,0148,020690,NA,6,3,6,3604,0,1,1,NA,2,101,I-10 E/B TO CHERRY AVENUE,CHERRY AVE.,25,W,N,A,-,Y,NA,NA,10,NA,NA,NA,R,NA,E,Y,4,0,1,2,A,-,03,22350,NA,N,C,C,A,A,H,-,C,A,0,NA,NA,NA,Y,Y,NA,G,25,0,0,1,0,0,0,0,0,0,-,-,34.06571,-117.489,SAN BERNARDINO,FONTANA,-117.489,34.06571
90528701,2017,2017-08-22,9860,2017-08-15,1730,017098,NA,2,2,4,3603,0,1,1,NA,2,103,I-10 E/B,MT VERNON AVE,300,E,N,A,-,Y,NA,NA,10,NA,NA,NA,NA,NA,E,N,4,0,1,2,A,-,03,22350,NA,F,C,C,A,A,H,-,A,D,0,NA,NA,NA,NA,Y,NA,A,01,0,0,1,0,0,0,0,0,0,-,-,34.06487,-117.31204,SAN BERNARDINO,COLTON,-117.31203854,34.06483991
90528965,2017,2017-08-23,9850,2017-08-21,1200,019278,NA,1,1,9,3600,0,3,5,NA,2,005,MOUNTAIN RD,MADRID PL,0,NA,Y,A,-,N,NA,NA,NA,NA,NA,NA,NA,NA,NA,N,4,0,2,2,D,-,00,NA,NA,N,D,C,A,A,H,-,A,D,0,NA,NA,NA,NA,Y,NA,-,-,0,0,2,0,0,0,0,0,0,-,-,34.47,-117.6476,SAN BERNARDINO,UNINCORPORATED,-117.64755009,34.47006002
90536587,2017,2017-08-29,9855,2017-08-25,0825,020161,NA,5,1,5,3602,0,1,3,NA,2,603,SR-60 E/B (POMONA FWY),PIPELINE AVE.,189,E,N,A,-,Y,NA,NA,60,NA,NA,NA,NA,NA,E,Y,3,0,1,1,A,-,08,22107,NA,N,E,I,A,A,H,-,A,D,0,NA,NA,NA,NA,Y,NA,A,07,0,1,0,0,0,0,0,0,0,-,-,34.0296,-117.7137,SAN BERNARDINO,CHINO,-117.71368955,34.0295603
9057437,2020,2020-07-03,3611,2020-03-02,0629,3046,3611,1,5,5,3611,0,0,0,NA,0,002,7TH ST,1ST AV,50,E,N,A,-,N,NA,NA,NA,NA,NA,NA,NA,NA,NA,Y,4,0,2,2,A,-,07,21658,A,N,B,C,A,A,H,-,A,D,0,NA,NA,NA,NA,Y,NA,D,22,0,0,2,0,0,0,0,0,0,-,-,NA,NA,SAN BERNARDINO,UPLAND,-117.64949798583984,34.088809967041016
9057462,2020,2020-09-16,3611,2020-01-02,1223,2297,3611,4,5,5,3611,0,0,0,NA,0,003,14TH ST,WINSTON CT,0,NA,Y,A,-,N,NA,NA,NA,NA,NA,NA,NA,NA,NA,NA,3,0,1,1,C,-,18,NA,NA,N,F,A,A,A,H,-,A,D,0,NA,NA,Y,NA,Y,NA,-,-,0,1,0,0,0,0,0,0,1,-,-,NA,NA,SAN BERNARDINO,UPLAND,-117.64510345458984,34.11429977416992
90540690,2017,2017-09-05,9860,2017-08-28,0705,015495,NA,1,1,9,3600,0,1,1,NA,2,152,I-15 S/B,NORTH FOREST RD UC,50,N,N,A,-,Y,NA,NA,15,NA,NA,NA,NA,NA,S,Y,4,0,1,3,A,-,08,22107,NA,N,B,C,A,A,H,-,A,D,0,NA,NA,Y,NA,Y,NA,C,02,0,0,1,0,0,0,0,0,1,-,-,34.34718,-117.47628,SAN BERNARDINO,UNINCORPORATED,-117.47631539,34.34728935
90542648,2017,2017-09-07,9835,2017-08-27,1548,021482,NA,7,2,9,3600,0,1,1,NA,2,073,I-15 S/B,MINNEOLA RD,8026,N,N,A,-,Y,NA,NA,15,NA,NA,NA,NA,NA,S,Y,4,0,4,2,A,-,03,22350,NA,N,C,C,A,A,H,-,A,D,0,NA,NA,NA,NA,Y,NA,A,01,0,0,4,0,0,0,0,0,0,-,-,34.9208,-116.75868,SAN BERNARDINO,UNINCORPORATED,-116.75869499,34.92087281
90543495,2017,2017-09-08,9835,2017-09-03,1535,021534,NA,7,2,9,3600,0,1,1,NA,2,074,I-15 S/B,BASIN RD,5280,N,N,A,-,Y,NA,NA,15,NA,NA,NA,NA,NA,S,Y,4,0,1,2,A,-,03,22350,NA,N,C,C,A,A,H,-,A,D,0,NA,NA,NA,NA,Y,NA,A,01,0,0,1,0,0,0,0,0,0,-,-,35.10722,-116.25496,SAN BERNARDINO,UNINCORPORATED,-116.25495011,35.10720298
90575608,2017,2017-10-23,9860,2017-10-13,1625,017018,NA,5,2,6,3610,0,1,1,NA,2,216,I-215 SOUTHBOUND,HIGHLAND AVE,400,N,N,A,-,Y,NA,NA,215,NA,NA,NA,NA,NA,S,Y,3,0,1,4,A,-,08,22107,NA,N,C,C,E,A,H,-,A,D,0,Y,NA,NA,NA,Y,NA,A,01,0,1,0,0,1,0,0,0,0,-,-,34.13692,-117.31447,SAN BERNARDINO,SAN BERNARDINO,-117.31438828,34.13700528
90575823,2017,2017-10-23,9860,2017-10-14,0225,021169,NA,6,3,5,3608,0,1,1,NA,2,106,I-10 WB TO WABASH AVE,WABASH AVE,218,E,N,A,-,Y,NA,NA,10,NA,NA,NA,R,NA,W,Y,2,0,2,1,A,-,01,23152,A,N,E,I,A,A,H,-,C,D,0,NA,NA,NA,NA,Y,Y,A,01,2,0,0,0,0,0,0,0,0,-,-,34.03341,-117.13787,SAN BERNARDINO,REDLANDS,-117.13787,34.03341
90577790,2017,2017-10-25,9835,2017-10-15,1204,21824,NA,7,1,9,3600,0,1,1,NA,2,043,I-40,NATIONAL TRAILS HWY,2640,E,N,A,-,Y,NA,NA,40,NA,NA,NA,NA,NA,NA,Y,3,0,1,2,A,-,01,23152,A,F,C,C,A,A,H,-,A,D,0,NA,NA,NA,NA,Y,Y,A,01,0,1,0,0,0,0,0,0,0,-,-,34.82649,-116.66632,SAN BERNARDINO,UNINCORPORATED,-116.66630431,34.82657807
90578378,2017,2017-10-25,9855,2017-10-20,1910,020367,NA,5,2,6,3607,0,1,3,NA,2,601,SR-60 E/B TO EUCLID AVENUE,EUCLID AVE.,300,W,N,A,-,Y,NA,NA,60,NA,NA,NA,R,NA,E,Y,4,0,1,4,A,-,01,23152,A,N,C,C,A,A,H,-,C,D,0,NA,NA,NA,NA,Y,Y,D,22,0,0,1,0,0,0,0,0,0,-,-,34.0298,-117.6515,SAN BERNARDINO,ONTARIO,-117.6515,34.0298
90545176,2017,2017-09-12,9860,2017-09-07,1650,014829,NA,4,2,9,3600,0,1,1,NA,2,152,I-15 S/B,SWITCHBACK ROAD,4752,S,N,A,-,Y,NA,NA,15,NA,NA,NA,NA,NA,S,Y,3,0,1,3,A,-,03,22350,NA,N,C,C,A,A,H,-,A,D,0,NA,NA,NA,NA,Y,NA,A,01,0,1,0,0,0,0,0,0,0,-,-,34.3478,-117.4775,SAN BERNARDINO,UNINCORPORATED,-117.4771597,34.34697255
90505512,2017,2017-07-21,9860,2017-07-14,1640,019617,NA,5,2,9,3600,0,1,1,NA,2,102,I-10 W/B,CEDAR AVE,1000,W,N,A,-,Y,NA,NA,10,NA,NA,NA,NA,NA,W,N,4,0,1,2,A,-,03,22350,NA,N,C,C,A,A,H,-,A,A,0,NA,NA,NA,NA,Y,NA,D,22,0,0,1,0,0,0,0,0,0,-,-,34.0679,-117.408,SAN BERNARDINO,UNINCORPORATED,-117.40799966,34.06788754
90580920,2017,2017-10-27,9860,2017-10-20,1805,021169,NA,5,2,6,3604,0,1,1,NA,2,151,I-15 N/B,SIERRA AVE,1835,N,N,A,-,Y,NA,NA,NA,NA,NA,NA,NA,NA,NA,Y,4,0,1,2,A,-,03,22350,NA,N,C,C,A,A,H,-,D,D,0,NA,NA,NA,NA,Y,NA,A,07,0,0,1,0,0,0,0,0,0,-,-,34.18537,-117.43261,SAN BERNARDINO,FONTANA,-117.43260391,34.18512049
90581886,2017,2017-10-30,9860,2017-10-28,0641,017018,NA,6,1,6,3610,0,1,1,NA,2,214,I-215 SOUTHBOUND,5TH STREET,500,S,N,A,-,Y,NA,NA,215,NA,NA,NA,NA,NA,S,Y,4,0,1,2,A,-,03,22350,NA,N,C,C,A,A,H,-,B,A,0,NA,NA,NA,NA,Y,NA,A,01,0,0,1,0,0,0,0,0,0,-,-,34.1071,-117.30252,SAN BERNARDINO,SAN BERNARDINO,-117.30292628,34.10704404
90551177,2017,2017-09-19,9860,2017-09-12,1815,019391,NA,2,2,9,3600,0,2,4,NA,1,131,LYTLE CREEK RD,GLEN HELEN PKY,15840,N,N,A,-,N,NA,NA,NA,NA,NA,NA,NA,NA,NA,Y,4,0,1,1,A,-,08,22107,NA,N,F,A,A,A,B,D,A,D,0,NA,NA,NA,NA,Y,NA,A,01,0,0,1,0,0,0,0,0,0,-,-,34.21897,-117.27456,SAN BERNARDINO,UNINCORPORATED,-117.46610789,34.22168514
90518062,2017,2017-08-07,9865,2017-08-01,1555,014696,NA,2,2,9,3600,0,1,3,NA,1,010,SR-18,FOREST SERVICE ROAD 2N40,2112,N,N,B,-,Y,NA,NA,18,NA,NA,NA,NA,NA,NA,Y,2,0,1,1,A,-,03,22350,NA,N,F,A,A,A,H,-,A,A,0,NA,NA,Y,NA,Y,NA,C,02,1,0,0,0,0,0,0,0,1,-,-,34.22596,-117.30537,SAN BERNARDINO,UNINCORPORATED,-117.30537019,34.22596348
90519571,2017,2017-08-09,9855,2017-07-31,1452,017808,NA,1,2,6,3604,0,1,1,NA,2,201,SR-210 WB,CITRUS AVE.,2002,E,N,A,-,Y,NA,NA,210,NA,NA,NA,NA,NA,W,Y,4,0,1,4,A,-,03,22350,NA,N,C,C,A,A,H,-,A,D,0,NA,NA,NA,NA,Y,NA,A,07,0,0,1,0,0,0,0,0,0,-,-,34.13653,-117.44673,SAN BERNARDINO,FONTANA,-117.44672998,34.13654319
90585595,2017,2017-11-02,9870,2017-10-25,0445,016935,NA,3,3,9,3600,0,1,3,NA,1,041,STATE ROUTE 62 (TWENTYNINE PALMS HWY),STEEG ROAD,385,E,N,A,-,Y,NA,NA,62,NA,NA,NA,NA,NA,NA,Y,3,0,1,1,A,-,01,23152,A,N,F,A,A,A,H,-,D,D,0,NA,NA,NA,NA,Y,Y,A,01,0,1,0,0,0,0,0,0,0,-,-,34.13633,-115.91379,SAN BERNARDINO,UNINCORPORATED,-115.91377429,34.13636642
90522751,2017,2017-08-14,9834,2017-08-12,0535,013633,NA,6,3,9,3600,0,1,1,NA,2,044,INTERSTATE 40 (WESTBOUND),UNITED STATES HIGHWAY 95     N,33792,W,N,A,-,Y,NA,NA,40,NA,NA,NA,NA,NA,NA,Y,4,0,1,2,A,-,08,22107,NA,N,B,C,A,A,H,-,B,D,0,NA,NA,NA,Y,Y,NA,A,01,0,0,1,0,0,0,0,0,0,-,-,34.85982,-114.86416,SAN BERNARDINO,UNINCORPORATED,-114.86415791,34.85980786
90527015,2017,2017-08-21,9865,2017-08-13,1110,018392,NA,7,1,9,3600,0,1,3,NA,2,015,SR-189,ROSE LN.,0,NA,Y,A,-,Y,NA,NA,189,NA,NA,NA,NA,NA,NA,N,4,0,3,2,A,-,04,21703,NA,N,C,C,A,A,H,-,A,D,0,NA,NA,NA,NA,Y,NA,A,01,0,0,3,0,0,0,0,0,0,-,-,34.23902,-117.23345,SAN BERNARDINO,UNINCORPORATED,-117.23345205,34.23896074
90587458,2017,2017-11-06,9860,2017-10-28,1753,020387,NA,6,2,6,3610,0,1,1,NA,2,214,I-215 N/B TO ORANGE SHOW RD.,ORANGE SHOW RD.,125,S,N,A,-,Y,NA,NA,215,NA,NA,NA,R,NA,N,N,4,0,1,2,A,-,01,23152,A,M,B,C,A,A,H,-,A,A,0,NA,NA,NA,NA,Y,Y,A,07,0,0,1,0,0,0,0,0,0,-,-,34.07819,-117.29558,SAN BERNARDINO,SAN BERNARDINO,-117.29558,34.07819
9058791,2020,2020-09-29,3600,2020-02-26,0602,G4629,CH018,3,5,5,3630,0,0,0,NA,0,CH03,CARBON CANYON RD,OLD CARBON CANYON RD,380,E,N,A,-,Y,SBD,8,142,-,-,2.8,H,-,W,Y,4,0,1,3,A,-,03,22350,NA,N,C,C,A,A,H,-,A,A,0,NA,NA,NA,NA,Y,NA,D,22,0,0,1,0,0,0,0,0,0,-,-,NA,NA,SAN BERNARDINO,CHINO HILLS,-117.7513427734375,33.96803665161133
90527410,2017,2017-08-21,9860,2017-08-03,1702,016646,NA,4,2,3,3615,0,1,1,NA,2,104,I-10 W/B,TIPPECANOE AVE,100,W,N,A,-,Y,NA,NA,10,NA,NA,NA,NA,NA,W,Y,4,0,1,3,A,-,03,22350,NA,N,C,C,A,A,H,-,A,D,0,NA,NA,NA,NA,Y,NA,A,07,0,0,1,0,0,0,0,0,0,-,-,34.06453,-117.26149,SAN BERNARDINO,LOMA LINDA,-117.26149651,34.06456689
9058844,2019,2020-03-12,3611,2019-12-23,2156,3223,3611,1,5,5,3611,0,0,0,NA,0,003,CAMPUS AV,COLONIES PKWY,71,S,N,B,-,N,NA,NA,NA,NA,NA,NA,NA,NA,NA,Y,3,0,4,3,A,-,03,22350,NA,N,A,C,A,B,H,-,C,D,0,NA,NA,NA,NA,Y,NA,A,01,0,1,3,0,0,0,0,0,0,-,-,NA,NA,SAN BERNARDINO,UPLAND,-117.64207458496094,34.128475189208984
90568735,2017,2017-10-12,9865,2017-10-07,1650,020717,NA,6,2,9,3600,0,1,3,NA,2,020,STATE ROUTE 330,UNITED STATES FOREST SERVICE ROAD 1N09,5280,N,N,A,-,Y,NA,NA,330,NA,NA,NA,NA,NA,NA,Y,3,0,3,2,A,-,05,21460,A,N,B,C,A,A,H,-,A,D,0,NA,NA,NA,NA,Y,NA,A,01,0,3,0,0,0,0,0,0,0,-,-,34.18036,-117.14327,SAN BERNARDINO,UNINCORPORATED,-117.14326959,34.1803598
90568780,2017,2017-10-12,9855,2017-06-04,0306,020081,NA,7,3,6,3604,0,1,1,NA,2,101,I-10 E/B (SAN BERNARDINO FWY),VALLEY BLVD.,322,E,N,A,-,Y,NA,NA,10,NA,NA,NA,NA,NA,E,Y,1,1,2,3,A,-,01,23152,G,N,A,C,A,A,H,-,C,D,0,NA,NA,NA,NA,Y,Y,A,01,1,0,1,0,0,0,0,0,0,-,-,34.06744,-117.51607,SAN BERNARDINO,FONTANA,-117.51606656,34.06749617
90590700,2017,2018-04-13,9860,2017-08-23,2052,017875,NA,3,2,5,3609,0,1,1,NA,2,201,STATE ROUTE 210 EASTBOUND,E. HIGHLAND AVENUE,1083,E,N,A,-,Y,NA,NA,210,NA,NA,NA,NA,NA,E,Y,1,1,3,3,A,-,01,23152,A,N,C,E,A,A,H,-,D,D,0,NA,NA,NA,NA,Y,Y,A,01,2,1,0,0,0,0,0,0,0,-,-,34.13622,-117.36417,SAN BERNARDINO,RIALTO,-117.36416291,34.1361207
90570789,2017,2017-10-16,9834,2017-10-14,1135,016564,NA,6,1,9,3600,0,3,5,NA,2,002,GOFFS ROAD,I-40 W/B,22176,N,N,A,-,N,NA,NA,NA,NA,NA,NA,NA,NA,NA,Y,4,0,2,1,A,-,08,22107,NA,N,E,I,A,A,H,-,A,D,0,NA,NA,NA,NA,Y,NA,A,01,0,0,2,0,0,0,0,0,0,-,-,34.8527,-115.13014,SAN BERNARDINO,UNINCORPORATED,-115.13014644,34.85270201
9057524,2020,2020-07-28,3610,2020-04-02,0500,51136,NA,4,5,6,3610,0,0,0,NA,0,POLICE,W 5TH ST,N J ST,0,NA,Y,A,-,N,NA,NA,NA,NA,NA,NA,NA,NA,NA,Y,4,0,3,2,A,-,08,22107,NA,N,A,C,A,A,H,-,C,A,0,NA,NA,NA,NA,Y,NA,A,01,0,0,3,0,0,0,0,0,0,-,-,34.10837936401367,-117.30560302734376,SAN BERNARDINO,SAN BERNARDINO,-117.30560302734376,34.10832977294922
90575296,2017,2017-10-20,9855,2017-10-17,1713,019732,NA,2,2,6,3616,0,1,1,NA,2,153,I-15 N/B TO SR-210 E/B,VICTORIA ST.,2975,N,N,A,-,Y,NA,NA,15,NA,NA,NA,R,NA,N,Y,4,0,1,2,A,-,03,22350,NA,N,C,C,A,A,H,-,A,D,0,NA,NA,NA,NA,Y,NA,A,01,0,0,1,0,0,0,0,0,0,-,-,34.13413,-117.49777,SAN BERNARDINO,RANCHO CUCAMONGA,-117.49777,34.13413
90549822,2017,2017-09-18,9855,2017-09-11,1051,013860,NA,1,1,6,3604,0,1,1,NA,2,101,I-10 W/B (SAN BERNARDINO FWY),CITRUS AVE.,1700,W,N,A,-,Y,NA,NA,10,NA,NA,NA,NA,NA,W,Y,4,0,1,3,A,-,07,21658,A,F,B,C,A,A,H,-,A,D,0,NA,NA,NA,NA,Y,NA,-,99,0,0,1,0,0,0,0,0,0,-,-,34.0666,-117.4595,SAN BERNARDINO,FONTANA,-117.45950244,34.06669663
90551512,2017,2017-09-19,9835,2017-09-09,1810,21186,NA,6,2,9,3600,0,3,5,NA,2,034,DAGGETT-YERMO RD,AGATE ROAD,1584,S,N,A,-,N,NA,NA,NA,NA,NA,NA,NA,NA,NA,Y,2,0,1,1,A,-,08,22107,NA,N,F,I,A,A,H,-,A,D,0,NA,NA,NA,NA,Y,NA,D,22,1,0,0,0,0,0,0,0,0,-,-,34.87547,-116.88867,SAN BERNARDINO,UNINCORPORATED,-116.88854634,34.87738758
90597852,2017,2017-11-20,9855,2017-11-09,1120,019947,NA,4,1,6,3607,0,1,3,NA,2,601,SR-60 W/B (POMONA FWY),ARCHIBALD AVE.,600,W,N,B,-,Y,NA,NA,60,NA,NA,NA,NA,NA,W,Y,3,0,1,1,A,-,08,22107,NA,N,E,I,A,A,H,-,A,D,0,NA,NA,NA,NA,Y,NA,A,07,0,1,0,0,0,0,0,0,0,-,-,34.02992,-117.6103,SAN BERNARDINO,ONTARIO,-117.61029709,34.03067714
90551644,2017,2017-09-20,9860,2017-09-11,0751,012988,NA,1,1,6,3610,0,1,1,NA,2,214,I-215 SOUTHBOUND,FIFTH ST,1056,S,N,B,-,Y,NA,NA,215,NA,NA,NA,NA,NA,S,Y,3,0,1,2,A,-,03,22350,NA,N,C,C,A,A,H,-,A,D,0,NA,NA,NA,NA,Y,NA,A,08,0,1,0,0,0,0,0,0,0,-,-,34.1054,-117.30248,SAN BERNARDINO,SAN BERNARDINO,-117.30253913,34.10538286
90598699,2017,2018-01-08,9850,2017-11-13,1435,020758,NA,1,2,9,3600,0,3,5,NA,2,005,STODDARD WELLS RD,QUARRY RD,0,NA,Y,B,-,N,NA,NA,NA,NA,NA,NA,NA,NA,NA,Y,4,0,1,2,A,-,09,21801,A,N,D,C,A,A,H,-,A,D,0,NA,NA,NA,NA,Y,NA,A,07,0,0,1,0,0,0,0,0,0,-,-,34.59062,-117.2606,SAN BERNARDINO,UNINCORPORATED,-117.21732002,34.61579012