CASE_ID,ACCIDENT_YEAR,PROC_DATE,JURIS,COLLISION_DATE,COLLISION_TIME,OFFICER_ID,REPORTING_DISTRICT,DAY_OF_WEEK,CHP_SHIFT,POPULATION,CNTY_CITY_LOC,SPECIAL_COND,BEAT_TYPE,CHP_BEAT_TYPE,CITY_DIVISION_LAPD,CHP_BEAT_CLASS,BEAT_NUMBER,PRIMARY_RD,SECONDARY_RD,DISTANCE,DIRECTION,INTERSECTION,WEATHER_1,WEATHER_2,STATE_HWY_IND,CALTRANS_COUNTY,CALTRANS_DISTRICT,STATE_ROUTE,ROUTE_SUFFIX,POSTMILE_PREFIX,POSTMILE,LOCATION_TYPE,RAMP_INTERSECTION,SIDE_OF_HWY,TOW_AWAY,COLLISION_SEVERITY,NUMBER_KILLED,NUMBER_INJURED,PARTY_COUNT,PRIMARY_COLL_FACTOR,PCF_CODE_OF_VIOL,PCF_VIOL_CATEGORY,PCF_VIOLATION,PCF_VIOL_SUBSECTION,HIT_AND_RUN,TYPE_OF_COLLISION,MVIW,PED_ACTION,ROAD_SURFACE,ROAD_COND_1,ROAD_COND_2,LIGHTING,CONTROL_DEVICE,CHP_ROAD_TYPE,PEDESTRIAN_ACCIDENT,BICYCLE_ACCIDENT,MOTORCYCLE_ACCIDENT,TRUCK_ACCIDENT,NOT_PRIVATE_PROPERTY,ALCOHOL_INVOLVED,STWD_VEHTYPE_AT_FAULT,CHP_VEHTYPE_AT_FAULT,COUNT_SEVERE_INJ,COUNT_VISIBLE_INJ,COUNT_COMPLAINT_PAIN,COUNT_PED_KILLED,COUNT_PED_INJURED,COUNT_BICYCLIST_KILLED,COUNT_BICYCLIST_INJURED,COUNT_MC_KILLED,COUNT_MC_INJURED,PRIMARY_RAMP,SECONDARY_RAMP,LATITUDE,LONGITUDE,COUNTY,CITY,POINT_X,POINT_Y
90650469,2018,2018-01-29,9855,2018-01-18,2148,020659,NA,4,2,6,3616,0,1,1,NA,2,153,I-15 S/B (ONTARIO FWY),BASELINE RD.,2,N,N,A,-,Y,NA,NA,15,NA,NA,NA,NA,NA,S,Y,3,0,1,1,A,-,03,22350,NA,N,F,A,A,A,H,-,C,D,0,NA,NA,Y,NA,Y,NA,C,02,0,1,0,0,0,0,0,0,1,-,-,34.121551513671875,-117.51394653320313,SAN BERNARDINO,RANCHO CUCAMONGA,-117.51400756835938,34.12161636352539
90632580,2017,2018-01-04,9860,2017-12-29,0345,019269,NA,5,3,6,3610,0,1,3,NA,2,259,SR-259 S/B,SR-210,267,S,N,A,-,Y,NA,NA,259,NA,NA,NA,NA,NA,S,Y,3,0,3,1,A,-,08,22107,NA,N,F,A,A,A,H,-,C,D,0,NA,NA,NA,NA,Y,Y,A,07,0,2,1,0,0,0,0,0,0,-,-,34.14483,-117.29924,SAN BERNARDINO,SAN BERNARDINO,-117.29931372,34.14491936
90620437,2017,2017-12-19,9850,2017-12-11,1525,021405,NA,1,2,9,3600,0,3,5,NA,2,005,CAUGHLIN RD,MONO RD,920,N,N,A,-,N,NA,NA,NA,NA,NA,NA,NA,NA,NA,N,3,0,1,2,A,-,06,21750,NA,N,C,C,A,A,H,-,A,D,0,NA,NA,NA,NA,Y,NA,A,07,0,1,0,0,0,0,0,0,0,-,-,34.45271,-117.48644,SAN BERNARDINO,UNINCORPORATED,-117.48647397,34.45449085
9062147,2020,2020-03-23,3604,2020-02-14,1849,1154,NA,5,5,6,3604,0,0,0,NA,0,NA,LIVE OAK AV,CHERRY AV,330,E,N,A,-,N,NA,NA,NA,NA,NA,NA,NA,NA,NA,Y,3,0,2,2,A,-,09,21802,A,N,D,C,A,A,H,-,C,A,0,NA,NA,NA,NA,Y,NA,A,01,0,1,1,0,0,0,0,0,0,-,-,NA,NA,SAN BERNARDINO,FONTANA,-117.49215698242188,34.037696838378906
90654439,2018,2018-02-05,9860,2018-02-02,0745,019429,NA,5,1,5,3608,0,1,1,NA,2,105,I-10 W/B,WABASH AVE,300,W,N,A,-,Y,NA,NA,10,NA,NA,NA,NA,NA,W,N,4,0,2,2,A,-,03,22350,NA,N,C,C,A,A,H,-,A,D,0,NA,NA,NA,NA,Y,NA,A,01,0,0,2,0,0,0,0,0,0,-,-,34.0335807800293,-117.13981628417967,SAN BERNARDINO,REDLANDS,-117.13979339599608,34.03366470336914
9062419,2020,2020-06-22,3600,2020-03-07,1234,G6192,AP008,6,5,5,3621,0,0,0,NA,0,AP3,RINCON RD,EYOTA RD,0,NA,Y,A,-,N,NA,NA,NA,NA,NA,NA,NA,NA,NA,Y,3,0,1,3,A,-,06,21750,NA,N,B,C,A,A,H,-,A,A,0,NA,NA,NA,NA,Y,NA,-,NA,0,1,0,0,0,0,0,0,0,-,-,NA,NA,SAN BERNARDINO,APPLE VALLEY,-117.2253189086914,34.49602127075195
90625851,2017,2017-12-25,9860,2017-12-22,0928,017018,NA,5,1,9,3600,0,1,1,NA,2,152,I-15 SOUTHBOUND,OAK HILL RD,10032,S,N,A,-,Y,NA,NA,15,NA,NA,NA,NA,NA,S,Y,3,0,2,2,A,-,08,22107,NA,N,E,I,A,A,H,-,A,D,0,NA,NA,NA,NA,Y,NA,A,07,0,1,1,0,0,0,0,0,0,-,-,34.34433,-117.45647,SAN BERNARDINO,UNINCORPORATED,-117.45641516,34.34407828
90626134,2017,2017-12-26,9870,2017-12-14,1040,016935,NA,4,1,9,3600,0,1,3,NA,2,021,STATE ROUTE 247 (OLD WOMAN SPRINGS RD),GIN ROAD,3168,N,N,A,-,Y,NA,NA,247,NA,NA,NA,NA,NA,NA,Y,2,0,1,1,A,-,01,23152,A,N,E,I,A,A,H,-,A,D,0,NA,NA,NA,NA,Y,Y,A,01,1,0,0,0,0,0,0,0,0,-,-,34.36925,-116.59934,SAN BERNARDINO,UNINCORPORATED,-116.59933906,34.36929267
90660450,2018,2018-02-13,9860,2018-02-12,1030,014829,NA,1,1,9,3600,0,1,1,NA,2,152,I-15 S/B,SR-138,528,S,N,B,-,Y,NA,NA,15,NA,NA,NA,NA,NA,S,Y,4,0,1,2,A,-,03,22350,NA,N,C,C,A,A,H,-,A,D,0,NA,NA,NA,NA,Y,NA,A,01,0,0,1,0,0,0,0,0,0,-,-,34.3054084777832,-117.46772003173828,SAN BERNARDINO,UNINCORPORATED,-117.46761322021484,34.305633544921875
90601803,2017,2017-11-27,9865,2017-11-17,0830,019318,NA,5,1,9,3600,1,3,5,NA,2,003,BALDWIN LN,WABASH LN.,60,E,N,A,-,N,NA,NA,NA,NA,NA,NA,NA,NA,NA,N,4,0,1,1,C,-,18,NA,NA,N,H,A,A,A,H,-,A,D,0,NA,NA,NA,NA,Y,NA,-,-,0,0,1,0,0,0,0,0,0,-,-,34.25041,-116.82977,SAN BERNARDINO,UNINCORPORATED,-116.82967229,34.25045573
90606545,2017,2017-11-30,9860,2017-11-30,0710,016575,NA,4,1,4,3640,0,1,1,NA,2,106,I-10 E/B,LIVE OAK CANYON RD,1500,E,N,A,-,Y,NA,NA,10,NA,NA,NA,NA,NA,E,Y,4,0,1,2,A,-,03,22350,NA,N,C,C,A,A,H,-,A,D,0,NA,NA,NA,NA,Y,NA,A,01,0,0,1,0,0,0,0,0,0,-,-,34.01516,-117.09166,SAN BERNARDINO,YUCAIPA,-117.09165722,34.01518394
90608887,2017,2017-12-04,9850,2017-11-27,1500,020758,NA,1,2,9,3600,0,2,4,NA,2,066,PHELAN RD,JOHNSON RD,200,W,N,A,-,N,NA,NA,NA,NA,NA,NA,NA,NA,NA,Y,4,0,2,2,A,-,03,22350,NA,N,C,C,A,A,H,-,A,D,0,NA,NA,NA,NA,Y,NA,A,01,0,0,2,0,0,0,0,0,0,-,-,34.42639,-117.55747,SAN BERNARDINO,UNINCORPORATED,-117.55564084,34.4264
90626980,2017,2017-12-26,9850,2017-12-19,1335,020758,NA,2,1,5,3619,0,1,1,NA,2,082,I-15 S/B,JOSHUA ST,2640,N,N,A,-,Y,NA,NA,15,NA,NA,NA,NA,NA,S,Y,4,0,2,2,A,-,03,22350,NA,N,C,C,A,A,H,-,A,D,0,NA,NA,NA,NA,Y,NA,A,01,0,0,2,0,0,0,0,0,0,-,-,34.41259,-117.39148,SAN BERNARDINO,HESPERIA,-117.39154964,34.41264432
90613346,2017,2017-12-08,9860,2017-12-07,1710,019321,NA,4,2,4,3603,0,1,1,NA,2,103,I-10 W/B,I-215 S/B,1584,W,N,A,-,Y,NA,NA,10,NA,NA,NA,NA,NA,W,Y,4,0,3,4,A,-,03,22350,NA,N,C,C,A,A,H,-,C,D,0,NA,NA,NA,NA,Y,NA,A,01,0,0,3,0,0,0,0,0,0,-,-,34.06498,-117.30125,SAN BERNARDINO,COLTON,-117.30124445,34.06502145
90630136,2017,2018-01-01,9850,2017-12-23,1440,019908,NA,6,2,9,3600,0,3,5,NA,2,003,OPEN DESERT,QUARRY RD,5280,N,N,A,-,N,NA,NA,NA,NA,NA,NA,NA,NA,NA,N,2,0,1,1,A,-,03,38305,NA,N,E,I,A,A,G,-,A,D,0,NA,NA,Y,NA,Y,NA,C,06,1,0,0,0,0,0,0,0,1,-,-,34.62558,-117.1501,SAN BERNARDINO,UNINCORPORATED,-117.1501,34.62558
90664342,2018,2018-02-20,9860,2018-02-13,1800,020346,NA,2,2,9,3600,0,3,5,NA,2,004,SPRUCE AVE,SLOVER AVE,0,NA,Y,A,-,N,NA,NA,NA,NA,NA,NA,NA,NA,NA,Y,4,0,1,2,A,-,09,21802,A,N,D,C,A,A,H,-,D,A,0,NA,NA,NA,NA,Y,NA,D,22,0,0,1,0,0,0,0,0,0,-,-,34.063209533691406,-117.38771057128906,SAN BERNARDINO,UNINCORPORATED,-117.3877182006836,34.0632209777832
9064543,2020,2020-03-18,3610,2020-01-27,1759,50343,NA,1,5,6,3610,0,0,0,NA,0,DAVID,W INLAND CENTER DR,G ST,381,E,N,A,-,N,NA,NA,NA,NA,NA,NA,NA,NA,NA,Y,2,0,1,1,A,-,03,22350,NA,N,E,J,A,A,H,-,C,D,0,NA,NA,Y,NA,Y,NA,C,02,1,0,0,0,0,0,0,0,1,-,-,NA,NA,SAN BERNARDINO,SAN BERNARDINO,-117.29657745361328,34.089595794677734
90652337,2018,2018-04-30,9855,2018-01-25,1219,018727,NA,4,1,4,3605,0,1,1,NA,2,103,I-10 E/B (SAN BERNARDINO FWY),MILLS AVE.,200,E,N,B,-,Y,NA,NA,NA,NA,NA,NA,NA,NA,NA,Y,4,0,1,3,A,-,03,22350,NA,N,C,C,A,A,H,-,A,D,0,NA,NA,NA,NA,Y,NA,D,22,0,0,1,0,0,0,0,0,0,-,-,34.049129486083984,-117.42543029785156,SAN BERNARDINO,MONTCLAIR,-117.70940399169922,34.08176040649414
90631453,2017,2018-01-02,9835,2017-12-26,1855,021175,NA,2,2,9,3600,0,1,1,NA,2,047,I-40 E/B,KELBAKER RD,4224,W,N,A,-,Y,NA,NA,40,NA,NA,NA,NA,NA,E,Y,3,0,4,3,A,-,03,22350,NA,N,C,C,A,A,H,-,D,D,0,NA,NA,NA,NA,Y,NA,A,07,0,1,3,0,0,0,0,0,0,-,-,34.7196,-115.6919,SAN BERNARDINO,UNINCORPORATED,-115.69190695,34.71969487
90633376,2018,2018-01-04,9860,2018-01-04,1230,019321,NA,4,1,9,3600,0,3,5,NA,2,003,LUGONIA AVE,CITRUS PLAZA DR,20,E,N,A,-,N,NA,NA,NA,NA,NA,NA,NA,NA,NA,Y,4,0,1,2,A,-,21,22106,NA,N,C,C,A,A,H,-,A,A,0,NA,NA,NA,NA,Y,NA,A,07,0,0,1,0,0,0,0,0,0,-,-,34.07025146484375,-117.20171356201172,SAN BERNARDINO,UNINCORPORATED,-117.2019271850586,34.07021713256836
90634983,2018,2018-01-08,9834,2018-01-04,0530,020342,NA,4,3,9,3600,0,1,2,NA,1,091,US-95 S/B,SR-62,34320,N,N,A,-,Y,NA,NA,95,NA,NA,NA,NA,NA,S,Y,3,0,2,2,A,-,05,21460,A,N,B,C,A,A,H,-,B,D,0,NA,NA,NA,Y,Y,NA,D,22,0,2,0,0,0,0,0,0,0,-,-,34.257808685302734,-114.64636993408205,SAN BERNARDINO,UNINCORPORATED,-114.64627838134766,34.25783157348633
90635578,2018,2018-01-08,9860,2018-01-07,1035,016590,NA,7,1,4,3603,0,1,1,NA,2,103,I-10 W/B,I-10 E/B TO I-215 N/B,1768,W,N,A,-,Y,NA,NA,10,NA,NA,NA,NA,NA,W,Y,3,0,3,3,A,-,08,22107,NA,N,C,C,E,A,H,-,A,D,0,Y,NA,NA,Y,Y,NA,D,22,0,1,2,0,1,0,0,0,0,-,-,34.0653190612793,-117.30338287353516,SAN BERNARDINO,COLTON,-117.30338287353516,34.0652961730957
90638026,2018,2018-01-11,9860,2018-01-09,0805,017098,NA,2,1,9,3600,0,1,1,NA,2,216,I-215 S/B,DEVORE RD,5280,N,N,B,C,Y,NA,NA,NA,NA,NA,NA,NA,NA,NA,Y,3,0,1,1,A,-,08,22107,NA,N,E,I,A,B,H,-,A,D,0,NA,NA,NA,NA,Y,NA,A,01,0,1,0,0,0,0,0,0,0,-,-,34.230430603027344,-117.41754150390624,SAN BERNARDINO,UNINCORPORATED,-117.40959930419922,34.22499084472656
90670958,2018,2018-02-27,9855,2018-02-14,1454,018335,NA,3,2,5,3611,0,1,1,NA,2,103,I-10 E/B (SAN BERNARDINO FWY),EUCLID AVE.,1500,W,N,A,-,Y,NA,NA,10,NA,NA,NA,NA,NA,E,Y,4,0,1,4,A,-,03,22350,NA,N,C,C,A,A,H,-,A,D,0,NA,NA,NA,NA,Y,NA,D,22,0,0,1,0,0,0,0,0,0,-,-,34.08713150024414,-117.65717315673828,SAN BERNARDINO,UPLAND,-117.65717315673828,34.08724594116211
90671028,2018,2018-02-27,9860,2018-02-22,1508,013665,NA,4,2,6,3610,0,1,1,NA,2,202,SR-210 E/B,DEL ROSA AVE,1575,W,N,B,-,Y,NA,NA,210,NA,NA,NA,NA,NA,E,Y,4,0,2,2,A,-,03,22350,NA,N,C,C,A,A,H,-,A,D,0,NA,NA,NA,NA,Y,NA,A,01,0,0,2,0,0,0,0,0,0,-,-,34.143341064453125,-117.25749969482422,SAN BERNARDINO,SAN BERNARDINO,-117.25749969482422,34.143367767333984
90671714,2018,2018-02-28,9860,2018-02-17,0002,013945,NA,6,3,6,3604,0,1,1,NA,2,102,I-10 E/B (SAN BERNARDINO FWY),SIERRA AVE.,2780,E,N,A,-,Y,NA,NA,10,NA,NA,NA,NA,NA,E,Y,4,0,3,3,A,-,03,22350,NA,N,C,C,A,A,H,-,C,D,0,NA,NA,NA,NA,Y,NA,A,08,0,0,3,0,0,0,0,0,0,-,-,34.067161560058594,-117.42616271972656,SAN BERNARDINO,FONTANA,-117.42616271972656,34.06721496582031
90671760,2018,2018-02-28,9855,2018-02-18,0300,017313,NA,7,3,6,3616,0,1,1,NA,2,203,SR-210 E/B (FOOTHILL FWY),CARNELIAN ST.,2112,W,N,A,-,Y,NA,NA,210,NA,NA,NA,NA,NA,E,Y,3,0,1,3,A,-,08,22107,NA,N,B,C,A,A,H,-,D,D,0,NA,NA,NA,NA,Y,Y,A,01,0,1,0,0,0,0,0,0,0,-,-,34.13479995727539,-117.62322998046876,SAN BERNARDINO,RANCHO CUCAMONGA,-117.62322998046876,34.134761810302734
90638339,2018,2018-01-11,9860,2018-01-09,1700,017875,NA,2,2,9,3600,0,3,5,NA,2,003,ALABAMA ST,PALMETTO AVE,54,N,N,C,-,N,NA,NA,NA,NA,NA,NA,NA,NA,NA,N,4,0,1,2,A,-,21,22106,NA,N,C,C,A,B,H,-,D,A,0,NA,NA,NA,NA,Y,NA,A,01,0,0,1,0,0,0,0,0,0,-,-,34.08531951904297,-117.20883941650392,SAN BERNARDINO,UNINCORPORATED,-117.208740234375,34.084999084472656
90673028,2018,2018-03-01,9860,2018-03-01,0755,020654,NA,4,1,4,3603,0,1,1,NA,2,214,I-215 S/B,WASHINGTON AVE,270,S,N,A,-,Y,NA,NA,215,NA,NA,NA,NA,NA,S,N,4,0,1,2,A,-,03,22350,NA,N,C,C,A,A,H,-,A,D,0,NA,NA,NA,NA,Y,NA,A,01,0,0,1,0,0,0,0,0,0,-,-,34.04703903198242,-117.30827331542967,SAN BERNARDINO,COLTON,-117.3083724975586,34.047183990478516
9063899,2020,2020-08-14,3604,2020-03-28,1303,1127,NA,6,5,6,3604,0,0,0,NA,0,NA,FOOTHILL BL,TOKAY AV,0,NA,Y,A,-,N,NA,NA,NA,NA,NA,NA,NA,NA,NA,Y,4,0,2,2,A,-,12,21453,A,N,D,C,A,A,H,-,A,A,0,NA,NA,NA,NA,Y,NA,-,-,0,0,2,0,0,0,0,0,0,-,-,NA,NA,SAN BERNARDINO,FONTANA,-117.45588684082033,34.10652160644531
90627556,2017,2017-12-27,9850,2017-12-12,1857,015860,NA,2,2,9,3600,0,3,5,NA,2,004,OLD WOMAN SPRINGS RD,SR-247 (BARSTOW RD),12,W,N,A,-,Y,NA,NA,NA,NA,NA,NA,NA,NA,NA,Y,4,0,1,2,A,-,03,22350,NA,N,C,C,A,A,H,-,D,A,0,NA,NA,NA,NA,Y,NA,A,01,0,0,1,0,0,0,0,0,0,-,-,34.44391,-116.94604,SAN BERNARDINO,UNINCORPORATED,NA,NA
90674281,2018,2018-03-05,9860,2018-02-04,1540,019429,NA,7,2,9,3600,0,3,5,NA,2,002,MARSHALL BLVD,MOUNTAIN AVE,0,NA,Y,A,-,N,NA,NA,NA,NA,NA,NA,NA,NA,NA,Y,4,0,1,2,A,-,09,21802,A,F,D,C,A,A,H,-,A,A,0,NA,NA,NA,NA,Y,NA,A,01,0,0,1,0,0,0,0,0,0,-,-,34.14942932128906,-117.25689697265624,SAN BERNARDINO,UNINCORPORATED,-117.25679779052734,34.14944839477539
90674298,2018,2018-03-05,9860,2018-03-03,1255,019725,NA,6,1,9,3600,0,1,1,NA,2,151,I-15 N/B,SYCAMORE CREEK DRIVE,350,S,N,B,C,Y,NA,NA,15,NA,NA,NA,NA,NA,N,N,4,0,1,2,A,-,08,22107,NA,N,D,C,A,B,H,-,A,D,0,NA,NA,NA,NA,Y,NA,A,01,0,0,1,0,0,0,0,0,0,-,-,34.186641693115234,-117.43080139160156,SAN BERNARDINO,UNINCORPORATED,-117.43072509765624,34.18654251098633
90640429,2018,2018-01-16,9865,2018-01-09,1200,016806,NA,2,1,9,3600,0,1,3,NA,1,034,STATE ROUTE 18,DELTA WAY,21595,N,N,C,-,Y,NA,NA,18,NA,NA,NA,NA,NA,NA,N,3,0,1,1,A,-,03,22350,NA,N,E,I,A,C,H,-,A,D,0,NA,NA,NA,NA,Y,NA,A,01,0,1,0,0,0,0,0,0,0,-,-,34.33012008666992,-116.82895660400392,SAN BERNARDINO,UNINCORPORATED,-116.82894897460938,34.330135345458984
90675916,2018,2018-03-06,9855,2018-02-25,1635,020564,NA,7,2,6,3607,0,1,1,NA,2,152,I-15 S/B (ONTARIO FWY),JURUPA ST.,5280,N,N,A,-,Y,NA,NA,15,NA,NA,NA,NA,NA,S,Y,4,0,3,3,A,-,03,22350,NA,N,C,C,A,A,H,-,A,D,0,NA,NA,NA,NA,Y,NA,A,01,0,0,3,0,0,0,0,0,0,-,-,34.06180953979492,-117.5451431274414,SAN BERNARDINO,ONTARIO,-117.54511260986328,34.06180953979492
90644746,2018,2018-01-22,9850,2018-01-15,1330,019278,NA,1,1,5,3619,0,1,1,NA,2,081,I-15 N/B,RANCHERO RD,2589,S,N,A,-,Y,NA,NA,15,NA,NA,NA,NA,NA,N,Y,4,0,1,1,A,-,07,21658,A,N,E,I,A,A,H,-,A,D,0,NA,NA,NA,NA,Y,NA,A,01,0,0,1,0,0,0,0,0,0,-,-,34.37689971923828,-117.42019653320313,SAN BERNARDINO,HESPERIA,-117.42010498046876,34.37682342529297
90664420,2018,2018-02-20,9860,2018-02-13,1750,015495,NA,2,2,9,3600,0,1,3,NA,1,012,SR-138 W/B,LONE PINE CANYON RD,7920,W,N,A,-,Y,NA,NA,138,NA,NA,NA,NA,NA,W,Y,4,0,2,2,A,-,08,22107,NA,N,D,C,A,A,H,-,D,D,0,NA,NA,NA,NA,Y,NA,A,01,0,0,2,0,0,0,0,0,0,-,-,34.32773971557617,-117.5177001953125,SAN BERNARDINO,UNINCORPORATED,-117.51764678955078,34.32779312133789
90665104,2018,2018-02-20,9860,2018-02-13,1508,012988,NA,2,2,9,3600,0,3,5,NA,2,002,EUREKA ST,GOLONDRINA DR,13,E,N,A,-,N,NA,NA,NA,NA,NA,NA,NA,NA,NA,Y,3,0,1,1,C,-,18,NA,NA,N,E,I,A,A,H,-,A,D,0,NA,NA,NA,NA,Y,NA,-,-,0,1,0,0,0,0,0,0,0,-,-,34.152099609375,-117.24609375,SAN BERNARDINO,UNINCORPORATED,-117.24620056152344,34.15214157104492
9068111,2020,2020-07-28,3600,2020-04-14,0737,D2561,VC026,2,5,5,3612,0,0,0,NA,0,VC3,YATES RD,CYPRESS AV,0,NA,Y,A,-,N,NA,NA,NA,NA,NA,NA,NA,NA,NA,Y,4,0,1,2,A,-,09,21802,A,N,D,C,A,A,H,-,A,A,0,NA,NA,NA,NA,Y,NA,D,22,0,0,1,0,0,0,0,0,0,-,-,NA,NA,SAN BERNARDINO,VICTORVILLE,-117.3155517578125,34.49985122680664
90647638,2018,2018-01-25,9860,2018-01-17,1735,019484,NA,3,2,6,3610,0,1,1,NA,2,214,I-215 S/B,I-10,1056,S,N,A,-,Y,NA,NA,NA,NA,NA,NA,NA,NA,NA,Y,2,0,3,4,A,-,03,22350,NA,N,C,C,A,A,D,-,D,D,0,NA,NA,NA,NA,Y,NA,A,01,1,2,0,0,0,0,0,0,0,-,-,34.0605583190918,-117.29704284667967,SAN BERNARDINO,SAN BERNARDINO,NA,NA
90652612,2018,2018-01-31,9855,2018-01-26,1615,020564,NA,5,2,6,3604,0,1,1,NA,2,153,I-15 N/B (ONTARIO FWY),SUMMIT AVE.,2112,S,N,A,-,Y,NA,NA,15,NA,NA,NA,NA,NA,N,Y,3,0,2,3,A,-,03,22350,NA,F,C,C,A,A,H,-,A,D,0,NA,NA,NA,NA,Y,NA,-,99,0,2,0,0,0,0,0,0,0,-,-,34.1457405090332,-117.48394775390624,SAN BERNARDINO,FONTANA,-117.48409271240234,34.14590835571289
90682612,2018,2018-03-15,9850,2018-03-07,1700,022015,NA,3,2,9,3600,0,1,3,NA,2,042,SR-247,MIDWAY AVE,60,E,N,A,-,Y,NA,NA,247,NA,NA,NA,NA,NA,NA,N,2,0,1,1,A,-,08,22107,NA,N,F,A,A,A,H,-,A,D,0,NA,Y,NA,NA,Y,NA,L,04,1,0,0,0,0,0,1,0,0,-,-,34.44404983520508,-116.90187072753906,SAN BERNARDINO,UNINCORPORATED,-116.90187072753906,34.444034576416016
90653872,2018,2018-02-02,9860,2018-01-26,1617,016646,NA,5,2,9,3600,0,1,1,NA,2,151,I-15 N/B,KENWOOD AVENUE,200,N,N,A,-,Y,NA,NA,15,NA,NA,NA,NA,NA,N,Y,3,0,1,2,A,-,07,21658,A,N,B,C,A,A,H,-,A,D,0,NA,NA,Y,NA,Y,NA,A,01,0,1,0,0,0,0,0,0,1,-,-,34.239051818847656,-117.42806243896484,SAN BERNARDINO,UNINCORPORATED,-117.42803955078124,34.23908233642578
90684051,2018,2018-03-19,9860,2018-03-15,0710,019429,NA,4,1,4,3640,0,1,1,NA,2,106,I-10 W/B,LIVE OAK CANYON RD,3696,E,N,C,-,Y,NA,NA,10,NA,NA,NA,NA,NA,W,Y,4,0,1,2,A,-,03,22350,NA,N,C,C,A,B,H,-,B,D,0,NA,NA,NA,NA,Y,NA,D,22,0,0,1,0,0,0,0,0,0,-,-,34.01456832885742,-117.08352661132813,SAN BERNARDINO,YUCAIPA,-117.08351135253906,34.0146484375
90656013,2018,2018-02-06,9850,2018-01-26,1510,021991,NA,5,2,9,3600,0,1,3,NA,2,060,SR-138 E/B,TAMARIND STREET,33,E,N,A,-,Y,NA,NA,138,NA,NA,NA,NA,NA,E,Y,4,0,1,1,A,-,03,22350,NA,N,F,J,A,A,H,-,A,D,0,NA,NA,NA,NA,Y,NA,A,07,0,0,1,0,0,0,0,0,0,-,-,34.37562942504883,-117.55477142333984,SAN BERNARDINO,UNINCORPORATED,-117.55462646484376,34.37592697143555
90685753,2018,2018-03-20,9855,2018-03-08,1850,020564,NA,4,2,6,3607,0,1,3,NA,2,601,SR-60 E/B (POMONA FWY),VINEYARD AVE.,1500,W,N,A,-,Y,NA,NA,60,NA,NA,NA,NA,NA,E,Y,4,0,1,3,A,-,03,22350,NA,N,C,C,A,A,H,-,C,D,0,NA,NA,NA,NA,Y,NA,A,01,0,0,1,0,0,0,0,0,0,-,-,34.030460357666016,-117.61598205566406,SAN BERNARDINO,ONTARIO,-117.61598205566406,34.03044128417969
90686084,2018,2018-03-20,9855,2018-03-10,2025,020913,NA,6,2,6,3607,0,1,1,NA,2,152,I-15 S/B (ONTARIO FWY),FOURTH ST.,2840,N,N,B,C,Y,NA,NA,NA,NA,NA,NA,NA,NA,NA,Y,4,0,1,1,A,-,08,22107,NA,N,E,I,A,B,H,-,D,D,0,NA,NA,NA,NA,Y,NA,A,01,0,0,1,0,0,0,0,0,0,-,-,34.08509826660156,-117.5447998046875,SAN BERNARDINO,ONTARIO,-117.54502868652344,34.07732009887695
90658499,2018,2018-02-09,9855,2018-01-29,0055,020690,NA,1,3,6,3607,0,1,3,NA,2,601,SR-60 E/B (POMONA FWY),ARCHIBALD AVE.,1600,W,N,A,G,Y,NA,NA,60,NA,NA,NA,NA,NA,E,Y,4,0,2,2,A,-,07,21658,A,N,C,C,A,A,H,-,D,D,0,NA,NA,NA,Y,Y,NA,A,01,0,0,2,0,0,0,0,0,0,-,-,34.03041076660156,-117.59867095947266,SAN BERNARDINO,ONTARIO,-117.59867095947266,34.0305290222168
90659327,2018,2018-02-12,9870,2018-02-01,1600,018236,NA,4,2,9,3600,0,1,3,NA,1,031,STATE ROUTE 62 (29 PALMS HWY),SUNSET ROAD,102,E,N,A,-,Y,NA,NA,NA,NA,NA,NA,NA,NA,NA,N,2,0,1,2,A,-,11,21954,A,N,G,B,D,A,H,-,A,D,0,Y,NA,NA,NA,Y,Y,N,60,1,0,0,0,1,0,0,0,0,-,-,34.13483810424805,-116.31671905517578,SAN BERNARDINO,UNINCORPORATED,NA,NA
90669800,2018,2018-02-26,9870,2018-02-18,1807,021288,NA,7,2,9,3600,0,3,5,NA,2,002,INDIO AVE,SUNFLOWER DR,10,N,N,A,-,N,NA,NA,NA,NA,NA,NA,NA,NA,NA,Y,4,0,1,1,A,-,08,22107,NA,N,E,I,A,A,H,-,D,D,0,NA,NA,NA,NA,Y,NA,A,01,0,0,1,0,0,0,0,0,0,-,-,34.17129898071289,-116.37830352783205,SAN BERNARDINO,UNINCORPORATED,-116.37835693359376,34.1712760925293