CASE_ID,ACCIDENT_YEAR,PROC_DATE,JURIS,COLLISION_DATE,COLLISION_TIME,OFFICER_ID,REPORTING_DISTRICT,DAY_OF_WEEK,CHP_SHIFT,POPULATION,CNTY_CITY_LOC,SPECIAL_COND,BEAT_TYPE,CHP_BEAT_TYPE,CITY_DIVISION_LAPD,CHP_BEAT_CLASS,BEAT_NUMBER,PRIMARY_RD,SECONDARY_RD,DISTANCE,DIRECTION,INTERSECTION,WEATHER_1,WEATHER_2,STATE_HWY_IND,CALTRANS_COUNTY,CALTRANS_DISTRICT,STATE_ROUTE,ROUTE_SUFFIX,POSTMILE_PREFIX,POSTMILE,LOCATION_TYPE,RAMP_INTERSECTION,SIDE_OF_HWY,TOW_AWAY,COLLISION_SEVERITY,NUMBER_KILLED,NUMBER_INJURED,PARTY_COUNT,PRIMARY_COLL_FACTOR,PCF_CODE_OF_VIOL,PCF_VIOL_CATEGORY,PCF_VIOLATION,PCF_VIOL_SUBSECTION,HIT_AND_RUN,TYPE_OF_COLLISION,MVIW,PED_ACTION,ROAD_SURFACE,ROAD_COND_1,ROAD_COND_2,LIGHTING,CONTROL_DEVICE,CHP_ROAD_TYPE,PEDESTRIAN_ACCIDENT,BICYCLE_ACCIDENT,MOTORCYCLE_ACCIDENT,TRUCK_ACCIDENT,NOT_PRIVATE_PROPERTY,ALCOHOL_INVOLVED,STWD_VEHTYPE_AT_FAULT,CHP_VEHTYPE_AT_FAULT,COUNT_SEVERE_INJ,COUNT_VISIBLE_INJ,COUNT_COMPLAINT_PAIN,COUNT_PED_KILLED,COUNT_PED_INJURED,COUNT_BICYCLIST_KILLED,COUNT_BICYCLIST_INJURED,COUNT_MC_KILLED,COUNT_MC_INJURED,PRIMARY_RAMP,SECONDARY_RAMP,LATITUDE,LONGITUDE,COUNTY,CITY,POINT_X,POINT_Y
90660610,2018,2018-02-13,9860,2018-02-08,0805,012530,NA,4,1,6,3610,0,1,1,NA,2,103,I-10 E/B TO I-215 N/B,ORANGE SHOW ROAD O/C.,2645,S,N,A,-,Y,NA,NA,NA,NA,NA,NA,NA,NA,NA,N,4,0,1,2,A,-,03,22350,NA,N,C,C,A,A,H,-,A,D,0,NA,NA,NA,NA,Y,NA,A,01,0,0,1,0,0,0,0,0,0,-,-,34.07099914550781,-117.29531860351563,SAN BERNARDINO,SAN BERNARDINO,NA,NA
90696135,2018,2018-04-02,9860,2018-03-29,1500,016590,NA,4,2,6,3610,0,1,1,NA,2,104,I-10 W/B,WATERMAN AVE.,1675,E,N,A,-,Y,NA,NA,10,NA,NA,NA,NA,NA,W,N,4,0,2,3,A,-,03,22350,NA,N,C,C,A,A,H,-,A,D,0,NA,NA,NA,NA,Y,NA,A,01,0,0,2,0,0,0,0,0,0,-,-,34.064048767089844,-117.26798248291016,SAN BERNARDINO,SAN BERNARDINO,-117.26798248291016,34.0639533996582
90660674,2018,2018-11-09,9860,2018-02-01,1530,018858,NA,4,2,4,3603,1,4,S,NA,2,901,8TH ST,CONGRESS ST,517,S,N,A,-,N,NA,NA,NA,NA,NA,NA,NA,NA,NA,Y,4,0,1,1,A,-,08,22107,NA,N,E,I,A,A,H,-,A,D,0,NA,NA,NA,NA,Y,NA,H,13,0,0,1,0,0,0,0,0,0,-,-,34.0543098449707,-117.32504272460938,SAN BERNARDINO,COLTON,-117.3254852294922,34.05433654785156
90661224,2018,2018-02-14,9870,2018-02-11,1710,016935,NA,7,2,9,3600,0,3,5,NA,2,003,LEAR AVENUE,INDIAN TRAIL,30,S,N,A,-,N,NA,NA,NA,NA,NA,NA,NA,NA,NA,Y,3,0,2,2,A,-,09,21802,A,N,D,C,A,A,H,-,A,A,0,NA,NA,NA,NA,Y,NA,A,01,0,2,0,0,0,0,0,0,0,-,-,34.18587875366211,-116.15062713623048,SAN BERNARDINO,UNINCORPORATED,-116.15058135986328,34.185916900634766
90661745,2018,2018-02-14,9865,2018-02-03,1340,017407,NA,6,1,9,3600,0,1,3,NA,2,020,STATE ROUTE 330,HIGHLAND AVENUE,10560,N,N,A,-,Y,NA,NA,330,NA,NA,NA,NA,NA,NA,Y,3,0,2,2,A,-,08,22107,NA,N,E,I,A,A,H,-,A,D,0,NA,NA,NA,NA,Y,NA,A,07,0,2,0,0,0,0,0,0,0,-,-,34.16075897216797,-117.18251800537108,SAN BERNARDINO,UNINCORPORATED,-117.18299102783205,34.160552978515625
90662514,2018,2018-02-15,9860,2018-02-12,1855,021138,NA,1,2,4,3640,0,1,1,NA,2,106,I-10 E/B,YUCAIPA BLVD,2112,W,N,B,-,Y,NA,NA,10,NA,NA,NA,NA,NA,E,N,4,0,2,2,A,-,03,22350,NA,F,C,C,A,A,H,-,D,D,0,NA,NA,NA,NA,Y,NA,-,99,0,0,2,0,0,0,0,0,0,-,-,34.02791976928711,-117.12577056884766,SAN BERNARDINO,YUCAIPA,-117.12577056884766,34.02792739868164
90664330,2018,2018-02-20,9860,2018-02-12,1804,021138,NA,1,2,3,3615,0,1,1,NA,2,104,I-10 E/B,MOUNTAIN VIEW AVE,1200,W,N,B,-,Y,NA,NA,10,NA,NA,NA,NA,NA,E,N,4,0,1,2,A,-,03,22350,NA,N,C,C,A,A,H,-,D,D,0,NA,NA,NA,NA,Y,NA,A,01,0,0,1,0,0,0,0,0,0,-,-,34.06658172607422,-117.24771881103516,SAN BERNARDINO,LOMA LINDA,-117.24771881103516,34.06650161743164
90679812,2018,2018-03-12,9855,2018-03-06,1705,016889,NA,2,2,6,3607,0,1,1,NA,2,101,I-10 E/B (SAN BERNARDINO FWY),MILLIKEN AVE.,3168,W,N,A,-,Y,NA,NA,10,NA,NA,NA,NA,NA,E,Y,4,0,1,2,A,-,03,22350,NA,N,C,C,A,A,H,-,A,D,0,NA,NA,NA,NA,Y,NA,A,01,0,0,1,0,0,0,0,0,0,-,-,34.06731033325195,-117.56836700439452,SAN BERNARDINO,ONTARIO,-117.56836700439452,34.06741714477539
90681618,2018,2018-03-14,9860,2018-03-05,2148,021675,NA,1,2,9,3600,0,1,3,NA,1,380,SR-38 (MENTONE BLVD),CRAFTON AVE,15,W,N,A,-,N,NA,NA,38,NA,NA,NA,NA,NA,NA,N,4,0,2,2,A,-,03,22350,NA,N,C,C,A,A,H,-,C,A,0,NA,NA,NA,NA,Y,NA,A,01,0,0,2,0,0,0,0,0,0,-,-,34.06983184814453,-117.1218490600586,SAN BERNARDINO,UNINCORPORATED,-117.1218490600586,34.06987380981445
90711840,2018,2018-04-24,9855,2018-04-19,1700,019303,NA,4,2,6,3607,0,1,1,NA,2,103,I-10 E/B (SAN BERNARDINO FWY),GROVE AVE.,300,W,N,A,-,Y,NA,NA,10,NA,NA,NA,NA,NA,E,N,4,0,1,2,A,-,03,22350,NA,N,C,C,A,A,H,-,A,D,0,NA,NA,NA,NA,Y,NA,A,01,0,0,1,0,0,0,0,0,0,-,-,34.08087158203125,-117.62920379638672,SAN BERNARDINO,ONTARIO,-117.62920379638672,34.08086013793945
90666744,2018,2018-02-22,9855,2018-02-12,1112,15763,NA,1,1,5,3611,0,1,1,NA,2,103,I-10 W/B (SAN BERNARDINO FWY),SAN ANTONIO AVENUE,854,W,N,B,-,Y,NA,NA,10,NA,NA,NA,NA,NA,W,Y,3,0,2,2,A,-,06,21750,A,N,B,C,A,A,H,-,A,D,0,NA,NA,NA,NA,Y,NA,A,01,0,1,1,0,0,0,0,0,0,-,-,34.08734893798828,-117.66368865966795,SAN BERNARDINO,UPLAND,-117.66368865966795,34.08742904663086
90715261,2018,2018-05-02,9855,2018-04-26,1448,019303,NA,4,2,5,3611,0,1,1,NA,2,103,I-10 E/B (SAN BERNARDINO FWY),FOURTH ST.,615,W,N,A,-,Y,NA,NA,NA,NA,NA,NA,NA,NA,NA,N,3,0,3,2,A,-,01,23152,A,N,C,C,A,A,H,-,A,D,0,NA,NA,NA,NA,Y,Y,A,01,0,2,1,0,0,0,0,0,0,-,-,34.07910919189453,-117.62637329101563,SAN BERNARDINO,UPLAND,-117.62525177001952,34.07859420776367
9071554,2019,2020-03-18,3611,2019-11-13,1754,2297,3611,3,5,5,3611,0,0,0,NA,0,001,BASELINE RD,MOUNTAIN SHADOW RD,400,W,N,A,-,N,NA,NA,NA,NA,NA,NA,NA,NA,NA,NA,4,0,4,4,A,-,03,22350,NA,N,C,C,A,A,H,-,C,D,0,NA,NA,NA,NA,Y,NA,A,01,0,0,4,0,0,0,0,0,0,-,-,NA,NA,SAN BERNARDINO,UPLAND,-117.68468475341795,34.12157440185547
90715832,2018,2018-04-30,9860,2018-03-30,1352,019725,NA,5,1,9,3600,0,3,5,NA,2,001,CAJON BLVD,SWARTHOUT CANYON RD,650,S,N,A,-,N,NA,NA,NA,NA,NA,NA,NA,NA,NA,N,4,0,1,3,A,-,16,24002,A,F,H,C,A,A,H,-,A,D,0,NA,NA,NA,NA,Y,NA,E,22,0,0,1,0,0,0,0,0,0,-,-,34.273529052734375,-117.45088958740234,SAN BERNARDINO,UNINCORPORATED,-117.45089721679688,34.27361297607422
90716483,2018,2018-04-30,9835,2018-04-24,0610,20883,NA,2,1,9,3600,0,1,1,NA,2,076,I-15 N/B,CIMA RD,12144,S,N,A,-,Y,NA,NA,15,NA,NA,NA,NA,NA,N,Y,4,0,1,2,A,-,06,21750,A,N,D,C,A,A,H,-,A,D,0,NA,NA,NA,Y,Y,NA,A,01,0,0,1,0,0,0,0,0,0,-,-,35.430240631103516,-115.71282958984376,SAN BERNARDINO,UNINCORPORATED,-115.7128448486328,35.4302864074707
90717716,2018,2018-05-01,9855,2018-04-23,0920,012923,NA,1,1,5,3611,0,1,1,NA,2,203,SR-210 E/B (FOOTHILL FWY),MOUNTAIN AVE.,1430,W,N,A,-,Y,NA,NA,210,NA,NA,NA,NA,NA,E,N,4,0,2,2,A,-,07,21658,A,N,B,C,A,A,H,-,A,D,0,NA,NA,NA,NA,Y,NA,A,01,0,0,2,0,0,0,0,0,0,-,-,34.13053894042969,-117.6834716796875,SAN BERNARDINO,UPLAND,-117.68350219726563,34.130584716796875
90717725,2018,2018-05-01,9855,2018-04-24,0855,017570,NA,2,1,6,3616,0,1,1,NA,2,201,SR-210 W/B (FOOTHILL FWY),ETIWANDA AVE.,400,W,N,A,-,Y,NA,NA,210,NA,NA,NA,NA,NA,W,Y,3,0,1,3,A,-,03,22350,NA,N,C,C,A,A,H,-,A,D,0,NA,NA,NA,NA,Y,NA,A,01,0,1,0,0,0,0,0,0,0,-,-,34.13645935058594,-117.52361297607422,SAN BERNARDINO,RANCHO CUCAMONGA,-117.52361297607422,34.13651657104492
90719079,2018,2018-05-03,9835,2018-04-29,1805,21035,NA,7,2,9,3600,0,3,5,NA,2,034,NEWBERRY ROAD,WHETROCK RD.,332,S,N,A,-,N,NA,NA,NA,NA,NA,NA,NA,NA,NA,Y,3,0,1,1,A,-,01,23152,A,N,E,I,A,A,H,-,A,D,0,NA,NA,NA,NA,Y,Y,A,01,0,1,0,0,0,0,0,0,0,-,-,34.860801696777344,-116.66259765625,SAN BERNARDINO,UNINCORPORATED,-116.66271209716795,34.86104202270508
90668160,2018,2018-02-23,9835,2018-02-15,1645,21824,NA,4,2,9,3600,0,1,1,NA,2,076,I-15 S/B,BAILEY ROAD,8184,S,N,A,-,Y,NA,NA,15,NA,NA,NA,NA,NA,S,Y,3,0,1,1,A,-,08,22107,NA,N,E,I,A,A,H,-,B,D,0,NA,NA,NA,NA,Y,NA,A,01,0,1,0,0,0,0,0,0,0,-,-,35.47444152832031,-115.56609344482422,SAN BERNARDINO,UNINCORPORATED,-115.56610107421876,35.47439193725586
90668167,2018,2018-02-23,9855,2018-02-13,0810,012923,NA,2,1,6,3616,0,1,1,NA,2,201,SR-210 W/B (FOOTHILL FWY),HAVEN AVE.,775,E,N,A,-,Y,NA,NA,210,NA,NA,NA,NA,NA,W,N,4,0,1,2,A,-,07,21658,A,N,B,C,A,A,H,-,A,D,0,NA,NA,NA,NA,Y,NA,A,08,0,0,1,0,0,0,0,0,0,-,-,34.13679122924805,-117.56846618652344,SAN BERNARDINO,RANCHO CUCAMONGA,-117.56846618652344,34.13666534423828
90725165,2018,2018-05-14,9860,2018-05-10,1540,019321,NA,4,2,9,3600,0,1,1,NA,2,102,I-10 W/B,CEDAR AVE,1584,E,N,A,-,Y,NA,NA,10,NA,NA,NA,NA,NA,W,Y,3,0,1,2,A,-,07,21658,A,N,B,C,A,A,H,-,A,D,0,NA,NA,NA,Y,Y,NA,A,01,0,1,0,0,0,0,0,0,0,-,-,34.06840133666992,-117.391357421875,SAN BERNARDINO,UNINCORPORATED,-117.391357421875,34.068477630615234
90725177,2018,2018-05-14,9860,2018-05-06,1045,014777,NA,7,1,5,3608,0,1,1,NA,2,203,SR-210 E/B,5TH STREET,6336,E,N,A,-,Y,NA,NA,210,NA,NA,NA,NA,NA,E,N,4,0,1,2,A,-,07,21658,A,N,B,C,A,A,H,-,A,D,0,NA,NA,NA,Y,Y,NA,G,25,0,0,1,0,0,0,0,0,0,-,-,34.089820861816406,-117.2007293701172,SAN BERNARDINO,REDLANDS,-117.20079040527344,34.089820861816406
90668272,2018,2018-02-23,9855,2018-02-13,0831,015919,NA,2,1,6,3607,0,1,1,NA,2,103,I-10 W/B (SAN BERNARDINO FWY),ARCHIBALD AVE.,1466,W,N,A,-,Y,NA,NA,10,NA,NA,NA,NA,NA,W,Y,4,0,3,5,A,-,03,22350,NA,N,C,C,A,A,H,-,A,D,0,NA,NA,NA,NA,Y,NA,A,07,0,0,3,0,0,0,0,0,0,-,-,34.06803894042969,-117.5983428955078,SAN BERNARDINO,ONTARIO,-117.59835052490234,34.06795883178711
90671920,2018,2018-02-28,9865,2018-02-26,1555,021841,NA,1,2,9,3600,0,1,3,NA,2,020,SR-330,FOREST ROAD 1N09,2640,S,N,A,-,Y,NA,NA,330,NA,NA,NA,NA,NA,NA,Y,2,0,1,1,A,-,08,22107,NA,N,E,I,A,A,H,-,A,D,0,NA,NA,NA,NA,Y,NA,A,01,1,0,0,0,0,0,0,0,0,-,-,34.1798210144043,-117.16246795654295,SAN BERNARDINO,UNINCORPORATED,-117.1624755859375,34.179813385009766
90729207,2018,2018-05-18,9865,2018-05-15,1805,020073,NA,2,2,9,3600,0,1,3,NA,2,031,SR-38,VAN DUSEN CANYON RD,327,E,N,A,-,Y,NA,NA,38,NA,NA,NA,NA,NA,NA,Y,2,0,1,1,A,-,03,22350,NA,N,E,I,A,A,H,-,A,D,0,NA,NA,NA,NA,Y,NA,A,01,1,0,0,0,0,0,0,0,0,-,-,34.2657585144043,-116.85601806640624,SAN BERNARDINO,UNINCORPORATED,-116.85602569580078,34.26572799682617
90673280,2018,2018-03-01,9870,2018-02-24,0935,021924,NA,6,1,9,3600,0,1,3,NA,1,031,SR-62 (TWENTYNINE PALMS HIGHWAY),YUCCA MESA ROAD,300,E,N,A,-,Y,NA,NA,62,NA,NA,NA,NA,NA,NA,N,4,0,1,3,A,-,03,22350,NA,N,C,C,A,A,H,-,A,A,0,NA,NA,NA,NA,Y,NA,A,07,0,0,1,0,0,0,0,0,0,-,-,34.13494873046875,-116.36866760253906,SAN BERNARDINO,UNINCORPORATED,-116.36866760253906,34.13490676879883
90673476,2018,2018-03-02,9835,2018-02-24,2048,021205,NA,6,2,9,3600,0,1,1,NA,2,074,I-15 N/B,AFTON ROAD,18533,N,N,A,-,Y,NA,NA,15,NA,NA,NA,NA,NA,N,Y,3,0,2,2,A,-,03,22350,NA,N,C,C,A,A,H,-,D,D,0,NA,NA,NA,NA,Y,NA,A,01,0,2,0,0,0,0,0,0,0,-,-,35.085899353027344,-116.35516357421876,SAN BERNARDINO,UNINCORPORATED,-116.35516357421876,35.085914611816406
90675198,2018,2018-03-05,9860,2018-03-05,0900,017949,NA,1,1,5,3608,0,1,1,NA,2,106,I-10 W/B,FORD STREET,528,E,N,A,-,Y,NA,NA,10,NA,NA,NA,NA,NA,W,N,3,0,1,2,A,-,03,22350,NA,N,C,C,A,A,H,-,A,D,0,NA,NA,Y,NA,Y,NA,C,02,0,1,0,0,0,0,0,0,1,-,-,34.039459228515625,-117.15381622314452,SAN BERNARDINO,REDLANDS,-117.15370941162108,34.03956985473633
90676661,2018,2018-03-07,9855,2018-02-25,2329,020913,NA,7,3,6,3607,0,1,1,NA,2,101,I-10 E/B (SAN BERNARDINO FWY),I-15,400,E,N,A,-,Y,NA,NA,10,NA,NA,NA,NA,NA,E,Y,2,0,2,2,A,-,03,22350,NA,N,B,C,A,A,H,-,D,D,0,NA,NA,Y,NA,Y,NA,C,02,1,1,0,0,0,0,0,0,2,-,-,34.06718063354492,-117.54328155517578,SAN BERNARDINO,ONTARIO,-117.54328155517578,34.067352294921875
90679691,2018,2018-03-12,9860,2018-03-03,1915,020135,NA,6,2,4,3603,0,1,1,NA,2,103,I-10 E/B,9TH ST,500,W,N,A,-,Y,NA,NA,10,NA,NA,NA,NA,NA,E,N,3,0,1,1,C,-,18,NA,NA,N,E,J,A,A,H,-,D,D,0,NA,NA,NA,NA,Y,NA,-,-,0,1,0,0,0,0,0,0,0,-,-,34.06578063964844,-117.3240966796875,SAN BERNARDINO,COLTON,-117.32408142089844,34.06587600708008
9073659,2020,2021-03-05,3604,2020-04-27,0927,1364,NA,1,5,6,3604,0,0,0,NA,0,NA,BASELINE AV,RT 15,10,W,N,A,-,Y,SBD,8,15,-,-,6.566,R,4,N,Y,4,0,2,2,A,-,12,21453,A,N,D,C,A,A,H,-,A,A,0,NA,NA,NA,NA,Y,NA,A,07,0,0,2,0,0,0,0,0,0,-,NF,NA,NA,SAN BERNARDINO,FONTANA,-117.51598358154295,34.11952209472656
90709901,2018,2018-04-20,9855,2018-04-12,0725,012923,NA,4,1,6,3604,0,1,1,NA,2,201,SR-210 W/B (FOOTHILL FWY),CITRUS AVE.,430,E,N,B,-,Y,NA,NA,210,NA,NA,NA,NA,NA,W,N,4,0,2,4,A,-,03,22350,NA,N,C,C,A,A,H,-,A,D,0,NA,NA,NA,NA,Y,NA,A,01,0,0,2,0,0,0,0,0,0,-,-,34.136451721191406,-117.45156097412108,SAN BERNARDINO,FONTANA,-117.45156097412108,34.13651657104492
9071322,2020,2020-08-03,3604,2020-06-12,1453,1047,NA,5,5,6,3604,0,0,0,NA,0,NA,FOOTHILL BL,FONTANA SQ,0,NA,Y,A,-,N,NA,NA,NA,NA,NA,NA,NA,NA,NA,Y,4,0,1,2,A,-,12,21453,NA,N,D,C,A,A,H,-,A,A,0,NA,NA,NA,NA,Y,NA,-,-,0,0,1,0,0,0,0,0,0,-,-,NA,NA,SAN BERNARDINO,FONTANA,NA,NA
90682197,2018,2018-03-14,9835,2018-02-27,1352,20883,NA,2,1,9,3600,0,1,1,NA,2,076,I-15 S/B,CIMA RD,528,S,N,B,D,Y,NA,NA,15,NA,NA,NA,NA,NA,S,Y,4,0,2,2,A,-,03,22350,NA,N,C,E,A,C,H,-,A,D,0,NA,NA,NA,NA,Y,NA,A,01,0,0,2,0,0,0,0,0,0,-,-,35.443138122558594,-115.67772674560548,SAN BERNARDINO,UNINCORPORATED,-115.67769622802734,35.44303894042969
90739346,2018,2018-06-01,9865,2018-05-29,0125,020363,NA,2,3,9,3600,0,3,5,NA,2,003,SR-18,LOG LN.,50,N,N,A,-,Y,NA,NA,18,NA,NA,NA,NA,NA,NA,N,4,0,1,1,A,-,08,22107,NA,N,E,I,A,A,H,-,D,D,0,NA,NA,NA,NA,Y,NA,A,07,0,0,1,0,0,0,0,0,0,-,-,34.27278137207031,-116.83936309814452,SAN BERNARDINO,UNINCORPORATED,-116.83939361572266,34.27286911010742
90683654,2018,2018-03-16,9860,2018-03-03,1455,019321,NA,6,2,9,3600,0,3,5,NA,2,003,WABASH AVE.,INDEPENDENCE AVE.,175,N,N,C,-,N,NA,NA,NA,NA,NA,NA,NA,NA,NA,Y,4,0,1,2,A,-,05,21460,A,F,A,C,A,B,H,-,A,D,0,NA,NA,NA,NA,Y,NA,A,01,0,0,1,0,0,0,0,0,0,-,-,34.060951232910156,-117.13893127441406,SAN BERNARDINO,UNINCORPORATED,-117.13899993896484,34.06081008911133
9074380,2020,2020-07-07,3602,2020-03-20,1853,3975,NA,5,5,5,3602,0,0,0,NA,0,002,RIVERSIDE DR,10TH ST,13,E,N,B,-,N,NA,NA,NA,NA,NA,NA,NA,NA,NA,N,3,0,2,2,A,-,09,21800,A,N,D,C,A,B,H,-,C,A,0,NA,NA,NA,NA,Y,NA,A,01,0,2,0,0,0,0,0,0,0,-,-,34.01908874511719,-117.686767578125,SAN BERNARDINO,CHINO,-117.68672943115234,34.019100189208984
90685510,2018,2018-03-20,9855,2018-03-04,1813,020002,NA,7,2,6,3607,0,1,1,NA,2,101,I-10 W/B (SAN BERNARDINO FWY),MILLIKEN AVE.,800,E,N,A,-,Y,NA,NA,10,NA,NA,NA,NA,NA,W,Y,3,0,1,3,A,-,07,21658,A,N,B,C,A,A,H,-,C,D,0,NA,NA,Y,NA,Y,NA,A,07,0,1,0,0,0,0,0,0,1,-,-,34.067501068115234,-117.55538177490234,SAN BERNARDINO,ONTARIO,-117.55538177490234,34.06755065917969
90687056,2018,2018-03-21,9870,2018-03-16,1700,020280,NA,5,2,9,3600,0,1,3,NA,1,011,STATE ROUTE 62 (29 PALMS HIGHWAY),EAST DRIVE,624,E,N,A,-,Y,NA,NA,NA,NA,NA,NA,NA,NA,NA,Y,2,0,2,1,A,-,01,23152,A,N,E,I,A,A,H,-,A,D,0,NA,NA,NA,NA,Y,Y,A,01,1,1,0,0,0,0,0,0,0,-,-,34.05546951293945,-116.57154083251952,SAN BERNARDINO,UNINCORPORATED,NA,NA
9072818,2020,2020-06-24,3608,2020-03-16,0324,4536,SBSUP,1,5,5,3608,0,0,0,NA,0,NA,ORANGE ST,HUBBARD CT,0,NA,Y,A,-,N,NA,NA,NA,NA,NA,NA,NA,NA,NA,Y,3,0,1,1,A,-,08,22107,NA,N,F,A,A,A,H,-,C,D,0,NA,NA,NA,NA,Y,NA,A,01,0,1,0,0,0,0,0,0,0,-,-,34.08774185180664,-117.18242645263672,SAN BERNARDINO,REDLANDS,NA,NA
90744623,2018,2018-06-11,9860,2018-06-08,0300,020626,NA,5,3,6,3610,0,1,1,NA,2,202,SR-210 E/B,ARDEN AVE,100,W,N,A,-,Y,NA,NA,210,NA,NA,NA,NA,NA,E,Y,2,0,1,2,A,-,08,22107,NA,N,E,I,A,A,H,-,D,D,0,NA,NA,NA,NA,Y,NA,A,01,1,0,0,0,0,0,0,0,0,-,-,34.13542938232422,-117.23535919189452,SAN BERNARDINO,SAN BERNARDINO,-117.23535919189452,34.13542556762695
90687685,2018,2018-03-22,9860,2018-03-14,2240,020595,NA,3,3,6,3610,0,1,1,NA,2,214,I-215 S/B TO INLAND CENTER DR.,INLAND CENTER DR,10,N,N,B,C,Y,NA,NA,215,NA,NA,NA,R,NA,S,N,4,0,2,2,A,-,03,22350,NA,N,C,C,A,B,H,-,C,A,0,NA,NA,NA,NA,Y,NA,A,01,0,0,2,0,0,0,0,0,0,-,-,34.085140228271484,-117.3014907836914,SAN BERNARDINO,SAN BERNARDINO,-117.3014907836914,34.085140228271484
90745204,2018,2018-06-11,9855,2018-06-02,0851,015513,NA,6,1,9,3600,0,3,5,NA,2,001,RANDALL AVENUE (COUNTY ROAD),REDWOOD AVE.,0,NA,Y,A,-,N,NA,NA,NA,NA,NA,NA,NA,NA,NA,Y,4,0,4,3,A,-,12,22450,A,N,D,C,A,A,H,-,A,A,0,NA,NA,NA,NA,Y,NA,A,07,0,0,4,0,0,0,0,0,0,-,-,34.08464813232422,-117.48426055908205,SAN BERNARDINO,UNINCORPORATED,-117.4842529296875,34.08469009399414
90688125,2018,2018-03-22,9850,2018-03-14,1130,021991,NA,3,1,9,3600,0,1,1,NA,2,084,I-15 NB,QUARRY ROAD O/C,15,S,N,A,-,Y,NA,NA,15,NA,NA,NA,NA,NA,N,N,4,0,1,2,A,-,03,22350,NA,F,C,C,A,A,H,-,A,D,0,NA,NA,NA,NA,Y,NA,D,22,0,0,1,0,0,0,0,0,0,-,-,34.61233139038086,-117.24246978759766,SAN BERNARDINO,UNINCORPORATED,-117.24250793457033,34.61235809326172
9069541,2020,2020-07-20,3600,2020-03-29,2240,G8585,HE326,7,5,5,3619,0,0,0,NA,0,HE3,MARIPOSA RD,OAK RIDGE DR,40,N,N,A,-,N,NA,NA,NA,NA,NA,NA,NA,NA,NA,Y,4,0,1,1,A,-,03,22350,NA,N,F,D,A,A,H,-,C,D,0,NA,NA,NA,NA,Y,Y,A,01,0,0,1,0,0,0,0,0,0,-,-,NA,NA,SAN BERNARDINO,HESPERIA,-117.41876983642578,34.3780403137207
90697060,2018,2018-04-02,9860,2018-03-31,1242,019466,NA,6,1,4,3640,0,1,1,NA,2,106,I-10 W/B TO YUCAIPA BLVD.,YUCAIPA BLVD,50,E,N,A,-,Y,NA,NA,10,NA,NA,NA,R,NA,W,Y,4,0,1,3,A,-,01,23152,A,N,C,C,A,A,H,-,A,D,0,NA,NA,NA,NA,Y,NA,A,07,0,0,1,0,0,0,0,0,0,-,-,34.02708053588867,-117.11875915527344,SAN BERNARDINO,YUCAIPA,-117.11875915527344,34.02708053588867
90700896,2018,2018-04-09,9860,2018-04-06,0623,019251,NA,5,1,9,3600,0,1,3,NA,1,010,SR-138,I-15,6864,E,N,B,-,Y,NA,NA,138,NA,NA,NA,NA,NA,NA,Y,4,0,1,1,A,-,08,22107,NA,N,F,A,A,A,D,-,A,A,0,NA,NA,NA,NA,Y,NA,A,01,0,0,1,0,0,0,0,0,0,-,-,34.3242301940918,-117.45594024658205,SAN BERNARDINO,UNINCORPORATED,-117.4560089111328,34.32431411743164
90705304,2018,2018-04-13,9855,2018-04-01,1620,020151,NA,7,2,6,3607,0,1,3,NA,2,603,SR-60 W/B (POMONA FWY),ARCHIBALD AVE.,850,E,N,A,-,Y,NA,NA,60,NA,NA,NA,NA,NA,W,Y,3,0,1,2,A,-,03,22350,NA,F,B,C,A,A,H,-,A,D,0,NA,NA,NA,NA,Y,Y,A,01,0,1,0,0,0,0,0,0,0,-,-,34.030738830566406,-117.58968353271484,SAN BERNARDINO,ONTARIO,-117.58968353271484,34.030731201171875
90705495,2018,2018-04-16,9855,2018-04-06,1235,017704,NA,5,1,6,3607,0,1,3,NA,2,601,SR-60 FROM SR-83 (EUCLID AVE),SR-83 (EUCLID AVE.),500,E,N,A,-,Y,NA,NA,60,NA,NA,NA,R,NA,NA,N,4,0,1,2,A,-,03,22350,NA,N,C,C,A,A,H,-,A,A,0,NA,NA,NA,NA,Y,NA,A,01,0,0,1,0,0,0,0,0,0,-,-,34.03001022338867,-117.64817810058594,SAN BERNARDINO,ONTARIO,-117.64817810058594,34.03001022338867