CASE_ID,ACCIDENT_YEAR,PROC_DATE,JURIS,COLLISION_DATE,COLLISION_TIME,OFFICER_ID,REPORTING_DISTRICT,DAY_OF_WEEK,CHP_SHIFT,POPULATION,CNTY_CITY_LOC,SPECIAL_COND,BEAT_TYPE,CHP_BEAT_TYPE,CITY_DIVISION_LAPD,CHP_BEAT_CLASS,BEAT_NUMBER,PRIMARY_RD,SECONDARY_RD,DISTANCE,DIRECTION,INTERSECTION,WEATHER_1,WEATHER_2,STATE_HWY_IND,CALTRANS_COUNTY,CALTRANS_DISTRICT,STATE_ROUTE,ROUTE_SUFFIX,POSTMILE_PREFIX,POSTMILE,LOCATION_TYPE,RAMP_INTERSECTION,SIDE_OF_HWY,TOW_AWAY,COLLISION_SEVERITY,NUMBER_KILLED,NUMBER_INJURED,PARTY_COUNT,PRIMARY_COLL_FACTOR,PCF_CODE_OF_VIOL,PCF_VIOL_CATEGORY,PCF_VIOLATION,PCF_VIOL_SUBSECTION,HIT_AND_RUN,TYPE_OF_COLLISION,MVIW,PED_ACTION,ROAD_SURFACE,ROAD_COND_1,ROAD_COND_2,LIGHTING,CONTROL_DEVICE,CHP_ROAD_TYPE,PEDESTRIAN_ACCIDENT,BICYCLE_ACCIDENT,MOTORCYCLE_ACCIDENT,TRUCK_ACCIDENT,NOT_PRIVATE_PROPERTY,ALCOHOL_INVOLVED,STWD_VEHTYPE_AT_FAULT,CHP_VEHTYPE_AT_FAULT,COUNT_SEVERE_INJ,COUNT_VISIBLE_INJ,COUNT_COMPLAINT_PAIN,COUNT_PED_KILLED,COUNT_PED_INJURED,COUNT_BICYCLIST_KILLED,COUNT_BICYCLIST_INJURED,COUNT_MC_KILLED,COUNT_MC_INJURED,PRIMARY_RAMP,SECONDARY_RAMP,LATITUDE,LONGITUDE,COUNTY,CITY,POINT_X,POINT_Y
91264490,2020,2020-07-07,9835,2020-06-28,0435,022308,NA,7,3,9,3600,0,1,1,NA,2,073,I-15 S/B,ALVORD MOUNTAIN RD,3854,N,N,A,-,Y,NA,NA,15,NA,NA,NA,NA,NA,S,Y,3,0,1,3,C,-,18,NA,NA,N,A,C,E,A,C,-,D,D,0,Y,NA,NA,NA,Y,NA,-,-,0,1,0,0,1,0,0,0,0,-,-,34.989681243896484,-116.5857391357422,SAN BERNARDINO,UNINCORPORATED,-116.5857162475586,34.98963165283203
91264990,2020,2020-07-08,9865,2020-06-26,0735,018392,NA,5,1,9,3600,0,1,3,NA,1,030,SR-18,GLORY RIDGE RD,3696,S,N,A,-,Y,NA,NA,18,NA,NA,NA,NA,NA,NA,Y,4,0,1,1,A,-,01,23152,A,N,E,I,A,A,H,-,A,D,0,NA,NA,NA,NA,Y,Y,A,01,0,0,1,0,0,0,0,0,0,-,-,34.249149322509766,-117.01068878173828,SAN BERNARDINO,UNINCORPORATED,-117.0106201171875,34.24917984008789
91265694,2020,2020-07-09,9860,2020-07-06,2255,014777,NA,1,3,9,3600,0,1,1,NA,2,216,I-215 S/B,PALM AVENUE,2380,N,N,A,-,Y,NA,NA,215,NA,NA,NA,NA,NA,S,Y,3,0,2,2,A,-,01,23152,A,N,C,C,A,A,H,-,D,D,0,NA,NA,NA,NA,Y,Y,A,07,0,1,1,0,0,0,0,0,0,-,-,34.19524002075195,-117.36728668212892,SAN BERNARDINO,UNINCORPORATED,-117.36726379394533,34.19527816772461
91266754,2020,2020-07-10,9860,2020-07-07,1820,019419,NA,2,2,9,3600,0,1,1,NA,2,151,I-15 N/B,MATHEWS RANCH RD,6336,N,N,A,-,Y,NA,NA,15,NA,NA,NA,NA,NA,N,N,4,0,1,3,A,-,03,22350,NA,N,C,C,A,A,H,-,A,D,0,NA,NA,NA,NA,Y,NA,A,07,0,0,1,0,0,0,0,0,0,-,-,34.259891510009766,-117.4496612548828,SAN BERNARDINO,UNINCORPORATED,-117.44982147216795,34.259925842285156
91267811,2020,2020-07-13,9855,2020-07-08,1727,015919,NA,3,2,6,3604,0,1,1,NA,2,101,I-10 E/B (SAN BERNARDINO FWY),CHERRY AVE.,500,E,N,A,-,Y,NA,NA,10,NA,NA,NA,NA,NA,E,Y,4,0,2,2,A,-,03,22350,NA,N,C,C,A,A,H,-,A,D,0,NA,NA,NA,NA,Y,NA,A,01,0,0,2,0,0,0,0,0,0,-,-,34.06595993041992,-117.48689270019533,SAN BERNARDINO,FONTANA,-117.48688507080078,34.066009521484375
91270672,2020,2020-07-20,9855,2020-07-11,2052,017597,NA,6,2,6,3616,0,1,1,NA,2,201,SR-210 E/B (FOOTHILL FWY),MILLIKEN AVE.,2935,E,N,A,-,Y,NA,NA,210,NA,NA,NA,NA,NA,E,Y,2,0,1,4,A,-,01,23152,A,N,B,C,A,A,H,-,C,D,0,NA,NA,Y,NA,Y,Y,A,01,1,0,0,0,0,0,0,0,1,-,-,34.13645935058594,-117.54866027832033,SAN BERNARDINO,RANCHO CUCAMONGA,-117.54866027832033,34.13648223876953
91271691,2020,2020-07-21,9860,2020-07-14,1650,020346,NA,2,2,5,3609,0,1,1,NA,2,103,I-10 W/B,MT VERNON AVE,1000,W,N,A,-,Y,NA,NA,NA,NA,NA,NA,NA,NA,NA,N,4,0,1,2,A,-,03,22350,NA,N,C,C,A,A,H,-,A,D,0,NA,NA,NA,NA,Y,NA,A,01,0,0,1,0,0,0,0,0,0,-,-,34.06517028808594,-117.31597900390624,SAN BERNARDINO,RIALTO,-117.31703186035156,34.06527328491211
91272458,2020,2020-07-22,9835,2020-07-14,1610,022324,NA,2,2,9,3600,0,1,1,NA,2,041,I-40 W/B,A ST,2383,W,N,A,-,Y,NA,NA,40,NA,NA,NA,NA,NA,W,Y,3,0,1,1,A,-,08,22107,NA,N,E,I,A,A,H,-,A,D,0,NA,NA,NA,NA,Y,Y,A,01,0,1,0,0,0,0,0,0,0,-,-,34.856849670410156,-116.89785003662108,SAN BERNARDINO,UNINCORPORATED,-116.89785766601563,34.8568115234375
91272595,2020,2020-07-22,9835,2020-07-21,0600,021113,NA,2,1,9,3600,0,1,1,NA,2,047,I-40 E/B,CRUCERO RD,69168,E,N,A,-,Y,NA,NA,40,NA,NA,NA,NA,NA,E,Y,4,0,1,1,A,-,08,22107,NA,N,F,A,A,A,H,-,A,D,0,NA,NA,NA,NA,Y,NA,A,07,0,0,1,0,0,0,0,0,0,-,-,34.72401809692383,-115.93766784667967,SAN BERNARDINO,UNINCORPORATED,-115.93766784667967,34.72393798828125
91272896,2020,2020-07-22,9855,2020-07-21,0600,014980,NA,2,1,5,3602,0,1,3,NA,2,603,SR-60 E/B (POMONA FWY),PIPELINE AVE.,776,E,N,A,-,Y,NA,NA,60,NA,NA,NA,NA,NA,E,Y,4,0,1,2,A,-,07,21658,A,N,B,C,A,A,D,-,A,D,0,NA,NA,NA,Y,Y,NA,G,25,0,0,1,0,0,0,0,0,0,-,-,34.02962112426758,-117.71309661865234,SAN BERNARDINO,CHINO,-117.71311950683594,34.029701232910156
91275131,2020,2020-07-27,9855,2020-07-20,0614,019675,NA,1,1,6,3616,0,1,1,NA,2,152,I-15 S/B (ONTARIO FWY),FOOTHILL BLVD,830,S,N,A,-,Y,NA,NA,15,NA,NA,NA,NA,NA,S,Y,4,0,1,2,A,-,03,22350,NA,F,C,C,A,A,H,-,A,D,0,NA,NA,NA,NA,Y,NA,-,99,0,0,1,0,0,0,0,0,0,-,-,34.10451889038086,-117.53460693359376,SAN BERNARDINO,RANCHO CUCAMONGA,-117.53460693359376,34.10451889038086
91275318,2020,2020-07-28,9860,2020-07-21,0050,021149,NA,2,3,6,3610,0,1,1,NA,2,214,I-215 S/B,RIALTO AVE,1000,S,N,A,-,Y,NA,NA,215,NA,NA,NA,NA,NA,S,Y,4,0,2,2,A,-,08,22107,NA,N,E,I,A,A,H,-,C,D,0,NA,NA,NA,NA,Y,NA,A,01,0,0,2,0,0,0,0,0,0,-,-,34.09794998168945,-117.30191040039063,SAN BERNARDINO,SAN BERNARDINO,-117.30204010009766,34.09794998168945
91275453,2020,2020-07-28,9850,2020-07-20,0812,019908,NA,1,1,9,3600,0,3,5,NA,2,003,CENTRAL ROAD,LAFAYETTE ST,1109,S,N,A,-,N,NA,NA,NA,NA,NA,NA,NA,NA,NA,Y,4,0,1,1,A,-,08,22107,NA,N,F,A,A,A,H,-,A,D,0,NA,NA,NA,NA,Y,NA,A,01,0,0,1,0,0,0,0,0,0,-,-,34.590641021728516,-117.17150115966795,SAN BERNARDINO,UNINCORPORATED,-117.17154693603516,34.590614318847656
91276297,2020,2020-07-29,9835,2020-07-19,1515,022324,NA,7,2,9,3600,0,1,1,NA,2,072,I-15 N/B,YERMO ROAD,1200,S,N,A,-,Y,NA,NA,NA,NA,NA,NA,NA,NA,NA,Y,3,0,2,1,A,-,08,22107,NA,N,F,I,A,A,H,-,A,D,0,NA,NA,NA,NA,Y,NA,D,22,0,2,0,0,0,0,0,0,0,-,-,34.910709381103516,-116.88192749023438,SAN BERNARDINO,UNINCORPORATED,-116.80789184570313,34.91059875488281
91276892,2020,2020-07-30,9834,2020-07-24,0210,018921,NA,5,3,9,3600,0,1,2,NA,1,095,US-95,GOFFS RD,85008,N,N,A,-,N,NA,NA,95,NA,NA,NA,NA,NA,NA,Y,3,0,1,2,A,-,08,22107,NA,N,A,C,A,A,H,-,D,D,0,NA,NA,NA,Y,Y,NA,A,01,0,1,0,0,0,0,0,0,0,-,-,35.16925048828125,-114.84771728515624,SAN BERNARDINO,UNINCORPORATED,-114.84770965576172,35.169254302978516
9127771,2020,2020-11-04,3610,2020-06-15,0031,51044,NA,1,5,6,3610,0,0,0,NA,0,POLICE,W BASELINE ST,N WESTERN AV,0,NA,Y,A,-,N,NA,NA,NA,NA,NA,NA,NA,NA,NA,Y,3,0,1,1,A,-,03,22350,NA,N,E,I,A,A,H,-,C,D,0,NA,NA,NA,NA,Y,NA,A,01,0,1,0,0,0,0,0,0,0,-,-,34.11695861816406,-117.32215881347656,SAN BERNARDINO,SAN BERNARDINO,-117.31909942626952,34.12133026123047
91279858,2020,2020-08-03,9865,2020-07-26,1230,017407,NA,7,1,9,3600,0,1,3,NA,1,022,STATE ROUTE 18,GREEN VALLEY LAKE RD,0,NA,Y,A,-,Y,NA,NA,18,NA,NA,NA,NA,NA,NA,Y,3,0,3,2,A,-,09,21801,A,N,D,C,A,A,H,-,A,D,0,NA,NA,NA,NA,Y,NA,A,01,0,2,1,0,0,0,0,0,0,-,-,34.219268798828125,-117.07171630859376,SAN BERNARDINO,UNINCORPORATED,-117.07169342041016,34.21923065185547
9128061,2020,2020-10-20,3604,2020-06-29,1056,925,NA,1,5,6,3604,0,0,0,NA,0,NA,FOOTHILL BL,MANGO AV,81,E,N,A,-,N,NA,NA,NA,NA,NA,NA,NA,NA,NA,Y,4,0,2,3,A,-,03,22350,NA,N,C,C,A,A,H,-,A,A,0,NA,NA,NA,NA,Y,NA,A,08,0,0,2,0,0,0,0,0,0,-,-,NA,NA,SAN BERNARDINO,FONTANA,-117.43118286132813,34.10663986206055
91281202,2020,2020-08-05,9850,2020-07-31,1235,017775,NA,5,1,9,3600,0,1,1,NA,2,084,I-15 S/B,DALE EVANS PARKWAY,2112,N,N,A,-,Y,NA,NA,15,NA,NA,NA,NA,NA,S,Y,4,0,2,2,A,-,03,22350,NA,N,C,C,A,A,H,-,A,D,0,NA,NA,NA,NA,Y,NA,A,01,0,0,2,0,0,0,0,0,0,-,-,34.649410247802734,-117.2156219482422,SAN BERNARDINO,UNINCORPORATED,-117.21568298339844,34.64942932128906
91281249,2020,2020-12-16,9835,2020-07-25,1350,022324,NA,6,1,9,3600,0,1,1,NA,2,075,I-15 N/B,EAST BAKER BOULEVARD,13200,N,N,A,-,Y,NA,NA,15,NA,NA,NA,NA,NA,N,Y,3,0,2,2,A,-,03,22350,NA,F,C,C,A,A,H,-,A,D,0,NA,NA,NA,NA,Y,NA,A,01,0,2,0,0,0,0,0,0,0,-,-,35.29444885253906,-116.02881622314452,SAN BERNARDINO,UNINCORPORATED,-116.02886199951172,35.294517517089844
91281587,2020,2020-08-06,9855,2020-07-31,1740,017597,NA,5,2,6,3604,0,1,1,NA,2,153,I-15 N/B TO SR-210 E/B,CHERRY AVE.,1437,W,N,A,-,Y,NA,NA,15,NA,NA,NA,R,NA,N,Y,3,0,1,1,A,-,08,22107,NA,N,F,A,A,A,H,-,A,D,0,NA,NA,NA,NA,Y,NA,A,07,0,1,0,0,0,0,0,0,0,-,-,34.134891510009766,-117.49340057373048,SAN BERNARDINO,FONTANA,-117.49340057373048,34.134891510009766
9128320,2020,2020-08-27,3609,2020-07-13,1342,2493,R1120,1,5,5,3609,0,0,0,NA,0,001,FOOTHILL BL,SHOPPING CENTER,48,E,N,A,-,N,NA,NA,NA,NA,NA,NA,NA,NA,NA,Y,4,0,1,3,A,-,02,22400,NA,F,C,C,A,A,H,-,A,A,0,NA,NA,NA,NA,Y,NA,A,01,0,0,1,0,0,0,0,0,0,-,-,NA,NA,SAN BERNARDINO,RIALTO,NA,NA
91283241,2020,2020-08-10,9860,2020-08-01,1413,021138,NA,6,2,4,3640,0,1,1,NA,2,106,I-10 E/B,16TH ST,650,E,N,A,-,Y,NA,NA,10,NA,NA,NA,NA,NA,E,Y,2,0,2,1,A,-,08,22107,NA,N,F,A,A,A,H,-,A,D,0,NA,NA,NA,NA,Y,NA,A,07,2,0,0,0,0,0,0,0,0,-,-,34.02022171020508,-117.1020965576172,SAN BERNARDINO,YUCAIPA,-117.1020050048828,34.02037048339844
91283572,2020,2020-08-13,9870,2020-08-06,0012,020213,NA,4,3,9,3600,0,1,3,NA,1,011,E/B SR-62 (TWENTYNINE PALMS HWY),SUNDOWN TRAIL,550,E,N,A,-,Y,NA,NA,62,NA,NA,NA,NA,NA,NA,Y,2,0,2,2,A,-,01,23152,A,N,C,C,A,A,H,-,D,D,0,NA,NA,NA,NA,Y,Y,A,07,1,0,1,0,0,0,0,0,0,-,-,34.08028030395508,-116.53549957275392,SAN BERNARDINO,UNINCORPORATED,-116.53553771972656,34.08034896850586
91284622,2020,2020-08-12,9860,2020-07-24,1535,019725,NA,5,2,9,3600,0,1,1,NA,2,151,I-15 N/B,MATHEWS RANCH RD,1109,S,N,A,-,Y,NA,NA,15,NA,NA,NA,NA,NA,N,N,2,0,1,3,A,-,08,22107,NA,N,B,C,A,A,H,-,A,D,0,NA,NA,Y,NA,Y,NA,C,02,1,0,0,0,0,0,0,0,1,-,-,34.243408203125,-117.43354034423828,SAN BERNARDINO,UNINCORPORATED,-117.43348693847656,34.243465423583984
91285510,2020,2020-10-15,9850,2020-07-16,0040,020648,NA,4,3,5,3619,0,1,1,NA,2,082,INTERSTATE 15 NORTHBOUND,BEAR VALLEY ROAD,5386,S,N,A,-,Y,NA,NA,15,NA,NA,NA,NA,NA,N,Y,1,1,0,2,A,-,03,22350,NA,F,C,C,A,A,H,-,D,D,0,NA,NA,NA,NA,Y,NA,A,07,0,0,0,0,0,0,0,0,0,-,-,34.45787811279297,-117.35578918457033,SAN BERNARDINO,HESPERIA,-117.3558349609375,34.457916259765625
91287922,2020,2020-08-18,9860,2020-08-02,1730,021375,NA,7,2,9,3600,0,1,1,NA,2,151,I-15 S/B,KENWOOD AVE,3700,N,N,A,-,Y,NA,NA,15,NA,NA,NA,NA,NA,S,N,4,0,1,2,D,-,00,NA,NA,N,B,C,A,A,H,-,A,D,0,NA,NA,NA,NA,Y,NA,-,-,0,0,1,0,0,0,0,0,0,-,-,34.23651885986328,-117.42526245117188,SAN BERNARDINO,UNINCORPORATED,-117.4252471923828,34.236534118652344
91288553,2020,2020-08-19,9855,2020-08-10,0010,021176,NA,1,3,5,3611,0,1,1,NA,2,103,I-10 E/B (SAN BERNARDINO FWY),EUCLID AVE.,1892,W,N,A,-,Y,NA,NA,10,NA,NA,NA,NA,NA,E,N,4,0,1,2,A,-,07,21658,A,N,B,C,A,A,H,-,D,D,0,NA,NA,NA,Y,Y,NA,G,25,0,0,1,0,0,0,0,0,0,-,-,34.087158203125,-117.65760040283205,SAN BERNARDINO,UPLAND,-117.65760040283205,34.087242126464844
91288600,2020,2020-08-19,9860,2020-08-09,1712,021375,NA,7,2,9,3600,0,1,1,NA,2,152,I-15 N/B,OAK HILL RD,2400,S,N,A,-,Y,NA,NA,15,NA,NA,NA,NA,NA,N,Y,3,0,1,2,A,-,08,22107,NA,N,F,A,A,A,H,-,C,D,0,NA,NA,Y,NA,Y,NA,C,02,0,1,0,0,0,0,0,0,1,-,-,34.35728073120117,-117.43701934814452,SAN BERNARDINO,UNINCORPORATED,-117.43695831298828,34.35725021362305
91289893,2020,2020-08-20,9860,2020-08-13,1719,021980,NA,4,2,4,3618,0,1,1,NA,2,203,SR-210 E/B,SAN BERNARDINO AVE,1056,E,N,A,-,Y,NA,NA,NA,NA,NA,NA,NA,NA,NA,N,4,0,1,2,A,-,03,22350,NA,N,C,C,A,A,D,-,A,D,0,NA,NA,NA,NA,Y,NA,A,01,0,0,1,0,0,0,0,0,0,-,-,34.07997131347656,-117.20056915283205,SAN BERNARDINO,HIGHLAND,-117.20084381103516,34.0773811340332
91289904,2020,2020-08-20,9870,2020-08-15,1935,019208,NA,6,2,9,3600,0,3,5,NA,2,001,JUNIPER AVENUE,PALO VERDE ROAD,80,S,N,A,-,N,NA,NA,NA,NA,NA,NA,NA,NA,NA,Y,2,0,2,1,A,-,03,22350,NA,N,E,I,A,A,H,-,B,D,0,NA,NA,NA,NA,Y,NA,A,01,1,1,0,0,0,0,0,0,0,-,-,34.06084060668945,-116.58936309814452,SAN BERNARDINO,UNINCORPORATED,-116.5894012451172,34.06106185913086
91289989,2020,2020-08-21,9860,2020-07-26,0250,021363,NA,7,3,9,3600,0,3,5,NA,2,003,ALABAMA ST,PIONEER AVE,0,NA,Y,A,-,N,NA,NA,NA,NA,NA,NA,NA,NA,NA,Y,3,0,2,2,A,-,01,23152,A,N,D,C,A,A,H,-,C,A,0,NA,NA,NA,NA,Y,Y,A,07,0,1,1,0,0,0,0,0,0,-,-,34.08121871948242,-117.2087173461914,SAN BERNARDINO,UNINCORPORATED,-117.2087631225586,34.081459045410156
91291490,2020,2020-08-24,9860,2020-08-19,0615,016800,NA,3,1,6,3610,0,1,1,NA,2,216,I-215 N/B TO BASELINE ST,BASELINE ST,25,S,N,A,-,Y,NA,NA,215,NA,NA,NA,R,NA,N,N,4,0,1,2,A,-,03,22350,NA,F,C,C,A,A,H,-,B,A,0,NA,NA,NA,NA,Y,NA,D,22,0,0,1,0,0,0,0,0,0,-,-,34.121219635009766,-117.30194854736328,SAN BERNARDINO,SAN BERNARDINO,-117.30194854736328,34.121219635009766
91297106,2020,2020-09-01,9865,2020-08-24,1230,017407,NA,1,1,9,3600,0,1,3,NA,1,039,STATE ROUTE 38,GOLD MOUNTAIN DRIVE,161,W,N,A,-,Y,NA,NA,38,NA,NA,NA,NA,NA,NA,Y,4,0,1,3,A,-,03,22350,NA,N,C,C,A,A,H,-,A,D,0,NA,NA,NA,NA,Y,NA,A,07,0,0,1,0,0,0,0,0,0,-,-,34.261138916015625,-116.8427963256836,SAN BERNARDINO,UNINCORPORATED,-116.84280395507813,34.26116943359375
91298732,2020,2020-09-03,9860,2020-08-26,0755,014963,NA,3,1,4,3603,0,1,1,NA,2,103,I-10 W/B,I-215,2640,W,N,A,-,Y,NA,NA,10,NA,NA,NA,NA,NA,W,Y,2,0,1,2,A,-,03,22350,NA,N,C,C,A,A,H,-,A,D,0,NA,NA,Y,NA,Y,NA,C,02,1,0,0,0,0,0,0,0,1,-,-,34.06536865234375,-117.30477905273438,SAN BERNARDINO,COLTON,-117.30477905273438,34.06535720825195
91301038,2020,2020-09-09,9850,2020-09-02,0155,021562,NA,3,3,9,3600,0,3,5,NA,2,005,LE PANTO RD,BALDY MESA RD,240,E,N,A,-,N,NA,NA,NA,NA,NA,NA,NA,NA,NA,Y,3,0,1,1,A,-,01,23152,A,N,E,I,A,A,H,-,D,D,0,NA,NA,NA,NA,Y,Y,A,01,0,1,0,0,0,0,0,0,0,-,-,34.44997024536133,-117.4499969482422,SAN BERNARDINO,UNINCORPORATED,-117.450204,34.449536
91301240,2020,2020-09-09,9835,2020-08-31,0820,022218,NA,1,1,9,3600,0,1,1,NA,2,071,INTERSTATE 15 SOUTHBOUND,LENWOOD ROAD,7392,S,N,A,-,Y,NA,NA,NA,NA,NA,NA,NA,NA,NA,Y,4,0,1,2,A,-,03,22350,NA,N,C,C,A,A,H,-,A,D,0,NA,NA,NA,Y,Y,NA,F,26,0,0,1,0,0,0,0,0,0,-,-,34.833091735839844,-117.09114074707033,SAN BERNARDINO,UNINCORPORATED,NA,NA
91301264,2020,2020-09-09,9865,2020-08-29,1100,018392,NA,6,1,9,3600,0,1,3,NA,1,010,SR-18,USFS RD. 2N40,2112,N,N,A,-,Y,NA,NA,18,NA,NA,NA,NA,NA,NA,Y,3,0,2,1,A,-,03,22350,NA,N,F,I,A,A,H,-,A,D,0,NA,NA,Y,NA,Y,NA,C,02,0,2,0,0,0,0,0,0,2,-,-,34.22679138183594,-117.30616760253906,SAN BERNARDINO,UNINCORPORATED,-117.30624389648438,34.22675323486328
91303405,2020,2020-09-14,9860,2020-08-22,2050,020051,NA,6,2,9,3600,0,3,5,NA,2,002,STATE ST,MALLORY ST,615,N,N,A,-,N,NA,NA,NA,NA,NA,NA,NA,NA,NA,Y,3,0,1,2,A,-,09,21801,A,N,A,C,A,A,H,-,D,D,0,NA,NA,NA,NA,Y,NA,A,01,0,1,0,0,0,0,0,0,0,-,-,34.1450309753418,-117.33551025390624,SAN BERNARDINO,UNINCORPORATED,-117.3354721069336,34.14497375488281
91303867,2020,2020-09-14,9855,2020-09-03,2242,021233,NA,4,3,6,3616,0,1,1,NA,2,152,I-15 S/B (ONTARIO FWY),FOURTH ST.,2400,N,N,A,-,Y,NA,NA,NA,NA,NA,NA,NA,NA,NA,Y,4,0,1,1,A,-,08,22107,NA,N,F,A,A,A,H,-,C,D,0,NA,NA,NA,NA,Y,NA,D,22,0,0,1,0,0,0,0,0,0,-,-,34.9835090637207,-117.54524230957033,SAN BERNARDINO,RANCHO CUCAMONGA,-117.5449447631836,34.08389663696289
91305947,2020,2020-09-16,9860,2020-08-29,1635,020282,NA,6,2,9,3600,0,3,5,NA,2,002,48TH ST,CYPRESS DR,0,NA,Y,A,-,N,NA,NA,NA,NA,NA,NA,NA,NA,NA,Y,4,0,1,2,A,-,09,21802,A,N,D,C,A,A,H,-,A,A,0,NA,NA,NA,NA,Y,NA,A,07,0,0,1,0,0,0,0,0,0,-,-,34.17182159423828,-117.31037902832033,SAN BERNARDINO,UNINCORPORATED,-117.31037139892578,34.17176055908203
91306190,2020,2020-09-17,9860,2020-09-06,0020,020572,NA,7,3,9,3600,0,1,1,NA,2,102,I-10 E/B,CEDAR AVE,2640,E,N,A,-,Y,NA,NA,10,NA,NA,NA,NA,NA,E,Y,2,0,2,2,A,-,01,23152,A,N,C,C,A,A,H,-,C,D,0,NA,NA,NA,NA,Y,Y,A,01,1,1,0,0,0,0,0,0,0,-,-,34.06816101074219,-117.3874282836914,SAN BERNARDINO,UNINCORPORATED,-117.3874282836914,34.06814956665039
91306659,2020,2020-09-17,9860,2020-09-07,0745,019599,NA,1,1,6,3610,0,1,3,NA,2,259,SR-259 S/B,27TH ST,5,N,N,A,-,Y,NA,NA,259,NA,NA,NA,NA,NA,S,Y,4,0,1,1,A,-,08,22107,NA,N,E,I,A,A,C,-,A,D,0,NA,NA,NA,NA,Y,NA,A,01,0,0,1,0,0,0,0,0,0,-,-,34.14002990722656,-117.30272674560548,SAN BERNARDINO,SAN BERNARDINO,-117.30267333984376,34.14002227783203
9130748,2020,2020-10-06,3604,2020-07-18,1730,1302,FONTA,6,5,6,3604,0,0,0,NA,0,001,BEECH AV,SUMMIT AV,0,NA,Y,A,-,N,NA,NA,NA,NA,NA,NA,NA,NA,NA,Y,4,0,1,2,A,-,12,21453,A,N,D,C,A,A,H,-,A,A,0,NA,NA,NA,NA,Y,NA,A,01,0,0,1,0,0,0,0,0,0,-,-,NA,NA,SAN BERNARDINO,FONTANA,-117.4734115600586,34.149330139160156
9130919,2020,2020-10-05,3600,2020-07-16,1546,E8923,HI014,4,5,4,3618,0,0,0,NA,0,HI1,5TH ST,PALM AV,100,W,N,A,-,N,NA,NA,NA,NA,NA,NA,NA,NA,NA,N,4,0,1,2,A,-,08,22102,NA,N,B,C,A,A,H,-,A,D,0,NA,NA,NA,NA,Y,NA,A,07,0,0,1,0,0,0,0,0,0,-,-,34.10786819458008,-117.20879364013672,SAN BERNARDINO,HIGHLAND,-117.20912933349608,34.10789489746094
91310079,2020,2020-09-23,9855,2020-09-15,1135,018335,NA,2,1,6,3607,0,1,1,NA,2,103,I-10 E/B TO EUCLID AVE.,EUCLID AVE.,300,W,N,A,-,Y,NA,NA,10,NA,NA,NA,R,NA,E,Y,3,0,1,1,A,-,08,22107,NA,N,F,A,A,A,D,-,A,A,0,NA,NA,NA,NA,Y,NA,A,07,0,1,0,0,0,0,0,0,0,-,-,34.087120056152344,-117.65328216552734,SAN BERNARDINO,ONTARIO,-117.65328216552734,34.087120056152344
91310349,2020,2020-09-24,9870,2020-09-16,1845,019709,NA,3,2,9,3600,0,1,3,NA,1,031,SR-62 (TWENTYNINE PALMS HWY.),ROBINSON DR.,102,W,N,A,-,Y,NA,NA,62,NA,NA,NA,NA,NA,NA,Y,4,0,3,2,A,-,08,22107,NA,N,D,C,A,A,H,-,B,D,0,NA,NA,NA,NA,Y,NA,A,07,0,0,3,0,0,0,0,0,0,-,-,34.13521957397461,-116.20140838623048,SAN BERNARDINO,UNINCORPORATED,-116.20140838623048,34.1351203918457
91310383,2020,2020-09-24,9855,2020-09-18,2313,020664,NA,5,3,6,3616,0,1,1,NA,2,201,SR-210 E/B (FOOTHILL FWY),EAST AVE.,1200,E,N,A,-,Y,NA,NA,210,NA,NA,NA,NA,NA,E,Y,3,0,1,2,A,-,07,21658,A,N,B,C,A,A,H,-,C,D,0,NA,NA,NA,NA,Y,NA,A,01,0,1,0,0,0,0,0,0,0,-,-,34.1361198425293,-117.5102996826172,SAN BERNARDINO,RANCHO CUCAMONGA,-117.5102996826172,34.13615417480469
91311998,2020,2020-09-25,9850,2020-09-17,2322,021516,NA,4,3,9,3600,0,1,1,NA,2,081,I-15 N/B,RANCHERO RD.,4060,S,N,A,-,Y,NA,NA,NA,NA,NA,NA,NA,NA,NA,Y,4,0,1,2,A,-,03,22350,NA,M,C,C,A,A,H,-,D,D,0,NA,NA,NA,Y,Y,NA,A,07,0,0,1,0,0,0,0,0,0,-,-,34.373600006103516,-117.4227294921875,SAN BERNARDINO,UNINCORPORATED,-117.42269134521484,34.37367248535156