CASE_ID,ACCIDENT_YEAR,PROC_DATE,JURIS,COLLISION_DATE,COLLISION_TIME,OFFICER_ID,REPORTING_DISTRICT,DAY_OF_WEEK,CHP_SHIFT,POPULATION,CNTY_CITY_LOC,SPECIAL_COND,BEAT_TYPE,CHP_BEAT_TYPE,CITY_DIVISION_LAPD,CHP_BEAT_CLASS,BEAT_NUMBER,PRIMARY_RD,SECONDARY_RD,DISTANCE,DIRECTION,INTERSECTION,WEATHER_1,WEATHER_2,STATE_HWY_IND,CALTRANS_COUNTY,CALTRANS_DISTRICT,STATE_ROUTE,ROUTE_SUFFIX,POSTMILE_PREFIX,POSTMILE,LOCATION_TYPE,RAMP_INTERSECTION,SIDE_OF_HWY,TOW_AWAY,COLLISION_SEVERITY,NUMBER_KILLED,NUMBER_INJURED,PARTY_COUNT,PRIMARY_COLL_FACTOR,PCF_CODE_OF_VIOL,PCF_VIOL_CATEGORY,PCF_VIOLATION,PCF_VIOL_SUBSECTION,HIT_AND_RUN,TYPE_OF_COLLISION,MVIW,PED_ACTION,ROAD_SURFACE,ROAD_COND_1,ROAD_COND_2,LIGHTING,CONTROL_DEVICE,CHP_ROAD_TYPE,PEDESTRIAN_ACCIDENT,BICYCLE_ACCIDENT,MOTORCYCLE_ACCIDENT,TRUCK_ACCIDENT,NOT_PRIVATE_PROPERTY,ALCOHOL_INVOLVED,STWD_VEHTYPE_AT_FAULT,CHP_VEHTYPE_AT_FAULT,COUNT_SEVERE_INJ,COUNT_VISIBLE_INJ,COUNT_COMPLAINT_PAIN,COUNT_PED_KILLED,COUNT_PED_INJURED,COUNT_BICYCLIST_KILLED,COUNT_BICYCLIST_INJURED,COUNT_MC_KILLED,COUNT_MC_INJURED,PRIMARY_RAMP,SECONDARY_RAMP,LATITUDE,LONGITUDE,COUNTY,CITY,POINT_X,POINT_Y
91505165,2021,2021-06-24,9870,2021-06-16,2100,017675,NA,3,2,9,3600,0,1,3,NA,1,011,SR-62 (TWENTYNINE PALMS HWY.),ROSELLA DRIVE,76,W,N,A,-,Y,NA,NA,62,NA,NA,NA,NA,NA,NA,Y,3,0,4,2,A,-,09,21801,A,N,D,C,A,A,H,-,C,D,0,NA,NA,NA,NA,Y,NA,D,22,0,2,2,0,0,0,0,0,0,-,-,34.044639587402344,-116.58321380615234,SAN BERNARDINO,UNINCORPORATED,-116.58319854736328,34.04462432861328
91505335,2021,2021-06-24,9860,2021-06-17,0925,015495,NA,4,1,9,3600,0,1,1,NA,2,201,SR-210 W/B,STATE ST.,900,E,N,A,-,Y,NA,NA,210,NA,NA,NA,NA,NA,W,Y,4,0,1,1,A,-,08,22107,NA,N,E,8,A,A,H,-,A,D,0,NA,NA,NA,NA,Y,NA,A,07,0,0,1,0,0,0,0,0,0,-,-,34.135231018066406,-117.33238220214844,SAN BERNARDINO,UNINCORPORATED,-117.33235168457033,34.13511276245117
91505747,2021,2021-06-24,9855,2021-06-13,1645,018989,NA,7,2,6,3607,0,1,3,NA,2,601,SR-60 WB (POMONA FWY),GROVE AVE,1400,E,N,A,-,Y,NA,NA,60,NA,NA,NA,NA,NA,W,Y,4,0,1,3,A,-,01,23152,A,N,C,C,A,A,D,-,A,D,0,NA,NA,NA,Y,Y,Y,A,01,0,0,1,0,0,0,0,0,0,-,-,34.03070068359375,-117.61913299560548,SAN BERNARDINO,ONTARIO,-117.61913299560548,34.030601501464844
91506990,2021,2021-06-25,9855,2021-06-15,1308,015498,NA,2,1,6,3604,0,1,1,NA,2,153,I-15 N/B (ONTARIO FWY),SIERRA AVE.,3696,S,N,A,-,Y,NA,NA,15,NA,NA,NA,NA,NA,N,Y,3,0,1,2,A,-,08,22107,NA,N,C,E,A,A,H,-,A,D,0,NA,NA,NA,Y,Y,NA,F,86,0,1,0,0,0,0,0,0,0,-,-,34.174190521240234,-117.44754791259766,SAN BERNARDINO,FONTANA,-117.44760894775392,34.17429733276367
91507310,2021,2021-06-28,9860,2021-06-16,1855,020533,NA,3,2,9,3600,0,3,5,NA,2,004,JURUPA AVE,CEDAR AVE,50,W,N,A,-,N,NA,NA,NA,NA,NA,NA,NA,NA,NA,N,3,0,1,2,A,-,01,23152,A,N,C,C,A,A,H,-,A,D,0,NA,NA,NA,NA,Y,Y,A,01,0,1,0,0,0,0,0,0,0,-,-,34.048561096191406,-117.39666748046876,SAN BERNARDINO,UNINCORPORATED,-117.39664459228516,34.048526763916016
9150775,2020,2020-10-20,3604,2020-08-28,1340,743,NA,5,5,6,3604,0,0,0,NA,0,NA,BASELINE AV,VILLAGE PKWY,0,NA,Y,A,-,N,NA,NA,NA,NA,NA,NA,NA,NA,NA,Y,4,0,1,2,A,-,12,21453,A,N,D,C,A,A,H,-,A,A,0,NA,NA,NA,NA,Y,NA,D,22,0,0,1,0,0,0,0,0,0,-,-,NA,NA,SAN BERNARDINO,FONTANA,-117.47543334960938,34.121341705322266
91508728,2021,2021-06-29,9855,2021-06-19,0509,021732,NA,6,3,6,3616,0,1,1,NA,2,203,E/B SR-210 (FOOTHILL FWY),CARNELIAN ST.,479,W,N,A,-,Y,NA,NA,210,NA,NA,NA,NA,NA,NA,Y,4,0,1,2,A,-,08,22107,NA,N,C,C,A,A,H,-,B,D,0,NA,NA,NA,NA,Y,NA,A,01,0,0,1,0,0,0,0,0,0,-,-,34.13479995727539,-117.61801147460938,SAN BERNARDINO,RANCHO CUCAMONGA,-117.61801147460938,34.13478469848633
91509871,2021,2021-06-30,9855,2021-05-02,0437,021233,NA,7,3,6,3604,0,1,1,NA,2,153,I-15 N/B (ONTARIO FWY),SR-210 W/B (FOOTHILL FWY),100,N,N,B,-,Y,NA,NA,15,NA,NA,NA,NA,NA,N,Y,4,0,1,2,A,-,03,22350,NA,F,C,C,A,A,H,-,C,D,0,NA,NA,NA,NA,Y,NA,A,01,0,0,1,0,0,0,0,0,0,-,-,34.1368408203125,-117.49506378173828,SAN BERNARDINO,FONTANA,-117.49505615234376,34.136837005615234
91510058,2021,2021-06-30,9855,2021-06-19,2338,021978,NA,6,3,5,3611,0,1,1,NA,2,203,SR-210 E/B (FOOTHILL FREEWAY),EUCLID AVE.,1400,W,N,A,-,Y,NA,NA,210,NA,NA,NA,NA,NA,E,N,4,0,1,2,A,-,03,22350,NA,F,C,C,A,A,H,-,C,D,0,NA,NA,NA,NA,Y,NA,-,99,0,0,1,0,0,0,0,0,0,-,-,34.134498596191406,-117.65646362304688,SAN BERNARDINO,UPLAND,-117.65646362304688,34.134552001953125
91510077,2021,2021-06-30,9835,2021-06-19,1500,022324,NA,6,2,9,3600,0,1,1,NA,2,074,I-15 N/B,WEST BAKER BOULEVARD,10560,S,N,A,-,Y,NA,NA,15,NA,NA,NA,NA,NA,N,Y,2,0,1,1,A,-,08,22107,NA,N,F,I,A,A,H,-,A,D,0,NA,NA,NA,NA,Y,NA,A,01,1,0,0,0,0,0,0,0,0,-,-,35.23175048828125,-116.10221099853516,SAN BERNARDINO,UNINCORPORATED,-116.10210418701172,35.231685638427734
91512346,2021,2021-07-02,9860,2021-06-25,2337,022539,NA,5,3,9,3600,0,1,1,NA,2,202,SR-210 E/B,DEL ROSA AVE,528,E,N,A,-,Y,NA,NA,210,NA,NA,NA,NA,NA,E,Y,3,0,1,2,A,-,01,23152,F,N,C,C,A,A,D,E,D,D,0,NA,NA,NA,NA,Y,NA,D,22,0,1,0,0,0,0,0,0,0,-,-,34.141441345214844,-117.24987030029295,SAN BERNARDINO,UNINCORPORATED,-117.2498779296875,34.14141845703125
91512639,2021,2021-07-05,9860,2021-06-29,1755,020346,NA,2,2,4,3640,0,1,1,NA,2,106,I-10 E/B,YUCAIPA BLVD,500,W,N,A,-,Y,NA,NA,10,NA,NA,NA,NA,NA,E,Y,3,0,1,2,A,-,03,22350,NA,N,C,C,A,A,H,-,A,D,0,NA,NA,NA,NA,Y,NA,A,01,0,1,0,0,0,0,0,0,0,-,-,34.02717971801758,-117.121337890625,SAN BERNARDINO,YUCAIPA,-117.121337890625,34.02720642089844
91513820,2021,2021-07-06,9835,2021-06-25,2135,022393,NA,5,2,9,3600,0,1,1,NA,2,073,I-15 N/B,HARVARD ROAD,13728,S,N,A,-,Y,NA,NA,15,NA,NA,NA,NA,NA,N,Y,3,0,1,1,A,-,08,22107,NA,N,F,A,A,A,H,-,D,D,0,NA,NA,NA,NA,Y,NA,A,01,0,1,0,0,0,0,0,0,0,-,-,34.94538116455078,-116.6858367919922,SAN BERNARDINO,UNINCORPORATED,-116.68585968017578,34.945430755615234
91514467,2021,2021-07-07,9835,2021-07-03,0625,021113,NA,6,1,9,3600,0,1,3,NA,1,013,E/B SR-58,US-395,27192,W,N,A,-,Y,NA,NA,58,NA,NA,NA,NA,NA,NA,Y,3,0,1,2,A,-,03,22350,NA,N,C,C,A,A,H,-,A,D,0,NA,NA,NA,Y,Y,NA,A,07,0,1,0,0,0,0,0,0,0,-,-,35.010009765625,-117.62934112548828,SAN BERNARDINO,UNINCORPORATED,-117.62934112548828,35.010009765625
91514915,2021,2021-07-07,9855,2021-06-28,1445,020046,NA,1,2,6,3607,0,1,1,NA,2,103,I-10 W/B (SAN BERNARDINO FWY),VINEYARD AVE.,1000,E,N,A,-,Y,NA,NA,NA,NA,NA,NA,NA,NA,NA,Y,4,0,1,4,A,-,03,22350,NA,F,C,C,A,A,D,-,A,D,0,NA,NA,NA,NA,Y,NA,-,99,0,0,1,0,0,0,0,0,0,-,-,34.66920852661133,-117.60707092285156,SAN BERNARDINO,ONTARIO,-117.6083984375,34.069557189941406
9151532,2020,2021-01-22,3609,2020-09-03,1212,2493,RI011,4,5,5,3609,0,0,0,NA,0,001,CASMALIA ST,ALDER AV,0,NA,Y,A,-,N,NA,NA,NA,NA,NA,NA,NA,NA,NA,N,4,0,1,2,A,-,04,21703,NA,N,C,C,A,A,H,-,A,A,0,NA,NA,NA,NA,Y,NA,A,01,0,0,1,0,0,0,0,0,0,-,-,NA,NA,SAN BERNARDINO,RIALTO,-117.4184799194336,34.1386604309082
91515857,2020,2021-07-08,9855,2020-12-13,1900,020161,NA,7,2,9,3600,0,2,4,NA,2,031,NORTH MOUNTAIN AVENUE (2700 BLOCK),LOS ANGELES/SAN BERNARDINO COUNTY LINE,3332,S,N,A,-,N,NA,NA,NA,NA,NA,NA,NA,NA,NA,Y,1,1,0,1,A,-,03,22350,NA,N,F,A,A,A,H,-,D,D,0,NA,NA,Y,NA,Y,NA,C,02,0,0,0,0,0,0,0,1,0,-,-,34.16931915283203,-117.6752471923828,SAN BERNARDINO,UNINCORPORATED,NA,NA
91516126,2021,2021-07-08,9860,2021-06-25,1543,019467,NA,5,2,9,3600,0,3,5,NA,2,003,ALABAMA ST.,PALMETTO AVE.,100,N,N,A,-,N,NA,NA,NA,NA,NA,NA,NA,NA,NA,Y,3,0,2,3,A,-,03,22350,NA,N,C,C,A,A,H,-,A,D,0,NA,NA,NA,NA,Y,NA,D,22,0,1,1,0,0,0,0,0,0,-,-,34.08523178100586,-117.20870971679688,SAN BERNARDINO,UNINCORPORATED,-117.208740234375,34.08512496948242
91516973,2021,2021-07-09,9850,2021-07-03,1100,019278,NA,6,1,5,3619,0,1,1,NA,2,082,I-15 NB,MAIN STREET,2875,N,N,A,-,Y,NA,NA,15,NA,NA,NA,NA,NA,N,N,4,0,1,2,A,-,03,22350,NA,N,C,C,A,A,H,-,A,D,0,NA,NA,NA,NA,Y,NA,A,01,0,0,1,0,0,0,0,0,0,-,-,34.43354034423828,-117.37494659423828,SAN BERNARDINO,HESPERIA,-117.37493896484376,34.43353271484375
91517902,2021,2021-07-12,9834,2021-07-09,0818,015229,NA,5,1,9,3600,0,1,1,NA,2,048,I-40 E/B,PARK MOABI RD.,6336,W,N,A,-,Y,NA,NA,40,NA,NA,NA,NA,NA,E,Y,2,0,2,1,A,-,08,22107,NA,N,E,I,A,A,H,-,A,D,0,NA,NA,NA,NA,Y,NA,E,22,2,0,0,0,0,0,0,0,0,-,-,34.719200134277344,-114.53189086914063,SAN BERNARDINO,UNINCORPORATED,-114.53190612792967,34.71916961669922
91517923,2021,2021-07-12,9860,2021-06-29,2220,021587,NA,2,3,9,3600,0,1,1,NA,2,151,I-15 S/B,GLEN HELEN RD,1584,S,N,A,-,Y,NA,NA,15,NA,NA,NA,NA,NA,S,Y,4,0,1,2,A,-,03,22350,NA,N,C,C,A,A,D,E,D,D,0,NA,NA,NA,NA,Y,NA,B,01,0,0,1,0,0,0,0,0,0,-,-,34.21038818359375,-117.41278839111328,SAN BERNARDINO,UNINCORPORATED,-117.4128875732422,34.21041488647461
91518344,2021,2021-07-12,9865,2021-07-01,1650,021502,NA,4,2,9,3600,0,1,3,NA,2,011,STATE ROUTE 18,PINE AVENUE (EAST),525,W,N,A,-,Y,NA,NA,18,NA,NA,NA,NA,NA,NA,Y,4,0,2,4,A,-,08,22107,NA,N,A,C,A,A,H,-,A,D,0,NA,NA,NA,NA,Y,NA,A,01,0,0,2,0,0,0,0,0,0,-,-,34.229881286621094,-117.2247314453125,SAN BERNARDINO,UNINCORPORATED,-117.2247314453125,34.22990798950195
91518758,2021,2021-07-13,9855,2021-07-01,2135,021855,NA,4,2,9,3600,0,2,4,NA,2,031,NORTH MOUNTAIN AVENUE (2600 BLOCK),MOUNTAIN LANE,2106,N,N,A,-,N,NA,NA,NA,NA,NA,NA,NA,NA,NA,N,3,0,2,1,A,-,08,22107,NA,N,E,I,A,A,H,-,C,D,0,NA,NA,NA,NA,Y,NA,A,01,0,2,0,0,0,0,0,0,0,-,-,34.1627311706543,-117.6732177734375,SAN BERNARDINO,UNINCORPORATED,-117.66415405273438,34.15302658081055
91520018,2021,2021-07-14,9870,2021-07-09,1422,018467,NA,5,2,9,3600,0,3,5,NA,2,002,RECHE ROAD,LANDERS LANE,0,NA,Y,A,-,N,NA,NA,NA,NA,NA,NA,NA,NA,NA,Y,4,0,1,2,A,-,09,21801,A,N,D,C,A,A,H,-,A,D,0,NA,NA,NA,NA,Y,NA,A,01,0,0,1,0,0,0,0,0,0,-,-,34.266021728515625,-116.39315032958984,SAN BERNARDINO,UNINCORPORATED,-116.39315795898438,34.26602554321289
91520346,2021,2021-07-14,9855,2021-07-04,0235,020664,NA,7,3,9,3600,0,3,5,NA,2,001,N/B LIVE OAK AVE.,RANDALL AVE.,10,S,N,A,-,N,NA,NA,NA,NA,NA,NA,NA,NA,NA,N,4,0,1,2,A,-,03,22350,NA,N,C,C,A,A,H,-,D,A,0,NA,NA,NA,NA,Y,Y,A,01,0,0,1,0,0,0,0,0,0,-,-,34.08481979370117,-117.47989654541016,SAN BERNARDINO,UNINCORPORATED,-117.47989654541016,34.08466339111328
91520432,2021,2021-07-14,9855,2021-07-04,1120,018989,NA,7,1,9,3600,0,3,5,NA,2,004,MONTE VISTA AVE.,PHILLIPS BLVD.,1230,S,N,A,-,N,NA,NA,NA,NA,NA,NA,NA,NA,NA,Y,3,0,2,2,A,-,03,22350,NA,N,C,C,A,A,H,-,A,D,0,NA,NA,NA,NA,Y,NA,A,01,0,1,1,0,0,0,0,0,0,-,-,NA,NA,SAN BERNARDINO,UNINCORPORATED,-117.69824981689452,34.04383850097656
91521889,2021,2021-07-16,9850,2021-07-04,0635,021366,NA,7,1,5,3612,0,1,1,NA,2,083,I-15 S/B,D STREET,638,S,N,A,-,Y,NA,NA,15,NA,NA,NA,NA,NA,S,Y,2,0,1,2,A,-,01,23152,A,N,C,C,A,A,H,-,A,D,0,NA,NA,NA,Y,Y,Y,A,01,1,0,0,0,0,0,0,0,0,-,-,34.544368743896484,-117.30255126953124,SAN BERNARDINO,VICTORVILLE,-117.3025360107422,34.54435348510742
91522750,2021,2021-07-19,9860,2021-07-12,0430,021980,NA,1,3,9,3600,0,1,1,NA,2,152,I-15 S/B,SR-138,2112,N,N,A,-,Y,NA,NA,15,NA,NA,NA,NA,NA,S,N,4,0,1,2,A,-,03,22350,NA,N,C,C,A,A,H,-,D,D,0,NA,NA,NA,NA,Y,NA,A,08,0,0,1,0,0,0,0,0,0,-,-,34.3167610168457,-117.47969818115234,SAN BERNARDINO,UNINCORPORATED,-117.47974395751952,34.31673049926758
91523935,2021,2021-07-20,9860,2021-07-14,1437,020533,NA,3,2,4,3603,0,1,1,NA,2,103,I-10 W/B,SLOVER MT UP,185,E,N,A,-,Y,NA,NA,10,NA,NA,NA,NA,NA,W,Y,4,0,1,2,A,-,03,22350,NA,N,C,C,A,A,H,-,A,D,0,NA,NA,NA,NA,Y,NA,A,01,0,0,1,0,0,0,0,0,0,-,-,34.06875991821289,-117.3437271118164,SAN BERNARDINO,COLTON,-117.34373474121094,34.0687141418457
91524119,2021,2021-07-20,9855,2021-07-08,1245,015299,NA,4,1,6,3616,0,1,1,NA,2,201,SR-210 E/B TO MILLIKEN AVENUE,MILLIKEN AVE.,30,W,N,A,-,Y,NA,NA,210,NA,NA,NA,R,NA,E,N,4,0,1,2,A,-,03,22350,NA,N,C,C,A,A,H,-,A,A,0,NA,NA,NA,NA,Y,NA,A,01,0,0,1,0,0,0,0,0,0,-,-,34.136009216308594,-117.55873870849608,SAN BERNARDINO,RANCHO CUCAMONGA,-117.55873870849608,34.136009216308594
9152420,2020,2020-11-30,3610,2020-09-01,1144,50756,NA,2,5,6,3610,0,0,0,NA,0,BAKER,N  E ST,W 30TH ST,0,NA,Y,A,-,N,NA,NA,NA,NA,NA,NA,NA,NA,NA,Y,4,0,1,2,A,-,12,21457,A,M,D,C,A,A,H,-,A,A,0,NA,NA,NA,NA,Y,NA,A,01,0,0,1,0,0,0,0,0,0,-,-,NA,NA,SAN BERNARDINO,SAN BERNARDINO,-117.29409790039063,34.1462287902832
91528442,2021,2021-07-26,9850,2021-07-12,0600,021366,NA,1,1,9,3600,0,3,5,NA,2,003,DEEP CREEK RD.,VERBENA LN.,170,S,N,A,-,N,NA,NA,NA,NA,NA,NA,NA,NA,NA,Y,2,0,2,2,A,-,06,21751,NA,N,A,C,A,A,H,-,A,D,0,NA,NA,NA,NA,Y,NA,A,01,1,1,0,0,0,0,0,0,0,-,-,34.43864059448242,-117.22509765625,SAN BERNARDINO,UNINCORPORATED,-117.2251434326172,34.4383659362793
91529150,2021,2021-07-26,9835,2021-07-11,2250,020389,NA,7,3,3,3601,0,1,1,NA,2,071,I-15 S/B TO LENWOOD ROAD,LENWOOD ROAD,80,N,N,A,-,Y,NA,NA,15,NA,NA,NA,R,NA,S,N,3,0,2,2,A,-,03,22350,NA,N,C,C,A,A,H,-,C,D,0,NA,NA,NA,Y,Y,NA,A,01,0,1,1,0,0,0,0,0,0,-,-,34.85401916503906,-117.08627319335938,SAN BERNARDINO,BARSTOW,-117.08627319335938,34.85401916503906
91529586,2021,2021-07-27,9834,2021-07-25,1930,016564,NA,7,2,9,3600,0,1,1,NA,2,042,I-40,GOFFS ROAD,5280,E,N,B,-,Y,NA,NA,40,NA,NA,NA,NA,NA,NA,Y,3,0,1,2,A,-,07,21658,A,N,B,C,A,A,H,-,A,D,0,NA,NA,NA,NA,Y,NA,A,01,0,1,0,0,0,0,0,0,0,-,-,34.814788818359375,-115.1727294921875,SAN BERNARDINO,UNINCORPORATED,-115.17272186279295,34.81474304199219
9152983,2020,2020-10-20,3610,2020-08-28,0715,51159,NA,5,5,6,3610,0,0,0,NA,0,BAKR,NORTH ARROWHEAD AV,W BASELINE ST,0,NA,Y,A,-,N,NA,NA,NA,NA,NA,NA,NA,NA,NA,Y,4,0,1,2,A,-,12,21453,A,F,D,C,A,A,H,-,A,A,0,NA,NA,NA,NA,Y,Y,A,01,0,0,1,0,0,0,0,0,0,-,-,34.121341705322266,-117.28965759277344,SAN BERNARDINO,SAN BERNARDINO,-117.2896728515625,34.121341705322266
91530598,2021,2021-07-28,9855,2021-07-16,1516,016051,NA,5,2,5,3630,0,1,3,NA,2,071,SR-71 S/B FROM EUCLID AVENUE,EUCLID AVENUE,254,S,N,A,-,Y,NA,NA,71,NA,NA,NA,R,NA,S,Y,4,0,1,3,A,-,03,22350,NA,N,C,C,A,A,H,-,A,D,0,NA,NA,NA,NA,Y,NA,D,22,0,0,1,0,0,0,0,0,0,-,-,33.92995071411133,-117.65917205810548,SAN BERNARDINO,CHINO HILLS,-117.65917205810548,33.92995071411133
9153087,2020,2020-09-23,3609,2020-09-02,1748,8510,R1140,3,5,5,3609,0,0,0,NA,0,003,ACACIA AV,RIALTO AV,0,NA,Y,A,-,N,NA,NA,NA,NA,NA,NA,NA,NA,NA,Y,2,0,2,5,A,-,12,22450,NA,N,D,C,A,A,H,-,A,A,0,NA,NA,NA,NA,Y,NA,D,22,1,0,1,0,0,0,0,0,0,-,-,34.09960174560547,-117.36160278320313,SAN BERNARDINO,RIALTO,-117.3616180419922,34.099510192871094
91530952,2021,2021-07-28,9870,2021-07-16,2204,022062,NA,5,3,9,3600,0,3,5,NA,2,002,LINN ROAD,BELFIELD BOULEVARD,33,E,N,A,-,N,NA,NA,NA,NA,NA,NA,NA,NA,NA,Y,3,0,2,1,A,-,08,22107,NA,N,E,I,A,A,H,-,E,D,0,NA,NA,NA,NA,Y,NA,A,01,0,1,1,0,0,0,0,0,0,-,-,34.29494094848633,-116.40425872802734,SAN BERNARDINO,UNINCORPORATED,-116.4042739868164,34.29500961303711
91531619,2021,2021-07-29,9834,2021-07-27,2115,021525,NA,2,2,9,3600,0,1,3,NA,1,062,SR-62,IRON MOUNTAIN ROAD,59664,E,N,A,-,Y,NA,NA,62,NA,NA,NA,NA,NA,NA,Y,4,0,1,1,A,-,08,22107,NA,N,F,A,A,A,H,-,D,D,0,NA,NA,NA,NA,Y,NA,A,01,0,0,1,0,0,0,0,0,0,-,-,34.09331130981445,-114.88587951660156,SAN BERNARDINO,UNINCORPORATED,-114.88590240478516,34.09321594238281
91533481,2021,2021-07-30,9855,2021-07-20,1628,018727,NA,2,2,6,3607,0,1,1,NA,2,103,I-10 E/B (SAN BERNARDINO FWY),ARCHIBALD AVE.,120,E,N,A,-,Y,NA,NA,10,NA,NA,NA,NA,NA,E,N,4,0,2,2,A,-,03,22350,NA,N,C,C,A,A,D,-,A,D,0,NA,NA,NA,NA,Y,NA,A,01,0,0,2,0,0,0,0,0,0,-,-,34.06748962402344,-117.59149169921876,SAN BERNARDINO,ONTARIO,-117.59149169921876,34.06754684448242
91534153,2021,2021-08-02,9860,2021-07-23,1300,018275,NA,5,1,3,3615,0,1,1,NA,2,104,I-10 W/B,MOUNTAIN VIEW AVE,500,W,N,A,-,Y,NA,NA,10,NA,NA,NA,NA,NA,W,Y,4,0,2,2,A,-,03,22350,NA,N,C,C,A,A,H,-,A,D,0,NA,NA,NA,NA,Y,NA,A,01,0,0,2,0,0,0,0,0,0,-,-,34.06671142578125,-117.24537658691406,SAN BERNARDINO,LOMA LINDA,-117.24537658691406,34.066734313964844
91534177,2021,2021-08-02,9860,2021-07-23,1340,022103,NA,5,1,6,3610,0,1,1,NA,2,216,I-215 S/B,BASELINE ST,528,S,N,A,-,Y,NA,NA,215,NA,NA,NA,NA,NA,S,Y,4,0,1,2,A,-,08,22107,NA,F,B,C,A,A,H,-,A,D,0,NA,NA,NA,NA,Y,NA,A,01,0,0,1,0,0,0,0,0,0,-,-,34.11980056762695,-117.30274963378906,SAN BERNARDINO,SAN BERNARDINO,-117.302978515625,34.11980056762695
91534242,2021,2021-08-02,9860,2021-07-24,1628,020533,NA,6,2,4,3603,0,1,1,NA,2,214,I-215 N/B FROM WASHINGTON ST,WASHINGTON ST,1400,N,N,A,-,Y,NA,NA,215,NA,NA,NA,R,NA,N,Y,3,0,1,1,A,-,08,22107,NA,N,E,I,A,A,H,-,A,D,0,NA,NA,NA,NA,Y,NA,D,22,0,1,0,0,0,0,0,0,0,-,-,34.050079345703125,-117.30364227294922,SAN BERNARDINO,COLTON,-117.30364227294922,34.050079345703125
91535669,2021,2021-08-03,9855,2021-07-22,2114,019675,NA,4,2,6,3607,0,1,3,NA,2,601,SR-60 E/B (POMONA FWY),MILLIKEN AVE.,1500,W,N,A,-,Y,NA,NA,60,NA,NA,NA,NA,NA,E,Y,3,0,2,2,A,-,07,21658,A,N,C,C,A,A,D,-,D,D,0,NA,NA,NA,NA,Y,NA,A,01,0,2,0,0,0,0,0,0,0,-,-,34.02516174316406,-117.5632095336914,SAN BERNARDINO,ONTARIO,-117.56317138671876,34.02529525756836
91535765,2021,2021-08-03,9855,2021-07-23,0330,021855,NA,5,3,6,3607,0,1,1,NA,2,101,I-10 E/B (SAN BERNARDINO FWY),ETIWANDA AVENUE,190,W,N,A,-,Y,NA,NA,10,NA,NA,NA,NA,NA,E,Y,3,0,1,2,A,-,03,22350,NA,N,C,C,A,A,H,-,C,D,0,NA,NA,NA,NA,Y,NA,A,01,0,1,0,0,0,0,0,0,0,-,-,34.06734085083008,-117.5248794555664,SAN BERNARDINO,ONTARIO,-117.5248794555664,34.06739807128906
9153753,2020,2020-09-30,3601,2020-07-21,2213,P97,3601,2,5,3,3601,0,0,0,NA,0,001,EAST BUENA VISTA,AVENUE A,165,E,N,A,-,N,NA,NA,NA,NA,NA,NA,NA,NA,NA,Y,4,0,1,3,A,-,-,NA,2,N,B,E,A,A,H,-,C,D,0,NA,NA,NA,NA,Y,Y,A,01,0,0,1,0,0,0,0,0,0,-,-,NA,NA,SAN BERNARDINO,BARSTOW,-117.03404235839844,34.89540481567383
91538183,2021,2021-08-05,9860,2021-07-12,2343,021363,NA,1,3,4,3603,0,1,1,NA,2,214,I-215 N/B,IOWA AVE,2100,N,N,A,-,Y,NA,NA,215,NA,NA,NA,NA,NA,N,Y,4,0,1,3,A,-,01,23152,A,N,C,C,A,A,E,-,C,D,0,NA,NA,NA,NA,Y,Y,A,01,0,0,1,0,0,0,0,0,0,-,-,34.02845001220703,-117.33094787597656,SAN BERNARDINO,COLTON,-117.33096313476563,34.028465270996094
91539043,2021,2021-08-06,9835,2021-07-06,1442,020976,NA,2,2,9,3600,0,1,1,NA,2,077,I-15 S/B,NEVADA STATE LINE,3168,S,N,A,-,Y,NA,NA,15,NA,NA,NA,NA,NA,S,Y,3,0,8,3,A,-,03,22350,NA,N,C,C,A,A,H,-,A,D,0,NA,NA,NA,NA,Y,NA,A,08,0,8,0,0,0,0,0,0,0,-,-,35.60419845581055,-115.39279174804688,SAN BERNARDINO,UNINCORPORATED,-115.3928451538086,35.604225158691406