CASE_ID,ACCIDENT_YEAR,PROC_DATE,JURIS,COLLISION_DATE,COLLISION_TIME,OFFICER_ID,REPORTING_DISTRICT,DAY_OF_WEEK,CHP_SHIFT,POPULATION,CNTY_CITY_LOC,SPECIAL_COND,BEAT_TYPE,CHP_BEAT_TYPE,CITY_DIVISION_LAPD,CHP_BEAT_CLASS,BEAT_NUMBER,PRIMARY_RD,SECONDARY_RD,DISTANCE,DIRECTION,INTERSECTION,WEATHER_1,WEATHER_2,STATE_HWY_IND,CALTRANS_COUNTY,CALTRANS_DISTRICT,STATE_ROUTE,ROUTE_SUFFIX,POSTMILE_PREFIX,POSTMILE,LOCATION_TYPE,RAMP_INTERSECTION,SIDE_OF_HWY,TOW_AWAY,COLLISION_SEVERITY,NUMBER_KILLED,NUMBER_INJURED,PARTY_COUNT,PRIMARY_COLL_FACTOR,PCF_CODE_OF_VIOL,PCF_VIOL_CATEGORY,PCF_VIOLATION,PCF_VIOL_SUBSECTION,HIT_AND_RUN,TYPE_OF_COLLISION,MVIW,PED_ACTION,ROAD_SURFACE,ROAD_COND_1,ROAD_COND_2,LIGHTING,CONTROL_DEVICE,CHP_ROAD_TYPE,PEDESTRIAN_ACCIDENT,BICYCLE_ACCIDENT,MOTORCYCLE_ACCIDENT,TRUCK_ACCIDENT,NOT_PRIVATE_PROPERTY,ALCOHOL_INVOLVED,STWD_VEHTYPE_AT_FAULT,CHP_VEHTYPE_AT_FAULT,COUNT_SEVERE_INJ,COUNT_VISIBLE_INJ,COUNT_COMPLAINT_PAIN,COUNT_PED_KILLED,COUNT_PED_INJURED,COUNT_BICYCLIST_KILLED,COUNT_BICYCLIST_INJURED,COUNT_MC_KILLED,COUNT_MC_INJURED,PRIMARY_RAMP,SECONDARY_RAMP,LATITUDE,LONGITUDE,COUNTY,CITY,POINT_X,POINT_Y
91713999,2022,2022-03-03,9855,2022-02-21,1956,016729,NA,1,2,6,3604,0,1,1,NA,2,101,I-10 E/B (SAN BERNARDINO FWY),WEST EDGE OF SIERRA AVE.,10,E,N,A,-,Y,SBD,NA,10,NA,NA,16.207,H,NA,R,N,4,0,3,2,A,-,08,22107,NA,N,E,8,A,A,H,-,C,D,0,NA,NA,NA,NA,Y,NA,A,01,0,0,3,0,0,0,0,0,0,-,-,34.06734085083008,-117.43592071533205,SAN BERNARDINO,FONTANA,-117.43592071533205,34.067298889160156
91715001,2022,2022-03-04,9860,2022-02-22,1815,019599,NA,2,2,9,3600,0,3,5,NA,2,003,PIONEER AVE.,SR-210,465,W,N,C,-,Y,NA,NA,NA,NA,NA,NA,NA,NA,NA,Y,4,0,3,3,A,-,08,22107,NA,N,B,C,A,B,H,-,D,D,0,NA,NA,NA,Y,Y,NA,G,25,0,0,3,0,0,0,0,0,0,-,-,34.08147048950195,-117.20252227783205,SAN BERNARDINO,UNINCORPORATED,-117.20201873779295,34.08147430419922
91715649,2022,2022-03-04,9855,2022-02-22,0855,015299,NA,2,1,6,3607,0,1,1,NA,2,152,I-15 S/B (ONTARIO FWY),JURUPA STREET,500,N,N,B,-,Y,SBD,NA,15,NA,NA,1.1,H,NA,L,N,4,0,1,3,A,-,03,22350,NA,N,C,C,A,A,H,-,A,D,0,NA,NA,NA,NA,Y,NA,A,01,0,0,1,0,0,0,0,0,0,-,-,34.049320220947266,-117.54979705810548,SAN BERNARDINO,ONTARIO,-117.54983520507813,34.0493278503418
91716108,2022,2022-03-07,9860,2022-02-26,1445,020533,NA,6,2,5,3609,0,1,1,NA,2,102,I-10 E/B,RIVERSIDE AVE,1215,E,N,A,-,Y,SBD,NA,10,NA,NA,20.211,H,NA,R,Y,4,0,1,2,A,-,03,22350,NA,F,C,2,A,A,H,-,A,D,0,NA,NA,NA,NA,Y,NA,A,01,0,0,1,0,0,0,0,0,0,-,-,34.06871032714844,-117.36612701416016,SAN BERNARDINO,RIALTO,-117.36612701416016,34.06870651245117
9171613,2020,2021-01-06,3603,2020-09-22,2034,4902,NA,2,5,4,3603,0,0,0,NA,0,NA,SAN BERNARDINO AV,PEPPER AV,0,NA,Y,A,-,N,NA,NA,NA,NA,NA,NA,NA,NA,NA,Y,3,0,1,2,A,-,12,21453,A,N,D,C,A,A,H,-,C,A,0,NA,NA,NA,NA,Y,NA,D,22,0,1,0,0,0,0,0,0,0,-,-,NA,NA,SAN BERNARDINO,COLTON,-117.35292053222656,34.07775115966797
91718011,2022,2022-04-27,9850,2022-02-22,0130,021878,NA,2,3,9,3600,0,1,3,NA,2,060,SR-138,BEEKLEY ROAD,0,NA,Y,A,-,Y,SBD,NA,138,NA,NA,4.881,H,NA,R,Y,4,0,1,2,A,-,12,21453,A,N,D,C,A,A,H,-,C,A,0,NA,NA,NA,Y,Y,NA,G,25,0,0,1,0,0,0,0,0,0,-,-,34.41154861450195,-117.5894775390625,SAN BERNARDINO,UNINCORPORATED,-117.58942413330078,34.41162872314453
9171982,2020,2020-12-15,3603,2020-10-26,0206,4357,CPD,1,5,4,3603,0,0,0,NA,0,004,WASHINGTON ST,BLUFF RD,0,NA,Y,A,-,N,NA,NA,NA,NA,NA,NA,NA,NA,NA,Y,4,0,1,1,A,-,05,21650,NA,N,E,I,A,A,H,-,C,A,0,NA,NA,NA,NA,Y,NA,A,01,0,0,1,0,0,0,0,0,0,-,-,NA,NA,SAN BERNARDINO,COLTON,-117.30516815185548,34.04792022705078
91721121,2022,2022-03-11,9860,2022-03-07,1835,020774,NA,1,2,6,3610,0,1,1,NA,2,216,I-215 N/B TO PALM AVE.,PALM AVE.,350,S,N,A,-,Y,SBD,NA,215,NA,NA,14.039,H,NA,R,Y,4,0,3,3,A,-,03,22350,NA,N,C,C,A,A,H,-,D,D,0,NA,NA,NA,NA,Y,NA,A,07,0,0,3,0,0,0,0,0,0,-,-,34.19075012207031,-117.36025238037108,SAN BERNARDINO,SAN BERNARDINO,-117.36045074462892,34.19054412841797
9172132,2020,2020-11-23,3604,2020-10-12,1746,1356,NA,1,5,6,3604,0,0,0,NA,0,NA,FOOTHILL BL,CITRUS AV,700,E,N,A,-,N,NA,NA,NA,NA,NA,NA,NA,NA,NA,Y,3,0,1,2,A,-,08,22107,NA,N,D,C,A,A,H,-,A,D,0,NA,NA,NA,NA,Y,NA,A,01,0,1,0,0,0,0,0,0,0,-,-,NA,NA,SAN BERNARDINO,FONTANA,-117.45132446289063,34.1065673828125
91721504,2022,2022-03-14,9860,2022-03-04,0205,020572,NA,5,3,5,3608,0,1,1,NA,2,105,I-10 W/B,TENNESSEE ST,600,E,N,C,-,Y,SBD,NA,10,NA,NA,29.957,H,NA,L,Y,3,0,1,1,A,-,01,23152,A,N,E,I,A,B,H,-,E,D,0,NA,NA,NA,NA,Y,Y,A,01,0,1,0,0,0,0,0,0,0,-,-,34.06449890136719,-117.19808197021484,SAN BERNARDINO,REDLANDS,-117.19818878173828,34.06437683105469
91722008,2022,2022-03-14,9835,2022-03-02,1844,022324,NA,3,2,9,3600,0,3,5,NA,2,032,LENWOOD RD,POWERLINE ROAD,0,NA,Y,A,-,N,NA,NA,NA,NA,NA,NA,NA,NA,NA,Y,3,0,1,2,A,-,09,21804,A,N,D,C,A,A,H,-,D,D,0,NA,NA,NA,Y,Y,NA,D,22,0,1,0,0,0,0,0,0,0,-,-,34.899471282958984,-117.11813354492188,SAN BERNARDINO,UNINCORPORATED,NA,NA
91722078,2022,2022-03-14,9850,2022-03-03,0615,017377,NA,4,1,9,3600,0,2,4,NA,2,057,SHEEP CREEK ROAD,DEL ROSA ROAD,285,N,N,A,-,N,NA,NA,NA,NA,NA,NA,NA,NA,NA,Y,3,0,1,1,A,-,08,22107,NA,N,E,I,A,A,H,-,B,D,0,NA,NA,NA,NA,Y,NA,A,01,0,1,0,0,0,0,0,0,0,-,-,34.4635009765625,-117.5727310180664,SAN BERNARDINO,UNINCORPORATED,-117.5727310180664,34.463470458984375
91723755,2022,2022-03-16,9860,2022-03-04,0250,021342,NA,5,3,5,3608,0,1,1,NA,2,106,I-10 W/B,WABASH AVE,1300,E,N,B,C,Y,SBD,NA,10,NA,NA,34.574,H,NA,L,Y,3,0,1,1,A,-,03,22350,NA,N,E,J,A,B,H,-,D,D,0,NA,NA,NA,NA,Y,NA,A,01,0,1,0,0,0,0,0,0,0,-,-,34.03152084350586,-117.13430786132813,SAN BERNARDINO,REDLANDS,-117.13437652587892,34.03141403198242
9172429,2020,2020-11-25,3600,2020-10-07,2013,G6192,AP006,3,5,5,3621,0,0,0,NA,0,AP1,RT 18,FLATHEAD RD,0,NA,Y,A,-,Y,SBD,8,18,-,-,90.235,I,5,N,Y,4,0,2,2,A,-,12,21453,A,N,D,C,A,A,H,-,C,A,0,NA,NA,NA,NA,Y,NA,A,01,0,0,2,0,0,0,0,0,0,-,-,NA,NA,SAN BERNARDINO,APPLE VALLEY,-117.206787109375,34.51450729370117
91724341,2022,2022-03-16,9860,2022-03-09,1710,020346,NA,3,2,4,3603,0,1,1,NA,2,214,I-215 S/B,WASHINGTON ST,500,N,N,A,-,Y,SBD,NA,215,NA,NA,2.815,H,NA,L,N,4,0,1,2,A,-,03,22350,NA,N,C,C,A,A,H,-,A,D,0,NA,NA,NA,NA,Y,NA,A,01,0,0,1,0,0,0,0,0,0,-,-,34.04887008666992,-117.30599212646484,SAN BERNARDINO,COLTON,-117.30596923828124,34.048851013183594
91729888,2022,2022-03-23,9850,2022-03-12,1725,021205,NA,6,2,9,3600,0,3,5,NA,2,004,RABBIT SPRINGS RD,FAIRLANE RD,980,E,N,A,-,N,NA,NA,NA,NA,NA,NA,NA,NA,NA,Y,2,0,3,2,A,-,09,21801,A,N,A,C,A,A,H,-,D,D,0,NA,NA,NA,NA,Y,NA,A,07,1,0,2,0,0,0,0,0,0,-,-,34.45833969116211,-116.8722915649414,SAN BERNARDINO,UNINCORPORATED,-116.87241363525392,34.45832824707031
91734960,2022,2022-03-28,9865,2022-03-18,1511,021840,NA,5,2,9,3600,0,1,3,NA,2,011,SR-18 S/B,SR-138,1584,N,N,A,-,Y,SBD,NA,18,NA,NA,18.061,H,NA,L,N,3,0,1,1,A,-,08,22107,NA,N,E,I,A,A,H,-,A,D,0,NA,NA,NA,NA,Y,NA,A,01,0,1,0,0,0,0,0,0,0,-,-,34.22779083251953,-117.28536987304688,SAN BERNARDINO,UNINCORPORATED,-117.28539276123048,34.22776412963867
91735225,2022,2022-03-28,9855,2022-03-14,2110,017213,NA,1,2,5,3611,0,1,1,NA,2,203,SR-210 E/B (FOOTHILL FWY),CAMPUS AVENUE,2000,E,N,A,-,Y,SBD,NA,210,NA,NA,4.063,H,NA,R,Y,3,0,1,2,A,-,03,22350,NA,N,C,C,A,A,H,-,D,D,0,NA,NA,NA,NA,Y,NA,A,01,0,1,0,0,0,0,0,0,0,-,-,34.134700775146484,-117.62557983398438,SAN BERNARDINO,UPLAND,-117.62557983398438,34.134769439697266
91736900,2022,2022-03-30,9850,2022-03-22,0100,019176,NA,2,3,5,3619,0,1,1,NA,2,081,I-15 N/B,RANCHERO RD.,50,S,N,A,-,Y,SBD,NA,15,NA,NA,30.36,H,NA,R,Y,3,0,1,2,A,-,07,21658,A,F,B,C,A,A,D,-,C,A,0,NA,NA,NA,NA,Y,NA,A,01,0,1,0,0,0,0,0,0,0,-,-,34.3825798034668,-117.41548919677734,SAN BERNARDINO,HESPERIA,-117.41548919677734,34.38257598876953
91738015,2022,2022-03-31,9860,2022-03-25,0735,016590,NA,5,1,4,3603,0,1,1,NA,2,214,I-215 S/B,WASHINGTON ST.,300,S,N,A,-,Y,SBD,NA,215,NA,NA,2.661,H,NA,L,Y,4,0,1,5,A,-,03,22350,NA,N,C,C,A,A,D,-,A,D,0,NA,NA,NA,NA,Y,NA,A,01,0,0,1,0,0,0,0,0,0,-,-,34.047420501708984,-117.30803680419922,SAN BERNARDINO,COLTON,-117.30803680419922,34.04741668701172
91738039,2022,2022-03-31,9855,2022-03-22,1500,017506,NA,2,2,5,3602,0,1,3,NA,2,603,SR-60 E/B (POMONA FWY),MOUNTAIN AVE.,2000,W,N,A,-,Y,SBD,NA,60,NA,R,2.99,H,NA,R,N,4,0,1,2,A,-,03,22350,NA,N,C,C,A,A,H,-,A,D,0,NA,NA,NA,NA,Y,NA,A,07,0,0,1,0,0,0,0,0,0,-,-,34.030208587646484,-117.67858123779295,SAN BERNARDINO,CHINO,-117.67858123779295,34.03024673461914
91739260,2022,2022-06-01,9860,2022-03-21,0155,022347,NA,1,3,6,3610,0,1,1,NA,2,216,I-215 S/B,BASELINE STREET,460,S,N,A,-,Y,SBD,NA,215,NA,NA,7.981,H,NA,L,Y,4,0,1,2,A,-,03,22350,NA,N,A,C,A,A,H,-,C,D,0,NA,NA,NA,NA,Y,NA,A,08,0,0,1,0,0,0,0,0,0,-,-,34.11991882324219,-117.30264282226563,SAN BERNARDINO,SAN BERNARDINO,-117.30269622802734,34.11992263793945
9174049,2020,2020-12-16,3604,2020-10-18,1714,1356,NA,7,5,6,3604,0,0,0,NA,0,NA,SOUTH HIGHLAND AV,SAN SEVAINE RD,0,NA,Y,A,-,N,NA,NA,NA,NA,NA,NA,NA,NA,NA,Y,2,0,1,2,A,-,12,22450,A,N,D,C,A,A,H,-,A,A,0,NA,NA,NA,Y,Y,NA,F,55,1,0,0,0,0,0,0,0,0,-,-,NA,NA,SAN BERNARDINO,FONTANA,-117.47969818115234,34.134151458740234
91740683,2022,2022-04-05,9855,2022-03-25,1528,019675,NA,5,2,6,3607,0,1,1,NA,2,103,I-10 W/B (SAN BERNARDINO FWY),GROVE AVENUE,1600,W,N,B,-,Y,SBD,NA,10,NA,NA,4.566,H,NA,L,N,4,0,4,2,A,-,03,22350,NA,N,C,C,A,A,D,-,A,D,0,NA,NA,NA,NA,Y,NA,A,01,0,0,4,0,0,0,0,0,0,-,-,34.083370208740234,-117.63298797607422,SAN BERNARDINO,ONTARIO,-117.6330108642578,34.083343505859375
91741205,2022,2022-04-05,9835,2022-01-24,1345,020976,NA,1,1,9,3600,0,1,1,NA,2,077,I-15 S/B,YATES WELL RD,1056,N,N,A,-,Y,SBD,NA,15,NA,NA,181.661,H,NA,L,Y,1,1,0,1,A,-,08,22107,NA,N,E,I,A,A,H,-,A,D,0,NA,NA,NA,NA,Y,NA,A,01,0,0,0,0,0,0,0,0,0,-,-,35.54450988769531,-115.41829681396484,SAN BERNARDINO,UNINCORPORATED,-115.41837310791016,35.544532775878906
9174121,2020,2021-02-03,3602,2020-11-17,1556,3978,NA,2,5,5,3602,0,0,0,NA,0,003,HELLMAN AV,BICKMORE AV,77,S,N,A,-,N,NA,NA,NA,NA,NA,NA,NA,NA,NA,Y,3,0,3,5,A,-,03,22350,NA,N,C,C,A,A,H,-,A,D,0,NA,NA,NA,NA,Y,NA,A,01,0,3,0,0,0,0,0,0,0,-,-,33.56999969482422,-117.36000061035156,SAN BERNARDINO,CHINO,-117.6110610961914,33.962310791015625
91741376,2022,2022-04-05,9835,2022-03-28,0930,021448,NA,1,1,9,3600,0,1,1,NA,2,070,I-15,HODGE RD,4435,N,N,B,G,Y,SBD,NA,15,NA,NA,61.038,H,NA,R,Y,3,0,2,2,A,-,07,21658,NA,N,B,C,A,A,H,-,A,D,0,NA,NA,NA,Y,Y,NA,A,01,0,1,1,0,0,0,0,0,0,-,-,34.76203155517578,-117.15548706054688,SAN BERNARDINO,UNINCORPORATED,-117.15544128417967,34.761993408203125
91743381,2022,2022-04-07,9860,2022-04-04,1510,020346,NA,1,2,6,3610,0,1,1,NA,2,103,I-10 W/B,WATERMAN AVE,1000,W,N,A,-,Y,SBD,NA,10,NA,NA,25.066,H,NA,L,N,4,0,1,2,A,-,03,22350,NA,N,C,C,A,A,H,-,A,D,0,NA,NA,NA,NA,Y,NA,A,01,0,0,1,0,0,0,0,0,0,-,-,34.064170837402344,-117.28237915039063,SAN BERNARDINO,SAN BERNARDINO,-117.28237915039063,34.06416702270508
91743403,2022,2022-04-07,9860,2022-04-06,0733,016575,NA,3,1,9,3600,0,1,1,NA,2,102,I-10 E/B,CEDAR AVE.,2370,E,N,A,-,Y,SBD,NA,10,NA,R,18.953,H,NA,R,Y,3,0,1,2,A,-,03,22350,NA,N,C,C,A,A,H,-,A,D,0,NA,NA,NA,Y,Y,NA,A,01,0,1,0,0,0,0,0,0,0,-,-,34.06808853149414,-117.38807678222656,SAN BERNARDINO,UNINCORPORATED,-117.38807678222656,34.068145751953125
91745075,2022,2022-04-11,9835,2022-04-03,0549,021035,NA,7,3,9,3600,0,1,1,NA,2,075,I-15 S/B,HALLORAN SUMMIT RD,7973,S,N,A,-,Y,SBD,NA,15,NA,NA,154.05,H,NA,L,Y,4,0,1,2,C,-,18,NA,NA,N,C,C,A,A,H,-,D,D,0,NA,NA,NA,NA,Y,NA,-,-,0,0,1,0,0,0,0,0,0,-,-,35.39638137817383,-115.81714630126952,SAN BERNARDINO,UNINCORPORATED,-115.81713104248048,35.396324157714844
91745369,2022,2022-04-11,9870,2022-04-08,1445,021288,NA,5,2,9,3600,0,3,5,NA,2,001,PIONEERTOWN ROAD,SANDY WAY,1800,N,N,A,-,N,NA,NA,NA,NA,NA,NA,NA,NA,NA,Y,3,0,2,1,A,-,01,23152,A,N,E,I,A,A,H,-,A,D,0,NA,NA,NA,NA,Y,Y,A,01,0,2,0,0,0,0,0,0,0,-,-,34.141639709472656,-116.4762725830078,SAN BERNARDINO,UNINCORPORATED,-116.47604370117188,34.14139938354492
9174638,2020,2021-01-07,3604,2020-10-14,2354,1350,NA,3,5,6,3604,0,0,0,NA,0,NA,LOCUST AV,7TH ST,126,N,N,A,-,N,NA,NA,NA,NA,NA,NA,NA,NA,NA,Y,4,0,1,1,C,-,18,NA,NA,N,E,I,A,A,H,-,C,A,0,NA,NA,NA,NA,Y,NA,-,-,0,0,1,0,0,0,0,0,0,-,-,NA,NA,SAN BERNARDINO,FONTANA,-117.4094696044922,34.040924072265625
91748267,2022,2022-04-14,9855,2022-04-05,2140,021959,NA,2,2,6,3607,0,3,5,NA,2,003,I-10 W/B FROM MILLIKEN AVE,MILLIKEN AVE,250,W,N,A,-,Y,NA,NA,NA,NA,NA,NA,NA,NA,NA,Y,4,0,1,1,A,-,08,22107,NA,N,E,I,A,A,H,-,C,D,0,NA,NA,NA,NA,Y,NA,A,01,0,0,1,0,0,0,0,0,0,-,-,34.0689582824707,-117.55925750732422,SAN BERNARDINO,ONTARIO,-117.55925750732422,34.0689582824707
91751695,2022,2022-04-20,9860,2022-04-07,1924,020774,NA,4,2,9,3600,0,3,5,NA,2,002,MESA ST.,STATE ST.,400,E,N,A,-,N,NA,NA,NA,NA,NA,NA,NA,NA,NA,N,2,0,1,2,A,-,09,21804,A,N,A,G,A,A,H,-,A,D,0,NA,Y,NA,NA,Y,Y,L,04,1,0,0,0,0,0,1,0,0,-,-,34.13970184326172,-117.33424377441406,SAN BERNARDINO,UNINCORPORATED,-117.33415222167967,34.1396484375
91753453,2022,2022-04-21,9860,2022-04-10,2023,020346,NA,7,2,4,3640,0,1,1,NA,2,106,I-10 W/B,COUNTY LINE RD,2640,W,N,A,-,Y,SBD,NA,10,NA,R,38.652,H,NA,L,Y,3,0,1,2,A,-,03,22350,NA,N,C,C,A,A,H,-,D,D,0,NA,NA,NA,Y,Y,NA,D,22,0,1,0,0,0,0,0,0,0,-,-,34.010311126708984,-117.06900787353516,SAN BERNARDINO,YUCAIPA,-117.06901550292967,34.01030731201172
91755184,2022,2022-04-25,9855,2022-04-04,1640,017213,NA,1,2,6,3607,0,1,1,NA,2,101,I-10 W/B (SAN BERNARDINO FWY),I-15,200,E,N,A,-,Y,SBD,NA,10,NA,NA,9.973,H,NA,L,N,4,0,1,2,A,-,03,22350,NA,N,C,C,A,A,D,-,A,D,0,NA,NA,NA,NA,Y,NA,A,08,0,0,1,0,0,0,0,0,0,-,-,34.06742858886719,-117.54429626464844,SAN BERNARDINO,ONTARIO,-117.54429626464844,34.067501068115234
91755276,2022,2022-04-25,9850,2022-04-14,2355,021562,NA,4,3,5,3612,0,1,1,NA,2,081,I-15 SB,BEAR VALLEY RD.,6864,S,N,A,-,Y,SBD,NA,15,NA,NA,36.283,H,NA,L,N,4,0,2,2,A,-,03,22350,NA,N,C,C,A,A,D,-,D,A,0,NA,NA,NA,NA,Y,NA,A,07,0,0,2,0,0,0,0,0,0,-,-,34.454471588134766,-117.35877227783205,SAN BERNARDINO,VICTORVILLE,-117.35882568359376,34.45450210571289
91755403,2022,2022-04-25,9855,2022-04-13,1815,017781,NA,3,2,9,3600,0,3,5,NA,2,001,MERRILL AVE.,HEMLOCK AVE.,0,NA,Y,A,-,N,NA,NA,NA,NA,NA,NA,NA,NA,NA,Y,4,0,1,2,A,-,09,21802,A,F,D,C,A,A,H,-,A,A,0,NA,NA,NA,NA,Y,NA,A,01,0,0,1,0,0,0,0,0,0,-,-,34.0921516418457,-117.47557830810548,SAN BERNARDINO,UNINCORPORATED,-117.47550964355467,34.092010498046875
91757918,2022,2022-04-27,9835,2022-04-21,1214,021035,NA,4,1,9,3600,0,1,1,NA,2,075,I-15 N/B,HALLORAN SPRINGS RD,16949,S,N,A,-,Y,SBD,NA,15,NA,NA,146.447,H,NA,R,Y,2,0,1,2,A,-,03,22350,NA,N,C,C,A,A,H,-,A,D,0,NA,NA,NA,Y,Y,NA,A,07,1,0,0,0,0,0,0,0,0,-,-,35.35121154785156,-115.9387435913086,SAN BERNARDINO,UNINCORPORATED,-115.93877410888672,35.35124969482422
91758540,2022,2022-04-28,9855,2022-04-17,2011,019675,NA,7,2,6,3607,0,1,1,NA,2,103,I-10 E/B (SAN BERNARDINO FWY),EUCLID AVENUE,1200,W,N,A,-,Y,SBD,NA,10,NA,NA,3.229,H,NA,R,Y,3,0,4,3,A,-,03,22350,NA,N,C,C,A,A,D,-,D,D,0,NA,NA,NA,NA,Y,NA,A,01,0,1,3,0,0,0,0,0,0,-,-,34.08720016479492,-117.6553192138672,SAN BERNARDINO,ONTARIO,-117.6553192138672,34.08724594116211
91759317,2022,2022-04-28,9855,2022-02-15,1851,015826,NA,2,2,6,3607,0,1,3,NA,2,601,SR-60 W/B (POMONA FWY),GROVE AVE.,347,W,N,B,-,Y,SBD,NA,60,NA,R,5.796,H,NA,L,Y,4,0,1,2,A,-,03,22350,NA,F,C,C,A,A,H,-,D,D,0,NA,NA,NA,NA,Y,NA,A,01,0,0,1,0,0,0,0,0,0,-,-,34.03068161010742,-117.62973022460938,SAN BERNARDINO,ONTARIO,-117.62973022460938,34.03059387207031
91761330,2022,2022-04-29,9860,2022-04-04,1335,022319,NA,1,1,6,3604,0,1,1,NA,2,102,I-10 W/B,SIERRA AVE.,1800,E,N,A,-,Y,SBD,NA,10,NA,NA,16.576,H,NA,L,Y,2,0,2,5,A,-,03,22350,NA,N,C,C,A,A,H,-,A,D,0,NA,NA,NA,NA,Y,NA,A,01,1,0,1,0,0,0,0,0,0,-,-,34.067378997802734,-117.42955017089844,SAN BERNARDINO,FONTANA,-117.42955017089844,34.067386627197266
91763677,2022,2022-05-03,9850,2022-04-17,1540,021765,NA,7,2,5,3612,0,3,5,NA,2,001,RIDGECREST RD,CHINQUAPIN DR,800,N,N,A,-,N,NA,NA,NA,NA,NA,NA,NA,NA,NA,Y,4,0,1,1,A,-,01,23152,A,N,E,I,A,A,H,-,A,D,0,NA,NA,NA,NA,Y,Y,A,01,0,0,1,0,0,0,0,0,0,-,-,34.503761291503906,-117.2773895263672,SAN BERNARDINO,VICTORVILLE,-117.27740478515624,34.502838134765625
91764059,2022,2022-05-04,9855,2022-04-22,1728,021978,NA,5,2,6,3604,0,1,1,NA,2,153,I-15 N/B (ONTARIO FWY),SUMMIT AVE,1400,N,N,A,-,Y,SBD,NA,15,NA,NA,9.911,H,NA,R,N,4,0,1,2,A,-,07,21658,A,N,C,C,A,A,H,-,A,D,0,NA,NA,NA,Y,Y,NA,A,08,0,0,1,0,0,0,0,0,0,-,-,34.15333938598633,-117.47501373291016,SAN BERNARDINO,FONTANA,-117.47509002685548,34.15340805053711
91765275,2022,2022-05-05,9855,2022-04-25,1813,015919,NA,1,2,6,3604,0,1,1,NA,2,201,SR-210 W/B (FOOTHILL FWY),CITRUS AVENUE,1000,W,N,A,-,Y,SBD,NA,210,NA,NA,13.667,H,NA,L,Y,3,0,1,2,A,-,03,22350,NA,N,C,C,A,A,H,-,A,D,0,NA,NA,NA,NA,Y,NA,A,01,0,1,0,0,0,0,0,0,0,-,-,34.13652038574219,-117.45810699462892,SAN BERNARDINO,FONTANA,-117.45810699462892,34.136573791503906
91765803,2022,2022-05-06,9860,2022-04-24,2255,022359,NA,7,3,9,3600,0,1,1,NA,2,152,I-15 N/B,CLEGHORN RD,420,N,N,A,-,Y,SBD,NA,15,NA,R,20.109,H,NA,R,Y,2,0,4,5,A,-,03,22350,NA,N,D,C,A,A,H,-,D,D,0,NA,NA,NA,Y,Y,NA,G,25,1,2,1,0,0,0,0,0,0,-,-,34.30009078979492,-117.45825958251952,SAN BERNARDINO,UNINCORPORATED,-117.45831298828124,34.30006408691406
9176656,2020,2020-12-18,3610,2020-09-19,2130,51235,NA,6,5,6,3610,0,0,0,NA,0,NA,E 40TH ST,N LEROY ST,265,W,N,A,-,N,NA,NA,NA,NA,NA,NA,NA,NA,NA,Y,4,0,2,2,A,-,03,22350,NA,N,C,C,A,A,H,-,C,D,0,NA,NA,NA,NA,Y,NA,I,11,0,0,2,0,0,0,0,0,0,-,-,34.1649284362793,-117.28076171875,SAN BERNARDINO,SAN BERNARDINO,-117.28164672851563,34.16493225097656
91767272,2022,2022-05-09,9855,2022-04-05,0650,015299,NA,2,1,4,3605,0,1,1,NA,2,103,I-10 W/B (SAN BERNARDINO FWY),MONTE VISTA AVE.,1000,E,N,A,-,Y,SBD,NA,10,NA,NA,0.76,H,NA,L,Y,4,0,2,4,C,-,18,NA,NA,N,C,C,A,A,D,-,B,D,0,NA,NA,NA,Y,Y,NA,-,-,0,0,2,0,0,0,0,0,0,-,-,34.08253860473633,-117.69708251953124,SAN BERNARDINO,MONTCLAIR,-117.69708251953124,34.082542419433594
91767396,2022,2022-05-09,9855,2022-04-29,1943,019675,NA,5,2,6,3607,0,1,1,NA,2,103,I-10 E/B (SAN BERNARDINO FWY),SAN ANTONIO AVENUE,380,E,N,A,-,Y,SBD,NA,10,NA,NA,2.998,H,NA,R,Y,4,0,6,3,A,-,03,22350,NA,N,C,C,A,A,D,-,D,D,0,NA,NA,NA,NA,Y,NA,A,07,0,0,6,0,0,0,0,0,0,-,-,34.087181091308594,-117.65934753417967,SAN BERNARDINO,ONTARIO,-117.65934753417967,34.087242126464844