CASE_ID,ACCIDENT_YEAR,PROC_DATE,JURIS,COLLISION_DATE,COLLISION_TIME,OFFICER_ID,REPORTING_DISTRICT,DAY_OF_WEEK,CHP_SHIFT,POPULATION,CNTY_CITY_LOC,SPECIAL_COND,BEAT_TYPE,CHP_BEAT_TYPE,CITY_DIVISION_LAPD,CHP_BEAT_CLASS,BEAT_NUMBER,PRIMARY_RD,SECONDARY_RD,DISTANCE,DIRECTION,INTERSECTION,WEATHER_1,WEATHER_2,STATE_HWY_IND,CALTRANS_COUNTY,CALTRANS_DISTRICT,STATE_ROUTE,ROUTE_SUFFIX,POSTMILE_PREFIX,POSTMILE,LOCATION_TYPE,RAMP_INTERSECTION,SIDE_OF_HWY,TOW_AWAY,COLLISION_SEVERITY,NUMBER_KILLED,NUMBER_INJURED,PARTY_COUNT,PRIMARY_COLL_FACTOR,PCF_CODE_OF_VIOL,PCF_VIOL_CATEGORY,PCF_VIOLATION,PCF_VIOL_SUBSECTION,HIT_AND_RUN,TYPE_OF_COLLISION,MVIW,PED_ACTION,ROAD_SURFACE,ROAD_COND_1,ROAD_COND_2,LIGHTING,CONTROL_DEVICE,CHP_ROAD_TYPE,PEDESTRIAN_ACCIDENT,BICYCLE_ACCIDENT,MOTORCYCLE_ACCIDENT,TRUCK_ACCIDENT,NOT_PRIVATE_PROPERTY,ALCOHOL_INVOLVED,STWD_VEHTYPE_AT_FAULT,CHP_VEHTYPE_AT_FAULT,COUNT_SEVERE_INJ,COUNT_VISIBLE_INJ,COUNT_COMPLAINT_PAIN,COUNT_PED_KILLED,COUNT_PED_INJURED,COUNT_BICYCLIST_KILLED,COUNT_BICYCLIST_INJURED,COUNT_MC_KILLED,COUNT_MC_INJURED,PRIMARY_RAMP,SECONDARY_RAMP,LATITUDE,LONGITUDE,COUNTY,CITY,POINT_X,POINT_Y
92309398,2024,2024-02-08,9870,2024-02-06,1350,021128,NA,2,1,9,3600,0,1,3,NA,1,011,SR-62 (TWENTYNINE PALMS HWY.),LITTLE MORONGO RD,100,W,N,C,-,Y,SBD,NA,62,NA,NA,5.52,H,NA,R,N,4,0,3,2,A,-,03,22350,NA,N,C,C,A,B,H,-,A,D,0,NA,NA,NA,NA,Y,NA,A,01,0,0,3,0,0,0,0,0,0,-,-,34.087188720703125,-116.52349853515624,SAN BERNARDINO,UNINCORPORATED,-116.5234832763672,34.0871696472168
92310246,2024,2024-02-09,9855,2024-02-06,445,017351,NA,2,3,6,3607,0,1,1,NA,2,152,I-15 N/B (ONTARIO FWY),JURUPA STREET,3168,N,N,C,-,Y,SBD,NA,15,NA,NA,1.688,H,NA,R,Y,4,0,1,2,A,-,08,22107,NA,N,B,C,A,B,H,-,D,D,0,NA,NA,NA,NA,Y,NA,A,01,0,0,1,0,0,0,0,0,0,-,-,34.057281494140625,-117.54573822021484,SAN BERNARDINO,ONTARIO,-117.54569244384766,34.05726623535156
9231055,2021,2021-03-16,3600,2021-01-13,1340,H5174,3600,3,5,3,3617,0,0,0,NA,0,TW003,TWO MILE RD,ENCELIA AV,0,NA,Y,A,-,N,NA,NA,NA,NA,NA,NA,NA,NA,NA,Y,3,0,1,2,A,-,01,23152,F,N,D,C,A,A,H,-,A,A,0,NA,NA,NA,NA,Y,Y,D,22,0,1,0,0,0,0,0,0,0,-,-,34.14899826049805,-116.09799957275392,SAN BERNARDINO,TWENTYNINE PALMS,-116.0983657836914,34.14970016479492
92310903,2024,2024-02-12,9860,2024-02-05,310,022931,NA,1,3,9,3600,0,1,1,NA,2,214,I-215 S/B,COOLEY DR,1267,S,N,B,C,Y,SBD,NA,215,NA,NA,3.501,H,NA,L,Y,3,0,1,1,A,-,03,22350,NA,N,E,I,A,B,H,-,D,D,0,NA,NA,NA,NA,Y,NA,D,22,0,1,0,0,0,0,0,0,0,-,-,34.056358337402344,-117.29844665527344,SAN BERNARDINO,UNINCORPORATED,-117.29850006103516,34.056373596191406
92312650,2024,2024-02-13,9850,2024-02-05,1220,021342,NA,1,1,9,3600,0,1,1,NA,2,081,I-15 N/B,DALE EVANS PKY,25,N,N,C,-,Y,SBD,NA,15,NA,NA,51.839,H,NA,R,Y,4,0,1,1,A,-,03,22350,NA,N,E,I,A,B,H,-,A,D,0,NA,NA,NA,NA,Y,NA,A,01,0,0,1,0,0,0,0,0,0,-,-,34.64432144165039,-117.21784210205078,SAN BERNARDINO,UNINCORPORATED,-117.21775817871094,34.644287109375
92314642,2024,2024-02-15,9835,2024-02-06,1525,021448,NA,2,2,9,3600,0,3,5,NA,2,034,YERMO RD,KNOWLES ST,0,NA,Y,C,-,N,NA,NA,NA,NA,NA,NA,NA,NA,NA,Y,3,0,1,2,A,-,09,21801,A,N,A,C,A,B,H,-,A,A,0,NA,NA,NA,NA,Y,NA,A,01,0,1,0,0,0,0,0,0,0,-,-,34.90330123901367,-116.82660675048828,SAN BERNARDINO,UNINCORPORATED,-116.82657623291016,34.90327835083008
92314836,2024,2024-03-01,9865,2024-02-06,1545,018392,NA,2,2,9,3600,0,1,3,NA,2,011,SR-18,LAKE GREGORY DR,4224,E,N,D,-,Y,SBD,NA,18,NA,NA,21.483,H,NA,R,Y,4,0,1,2,A,-,05,21460,NA,N,B,C,A,C,H,-,A,D,0,NA,NA,NA,NA,Y,NA,D,22,0,0,1,0,0,0,0,0,0,-,-,34.224430084228516,-117.2387466430664,SAN BERNARDINO,UNINCORPORATED,-117.23877716064452,34.22445297241211
92315759,2023,2024-02-16,9855,2023-12-31,1915,023023,NA,7,2,9,3600,0,3,5,NA,2,001,ARROW BOULEVARD (15600 BLOCK),LIME AVENUE,481,E,N,A,-,N,NA,NA,NA,NA,NA,NA,NA,NA,NA,Y,3,0,1,2,A,-,21,22106,NA,F,C,C,A,A,H,-,C,D,0,NA,NA,NA,Y,Y,NA,A,01,0,1,0,0,0,0,0,0,0,-,-,34.099361419677734,-117.4630126953125,SAN BERNARDINO,UNINCORPORATED,-117.46306610107422,34.099281311035156
92316068,2024,2024-02-16,9870,2024-02-09,1820,019709,NA,5,2,9,3600,0,3,5,NA,2,003,YUCCA MESA ROAD,CANTEBURY STREET,5,S,N,A,-,N,NA,NA,NA,NA,NA,NA,NA,NA,NA,N,2,0,1,2,A,-,09,21802,A,N,C,C,A,A,H,-,D,D,0,NA,NA,NA,NA,Y,NA,A,01,1,0,0,0,0,0,0,0,0,-,-,34.181968688964844,-116.36952209472656,SAN BERNARDINO,UNINCORPORATED,-116.36956024169922,34.182167053222656
92316660,2024,2024-02-19,9860,2024-02-16,1645,020654,NA,5,2,9,3600,0,1,1,NA,2,104,I-10 W/B,TIPPECANOE AVE,75,W,N,A,-,Y,SBD,NA,10,NA,NA,26.316,H,NA,L,Y,4,0,1,3,A,-,03,22350,NA,N,C,C,A,A,H,-,A,D,0,NA,NA,NA,NA,Y,NA,D,22,0,0,1,0,0,0,0,0,0,-,-,34.06473922729492,-117.26072692871094,SAN BERNARDINO,UNINCORPORATED,-117.2607192993164,34.06471252441406
92318205,2024,2024-03-01,9865,2024-02-10,1643,014696,NA,6,2,9,3600,0,1,3,NA,1,022,SR-18,GREEN VALLEY LAKE ROAD,3168,N,N,A,-,Y,SBD,NA,18,NA,NA,36.119,H,NA,R,Y,2,0,6,2,A,-,03,22350,NA,N,A,C,A,B,H,-,B,D,0,NA,NA,NA,NA,Y,NA,A,07,1,5,0,0,0,0,0,0,0,-,-,34.2215690612793,-117.05716705322266,SAN BERNARDINO,UNINCORPORATED,-117.05714416503906,34.22157669067383
92319001,2024,2024-02-21,9860,2024-02-19,2320,022347,NA,1,3,6,3610,0,1,1,NA,2,216,I-215 S/B,SR-210,3168,N,N,B,C,Y,SBD,NA,215,NA,NA,10.647,H,NA,L,N,4,0,2,1,A,-,03,22350,NA,N,E,I,A,B,H,-,D,D,0,NA,NA,NA,NA,Y,NA,A,01,0,0,2,0,0,0,0,0,0,-,-,34.15222930908203,-117.3240203857422,SAN BERNARDINO,SAN BERNARDINO,-117.32403564453124,34.152225494384766
92319292,2024,2024-02-21,9835,2024-02-16,425,020389,NA,5,3,9,3600,0,1,1,NA,2,073,INTERSTATE 15 SOUTHBOUND,AFTON CANYON ROAD,3960,S,N,A,-,Y,SBD,NA,15,NA,R,110.845,H,NA,L,Y,4,0,1,1,A,-,08,22107,NA,N,E,I,A,A,H,-,D,D,0,NA,NA,NA,Y,Y,NA,G,25,0,0,1,0,0,0,0,0,0,-,-,35.064449310302734,-116.42295837402344,SAN BERNARDINO,UNINCORPORATED,-116.42283630371094,35.0643196105957
92322305,2023,2024-02-26,9860,2023-09-29,1945,022931,NA,5,2,9,3600,0,1,3,NA,1,010,SR-138,SUMMIT POST OFFICE ROAD,1610,E,N,A,-,Y,SBD,NA,138,NA,NA,19.811,H,NA,R,N,3,0,1,2,A,-,08,22107,NA,F,B,2,A,A,H,-,D,D,0,NA,NA,NA,NA,Y,NA,D,22,0,1,0,0,0,0,0,0,0,-,-,34.325069427490234,-117.415771484375,SAN BERNARDINO,UNINCORPORATED,-117.415771484375,34.3250846862793
92322806,2024,2024-02-26,9860,2024-02-16,1715,022736,NA,5,2,9,3600,0,3,5,NA,2,002,ELMWOOD AVE,LYNWOOD AVE,619,S,N,A,-,N,NA,NA,NA,NA,NA,NA,NA,NA,NA,N,4,0,1,3,A,-,08,22107,NA,N,C,E,A,A,H,-,A,D,0,NA,NA,NA,NA,Y,NA,A,01,0,0,1,0,0,0,0,0,0,-,-,34.14495849609375,-117.25141143798828,SAN BERNARDINO,UNINCORPORATED,-117.25170135498048,34.146751403808594
92324008,2023,2024-02-27,9860,2023-12-14,1715,021363,NA,4,2,9,3600,0,3,5,NA,2,002,OGDEN ST.,JUNE ST,350,W,N,A,-,Y,NA,NA,NA,NA,NA,NA,NA,NA,NA,N,2,0,1,2,A,-,11,21954,A,N,G,B,E,A,H,-,D,D,0,Y,NA,NA,NA,Y,NA,N,60,1,0,0,0,1,0,0,0,0,-,-,34.157859802246094,-117.34976959228516,SAN BERNARDINO,UNINCORPORATED,-117.34975433349608,34.1578254699707
92324230,2024,2024-02-27,9855,2024-02-21,605,015299,NA,3,1,6,3607,0,1,1,NA,2,103,I-10 E/B (SAN BERNARDINO FWY),ARCHIBALD AVENUE,200,E,N,C,-,Y,SBD,NA,10,NA,NA,7.211,H,NA,R,N,3,0,1,1,A,-,08,22107,NA,N,F,I,A,B,D,-,B,D,0,NA,NA,NA,NA,Y,NA,A,07,0,1,0,0,0,0,0,0,0,-,-,34.067378997802734,-117.59245300292967,SAN BERNARDINO,ONTARIO,-117.59244537353516,34.06755828857422
92324461,2024,2024-02-27,9850,2024-02-26,1550,017377,NA,1,2,9,3600,0,3,5,NA,2,005,AMETHYST ROAD,BEGONIA ROAD,470,N,N,A,-,N,NA,NA,NA,NA,NA,NA,NA,NA,NA,Y,4,0,1,3,A,-,03,22350,NA,N,C,C,A,A,H,-,A,D,0,NA,NA,NA,NA,Y,NA,D,22,0,0,1,0,0,0,0,0,0,-,-,34.51177978515625,-117.36432647705078,SAN BERNARDINO,UNINCORPORATED,-117.36438751220705,34.511756896972656
92326174,2024,2024-02-29,9855,2024-02-20,2245,023007,NA,2,3,6,3607,0,1,1,NA,2,103,I-10 W/B (SAN BERNARDINO FWY),ARCHIBALD AVENUE,2145,E,N,B,-,Y,SBD,NA,10,NA,NA,7.593,H,NA,L,Y,4,0,1,2,A,-,03,22350,NA,N,C,C,A,B,D,-,D,D,0,NA,NA,NA,NA,Y,NA,A,01,0,0,1,0,0,0,0,0,0,-,-,34.067710876464844,-117.58580017089844,SAN BERNARDINO,ONTARIO,-117.58580017089844,34.06769943237305
92326817,2023,2024-02-29,9860,2023-03-15,2134,021169,NA,3,2,6,3610,0,1,1,NA,2,104,INTERSTATE 10 WESTBOUND,WATERMAN AVENUE,2377,E,N,A,-,Y,SBD,NA,10,NA,NA,25.746,H,NA,L,N,1,1,0,2,A,-,05,21202,A,F,H,G,A,A,H,-,D,D,0,NA,Y,NA,NA,Y,NA,L,04,0,0,0,0,0,1,0,0,0,-,-,34.06399917602539,-117.2707290649414,SAN BERNARDINO,SAN BERNARDINO,-117.2707290649414,34.063926696777344
92329151,2024,2024-03-04,9860,2024-02-21,1950,023503,NA,3,2,9,3600,0,3,5,NA,2,004,LOCUST AVENUE,SAN BERNARDINO AVENUE,0,NA,Y,A,-,N,NA,NA,NA,NA,NA,NA,NA,NA,NA,Y,4,0,1,2,A,-,09,21801,A,N,A,C,A,A,H,-,C,A,0,NA,NA,NA,NA,Y,NA,A,01,0,0,1,0,0,0,0,0,0,-,-,34.077659606933594,-117.40953826904295,SAN BERNARDINO,UNINCORPORATED,-117.40956115722656,34.07766342163086
92330293,2024,2024-03-05,9835,2024-02-29,2105,016683,NA,4,2,9,3600,0,1,1,NA,2,073,I-15 N/B,HARVARD RD,5280,S,N,A,-,Y,SBD,NA,15,NA,R,95.141,H,NA,R,N,3,0,1,1,A,-,08,22107,NA,N,F,A,A,A,H,-,D,D,0,NA,NA,NA,Y,Y,NA,F,26,0,1,0,0,0,0,0,0,0,-,-,34.95479965209961,-116.66445922851563,SAN BERNARDINO,UNINCORPORATED,-116.66448974609376,34.95484924316406
92331220,2023,2024-03-06,9860,2023-05-23,844,021149,NA,2,1,9,3600,0,3,5,NA,2,004,LINDEN AVENUE,GROVE PLACE,0,NA,Y,B,-,N,NA,NA,NA,NA,NA,NA,NA,NA,NA,Y,1,1,1,2,A,-,09,21802,A,N,D,C,A,A,H,-,A,A,0,NA,NA,NA,NA,Y,NA,A,01,0,0,1,0,0,0,0,0,0,-,-,34.07316970825195,-117.40078735351563,SAN BERNARDINO,UNINCORPORATED,-117.40081024169922,34.07313537597656
92331521,2024,2024-03-06,9865,2024-02-28,1803,021229,NA,3,2,9,3600,0,2,4,NA,2,016,NORTH BAY RD,MATTERHORN DR,500,S,N,A,-,N,NA,NA,NA,NA,NA,NA,NA,NA,NA,Y,3,0,1,1,A,-,01,23152,A,N,E,I,A,A,H,-,D,D,0,NA,NA,NA,NA,Y,Y,A,01,0,1,0,0,0,0,0,0,0,-,-,34.2690315246582,-117.19351959228516,SAN BERNARDINO,UNINCORPORATED,-117.19110107421876,34.27007293701172
9233247,2021,2021-04-05,3600,2021-02-10,1310,G5408,AP018,3,5,5,3621,0,0,0,NA,0,AP4,NAVAJO RD,SOIUX RD,0,NA,Y,A,-,N,NA,NA,NA,NA,NA,NA,NA,NA,NA,Y,4,0,2,3,A,-,09,21801,A,N,A,C,A,A,H,-,A,A,0,NA,NA,NA,NA,Y,NA,A,01,0,0,2,0,0,0,0,0,0,-,-,NA,NA,SAN BERNARDINO,APPLE VALLEY,-117.190185546875,34.475128173828125
92332614,2024,2024-03-07,9855,2024-03-01,1935,022840,NA,5,2,6,3616,0,1,1,NA,2,152,I-15 N/B (ONTARIO FREEWAY),BASELINE AVENUE,200,S,N,B,-,Y,SBD,NA,15,NA,NA,5.964,H,NA,R,N,4,0,1,2,A,-,03,22350,NA,N,C,C,A,A,H,-,C,D,0,NA,NA,NA,NA,Y,NA,D,22,0,0,1,0,0,0,0,0,0,-,-,34.11286926269531,-117.5239028930664,SAN BERNARDINO,RANCHO CUCAMONGA,-117.52394104003906,34.1129035949707
92333242,2024,2024-03-08,9855,2024-02-26,2115,018000,NA,1,2,6,3607,0,1,3,NA,2,602,SR-60 E/B (POMONA FWY),HAVEN AVENUE,2890,W,N,C,-,Y,SBD,NA,60,NA,R,8.346,H,NA,R,N,4,0,1,2,A,-,03,22350,NA,F,C,2,A,B,H,-,C,D,0,NA,NA,NA,NA,Y,NA,-,99,0,0,1,0,0,0,0,0,0,-,-,34.03057098388672,-117.58524322509766,SAN BERNARDINO,ONTARIO,-117.58524322509766,34.030555725097656
92336297,2024,2024-03-12,9855,2024-03-05,1714,022510,NA,2,2,4,3605,0,1,1,NA,2,103,I-10 W/B (SAN BERNARDINO FWY),CENTRAL AVE,1056,W,N,A,-,Y,SBD,NA,10,NA,NA,1.059,H,NA,L,Y,4,0,1,2,A,-,03,22350,NA,N,C,C,A,A,D,-,A,D,0,NA,NA,NA,NA,Y,NA,A,01,0,0,1,0,0,0,0,0,0,-,-,34.08435821533203,-117.69243621826172,SAN BERNARDINO,MONTCLAIR,-117.69245147705078,34.08437728881836
9233769,2021,2021-03-25,3610,2021-01-31,0403,50280,NA,7,5,6,3610,0,0,0,NA,0,BAKER,N UNIVERSITY PKWY,STATE ST,25,N,N,A,-,N,NA,NA,NA,NA,NA,NA,NA,NA,NA,Y,3,0,1,1,A,-,08,22107,NA,N,E,I,A,A,H,-,C,A,0,NA,NA,NA,NA,Y,NA,D,22,0,1,0,0,0,0,0,0,0,-,-,NA,NA,SAN BERNARDINO,SAN BERNARDINO,-117.33219146728516,34.167259216308594
92339354,2024,2024-03-15,9855,2024-03-11,1741,022510,NA,1,2,6,3616,0,1,1,NA,2,203,SR-210 E/B (FOOTHILL FWY),CARNELIAN ST,1584,W,N,A,-,Y,SBD,NA,210,NA,NA,4.311,H,NA,R,N,4,0,1,2,A,-,03,22350,NA,N,C,C,A,A,H,-,D,D,0,NA,NA,NA,NA,Y,NA,A,01,0,0,1,0,0,0,0,0,0,-,-,34.13478088378906,-117.62126922607422,SAN BERNARDINO,RANCHO CUCAMONGA,-117.62126922607422,34.134788513183594
92341195,2024,2024-03-19,9855,2024-03-02,540,023010,NA,6,3,6,3604,0,1,1,NA,2,101,I-10 E/B (SAN BERNARDINO FWY),ETIWANDA AVE.,1600,W,N,B,C,Y,SBD,NA,10,NA,NA,10.834,H,NA,R,Y,3,0,2,2,A,-,03,22350,NA,N,E,I,A,B,F,-,B,D,0,NA,NA,NA,NA,Y,NA,A,01,0,1,1,0,0,0,0,0,0,-,-,34.06732940673828,-117.52928161621094,SAN BERNARDINO,FONTANA,-117.52928161621094,34.06730270385742
9234135,2020,2021-03-04,3611,2020-12-22,1112,2297,3611,2,5,5,3611,0,0,0,NA,0,002,EUCLID AV,9TH ST,0,NA,Y,A,-,N,NA,NA,NA,NA,NA,NA,NA,NA,NA,Y,3,0,3,2,A,-,12,21453,A,N,D,C,A,A,H,-,A,A,0,NA,NA,NA,NA,Y,NA,A,01,0,2,1,0,0,0,0,0,0,-,-,NA,NA,SAN BERNARDINO,UPLAND,-117.65129852294922,34.096099853515625
92341890,2024,2024-03-19,9835,2024-03-15,1110,022612,NA,5,1,9,3600,0,1,1,NA,2,077,INTERSTATE 15 SOUTHBOUND,BAILEY ROAD,10560,N,N,D,-,Y,SBD,NA,15,NA,NA,172.98,H,NA,R,Y,3,0,3,1,A,-,03,22350,NA,N,E,J,A,C,H,-,A,D,0,NA,NA,NA,NA,Y,NA,A,01,0,3,0,0,0,0,0,0,0,-,-,35.46997833251953,-115.50241088867188,SAN BERNARDINO,UNINCORPORATED,-115.50238800048828,35.4700927734375
92342764,2024,2024-03-20,9835,2024-03-09,525,023021,NA,6,3,9,3600,0,1,1,NA,2,076,I-15,HALLORAN SUMMIT ROAD,10560,N,N,A,-,Y,SBD,NA,15,NA,NA,157.589,H,NA,R,Y,4,0,1,1,A,-,08,22107,NA,N,F,A,A,A,H,-,A,D,0,NA,NA,NA,NA,Y,NA,A,07,0,0,1,0,0,0,0,0,0,-,-,35.414249420166016,-115.75859832763672,SAN BERNARDINO,UNINCORPORATED,-115.75855255126952,35.41415786743164
9234317,2021,2021-03-22,3610,2021-01-25,0150,51268,NA,1,5,6,3610,0,0,0,NA,0,CHARLI,E EUREKA ST,N CAMELLIA DR,108,E,N,C,-,N,NA,NA,NA,NA,NA,NA,NA,NA,NA,Y,4,0,1,3,A,-,08,22107,NA,N,C,C,A,B,H,-,C,D,0,NA,NA,NA,NA,Y,NA,A,07,0,0,1,0,0,0,0,0,0,-,-,NA,NA,SAN BERNARDINO,SAN BERNARDINO,-117.25542449951172,34.15216064453125
92345118,2024,2024-03-22,9860,2024-03-17,854,021149,NA,7,1,6,3610,0,1,1,NA,2,216,I-215 S/B TO SR-210 W/B,SR-210,80,N,N,A,-,Y,NA,NA,NA,NA,NA,NA,NA,NA,NA,Y,4,0,1,1,A,-,03,22350,NA,N,E,8,A,A,H,-,A,D,0,NA,NA,NA,Y,Y,NA,G,25,0,0,1,0,0,0,0,0,0,-,-,34.14448165893555,-117.3203582763672,SAN BERNARDINO,SAN BERNARDINO,-117.3203582763672,34.14448165893555
92345125,2024,2024-03-25,9860,2024-03-20,2018,022347,NA,3,2,5,3609,0,1,1,NA,2,102,I-10 E/B,CEDAR AVENUE,4805,W,N,A,-,Y,SBD,NA,10,NA,NA,17.573,H,NA,R,Y,2,0,2,2,A,-,01,23152,A,N,E,I,A,A,H,-,D,D,0,NA,NA,NA,Y,Y,Y,A,07,2,0,0,0,0,0,0,0,0,-,-,34.06745147705078,-117.41220092773438,SAN BERNARDINO,RIALTO,-117.41220092773438,34.067543029785156
92346639,2024,2024-03-25,9835,2024-03-24,1420,022428,NA,7,2,9,3600,0,1,1,NA,2,070,I-15 N/B,OUTLET CENTER DR,7920,S,N,G,-,Y,SBD,NA,15,NA,NA,64.323,H,NA,R,N,4,0,1,2,A,-,07,21658,A,N,B,C,A,A,H,-,A,D,0,NA,NA,NA,NA,Y,NA,A,07,0,0,1,0,0,0,0,0,0,-,-,34.79534912109375,-117.11414337158205,SAN BERNARDINO,UNINCORPORATED,-117.11411285400392,34.79533004760742
9234790,2021,2021-03-25,3600,2021-02-12,2002,G8025,HE102,5,5,5,3619,0,0,0,NA,0,HE1,SYCAMORE ST,OAKWOOD AV,0,NA,Y,A,-,N,NA,NA,NA,NA,NA,NA,NA,NA,NA,Y,4,0,1,2,A,-,09,21802,A,N,D,C,A,A,H,-,D,A,0,NA,NA,NA,NA,Y,NA,A,01,0,0,1,0,0,0,0,0,0,-,-,NA,NA,SAN BERNARDINO,HESPERIA,-117.34284210205078,34.46323013305664
92349805,2023,2024-03-28,9860,2023-09-08,2034,022875,NA,5,2,9,3600,0,1,3,NA,1,382,STATE ROUTE 38 (MILL CREEK ROAD),JULIAN DRIVE,680,W,N,A,-,Y,SBD,NA,38,NA,NA,6.111,H,NA,R,N,1,1,0,2,A,-,11,21954,A,F,G,B,D,A,H,-,D,D,0,Y,NA,NA,NA,Y,NA,N,60,0,0,0,1,0,0,0,0,0,-,-,34.07326126098633,-117.08757019042967,SAN BERNARDINO,UNINCORPORATED,-117.08757019042967,34.07327651977539
92349891,2024,2024-03-28,9860,2024-03-14,1440,019495,NA,4,2,9,3600,0,1,1,NA,2,214,I-215 S/B,ORANGE SHOW RD,950,S,N,A,-,Y,SBD,NA,215,NA,NA,4.838,H,NA,L,Y,4,0,2,2,A,-,07,21658,A,N,B,2,A,A,H,-,A,D,0,NA,NA,NA,NA,Y,NA,A,01,0,0,2,0,0,0,0,0,0,-,-,34.075439453125,-117.2956314086914,SAN BERNARDINO,UNINCORPORATED,-117.29573822021484,34.075435638427734
9235307,2021,2021-04-19,3609,2021-03-17,2036,8444,R1093,3,5,5,3609,0,0,0,NA,0,001,AYALA DR,FITZGERALD AV,0,NA,Y,A,-,N,NA,NA,NA,NA,NA,NA,NA,NA,NA,Y,3,0,2,2,A,-,09,21801,A,N,D,C,A,A,H,-,C,A,0,NA,NA,NA,NA,Y,NA,A,01,0,2,0,0,0,0,0,0,0,-,-,34.12540817260742,-117.3939208984375,SAN BERNARDINO,RIALTO,-117.3939208984375,34.125553131103516
92356022,2024,2024-04-04,9855,2024-03-27,1650,018313,NA,3,2,6,3616,0,1,1,NA,2,201,SR-210 E/B (FOOTHILL FWY),I-15,1700,W,N,A,-,Y,SBD,NA,210,NA,NA,10.78,H,NA,R,N,3,0,1,2,A,-,08,22107,NA,N,D,C,A,A,H,-,A,D,0,NA,NA,Y,NA,Y,NA,C,02,0,1,0,0,0,0,0,0,1,-,-,34.136199951171875,-117.50846099853516,SAN BERNARDINO,RANCHO CUCAMONGA,-117.50846099853516,34.136173248291016
9235806,2021,2021-03-24,3600,2021-02-26,1639,F8556,RC027,5,5,6,3616,0,0,0,NA,0,002,HERMOSA AV,LEMON AV,0,NA,Y,A,-,N,NA,NA,NA,NA,NA,NA,NA,NA,NA,N,3,0,3,3,A,-,12,22450,A,N,D,C,A,A,H,-,A,A,0,NA,NA,NA,NA,Y,NA,A,08,0,1,2,0,0,0,0,0,0,-,-,NA,NA,SAN BERNARDINO,RANCHO CUCAMONGA,-117.58480834960938,34.139671325683594
9235816,2021,2021-03-24,3609,2021-02-03,0914,4247,RI102,3,5,5,3609,0,0,0,NA,0,002,PEPPER AV,TERRACE RD,34,S,N,A,-,N,NA,NA,NA,NA,NA,NA,NA,NA,NA,Y,4,0,2,2,A,-,03,22350,NA,N,C,C,A,A,H,-,A,A,0,NA,NA,NA,NA,Y,NA,A,07,0,0,2,0,0,0,0,0,0,-,-,NA,NA,SAN BERNARDINO,RIALTO,-117.44248199462892,34.10287857055664
9235836,2021,2021-03-19,3609,2021-01-23,1545,4369,R1133,6,5,5,3609,0,0,0,NA,0,003,CEDAR AV,2ND ST,0,NA,Y,B,-,N,NA,NA,NA,NA,NA,NA,NA,NA,NA,Y,4,0,4,2,A,-,09,21802,A,N,D,C,A,B,H,-,A,A,0,NA,NA,NA,NA,Y,NA,A,01,0,0,4,0,0,0,0,0,0,-,-,NA,NA,SAN BERNARDINO,RIALTO,-117.39656066894533,34.102378845214844
92360731,2024,2024-04-10,9860,2024-03-05,1130,014963,NA,2,1,6,3610,0,1,1,NA,2,103,I-10 W/B,HUNTS LANE,1320,E,N,A,-,Y,SBD,NA,10,NA,NA,25.043,H,NA,L,Y,4,0,2,3,A,-,08,22107,NA,N,C,C,A,A,H,-,A,D,0,NA,NA,NA,Y,Y,NA,D,22,0,0,2,0,0,0,0,0,0,-,-,34.06412887573242,-117.28279113769533,SAN BERNARDINO,SAN BERNARDINO,-117.28279113769533,34.06413269042969
9236103,2021,2021-04-06,3600,2021-02-05,1938,D3381,VC021,5,5,5,3612,0,0,0,NA,0,VC3,BEAR VALLEY RD,INDUSTRIAL BL,0,NA,Y,A,-,N,NA,NA,NA,NA,NA,NA,NA,NA,NA,Y,4,0,1,2,A,-,12,21453,A,N,D,C,A,A,H,-,B,A,0,NA,NA,NA,NA,Y,NA,-,NA,0,0,1,0,0,0,0,0,0,-,-,NA,NA,SAN BERNARDINO,VICTORVILLE,-117.28289031982422,34.471099853515625
92364722,2024,2024-04-15,9835,2024-04-06,325,022649,NA,6,3,9,3600,0,2,4,NA,1,017,IRWIN ROAD,FORT IRWIN ROAD,8448,S,N,A,-,N,NA,NA,NA,NA,NA,NA,NA,NA,NA,N,3,0,1,1,A,-,08,22107,NA,N,F,A,A,A,H,-,D,D,0,NA,NA,NA,NA,Y,NA,A,01,0,1,0,0,0,0,0,0,0,-,-,34.49626922607422,-116.95594787597656,SAN BERNARDINO,UNINCORPORATED,-116.92820739746094,34.99903106689453