CASE_ID,ACCIDENT_YEAR,PROC_DATE,JURIS,COLLISION_DATE,COLLISION_TIME,OFFICER_ID,REPORTING_DISTRICT,DAY_OF_WEEK,CHP_SHIFT,POPULATION,CNTY_CITY_LOC,SPECIAL_COND,BEAT_TYPE,CHP_BEAT_TYPE,CITY_DIVISION_LAPD,CHP_BEAT_CLASS,BEAT_NUMBER,PRIMARY_RD,SECONDARY_RD,DISTANCE,DIRECTION,INTERSECTION,WEATHER_1,WEATHER_2,STATE_HWY_IND,CALTRANS_COUNTY,CALTRANS_DISTRICT,STATE_ROUTE,ROUTE_SUFFIX,POSTMILE_PREFIX,POSTMILE,LOCATION_TYPE,RAMP_INTERSECTION,SIDE_OF_HWY,TOW_AWAY,COLLISION_SEVERITY,NUMBER_KILLED,NUMBER_INJURED,PARTY_COUNT,PRIMARY_COLL_FACTOR,PCF_CODE_OF_VIOL,PCF_VIOL_CATEGORY,PCF_VIOLATION,PCF_VIOL_SUBSECTION,HIT_AND_RUN,TYPE_OF_COLLISION,MVIW,PED_ACTION,ROAD_SURFACE,ROAD_COND_1,ROAD_COND_2,LIGHTING,CONTROL_DEVICE,CHP_ROAD_TYPE,PEDESTRIAN_ACCIDENT,BICYCLE_ACCIDENT,MOTORCYCLE_ACCIDENT,TRUCK_ACCIDENT,NOT_PRIVATE_PROPERTY,ALCOHOL_INVOLVED,STWD_VEHTYPE_AT_FAULT,CHP_VEHTYPE_AT_FAULT,COUNT_SEVERE_INJ,COUNT_VISIBLE_INJ,COUNT_COMPLAINT_PAIN,COUNT_PED_KILLED,COUNT_PED_INJURED,COUNT_BICYCLIST_KILLED,COUNT_BICYCLIST_INJURED,COUNT_MC_KILLED,COUNT_MC_INJURED,PRIMARY_RAMP,SECONDARY_RAMP,LATITUDE,LONGITUDE,COUNTY,CITY,POINT_X,POINT_Y
9518933,2022,2023-03-07,3608,2022-12-15,1735,4345,SANBE,4,5,5,3608,0,0,0,NA,0,NA,SAN TIMOTEO CANYON RD,LIVE OAK CANYON RD,2650,W,N,A,-,N,NA,NA,NA,NA,NA,NA,NA,NA,NA,N,4,0,1,2,A,-,03,22350,NA,N,C,C,A,A,H,-,D,A,0,NA,NA,NA,NA,Y,NA,D,22,0,0,1,0,0,0,0,0,0,-,-,NA,NA,SAN BERNARDINO,REDLANDS,-117.17144775390624,34.00715637207031
9520255,2021,2023-07-11,3602,2021-08-30,1941,3978,NA,1,5,5,3602,0,0,0,NA,0,001,NORTON AV,GETTYSBURG ST,294,N,N,C,-,N,NA,NA,NA,NA,NA,NA,NA,NA,NA,Y,1,1,1,2,A,-,01,23152,G,N,C,E,A,A,H,-,A,D,0,NA,NA,Y,NA,Y,NA,C,02,1,0,0,0,0,0,0,1,1,-,-,34.02341842651367,-117.71108245849608,SAN BERNARDINO,CHINO,-117.71109771728516,34.02329635620117
9520262,2022,2023-01-18,3600,2022-11-21,0022,G9963,VC066,1,5,5,3612,0,0,0,NA,0,VC4,BEAR VALLEY RD,EAGLE RANCH PKWY,795,E,N,A,-,N,NA,NA,NA,NA,NA,NA,NA,NA,NA,Y,1,2,0,2,A,-,08,22107,A,N,A,C,A,A,H,-,D,D,0,NA,NA,NA,NA,Y,NA,A,01,0,0,0,0,0,0,0,0,0,-,-,34.47037124633789,-117.38797760009766,SAN BERNARDINO,VICTORVILLE,-117.38808441162108,34.4703369140625
9520279,2021,2023-07-18,3604,2021-12-05,0837,1163,NA,7,5,6,3604,0,0,0,NA,0,NA,JURUPA AV,OLEANDER AV,0,NA,Y,E,-,N,NA,NA,NA,NA,NA,NA,NA,NA,NA,N,1,1,1,2,A,-,12,21453,A,N,D,C,A,A,H,-,A,A,0,NA,NA,NA,Y,Y,Y,A,01,1,0,0,0,0,0,0,0,0,-,-,NA,NA,SAN BERNARDINO,FONTANA,-117.44869995117188,34.04828643798828
9520402,2022,2023-02-15,3610,2022-03-20,1010,51003,NA,7,5,6,3610,0,0,0,NA,0,DAVID,E 5TH ST,NORTH WATERMAN AV,0,NA,Y,A,-,N,NA,NA,NA,NA,NA,NA,NA,NA,NA,Y,1,1,3,3,A,-,09,21801,A,N,D,J,A,A,H,-,A,A,0,NA,NA,NA,NA,Y,NA,A,01,3,0,0,0,0,0,0,0,0,-,-,34.10832977294922,-117.2787628173828,SAN BERNARDINO,SAN BERNARDINO,-117.27877044677734,34.10832595825195
9520448,2022,2023-02-21,3610,2022-02-10,1229,50469,NA,4,5,6,3610,0,0,0,NA,0,NA,CACTUS AV,RIALTO AV,0,NA,Y,A,-,N,NA,NA,NA,NA,NA,NA,NA,NA,NA,Y,1,1,2,6,A,-,12,21453,A,N,D,C,A,A,H,-,A,A,0,NA,NA,NA,Y,Y,NA,A,01,0,0,2,0,0,0,0,0,0,-,-,NA,NA,SAN BERNARDINO,SAN BERNARDINO,-117.38346099853516,34.09953308105469
9520520,2022,2023-05-24,3605,2022-12-02,1734,441,NA,5,5,4,3605,0,0,0,NA,0,NA,SAN BERNARDINO ST,CENTRAL AV,367,W,N,A,-,N,NA,NA,NA,NA,NA,NA,NA,NA,NA,N,1,1,0,2,A,-,11,21954,A,N,G,B,D,A,H,-,C,A,0,Y,NA,NA,NA,Y,NA,N,60,0,0,0,1,0,0,0,0,0,-,-,34.07762908935547,-117.68074798583984,SAN BERNARDINO,MONTCLAIR,-117.69081878662108,34.07766342163086
9520601,2023,2025-07-22,3608,2023-04-11,1957,4345,SANBE,2,5,5,3608,0,0,0,NA,0,NA,SAN TIMOTEO CANYON RD,ALESSANDRO RD,1289,W,N,A,-,N,NA,NA,NA,NA,NA,NA,NA,NA,NA,Y,1,2,0,2,A,-,05,21460,A,N,A,C,A,A,H,-,D,A,0,NA,NA,NA,NA,Y,Y,A,01,0,0,0,0,0,0,0,0,0,-,-,NA,NA,SAN BERNARDINO,REDLANDS,-117.1844482421875,34.01448440551758
9520756,2023,2023-10-04,3608,2023-05-07,828,5161,COUNT,7,5,5,3608,0,0,0,NA,0,NA,COLLEGE AV,CHURCH ST,201,E,N,A,-,N,NA,NA,NA,NA,NA,NA,NA,NA,NA,Y,2,0,1,2,C,-,18,NA,NA,M,B,E,A,A,H,-,A,A,0,NA,NA,NA,NA,Y,NA,-,-,1,0,0,0,0,0,0,0,0,-,-,NA,NA,SAN BERNARDINO,REDLANDS,-117.1731414794922,34.06401443481445
9520905,2022,2023-09-20,3600,2022-03-20,1833,F7808,BL103,7,5,2,3680,0,0,0,NA,0,BL1,RT 18,KNICKERBOCKER RD,0,NA,Y,A,-,Y,SBD,8,18,-,-,49.203,I,5,S,Y,1,1,0,2,A,-,09,21801,A,N,D,C,A,A,-,-,A,A,0,NA,NA,Y,NA,Y,NA,A,01,0,0,0,0,0,0,0,1,0,-,-,NA,NA,SAN BERNARDINO,BIG BEAR LAKE,-116.90984344482422,34.24370574951172
9521073,2022,2022-10-31,3603,2022-09-15,2101,4969,CPD,4,5,4,3603,0,0,0,NA,0,002,G ST,13TH ST,0,NA,Y,A,-,N,NA,NA,NA,NA,NA,NA,NA,NA,NA,N,3,0,1,2,A,-,09,21801,A,N,H,G,A,A,H,-,C,D,0,NA,Y,NA,NA,Y,NA,A,01,0,1,0,0,0,0,1,0,0,-,-,34.06792068481445,-117.31606292724608,SAN BERNARDINO,COLTON,-117.31604766845705,34.06791687011719
9523050,2022,2023-01-30,3603,2022-12-05,0735,4726,CPD,1,5,4,3603,0,0,0,NA,0,003,LA CADENA DR,RANCHO AV,1320,S,N,B,-,N,NA,NA,NA,NA,NA,NA,NA,NA,NA,Y,3,0,1,3,A,-,07,21658,A,N,C,C,A,B,H,-,A,D,0,NA,NA,NA,NA,Y,NA,A,01,0,1,0,0,0,0,0,0,0,-,-,NA,NA,SAN BERNARDINO,COLTON,-117.33112335205078,34.04652404785156
9523632,2022,2022-12-05,3610,2022-10-03,1623,51342,NA,1,5,6,3610,0,0,0,NA,0,POLICE,W 27TH ST,ARROWHEAD AV,0,NA,Y,A,-,N,NA,NA,NA,NA,NA,NA,NA,NA,NA,N,4,0,2,2,A,-,08,22107,NA,N,D,C,A,A,H,-,A,D,0,NA,NA,NA,NA,Y,NA,A,01,0,0,2,0,0,0,0,0,0,-,-,34.140628814697266,-117.28962707519533,SAN BERNARDINO,SAN BERNARDINO,-117.28961944580078,34.14061737060547
9523875,2022,2022-11-21,3608,2022-09-28,1534,3675,NA,3,5,5,3608,0,0,0,NA,0,NA,REDLANDS BL,FERN AV,422,N,N,A,-,N,NA,NA,NA,NA,NA,NA,NA,NA,NA,Y,3,0,2,2,A,-,09,21802,A,N,D,C,A,A,H,-,A,D,0,NA,NA,NA,NA,Y,NA,A,01,0,1,1,0,0,0,0,0,0,-,-,NA,NA,SAN BERNARDINO,REDLANDS,-117.17457580566406,34.054100036621094
9524194,2022,2023-01-20,3610,2022-11-05,0801,50367,NA,6,5,6,3610,0,0,0,NA,0,POLICE,S SIERRA WY,E 34TH ST,0,NA,Y,A,-,N,NA,NA,NA,NA,NA,NA,NA,NA,NA,N,4,0,3,3,A,-,03,22350,NA,N,C,C,A,A,H,-,A,A,0,NA,NA,NA,NA,Y,NA,A,01,0,0,3,0,0,0,0,0,0,-,-,NA,NA,SAN BERNARDINO,SAN BERNARDINO,-117.28507232666016,34.153018951416016
9524734,2022,2022-12-08,3610,2022-10-13,0449,51431,NA,4,5,6,3610,0,0,0,NA,0,POLICE,N RANCHO AV,W RIALTO AV,0,NA,Y,A,-,N,NA,NA,NA,NA,NA,NA,NA,NA,NA,Y,4,0,1,2,A,-,12,21453,A,N,D,C,A,A,H,-,C,A,0,NA,NA,NA,NA,Y,NA,A,01,0,0,1,0,0,0,0,0,0,-,-,NA,NA,SAN BERNARDINO,SAN BERNARDINO,-117.33301544189452,34.09967803955078
9524740,2022,2022-12-15,3610,2022-10-20,1115,51181,NA,4,5,6,3610,0,0,0,NA,0,POLICE,E 6TH ST,NORTH WATERMAN AV,1858,E,N,-,-,N,NA,NA,NA,NA,NA,NA,NA,NA,NA,Y,4,0,1,1,A,-,08,22107,NA,N,-,-,A,-,-,-,-,-,0,NA,NA,NA,NA,Y,NA,A,01,0,0,1,0,0,0,0,0,0,-,-,NA,NA,SAN BERNARDINO,SAN BERNARDINO,-117.27265167236328,34.110198974609375
9525214,2022,2023-02-08,3610,2022-12-08,1620,51369,NA,4,5,6,3610,0,0,0,NA,0,POLICE,N CAJON DR,N MEDICAL CENTER DR,184,S,N,A,-,N,NA,NA,NA,NA,NA,NA,NA,NA,NA,Y,3,0,2,2,A,-,03,22350,NA,N,C,C,A,A,H,-,B,D,0,NA,NA,NA,Y,Y,NA,F,26,0,1,1,0,0,0,0,0,0,-,-,34.141841888427734,-117.3206024169922,SAN BERNARDINO,SAN BERNARDINO,-117.32015228271484,34.14146423339844
9525737,2023,2023-03-08,3600,2023-01-08,920,H5907,LLOO4,7,5,3,3615,0,0,0,NA,0,LL1,VAN LEUVEN ST,MOUNTAIN VIEW AV,0,NA,Y,A,-,N,NA,NA,NA,NA,NA,NA,NA,NA,NA,N,3,0,1,2,A,-,12,21453,NA,N,B,B,A,A,H,-,A,A,0,NA,Y,NA,NA,Y,NA,A,01,0,1,0,0,0,0,1,0,0,-,-,34.05577087402344,-117.24382781982422,SAN BERNARDINO,LOMA LINDA,-117.24364471435548,34.05576705932617
9526364,2023,2023-02-24,3603,2023-01-10,1018,4861,CPD,2,5,4,3603,0,0,0,NA,0,001,N PEPPER AV,W SAN BERNARDINO AV,0,NA,Y,C,-,N,NA,NA,NA,NA,NA,NA,NA,NA,NA,Y,3,0,1,2,A,-,09,21801,A,N,D,C,A,B,H,-,A,A,0,NA,NA,NA,NA,Y,NA,A,01,0,1,0,0,0,0,0,0,0,-,-,34.0777587890625,-117.35292816162108,SAN BERNARDINO,COLTON,-117.35292053222656,34.07775115966797
9526458,2023,2023-02-28,3600,2023-01-13,1209,F7786,RC071,5,5,6,3616,0,0,0,NA,0,003,KENSINGTON PL,VICTORIA PARK LN,150,N,N,A,-,N,NA,NA,NA,NA,NA,NA,NA,NA,NA,Y,4,0,1,1,C,-,18,NA,NA,N,E,I,A,A,H,-,A,D,0,NA,NA,NA,NA,Y,NA,-,-,0,0,1,0,0,0,0,0,0,-,-,NA,NA,SAN BERNARDINO,RANCHO CUCAMONGA,-117.5389404296875,34.12908172607422
9527041,2022,2023-02-10,3610,2022-12-27,1747,51363,NA,2,5,6,3610,0,0,0,NA,0,NA,NORTH WATERMAN AV,E 2ND ST,0,NA,Y,A,-,N,NA,NA,NA,NA,NA,NA,NA,NA,NA,N,4,0,1,2,A,-,11,21954,A,N,G,B,E,A,H,-,C,A,0,Y,NA,NA,NA,Y,Y,N,60,0,0,1,0,1,0,0,0,0,-,-,34.104591369628906,-117.2787628173828,SAN BERNARDINO,SAN BERNARDINO,-117.2787628173828,34.10271072387695
9527058,2022,2023-02-10,3610,2022-12-24,1818,51324,NA,6,5,6,3610,0,0,0,NA,0,NA,N SEPULVEDA AV,NORTH SIERRA WY,0,NA,Y,A,-,N,NA,NA,NA,NA,NA,NA,NA,NA,NA,Y,2,0,8,3,A,-,09,21802,A,N,D,C,A,A,H,-,C,A,0,NA,NA,NA,NA,Y,NA,A,01,1,0,7,0,0,0,0,0,0,-,-,34.17164993286133,-117.28279876708984,SAN BERNARDINO,SAN BERNARDINO,-117.28279113769533,34.17164993286133
9528176,2022,2022-11-07,3600,2022-08-17,0750,G3817,CH015,3,5,5,3630,0,0,0,NA,0,CH4,CHINO HILLS PKWY,RT 71,0,NA,Y,A,-,N,NA,NA,NA,NA,NA,NA,NA,NA,NA,N,4,0,2,2,A,-,03,22350,NA,N,C,C,A,A,H,-,A,A,0,NA,NA,NA,NA,Y,NA,A,01,0,0,2,0,0,0,0,0,0,-,-,NA,NA,SAN BERNARDINO,CHINO HILLS,-117.70889282226563,33.982505798339844
9528614,2022,2022-12-01,3600,2022-10-12,0718,B5934,AD314,3,5,3,3613,0,0,0,NA,0,AD2,JOSHUA ST,DAISY RD,0,NA,Y,A,-,N,NA,NA,NA,NA,NA,NA,NA,NA,NA,N,3,0,1,2,A,-,09,21801,A,N,D,C,A,A,H,-,A,D,0,NA,NA,Y,NA,Y,NA,A,01,0,1,0,0,0,0,0,0,1,-,-,NA,NA,SAN BERNARDINO,ADELANTO,-117.43057250976563,34.524837493896484
9529609,2022,2022-12-07,3604,2022-10-15,1907,989,NA,6,5,6,3604,0,0,0,NA,0,NA,SIERRA AV,SOUTH HIGHLAND AV,86,S,N,C,-,N,NA,NA,NA,NA,NA,NA,NA,NA,NA,N,4,0,1,2,A,-,03,22350,NA,M,B,C,A,B,H,-,C,A,0,NA,NA,NA,NA,Y,NA,D,22,0,0,1,0,0,0,0,0,0,-,-,NA,NA,SAN BERNARDINO,FONTANA,-117.4361572265625,34.13319396972656
9530243,2022,2022-11-29,3600,2022-10-13,1420,D3381,VC013,4,5,5,3612,0,0,0,NA,0,VC4,AMARGOSA RD,BEAR VALLEY RD,0,NA,Y,A,-,N,NA,NA,NA,NA,NA,NA,NA,NA,NA,Y,4,0,1,2,A,-,09,21453,C,N,D,C,A,A,H,-,A,A,0,NA,NA,NA,NA,Y,NA,A,07,0,0,1,0,0,0,0,0,0,-,-,34.47145080566406,-117.34951019287108,SAN BERNARDINO,VICTORVILLE,-117.34842681884766,34.47041320800781
9530380,2022,2022-12-08,3600,2022-11-01,0949,J2791,VC021,2,5,5,3612,0,0,0,NA,0,VC3,BEAR VALLEY RD,JACARANDA AV,10,W,N,A,-,N,NA,NA,NA,NA,NA,NA,NA,NA,NA,N,4,0,1,2,A,-,03,22350,NA,N,C,C,A,A,H,-,A,A,0,NA,NA,NA,NA,Y,NA,A,01,0,0,1,0,0,0,0,0,0,-,-,NA,NA,SAN BERNARDINO,VICTORVILLE,-117.26333618164063,34.47106170654297
9530662,2022,2022-12-08,3610,2022-10-17,0711,51369,NA,1,5,6,3610,0,0,0,NA,0,POLICE,N MOUNTAIN VIEW AV,W 27TH ST,0,NA,Y,A,-,N,NA,NA,NA,NA,NA,NA,NA,NA,NA,N,4,0,1,2,A,-,08,22107,NA,F,D,C,A,A,H,-,A,D,0,NA,NA,NA,Y,Y,Y,F,26,0,0,1,0,0,0,0,0,0,-,-,34.14039993286133,-117.28694915771484,SAN BERNARDINO,SAN BERNARDINO,-117.28742980957033,34.140663146972656
9530907,2022,2022-12-16,3600,2022-10-09,1741,G8565,HI015,7,5,4,3618,0,0,0,NA,0,HI2,9TH ST,CENTRAL AV,0,NA,Y,A,-,N,NA,NA,NA,NA,NA,NA,NA,NA,NA,Y,3,0,2,2,A,-,12,22450,NA,N,D,C,A,A,H,-,B,A,0,NA,NA,NA,NA,Y,NA,A,01,0,2,0,0,0,0,0,0,0,-,-,NA,NA,SAN BERNARDINO,HIGHLAND,-117.21751403808594,34.11568069458008
9532095,2022,2022-11-14,3600,2022-03-15,1458,C9389,RC052,2,5,6,3616,0,0,0,NA,0,RC4,FOOTHILL BL,VINEYARD AV,0,NA,Y,A,-,N,NA,NA,NA,NA,NA,NA,NA,NA,NA,N,4,0,1,2,A,-,03,22350,NA,N,C,C,A,A,H,-,A,D,0,NA,NA,NA,NA,Y,NA,A,01,0,0,1,0,0,0,0,0,0,-,-,NA,NA,SAN BERNARDINO,RANCHO CUCAMONGA,-117.61106872558594,34.106571197509766
9532101,2022,2023-08-22,3600,2022-04-16,2218,F9068,R018,6,5,6,3616,0,0,0,NA,0,RC5,SPRUCE AV,FOOTHILL BL,0,NA,Y,A,-,N,NA,NA,NA,NA,NA,NA,NA,NA,NA,Y,4,0,1,2,A,-,09,21802,A,N,D,C,A,A,H,-,C,D,0,NA,NA,NA,NA,Y,NA,A,01,0,0,1,0,0,0,0,0,0,-,-,NA,NA,SAN BERNARDINO,RANCHO CUCAMONGA,-117.56692504882813,34.10639953613281
9532133,2022,2022-11-16,3600,2022-05-20,2043,D6683,RC006,5,5,6,3616,0,0,0,NA,0,RC6,FOOTHILL BL,DAY CREEK BL,217,E,N,A,-,N,NA,NA,NA,NA,NA,NA,NA,NA,NA,Y,4,0,1,2,A,-,03,22350,NA,N,C,D,A,A,H,-,D,A,0,NA,NA,NA,NA,Y,NA,A,01,0,0,1,0,0,0,0,0,0,-,-,NA,NA,SAN BERNARDINO,RANCHO CUCAMONGA,-117.53653717041016,34.106231689453125
9533196,2022,2023-01-26,3608,2022-11-13,1102,5044,NA,7,5,5,3608,0,0,0,NA,0,NA,LIVE OAK CANYON RD,RT 10,148,W,N,A,-,N,NA,NA,NA,NA,NA,NA,NA,NA,NA,Y,4,0,1,1,A,-,03,22350,NA,N,F,A,A,A,B,-,C,A,0,NA,NA,Y,NA,Y,NA,C,02,0,0,1,0,0,0,0,0,1,-,-,34.00474166870117,-117.19969940185548,SAN BERNARDINO,REDLANDS,-117.09647369384766,34.016395568847656
9534060,2022,2023-02-03,3604,2022-12-15,1619,768,NA,4,5,6,3604,0,0,0,NA,0,NA,SIERRA AV,SLOVER AV,721,N,N,A,-,N,NA,NA,NA,NA,NA,NA,NA,NA,NA,N,3,0,1,2,A,-,03,22350,NA,N,C,C,A,A,H,-,B,A,0,NA,NA,NA,NA,Y,NA,D,22,0,1,0,0,0,0,0,0,0,-,-,NA,NA,SAN BERNARDINO,FONTANA,-117.43575286865234,34.0650749206543
9534080,2022,2023-02-06,3604,2022-12-13,1723,680,NA,2,5,6,3604,0,0,0,NA,0,NA,MERRILL AV,WILLIAMS RD,50,W,N,A,-,N,NA,NA,NA,NA,NA,NA,NA,NA,NA,Y,4,0,1,4,A,-,03,22350,NA,N,C,C,A,A,H,-,C,D,0,NA,NA,NA,NA,Y,NA,D,22,0,0,1,0,0,0,0,0,0,-,-,NA,NA,SAN BERNARDINO,FONTANA,-117.40703582763672,34.092227935791016
9534104,2022,2023-02-07,3604,2022-12-19,1511,768,NA,1,5,6,3604,0,0,0,NA,0,NA,SANTA ANA AV,JUNIPER AV,0,NA,Y,A,-,N,NA,NA,NA,NA,NA,NA,NA,NA,NA,Y,3,0,2,2,A,-,01,23152,A,N,D,C,A,A,H,-,A,A,0,NA,NA,NA,NA,Y,Y,D,22,0,1,1,0,0,0,0,0,0,-,-,NA,NA,SAN BERNARDINO,FONTANA,-117.43997955322266,34.05576705932617
9534731,2022,2023-01-18,3600,2022-10-27,2330,I6886,VC087,4,5,5,3612,0,0,0,NA,0,VC6,AIR EXPRESS WY,NEVADA AV,1333,W,N,A,-,N,NA,NA,NA,NA,NA,NA,NA,NA,NA,Y,3,0,1,2,A,-,01,23152,A,N,C,C,A,A,H,-,C,D,0,NA,NA,NA,NA,Y,Y,A,01,0,1,0,0,0,0,0,0,0,-,-,34.572200775146484,-117.36524200439452,SAN BERNARDINO,VICTORVILLE,-117.36964416503906,34.572200775146484
9536245,2022,2023-01-10,3605,2022-12-07,2136,409,NA,3,5,4,3605,0,0,0,NA,0,NA,CENTRAL AV,RT 10,0,NA,Y,B,-,Y,SBD,8,10,-,-,1.117,R,4,E,N,4,0,2,2,A,-,12,21453,A,N,D,C,A,A,H,-,C,A,0,NA,NA,NA,NA,Y,NA,A,01,0,0,2,0,0,0,0,0,0,-,-,34.0855598449707,-117.68959045410156,SAN BERNARDINO,MONTCLAIR,-117.69156646728516,34.08455276489258
9536628,2022,2022-12-28,3600,2022-08-16,1901,F8556,RC002,2,5,6,3616,0,0,0,NA,0,006,ARROW RT,ROCHESTER AV,45,W,N,A,-,N,NA,NA,NA,NA,NA,NA,NA,NA,NA,N,4,0,1,2,A,-,03,22350,NA,N,C,C,A,A,H,-,A,A,0,NA,NA,NA,Y,Y,NA,F,25,0,0,1,0,0,0,0,0,0,-,-,NA,NA,SAN BERNARDINO,RANCHO CUCAMONGA,-117.54592895507813,34.099090576171875
9537450,2022,2023-01-03,3600,2022-11-13,1829,H8283,TW003,7,5,3,3617,0,0,0,NA,0,TW1,RT 62,ENCELIA AV,0,NA,Y,A,-,Y,SBD,8,62,-,-,30.86,H,-,E,Y,4,0,3,2,A,-,09,21801,NA,N,A,C,A,A,H,-,C,D,0,NA,NA,NA,NA,Y,NA,A,07,0,0,3,0,0,0,0,0,0,-,-,34.13536834716797,-116.09544372558594,SAN BERNARDINO,TWENTYNINE PALMS,-116.09536743164063,34.13542938232422
9537747,2022,2023-01-06,3600,2022-10-31,2156,G6902,GT007,1,5,3,3690,0,0,0,NA,0,GT1,BARTON RD,COMMERCE WY,0,NA,Y,A,-,N,NA,NA,NA,NA,NA,NA,NA,NA,NA,Y,3,0,2,2,A,-,07,21658,A,N,A,C,A,A,-,-,C,A,0,NA,NA,NA,NA,Y,NA,D,22,0,1,1,0,0,0,0,0,0,-,-,NA,NA,SAN BERNARDINO,GRAND TERRACE,-117.32138061523438,34.033878326416016
9539693,2022,2023-02-06,3600,2022-12-23,1459,G7670,AP08,5,5,5,3621,0,0,0,NA,0,AP03,BEAR VALLEY RD,KIOWA RD,0,NA,Y,A,-,N,NA,NA,NA,NA,NA,NA,NA,NA,NA,Y,4,0,2,3,A,-,12,21453,A,N,A,C,A,A,H,-,A,A,0,NA,NA,NA,NA,Y,NA,-,NA,0,0,2,0,0,0,0,0,0,-,-,NA,NA,SAN BERNARDINO,APPLE VALLEY,-117.20772552490234,34.471439361572266
9539863,2022,2023-02-02,3605,2022-12-11,1611,448,NA,7,5,4,3605,0,0,0,NA,0,NA,SAN BERNARDINO ST,MONTE VISTA AV,0,NA,Y,B,-,N,NA,NA,NA,NA,NA,NA,NA,NA,NA,Y,3,0,2,2,A,-,09,21801,A,N,D,C,A,A,H,-,A,A,0,NA,NA,NA,NA,Y,Y,A,01,0,1,1,0,0,0,0,0,0,-,-,34.077598571777344,-117.68949127197266,SAN BERNARDINO,MONTCLAIR,-117.6982192993164,34.07766342163086
9540288,2022,2023-02-03,3600,2022-11-21,1758,H5236,CH015,1,5,5,3630,0,0,0,NA,0,CH4,RAMONA AV,RT 71,0,NA,Y,A,-,Y,SBD,8,71,-,R,3.36,R,4,S,N,4,0,2,2,A,-,12,21453,NA,N,D,C,A,A,H,-,B,A,0,NA,NA,NA,NA,Y,NA,A,01,0,0,2,0,0,0,0,0,0,-,SO,33.980018615722656,-117.70610809326172,SAN BERNARDINO,CHINO HILLS,-117.70860290527344,33.98258590698242
9540301,2022,2023-01-26,3600,2022-08-24,0806,F6913,RC038,3,5,6,3616,0,0,0,NA,0,004,FOOTHILL BL,HELLMAN AV,0,NA,Y,A,-,N,NA,NA,NA,NA,NA,NA,NA,NA,NA,Y,3,0,4,3,A,-,12,21453,A,N,D,C,A,A,H,-,A,A,0,NA,NA,NA,NA,Y,NA,A,01,0,1,3,0,0,0,0,0,0,-,-,NA,NA,SAN BERNARDINO,RANCHO CUCAMONGA,-117.60231018066406,34.10651779174805
9541598,2022,2022-12-27,3600,2022-08-28,2053,H5854,RC028,7,5,6,3616,0,0,0,NA,0,RC2,BASE LINE RD,HERMOSA AV,0,NA,Y,A,-,N,NA,NA,NA,NA,NA,NA,NA,NA,NA,Y,3,0,1,2,A,-,09,21801,NA,N,D,C,A,A,H,-,C,A,0,NA,NA,NA,NA,Y,NA,A,01,0,1,0,0,0,0,0,0,0,-,-,NA,NA,SAN BERNARDINO,RANCHO CUCAMONGA,-117.58468627929688,34.12152862548828
9541742,2022,2023-01-20,3600,2022-11-06,0025,I6865,VC026,7,5,5,3612,0,0,0,NA,0,VC3,PALMDALE RD,RT 15,0,NA,Y,A,-,Y,SBD,8,15,-,-,40.683,R,4,N,Y,3,0,2,2,A,-,12,21453,NA,N,D,C,A,A,H,-,C,A,0,NA,NA,NA,NA,Y,NA,A,01,0,2,0,0,0,0,0,0,0,-,NO,34.50822067260742,-117.3213119506836,SAN BERNARDINO,VICTORVILLE,-117.32213592529295,34.51009750366211
9543605,2022,2023-02-01,3600,2022-10-28,1317,S4227,CH002,5,5,5,3630,0,0,0,NA,0,001,ROCK SPRINGS DR,SARATOGA LN,131,S,N,A,-,N,NA,NA,NA,NA,NA,NA,NA,NA,NA,N,3,0,1,1,A,-,03,22350,NA,N,A,-,A,A,H,-,A,D,0,NA,NA,NA,NA,Y,NA,D,22,0,1,0,0,0,0,0,0,0,-,-,NA,NA,SAN BERNARDINO,CHINO HILLS,-117.7534637451172,34.0159912109375
9543675,2022,2023-02-04,3600,2022-12-16,2118,I6088,HE307,5,5,5,3619,0,0,0,NA,0,HE5,MAIN ST,OAKWOOD AV,0,NA,Y,A,-,N,NA,NA,NA,NA,NA,NA,NA,NA,NA,Y,3,0,1,2,A,-,09,21802,A,N,A,C,A,A,H,-,C,D,0,NA,NA,NA,NA,Y,NA,D,22,0,1,0,0,0,0,0,0,0,-,-,NA,NA,SAN BERNARDINO,HESPERIA,-117.3426513671875,34.42685317993164
9543720,2022,2023-01-30,3600,2022-11-05,1511,G8592,CH025,6,5,5,3630,0,0,0,NA,0,CH01,GRAND AV,FOUNDER DR,0,NA,Y,A,-,N,NA,NA,NA,NA,NA,NA,NA,NA,NA,Y,4,0,1,2,A,-,12,21453,A,N,A,C,A,A,H,-,A,A,0,NA,NA,NA,NA,Y,NA,A,01,0,0,1,0,0,0,0,0,0,-,-,33.99348068237305,-117.76193237304688,SAN BERNARDINO,CHINO HILLS,-117.76197814941406,33.993568420410156
9546369,2023,2023-03-03,3600,2023-01-26,1208,I1632,HE107,4,5,5,3619,0,0,0,NA,0,HE1,EUCALYPTUS ST,LOCUST AV,4,W,N,A,-,N,NA,NA,NA,NA,NA,NA,NA,NA,NA,N,4,0,1,2,A,-,09,21802,A,N,D,C,A,A,H,-,A,A,0,NA,NA,NA,NA,Y,NA,A,01,0,0,1,0,0,0,0,0,0,-,-,NA,NA,SAN BERNARDINO,HESPERIA,-117.33414459228516,34.45602798461914
9546730,2022,2023-03-10,3600,2022-12-11,2328,H7620,RC073,7,5,6,3616,0,0,0,NA,0,RC6,FOOTHILL BL,ETIWANDA AV,0,NA,Y,A,-,N,NA,NA,NA,NA,NA,NA,NA,NA,NA,Y,4,0,1,2,A,-,09,21453,C,N,D,D,A,A,H,-,C,A,0,NA,NA,NA,NA,Y,NA,A,01,0,0,1,0,0,0,0,0,0,-,-,NA,NA,SAN BERNARDINO,RANCHO CUCAMONGA,-117.52371215820313,34.10619354248047