CASE_ID,ACCIDENT_YEAR,PROC_DATE,JURIS,COLLISION_DATE,COLLISION_TIME,OFFICER_ID,REPORTING_DISTRICT,DAY_OF_WEEK,CHP_SHIFT,POPULATION,CNTY_CITY_LOC,SPECIAL_COND,BEAT_TYPE,CHP_BEAT_TYPE,CITY_DIVISION_LAPD,CHP_BEAT_CLASS,BEAT_NUMBER,PRIMARY_RD,SECONDARY_RD,DISTANCE,DIRECTION,INTERSECTION,WEATHER_1,WEATHER_2,STATE_HWY_IND,CALTRANS_COUNTY,CALTRANS_DISTRICT,STATE_ROUTE,ROUTE_SUFFIX,POSTMILE_PREFIX,POSTMILE,LOCATION_TYPE,RAMP_INTERSECTION,SIDE_OF_HWY,TOW_AWAY,COLLISION_SEVERITY,NUMBER_KILLED,NUMBER_INJURED,PARTY_COUNT,PRIMARY_COLL_FACTOR,PCF_CODE_OF_VIOL,PCF_VIOL_CATEGORY,PCF_VIOLATION,PCF_VIOL_SUBSECTION,HIT_AND_RUN,TYPE_OF_COLLISION,MVIW,PED_ACTION,ROAD_SURFACE,ROAD_COND_1,ROAD_COND_2,LIGHTING,CONTROL_DEVICE,CHP_ROAD_TYPE,PEDESTRIAN_ACCIDENT,BICYCLE_ACCIDENT,MOTORCYCLE_ACCIDENT,TRUCK_ACCIDENT,NOT_PRIVATE_PROPERTY,ALCOHOL_INVOLVED,STWD_VEHTYPE_AT_FAULT,CHP_VEHTYPE_AT_FAULT,COUNT_SEVERE_INJ,COUNT_VISIBLE_INJ,COUNT_COMPLAINT_PAIN,COUNT_PED_KILLED,COUNT_PED_INJURED,COUNT_BICYCLIST_KILLED,COUNT_BICYCLIST_INJURED,COUNT_MC_KILLED,COUNT_MC_INJURED,PRIMARY_RAMP,SECONDARY_RAMP,LATITUDE,LONGITUDE,COUNTY,CITY,POINT_X,POINT_Y
9641006,2024,2024-10-14,3610,2024-04-12,1708,50571,NA,5,5,6,3610,0,0,0,NA,0,NA,E MARSHALL BL,STERLING AV,0,NA,Y,B,-,N,NA,NA,NA,NA,NA,NA,NA,NA,NA,Y,1,1,0,2,A,-,01,23152,F,N,D,C,A,A,H,-,A,A,0,NA,NA,Y,NA,Y,NA,C,02,0,0,0,0,0,0,0,1,0,-,-,34.14942932128906,-117.24369049072266,SAN BERNARDINO,SAN BERNARDINO,-117.24371337890624,34.149436950683594
9641219,2023,2023-12-21,3600,2023-11-01,117,H7639,LL2,3,5,3,3615,0,0,0,NA,0,LL008,BARTON RD,UNIVERSITY AV,1213,E,N,-,-,N,NA,NA,NA,NA,NA,NA,NA,NA,NA,Y,3,0,1,1,A,-,01,23152,A,N,E,I,A,A,H,-,C,D,0,NA,NA,NA,NA,Y,Y,A,01,0,1,0,0,0,0,0,0,0,-,-,NA,NA,SAN BERNARDINO,LOMA LINDA,-117.27136993408205,34.04996109008789
9641529,2023,2024-01-10,3600,2023-11-02,938,E3370,RC008,4,5,6,3616,0,0,0,NA,0,003,BASE LINE RD,EAST AV,21,W,N,A,-,N,NA,NA,NA,NA,NA,NA,NA,NA,NA,Y,3,0,5,2,A,-,12,21453,A,N,D,C,A,A,H,-,A,A,0,NA,NA,NA,NA,Y,NA,A,01,0,4,1,0,0,0,0,0,0,-,-,NA,NA,SAN BERNARDINO,RANCHO CUCAMONGA,-117.51474761962892,34.12131118774414
9641572,2023,2024-01-19,3603,2023-10-23,1630,4916,CPD,1,5,4,3603,0,0,0,NA,0,002,VALLEY BL,MT VERNON AV,100,W,N,A,-,N,NA,NA,NA,NA,NA,NA,NA,NA,NA,N,4,0,1,2,A,-,04,21703,NA,N,C,C,A,A,H,-,A,A,0,NA,NA,NA,NA,Y,NA,-,NA,0,0,1,0,0,0,0,0,0,-,-,34.0654296875,-117.31387329101563,SAN BERNARDINO,COLTON,-117.3141632080078,34.06547546386719
9642206,2023,2023-12-19,3600,2023-10-02,1433,D3381,VC007,1,5,5,3612,0,0,0,NA,0,VC6,PHANTOM WEST,COUGAR ST,0,NA,Y,A,-,N,NA,NA,NA,NA,NA,NA,NA,NA,NA,Y,4,0,2,2,A,-,03,22350,NA,N,D,C,A,A,H,-,A,A,0,NA,NA,NA,NA,Y,NA,A,01,0,0,2,0,0,0,0,0,0,-,-,34.58662033081055,-117.3739776611328,SAN BERNARDINO,VICTORVILLE,NA,NA
9642542,2023,2023-12-22,3600,2023-11-09,1045,F3800,YC403,4,5,4,3640,0,0,0,NA,0,YC3,CALIMESA BL,OAK GLEN RD,250,E,N,A,-,N,NA,NA,NA,NA,NA,NA,NA,NA,NA,N,3,0,1,2,A,-,08,22105,NA,N,D,C,A,A,H,-,A,D,0,NA,NA,NA,NA,Y,NA,A,01,0,1,0,0,0,0,0,0,0,-,-,NA,NA,SAN BERNARDINO,YUCAIPA,-117.09364318847656,34.017364501953125
9643090,2023,2023-12-12,3600,2023-10-24,818,G7900,H1001,2,5,4,3618,0,0,0,NA,0,0H1,ELM ST,ELM ST 7859,0,NA,N,A,-,N,NA,NA,NA,NA,NA,NA,NA,NA,NA,Y,3,0,2,2,A,-,07,21658,NA,N,B,E,A,A,H,-,A,A,0,NA,NA,NA,NA,Y,NA,A,01,0,1,1,0,0,0,0,0,0,-,-,34.11082077026367,-117.24591827392578,SAN BERNARDINO,HIGHLAND,-122.6320571899414,38.00750350952149
9643254,2023,2024-01-09,3610,2023-11-08,227,51500,NA,3,5,6,3610,0,0,0,NA,0,NA,E 3RD ST,N STERLING AV,470,E,N,A,-,N,NA,NA,NA,NA,NA,NA,NA,NA,NA,Y,4,0,2,2,A,-,03,22350,NA,M,C,D,A,A,H,-,C,A,0,NA,NA,NA,NA,Y,NA,A,01,0,0,2,0,0,0,0,0,0,-,-,NA,NA,SAN BERNARDINO,SAN BERNARDINO,-117.24214935302734,34.106781005859375
9644163,2023,2023-12-11,3605,2023-10-25,1341,457,NA,3,5,4,3605,0,0,0,NA,0,NA,RAMONA AV,HOLT BL,57,N,N,B,-,N,NA,NA,NA,NA,NA,NA,NA,NA,NA,N,3,0,1,2,A,-,11,21954,A,N,G,B,D,A,H,-,A,A,0,Y,NA,NA,NA,Y,NA,N,60,0,1,0,0,1,0,0,0,0,-,-,34.063148498535156,-117.70703887939452,SAN BERNARDINO,MONTCLAIR,-117.70706176757813,34.06327438354492
9644164,2023,2023-12-11,3605,2023-10-25,1339,448,NA,3,5,4,3605,0,0,0,NA,0,NA,BROOKS ST,MONTE VISTA AV,986,W,N,B,-,N,NA,NA,NA,NA,NA,NA,NA,NA,NA,N,4,0,2,2,A,-,09,21804,A,N,D,C,A,A,H,-,A,D,0,NA,NA,NA,NA,Y,NA,A,01,0,0,2,0,0,0,0,0,0,-,-,34.061519622802734,-117.69827270507813,SAN BERNARDINO,MONTCLAIR,-117.70151519775392,34.06161880493164
9644451,2023,2023-12-22,3605,2023-11-16,1832,472,NA,4,5,4,3605,0,0,0,NA,0,NA,BENSON AVE,PALO VERDE ST,10,S,N,A,-,N,NA,NA,NA,NA,NA,NA,NA,NA,NA,NA,4,0,2,2,A,-,08,22107,NA,N,D,C,A,A,H,-,C,A,0,NA,NA,NA,NA,Y,NA,A,07,0,0,2,0,0,0,0,0,0,-,-,34.08147048950195,-117.68090057373048,SAN BERNARDINO,MONTCLAIR,-117.68083953857422,34.0814208984375
9644592,2023,2024-01-22,3605,2023-11-04,342,401,NA,6,5,4,3605,0,0,0,NA,0,NA,HOLT BL,CENTRAL AV,873,W,N,A,-,N,NA,NA,NA,NA,NA,NA,NA,NA,NA,Y,4,0,1,2,A,-,08,22107,NA,N,C,E,A,A,H,-,C,A,0,NA,NA,NA,NA,Y,NA,D,22,0,0,1,0,0,0,0,0,0,-,-,NA,NA,SAN BERNARDINO,MONTCLAIR,-117.69261169433594,34.06312942504883
9647080,2023,2023-12-05,3600,2023-08-11,1645,I2644,HE412,5,5,5,3619,0,0,0,NA,0,HE4,CHASE AV,E AV,759,E,N,A,-,N,NA,NA,NA,NA,NA,NA,NA,NA,NA,Y,3,0,1,2,A,-,09,21801,A,N,A,C,A,A,H,-,A,A,0,NA,NA,Y,NA,Y,NA,C,06,0,1,0,0,0,0,0,0,1,-,-,NA,NA,SAN BERNARDINO,HESPERIA,-117.29717254638672,34.387489318847656
9647092,2023,2023-12-05,3600,2023-08-12,2106,I9531,HE410,6,5,5,3619,0,0,0,NA,0,HE4,ARROWHEAD LAKE RD,DANBURY AV,0,NA,Y,A,-,N,NA,NA,NA,NA,NA,NA,NA,NA,NA,Y,3,0,1,2,A,-,01,23152,A,N,A,C,A,A,H,-,D,D,0,NA,NA,NA,NA,Y,Y,A,07,0,1,0,0,0,0,0,0,0,-,-,NA,NA,SAN BERNARDINO,HESPERIA,-117.24935150146484,34.40211486816406
9647099,2023,2023-12-05,3600,2023-08-10,1522,J4807,HE129,4,5,5,3619,0,0,0,NA,0,HE5,MAIN ST,11TH AV,292,E,N,A,-,N,NA,NA,NA,NA,NA,NA,NA,NA,NA,N,4,0,3,3,A,-,03,22350,NA,N,C,C,A,A,H,-,A,A,0,NA,NA,NA,NA,Y,NA,A,01,0,0,3,0,0,0,0,0,0,-,-,NA,NA,SAN BERNARDINO,HESPERIA,-117.32415008544922,34.42488479614258
9647265,2023,2024-01-18,3610,2023-11-12,1506,51326,NA,7,5,6,3610,0,0,0,NA,0,NA,N LITTLE MOUNTAIN DR,W KENDALL DR,0,S,N,A,-,N,NA,NA,NA,NA,NA,NA,NA,NA,NA,Y,3,0,1,1,A,-,03,22350,NA,N,F,I,A,A,H,-,A,D,0,NA,NA,NA,NA,Y,NA,A,01,0,1,0,0,0,0,0,0,0,-,-,NA,NA,SAN BERNARDINO,SAN BERNARDINO,-117.3164291381836,34.16913986206055
9647526,2023,2023-12-19,3600,2023-11-05,1710,I3325,RC055,7,5,6,3616,0,0,0,NA,0,RC4,FOOTHILL BL,HIGHRIDGE PL,0,NA,Y,A,-,N,NA,NA,NA,NA,NA,NA,NA,NA,NA,Y,2,0,1,2,A,-,12,21453,A,N,A,C,A,A,H,-,C,A,0,NA,NA,NA,NA,Y,Y,A,01,1,0,0,0,0,0,0,0,0,-,-,NA,NA,SAN BERNARDINO,RANCHO CUCAMONGA,-117.61529541015624,34.10650634765625
9647561,2023,2023-12-21,3600,2023-10-01,2134,H5176,CH003,7,5,5,3630,0,0,0,NA,0,001,PEYTON DR,RT 71,0,NA,Y,A,-,Y,LA,7,71,-,R,4.541,R,4,S,Y,3,0,1,2,A,-,12,21453,A,N,D,C,A,A,H,-,C,D,0,NA,NA,NA,NA,Y,NA,A,01,0,1,0,0,0,0,0,0,0,-,SF,NA,NA,SAN BERNARDINO,CHINO HILLS,-117.74748992919922,34.02183532714844
9647569,2023,2023-12-18,3600,2023-10-13,2230,I8673,RC069,5,5,6,3616,0,0,0,NA,0,003,CHERRY AV,WILSON AV,650,S,N,A,-,N,NA,NA,NA,NA,NA,NA,NA,NA,NA,Y,2,0,4,2,A,-,05,21651,NA,F,B,C,A,A,H,-,C,A,0,NA,NA,NA,NA,Y,NA,A,01,1,3,0,0,0,0,0,0,0,-,-,NA,NA,SAN BERNARDINO,RANCHO CUCAMONGA,NA,NA
9647696,2023,2023-12-16,3600,2023-10-24,1741,H6867,CH025,2,5,5,3630,0,0,0,NA,0,CH01,GRAND AV,LABAND VILLAGE CENTER,114,E,N,A,-,N,NA,NA,NA,NA,NA,NA,NA,NA,NA,Y,3,0,1,2,A,-,03,22350,NA,N,B,C,A,A,H,-,A,D,0,NA,NA,Y,NA,Y,NA,C,02,0,1,0,0,0,0,0,0,0,-,-,NA,NA,SAN BERNARDINO,CHINO HILLS,-117.7597198486328,33.99485778808594
9647779,2023,2024-02-12,3604,2023-11-18,2003,1339,NA,6,5,6,3604,0,0,0,NA,0,NA,FOOTHILL BL,CITRUS AV,0,NA,Y,A,-,N,NA,NA,NA,NA,NA,NA,NA,NA,NA,N,4,0,1,2,A,-,11,21950,B,N,G,B,B,A,H,-,C,A,0,Y,NA,NA,NA,Y,NA,N,60,0,0,1,0,1,0,0,0,0,-,-,NA,NA,SAN BERNARDINO,FONTANA,-117.45362854003906,34.10655212402344
9648129,2023,2024-02-26,3600,2023-12-04,1330,D3381,VC,1,5,5,3612,0,0,0,NA,0,VC3,BEAR VALLEY RD,RIDGECREST ROAD,0,NA,Y,A,-,Y,NA,NA,NA,NA,NA,NA,NA,NA,NA,Y,4,0,1,2,A,-,12,21453,A,N,D,C,A,A,H,-,A,A,0,NA,NA,NA,NA,Y,NA,D,22,0,0,1,0,0,0,0,0,0,-,-,34.470298767089844,-117.25675201416016,SAN BERNARDINO,VICTORVILLE,-117.27725219726563,34.47129440307617
9648290,2023,2023-12-20,3604,2023-10-22,2103,1438,NA,7,5,6,3604,0,0,0,NA,0,NA,CITRUS,WALNUT,331,S,N,A,-,N,NA,NA,NA,NA,NA,NA,NA,NA,NA,Y,3,0,1,1,A,-,01,23152,A,N,E,I,A,A,H,-,C,A,0,NA,NA,Y,NA,Y,Y,C,02,0,1,0,0,0,0,0,0,1,-,-,NA,NA,SAN BERNARDINO,FONTANA,-117.4536361694336,34.12770462036133
9648397,2023,2023-12-27,3610,2023-11-22,923,51415,NA,3,5,6,3610,0,0,0,NA,0,NA,N D ST,W BASELINE ST,0,NA,Y,A,-,N,NA,NA,NA,NA,NA,NA,NA,NA,NA,N,3,0,1,2,A,-,12,21453,A,F,G,B,B,A,H,-,A,A,0,Y,NA,NA,NA,Y,NA,-,NA,0,1,0,0,1,0,0,0,0,-,-,34.121341705322266,-117.29190826416016,SAN BERNARDINO,SAN BERNARDINO,-117.29193115234376,34.1213493347168
9648822,2023,2024-01-09,3604,2023-11-20,1734,1395,NA,1,5,6,3604,0,0,0,NA,0,NA,ALDER AV,MALAGA CT,0,NA,Y,A,-,N,NA,NA,NA,NA,NA,NA,NA,NA,NA,Y,2,0,1,2,A,-,09,21802,A,F,D,C,A,A,H,-,C,A,0,NA,NA,Y,NA,Y,NA,A,01,1,0,0,0,0,0,0,0,1,-,-,NA,NA,SAN BERNARDINO,FONTANA,-117.41838836669922,34.110748291015625
9648842,2023,2024-01-09,3605,2023-11-30,1711,476,NA,4,5,4,3605,0,0,0,NA,0,NA,CENTRAL AV,BENITO ST,447,N,N,B,-,N,NA,NA,NA,NA,NA,NA,NA,NA,NA,N,4,0,2,2,A,-,03,22350,NA,N,C,C,A,A,H,-,B,D,0,NA,NA,NA,NA,Y,NA,A,01,0,0,2,0,0,0,0,0,0,-,-,34.07400131225586,-117.68074035644533,SAN BERNARDINO,MONTCLAIR,-117.68962860107422,34.075233459472656
9649351,2023,2024-02-07,3610,2023-12-07,1200,51436,NA,4,5,6,3610,0,0,0,NA,0,NA,N D ST,WEST HIGHLAND AV,0,NA,Y,A,-,N,NA,NA,NA,NA,NA,NA,NA,NA,NA,Y,3,0,1,2,A,-,12,21453,A,N,D,C,A,A,H,-,A,D,0,NA,NA,NA,NA,Y,NA,A,01,0,1,0,0,0,0,0,0,0,-,-,NA,NA,SAN BERNARDINO,SAN BERNARDINO,-117.29190063476563,34.135982513427734
9649359,2023,2024-02-08,3610,2023-12-10,1400,51344,NA,7,5,6,3610,0,0,0,NA,0,NA,E 9TH ST,WATERMAN AV,426,W,N,A,-,N,NA,NA,NA,NA,NA,NA,NA,NA,NA,Y,4,0,2,3,A,-,03,22350,NA,N,C,C,A,A,H,-,A,D,0,NA,NA,NA,NA,Y,NA,A,01,0,0,2,0,0,0,0,0,0,-,-,34.116050720214844,-117.2803192138672,SAN BERNARDINO,SAN BERNARDINO,-117.28018951416016,34.11579132080078
9650123,2023,2024-02-16,3605,2023-12-14,820,448,NA,4,5,4,3605,0,0,0,NA,0,NA,GENEVA AV,BENITO ST,0,NA,Y,A,-,N,NA,NA,NA,NA,NA,NA,NA,NA,NA,N,4,0,1,2,A,-,09,21804,A,N,D,C,A,A,H,-,A,A,0,NA,NA,NA,NA,Y,NA,A,07,0,0,1,0,0,0,0,0,0,-,-,34.073970794677734,-117.6859893798828,SAN BERNARDINO,MONTCLAIR,-117.6948013305664,34.07400131225586
9650197,2023,2024-01-19,3604,2023-11-28,1802,680,NA,2,5,6,3604,0,0,0,NA,0,NA,MARLAY AV,CABERNET DR,250,W,N,A,-,N,NA,NA,NA,NA,NA,NA,NA,NA,NA,Y,4,0,2,3,A,-,09,21804,A,N,C,C,A,A,H,-,C,D,0,NA,NA,NA,Y,Y,NA,A,01,0,0,2,0,0,0,0,0,0,-,-,NA,NA,SAN BERNARDINO,FONTANA,-117.51084136962892,34.04081344604492
9650541,2023,2024-02-06,3608,2023-12-29,1829,5255,3608,5,5,5,3608,0,0,0,NA,0,NA,SAN BERNARDINO AV,TEXAS ST,319,W,N,A,-,N,NA,NA,NA,NA,NA,NA,NA,NA,NA,Y,4,0,2,2,A,-,01,23152,A,N,D,E,A,A,H,-,C,A,0,NA,NA,NA,Y,Y,Y,A,07,0,0,2,0,0,0,0,0,0,-,-,NA,NA,SAN BERNARDINO,REDLANDS,-117.19217681884766,34.07732391357422
9651227,2023,2024-01-30,3610,2023-11-26,1810,51382,NA,7,5,6,3610,0,0,0,NA,0,NA,W 44TH ST,N ELECTRIC AV,157,W,N,G,-,N,NA,NA,NA,NA,NA,NA,NA,NA,NA,Y,4,0,1,2,B,-,22,NA,NA,N,F,C,A,A,H,-,D,D,0,NA,NA,NA,NA,Y,NA,A,01,0,0,1,0,0,0,0,0,0,-,-,34.16830825805664,-117.2890625,SAN BERNARDINO,SAN BERNARDINO,-117.28958892822266,34.16828155517578
9651231,2023,2024-01-30,3610,2023-11-28,1343,51337,NA,2,5,6,3610,0,0,0,NA,0,NA,WEST HIGHLAND AV,N G ST,0,NA,Y,A,-,N,NA,NA,NA,NA,NA,NA,NA,NA,NA,Y,3,0,2,2,C,-,18,NA,NA,N,C,C,A,A,H,-,A,A,0,NA,NA,NA,NA,Y,NA,-,-,0,1,1,0,0,0,0,0,0,-,-,34.13600158691406,-117.2986297607422,SAN BERNARDINO,SAN BERNARDINO,-117.29863739013672,34.13602066040039
9652643,2024,2024-03-26,3608,2024-01-02,720,5160,3608,2,5,5,3608,0,0,0,NA,0,901,ORANGE ST,PEARL AV,51,S,N,A,-,N,NA,NA,NA,NA,NA,NA,NA,NA,NA,Y,3,0,1,2,A,-,08,22100,A,N,B,C,A,B,H,-,A,A,0,NA,NA,NA,NA,Y,NA,A,01,0,1,0,0,0,0,0,0,0,-,-,NA,NA,SAN BERNARDINO,REDLANDS,-117.18255615234376,34.06119155883789
9653013,2024,2024-04-26,3600,2024-01-15,1330,G4510,HI023,1,5,4,3618,0,0,0,NA,0,HI3,HIGHLAND AV,RT 330,0,NA,Y,A,-,Y,SBD,8,330,-,R,29.423,R,4,N,N,4,0,1,2,A,-,12,21453,A,N,D,C,A,A,H,-,A,A,0,NA,NA,NA,NA,Y,NA,D,22,0,0,1,0,0,0,0,0,0,-,-,34.1349983215332,-117.19100189208984,SAN BERNARDINO,HIGHLAND,-117.193359375,34.133544921875
9653592,2023,2024-02-23,3600,2023-12-15,2,I1592,VC073,5,5,5,3612,0,0,0,NA,0,VC6,MOJAVE DR,EL EVADO DR,0,NA,Y,A,-,N,NA,NA,NA,NA,NA,NA,NA,NA,NA,Y,4,0,1,3,A,-,09,21453,C,N,D,C,A,A,H,-,C,A,0,NA,NA,NA,NA,Y,NA,A,01,0,0,1,0,0,0,0,0,0,-,-,34.52846145629883,-117.34678649902344,SAN BERNARDINO,VICTORVILLE,-117.34677124023438,34.5285530090332
9653835,2023,2024-02-26,3600,2023-12-12,1519,J3215,VC028,2,5,5,3612,0,0,0,NA,0,VC2,3RD AV,GREEN TREE BL,0,NA,Y,A,-,N,NA,NA,NA,NA,NA,NA,NA,NA,NA,N,3,0,1,2,A,-,09,21453,C,F,G,B,B,A,H,-,A,A,0,Y,NA,NA,NA,Y,NA,A,01,0,1,0,0,1,0,0,0,0,-,-,34.2958984375,-117.18129730224608,SAN BERNARDINO,VICTORVILLE,-117.30377960205078,34.499961853027344
9653996,2023,2024-02-27,3604,2023-11-15,1800,802,NA,3,5,6,3604,0,0,0,NA,0,NA,BASELINE AV,OLEANDER,0,NA,Y,B,-,N,NA,NA,NA,NA,NA,NA,NA,NA,NA,N,4,0,1,2,A,-,08,22107,NA,M,G,B,B,B,H,-,C,A,0,Y,NA,NA,NA,Y,NA,A,01,0,0,1,0,1,0,0,0,0,-,-,NA,NA,SAN BERNARDINO,FONTANA,-117.4489517211914,34.12144088745117
9654048,2023,2024-02-02,3604,2023-11-26,2054,1339,NA,7,5,6,3604,0,0,0,NA,0,NA,BEECH AV,BASELINE AV,0,NA,Y,A,-,N,NA,NA,NA,NA,NA,NA,NA,NA,NA,N,3,0,1,2,A,-,00,21461,NA,F,G,B,B,A,H,-,C,A,0,Y,NA,NA,NA,Y,NA,N,60,0,1,0,0,1,0,0,0,0,-,-,NA,NA,SAN BERNARDINO,FONTANA,-117.47109985351563,34.121482849121094
9655095,2023,2024-01-29,3604,2023-12-04,1428,1395,NA,1,5,6,3604,0,0,0,NA,0,NA,ARROW BL,CYPRESS AV,0,NA,Y,A,-,N,NA,NA,NA,NA,NA,NA,NA,NA,NA,Y,4,0,1,2,A,-,09,21802,A,N,D,C,A,A,H,-,A,A,0,NA,NA,NA,NA,Y,NA,A,01,0,0,1,0,0,0,0,0,0,-,-,NA,NA,SAN BERNARDINO,FONTANA,-117.44448852539063,34.099327087402344
9655104,2023,2024-01-29,3608,2023-12-11,1722,5007,SBCEN,1,5,5,3608,0,0,0,NA,0,230046,SALEM RD,ALDEN RD,60,W,N,A,-,N,NA,NA,NA,NA,NA,NA,NA,NA,NA,N,2,0,2,3,A,-,03,22350,NA,N,G,B,C,A,H,-,C,D,0,Y,NA,NA,NA,Y,NA,M,96,2,0,0,0,2,0,0,0,0,-,-,NA,NA,SAN BERNARDINO,REDLANDS,-117.1724853515625,34.044639587402344
9655927,2024,2024-01-23,3610,2024-01-07,142,51426,NA,7,5,6,3610,0,0,0,NA,0,NA,KENDALL DR,48TH ST,230,NA,N,C,-,N,NA,NA,NA,NA,NA,NA,NA,NA,NA,Y,3,0,1,3,A,-,08,22107,NA,N,B,E,A,B,H,-,C,D,0,NA,NA,NA,NA,Y,NA,A,01,0,1,0,0,0,0,0,0,0,-,-,NA,NA,SAN BERNARDINO,SAN BERNARDINO,-117.32059478759766,34.17135238647461
9656581,2023,2024-01-30,3610,2023-12-13,1352,1C1,NA,3,5,6,3610,0,0,0,NA,0,NA,E 30TH ST,NORTH WATERMAN AV,0,NA,Y,A,-,N,NA,NA,NA,NA,NA,NA,NA,NA,NA,N,4,0,2,2,A,-,03,22350,NA,N,C,C,A,A,H,-,A,A,0,NA,NA,Y,NA,Y,NA,C,02,0,0,2,0,0,0,0,0,1,-,-,34.145931243896484,-117.27867126464844,SAN BERNARDINO,SAN BERNARDINO,-117.27870178222656,34.14598083496094
9656589,2023,2024-01-30,3610,2023-12-11,1913,50532,NA,1,5,6,3610,0,0,0,NA,0,NA,N CAJON BL,CALIFORNIA ST,6,E,N,A,-,N,NA,NA,NA,NA,NA,NA,NA,NA,NA,Y,2,0,2,2,A,-,01,23152,F,N,A,C,A,A,H,-,D,A,0,NA,NA,NA,NA,Y,NA,A,01,2,0,0,0,0,0,0,0,0,-,-,34.1528205871582,-117.3311004638672,SAN BERNARDINO,SAN BERNARDINO,-117.33100128173828,34.15277862548828
9657363,2024,2024-04-11,3600,2024-01-17,1552,F3800,YC406,3,5,4,3640,0,0,0,NA,0,YC3,YUCAIPA BL,CHINABERRY ST,419,W,N,A,-,N,NA,NA,NA,NA,NA,NA,NA,NA,NA,N,4,0,2,3,A,-,03,22350,NA,N,C,C,A,A,H,-,A,A,0,NA,NA,NA,NA,Y,NA,A,07,0,0,2,0,0,0,0,0,0,-,-,NA,NA,SAN BERNARDINO,YUCAIPA,-117.11602020263672,34.028865814208984
9659021,2023,2024-02-02,3600,2023-12-18,244,I5816,HE304,1,5,5,3619,0,0,0,NA,0,HE3,MAIN ST,MARIPOSA RD,0,NA,Y,A,-,N,NA,NA,NA,NA,NA,NA,NA,NA,NA,Y,4,0,1,2,D,-,00,NA,NA,N,D,C,A,A,H,-,C,A,0,NA,NA,NA,NA,Y,Y,-,-,0,0,1,0,0,0,0,0,0,-,-,NA,NA,SAN BERNARDINO,HESPERIA,-117.37757110595705,34.42677307128906
9659188,2024,2024-03-05,3600,2024-01-08,1628,D3381,VC026,1,5,5,3612,0,0,0,NA,0,VC3,NASSAU DR,CANDLEWOOD DR,0,NA,Y,A,-,N,NA,NA,NA,NA,NA,NA,NA,NA,NA,N,4,0,2,2,A,-,09,21804,A,N,C,C,A,A,H,-,A,A,0,NA,NA,NA,NA,Y,NA,A,01,0,0,2,0,0,0,0,0,0,-,-,34.50236892700195,-117.32025146484376,SAN BERNARDINO,VICTORVILLE,-117.31973266601563,34.50270462036133
9659418,2023,2024-02-21,3600,2023-12-23,1058,F6913,RC068,6,5,6,3616,0,0,0,NA,0,006,FOOTHILL BL,ROCHESTER AV,300,E,N,A,-,N,NA,NA,NA,NA,NA,NA,NA,NA,NA,N,4,0,3,2,A,-,03,22350,NA,N,C,C,A,A,H,-,A,A,0,NA,NA,NA,NA,Y,NA,A,07,0,0,3,0,0,0,0,0,0,-,-,NA,NA,SAN BERNARDINO,RANCHO CUCAMONGA,-117.54463958740234,34.106300354003906
9659534,2023,2024-02-15,3600,2023-09-08,1715,J2817,AD203,5,5,3,3613,0,0,0,NA,0,AD2,KOALA RD,BARCELONA AVE,0,NA,Y,A,-,N,NA,NA,NA,NA,NA,NA,NA,NA,NA,Y,3,0,1,2,D,-,00,NA,NA,N,C,C,A,A,-,-,A,A,0,NA,NA,NA,NA,Y,NA,-,-,0,1,0,0,0,0,0,0,0,-,-,NA,NA,SAN BERNARDINO,ADELANTO,-117.453857421875,34.592491149902344
9659611,2024,2024-03-01,3600,2024-01-25,1447,I1566,AP016,4,5,5,3621,0,0,0,NA,0,AP4,OTTAWA RD,OSAGE RD,216,E,N,A,-,N,NA,NA,NA,NA,NA,NA,NA,NA,NA,Y,4,0,1,1,C,-,18,NA,NA,N,E,I,A,A,H,-,A,D,0,NA,NA,NA,NA,Y,NA,-,-,0,0,1,0,0,0,0,0,0,-,-,NA,NA,SAN BERNARDINO,APPLE VALLEY,-117.18840789794922,34.49327850341797
9659689,2024,2024-03-18,3600,2024-01-04,1512,68603,RC068,4,5,6,3616,0,0,0,NA,0,RC6,FOOTHILL BL,MASI DR,0,NA,Y,A,-,N,NA,NA,NA,NA,NA,NA,NA,NA,NA,Y,3,0,3,2,A,-,12,21453,A,N,A,C,A,A,H,-,A,A,0,NA,NA,NA,NA,Y,NA,A,01,0,3,0,0,0,0,0,0,0,-,-,NA,NA,SAN BERNARDINO,RANCHO CUCAMONGA,-117.54901123046876,34.106292724609375
9660034,2024,2024-03-14,3600,2024-01-25,912,G4510,HI008,4,5,4,3618,0,0,0,NA,0,HI1,VICTORIA AV,9TH ST,70,N,N,B,-,N,NA,NA,NA,NA,NA,NA,NA,NA,NA,N,4,0,1,2,A,-,09,21804,A,N,D,C,A,B,H,-,A,D,0,NA,NA,NA,NA,Y,NA,A,07,0,0,1,0,0,0,0,0,0,-,-,34.11600875854492,-117.22617340087892,SAN BERNARDINO,HIGHLAND,-117.22618865966795,34.11589050292969
9660143,2024,2024-03-01,3608,2024-01-14,1733,5309,RPD,7,5,5,3608,0,0,0,NA,0,901,BROOKSIDE AV,SAN MATEO ST,0,NA,Y,A,-,N,NA,NA,NA,NA,NA,NA,NA,NA,NA,Y,3,0,1,3,A,-,12,21453,A,N,D,C,A,A,H,-,C,A,0,NA,NA,NA,NA,Y,NA,A,01,0,1,0,0,0,0,0,0,0,-,-,NA,NA,SAN BERNARDINO,REDLANDS,-117.19818878173828,34.048404693603516