CASE_ID,ACCIDENT_YEAR,PROC_DATE,JURIS,COLLISION_DATE,COLLISION_TIME,OFFICER_ID,REPORTING_DISTRICT,DAY_OF_WEEK,CHP_SHIFT,POPULATION,CNTY_CITY_LOC,SPECIAL_COND,BEAT_TYPE,CHP_BEAT_TYPE,CITY_DIVISION_LAPD,CHP_BEAT_CLASS,BEAT_NUMBER,PRIMARY_RD,SECONDARY_RD,DISTANCE,DIRECTION,INTERSECTION,WEATHER_1,WEATHER_2,STATE_HWY_IND,CALTRANS_COUNTY,CALTRANS_DISTRICT,STATE_ROUTE,ROUTE_SUFFIX,POSTMILE_PREFIX,POSTMILE,LOCATION_TYPE,RAMP_INTERSECTION,SIDE_OF_HWY,TOW_AWAY,COLLISION_SEVERITY,NUMBER_KILLED,NUMBER_INJURED,PARTY_COUNT,PRIMARY_COLL_FACTOR,PCF_CODE_OF_VIOL,PCF_VIOL_CATEGORY,PCF_VIOLATION,PCF_VIOL_SUBSECTION,HIT_AND_RUN,TYPE_OF_COLLISION,MVIW,PED_ACTION,ROAD_SURFACE,ROAD_COND_1,ROAD_COND_2,LIGHTING,CONTROL_DEVICE,CHP_ROAD_TYPE,PEDESTRIAN_ACCIDENT,BICYCLE_ACCIDENT,MOTORCYCLE_ACCIDENT,TRUCK_ACCIDENT,NOT_PRIVATE_PROPERTY,ALCOHOL_INVOLVED,STWD_VEHTYPE_AT_FAULT,CHP_VEHTYPE_AT_FAULT,COUNT_SEVERE_INJ,COUNT_VISIBLE_INJ,COUNT_COMPLAINT_PAIN,COUNT_PED_KILLED,COUNT_PED_INJURED,COUNT_BICYCLIST_KILLED,COUNT_BICYCLIST_INJURED,COUNT_MC_KILLED,COUNT_MC_INJURED,PRIMARY_RAMP,SECONDARY_RAMP,LATITUDE,LONGITUDE,COUNTY,CITY,POINT_X,POINT_Y
9690766,2024,2024-06-13,3600,2024-04-30,711,H7754,YC209,2,5,4,3640,0,0,0,NA,0,YC1,BRYANT ST,OAK GLEN RD,322,S,N,A,-,N,NA,NA,NA,NA,NA,NA,NA,NA,NA,Y,3,0,2,2,A,-,09,21801,A,N,D,C,A,A,H,-,A,A,0,NA,NA,NA,NA,Y,NA,A,07,0,2,0,0,0,0,0,0,0,-,-,NA,NA,SAN BERNARDINO,YUCAIPA,-117.03446197509766,34.0474967956543
9691369,2024,2024-04-17,3600,2024-02-26,1424,J2823,RC073,1,5,6,3616,0,0,0,NA,0,RC5,MILLIKEN AV,7TH ST,0,NA,Y,C,-,N,NA,NA,NA,NA,NA,NA,NA,NA,NA,N,3,0,1,2,A,-,08,22100,A,N,D,C,A,B,H,-,A,A,0,NA,NA,NA,NA,Y,NA,A,01,0,1,0,0,0,0,0,0,0,-,-,NA,NA,SAN BERNARDINO,RANCHO CUCAMONGA,-117.55844879150392,34.08818435668945
9691886,2024,2024-07-09,3600,2024-03-13,1226,J2943,AD315,3,5,3,3613,0,0,0,NA,0,AD2,PALMDALE RD,ASTER RD,0,NA,Y,A,-,Y,SBD,8,18,-,-,102.973,I,5,N,Y,4,0,1,2,D,-,00,NA,NA,N,D,C,A,A,H,-,A,A,0,NA,NA,NA,Y,Y,NA,-,-,0,0,1,0,0,0,0,0,0,-,-,NA,NA,SAN BERNARDINO,ADELANTO,-117.43475341796876,34.506629943847656
9693351,2024,2024-06-11,3600,2024-04-12,1216,J4447,HI016,5,5,4,3618,0,0,0,NA,0,HI2,CENTRAL AV,13TH ST,0,NA,Y,A,-,N,NA,NA,NA,NA,NA,NA,NA,NA,NA,Y,3,0,1,2,A,-,08,22107,NA,N,D,C,A,A,-,-,A,A,0,NA,NA,Y,NA,Y,NA,A,01,0,1,0,0,0,0,0,0,1,-,-,34.122928619384766,-117.21736907958984,SAN BERNARDINO,HIGHLAND,-117.2174072265625,34.12295150756836
9693596,2024,2024-05-02,3600,2024-02-22,1037,H9028,CH002,4,5,5,3630,0,0,0,NA,0,CH1,CHINO AV,ROCK SPRINGS DR,0,NA,Y,A,-,N,NA,NA,NA,NA,NA,NA,NA,NA,NA,Y,4,0,1,2,A,-,12,22450,A,N,D,C,A,A,H,-,A,D,0,NA,NA,NA,NA,Y,NA,-,NA,0,0,1,0,0,0,0,0,0,-,FR,NA,NA,SAN BERNARDINO,CHINO HILLS,-117.75746917724608,34.01411437988281
9696680,2024,2024-06-21,3610,2024-04-07,1329,51465,NA,7,5,6,3610,0,0,0,NA,0,NA,EAST HIGHLAND AV,N PALM AV,0,NA,Y,A,-,N,NA,NA,NA,NA,NA,NA,NA,NA,NA,Y,4,0,1,2,A,-,12,21453,A,N,D,C,A,A,H,-,A,A,0,NA,NA,NA,NA,Y,NA,A,01,0,0,1,0,0,0,0,0,0,-,-,34.135780334472656,-117.208740234375,SAN BERNARDINO,SAN BERNARDINO,-117.2087631225586,34.13576889038086
9697130,2024,2024-09-24,3608,2024-03-21,2216,5231,NA,4,5,5,3608,0,0,0,NA,0,NA,E LUGONIA AV,DEARBORN ST,685,W,N,A,-,N,NA,NA,NA,NA,NA,NA,NA,NA,NA,Y,3,0,2,1,A,-,03,22350,NA,N,E,J,A,A,-,-,C,A,0,NA,NA,Y,NA,Y,NA,C,02,0,2,0,0,0,0,0,0,2,-,-,NA,NA,SAN BERNARDINO,REDLANDS,-117.14989471435548,34.070068359375
9699504,2024,2024-07-18,3600,2024-05-02,1738,I4720,HE109,4,5,5,3619,0,0,0,NA,0,HE1,EUCALYPTUS ST,3RD AV,0,NA,Y,A,-,N,NA,NA,NA,NA,NA,NA,NA,NA,NA,N,4,0,1,2,D,-,00,NA,NA,N,D,C,A,A,H,-,A,A,0,NA,NA,NA,NA,Y,NA,-,-,0,0,1,0,0,0,0,0,0,-,-,NA,NA,SAN BERNARDINO,HESPERIA,-117.3034896850586,34.45622253417969
9699647,2024,2024-07-19,3610,2024-05-11,1529,51326,NA,6,5,6,3610,0,0,0,NA,0,NA,W KENDALL DR,N UNIVERSITY PKWY,0,NA,Y,A,-,N,NA,NA,NA,NA,NA,NA,NA,NA,NA,N,4,0,2,2,A,-,03,22350,NA,F,C,C,A,A,H,-,A,A,0,NA,NA,NA,NA,Y,NA,A,01,0,0,2,0,0,0,0,0,0,-,-,NA,NA,SAN BERNARDINO,SAN BERNARDINO,-117.33115386962892,34.176265716552734
9700224,2024,2024-06-26,3608,2024-05-02,2107,5370,RPD,4,5,5,3608,0,0,0,NA,0,NA,TENNESSEE ST,ORANGE AV,19,W,N,A,-,N,NA,NA,NA,NA,NA,NA,NA,NA,NA,Y,4,0,1,2,A,-,12,22450,NA,N,D,C,A,A,H,-,C,D,0,NA,NA,NA,NA,Y,NA,A,01,0,0,1,0,0,0,0,0,0,-,-,NA,NA,SAN BERNARDINO,REDLANDS,-117.1999969482422,34.051979064941406
9700814,2024,2024-07-10,3610,2024-05-10,1344,51465,NA,5,5,6,3610,0,0,0,NA,0,NA,S 9TH ST,N H ST,20,E,N,A,B,N,NA,NA,NA,NA,NA,NA,NA,NA,NA,Y,4,0,1,3,A,-,08,22107,NA,N,D,C,A,A,H,-,A,A,0,NA,NA,NA,NA,Y,NA,A,01,0,0,1,0,0,0,0,0,0,-,-,34.115779876708984,-117.30088806152344,SAN BERNARDINO,SAN BERNARDINO,-117.30085754394533,34.11582565307617
9702316,2024,2024-07-18,3600,2024-04-28,1430,J7186,YV007,7,5,3,3631,0,0,0,NA,0,YV1,RT 62,CHURCH ST,0,NA,Y,A,-,Y,SBD,8,62,-,-,11.078,I,5,E,Y,3,0,1,2,A,-,12,21453,A,N,D,C,A,A,H,-,A,A,0,NA,NA,NA,NA,Y,NA,-,NA,0,1,0,0,0,0,0,0,0,-,-,34.120601654052734,-116.43656158447266,SAN BERNARDINO,YUCCA VALLEY,-116.43666839599608,34.120582580566406
9702321,2024,2025-07-01,3600,2024-04-18,1135,F5113,YV007,4,5,3,3631,0,0,0,NA,0,YV1,29 PALMS HWY,KICKAPOO TRL,0,NA,Y,A,-,Y,SBD,8,62,-,-,9.81,H,-,W,N,1,1,0,2,A,-,10,21950,NA,N,G,B,B,A,H,-,A,A,0,Y,NA,NA,NA,Y,NA,A,07,0,0,0,1,0,0,0,0,0,-,-,34.11656188964844,-116.45793151855467,SAN BERNARDINO,YUCCA VALLEY,-116.45791625976563,34.11644744873047
9702613,2024,2024-07-24,3603,2024-05-13,2117,4011,CPD,1,5,4,3603,0,0,0,NA,0,003,RANCHO AV,1-10,0,NA,Y,A,-,N,NA,NA,NA,NA,NA,NA,NA,NA,NA,Y,4,0,1,2,A,-,09,21801,A,N,A,C,A,A,H,-,C,A,0,NA,NA,NA,NA,Y,NA,A,01,0,0,1,0,0,0,0,0,0,-,-,NA,NA,SAN BERNARDINO,COLTON,-117.33582305908205,34.06732940673828
9703809,2024,2024-07-31,3604,2024-05-03,2309,1405,NA,5,5,6,3604,0,0,0,NA,0,NA,VALLEY BL,FONTANA AV,0,NA,Y,A,-,N,NA,NA,NA,NA,NA,NA,NA,NA,NA,Y,4,0,2,1,A,-,03,22350,NA,N,E,I,A,A,H,-,C,A,0,NA,NA,NA,NA,Y,NA,A,01,0,0,2,0,0,0,0,0,0,-,-,NA,NA,SAN BERNARDINO,FONTANA,-117.47560119628906,34.070220947265625
9703821,2024,2024-07-01,3600,2024-05-14,1948,I1565,AP005,2,5,5,3621,0,0,0,NA,0,AP1,APPLE VALLEY RD,SENECA RD,0,NA,Y,A,-,N,NA,NA,NA,NA,NA,NA,NA,NA,NA,Y,4,0,1,2,A,-,12,21453,A,N,D,C,A,A,H,-,C,D,0,NA,NA,NA,NA,Y,NA,A,01,0,0,1,0,0,0,0,0,0,-,-,NA,NA,SAN BERNARDINO,APPLE VALLEY,-117.2432098388672,34.514766693115234
9704463,2024,2024-07-23,3600,2024-05-31,1848,H8975,HE421,5,5,5,3619,0,0,0,NA,0,HE04,ARROWHEAD LAKE RD,RANCHERO RD,0,NA,Y,A,-,N,NA,NA,NA,NA,NA,NA,NA,NA,NA,Y,3,0,2,3,A,-,09,21801,A,N,D,C,A,A,H,-,A,A,0,NA,NA,NA,NA,Y,NA,D,22,0,2,0,0,0,0,0,0,0,-,-,NA,NA,SAN BERNARDINO,HESPERIA,-117.24974822998048,34.393516540527344
9704576,2024,2024-08-08,3600,2024-06-03,1034,H7754,YC403,1,5,4,3640,0,0,0,NA,0,YC3,OAK GLEN RD,RT 10,0,NA,Y,A,-,Y,SBD,8,10,-,R,37.177,R,4,W,Y,4,0,1,2,A,-,12,21453,A,N,D,C,A,A,H,-,A,A,0,NA,NA,NA,NA,Y,NA,A,01,0,0,1,0,0,0,0,0,0,-,WF,NA,NA,SAN BERNARDINO,YUCAIPA,-117.09359741210938,34.01581573486328
9705754,2024,2024-07-18,3608,2024-05-07,1412,5137,RPD,2,5,5,3608,0,0,0,NA,0,NA,NORTH WABASH AV,INDEPENDENCE AV,0,NA,Y,A,-,N,NA,NA,NA,NA,NA,NA,NA,NA,NA,N,3,0,3,2,A,-,12,22450,NA,N,D,C,A,A,H,-,A,D,0,NA,NA,NA,NA,Y,NA,A,07,0,2,1,0,0,0,0,0,0,-,-,NA,NA,SAN BERNARDINO,REDLANDS,-117.13899993896484,34.06032943725586
9705758,2024,2024-07-18,3608,2024-05-17,1253,4024,NA,5,5,5,3608,0,0,0,NA,0,NA,COLTON AV,UNIVERSITY ST,0,NA,Y,A,-,N,NA,NA,NA,NA,NA,NA,NA,NA,NA,Y,4,0,1,2,A,-,12,22450,A,N,D,C,A,A,H,-,A,A,0,NA,NA,NA,NA,Y,NA,A,01,0,0,1,0,0,0,0,0,0,-,-,NA,NA,SAN BERNARDINO,REDLANDS,-117.1672592163086,34.06281280517578
9706386,2024,2024-07-17,3600,2024-05-28,1809,J3215,VC043,2,5,5,3612,0,0,0,NA,0,VC1,RT 18,STODDARD WELLS RD,0,NA,Y,A,-,Y,SBD,8,18,-,-,95.11,H,-,N,Y,2,0,2,1,A,-,03,22350,NA,N,E,I,A,A,H,-,A,D,0,NA,NA,NA,NA,Y,NA,A,01,1,1,0,0,0,0,0,0,0,-,-,34.320701599121094,-117.17009735107422,SAN BERNARDINO,VICTORVILLE,-117.28338623046876,34.53570556640625
9707709,2024,2024-08-22,3600,2024-06-14,1819,G8165,VC056,5,5,5,3612,0,0,0,NA,0,VC7,PALMDALE RD,AMARGOSA RD,0,NA,Y,A,-,Y,SBD,8,18,-,-,97.06,H,-,S,N,4,0,1,2,A,-,03,22350,NA,N,C,C,A,A,H,-,A,A,0,NA,NA,NA,Y,Y,NA,F,27,0,0,1,0,0,0,0,0,0,-,-,34.506858825683594,-117.33110809326172,SAN BERNARDINO,VICTORVILLE,-117.33113861083984,34.506874084472656
9708284,2024,2024-08-07,3610,2024-06-04,300,51362,NA,2,5,6,3610,0,0,0,NA,0,NA,INDUSTRIAL PKWY,LEXINGTON WY,500,N,N,A,-,N,NA,NA,NA,NA,NA,NA,NA,NA,NA,Y,2,0,1,1,A,-,08,22107,NA,N,F,I,A,A,H,-,C,D,0,NA,NA,NA,NA,Y,NA,A,01,1,0,0,0,0,0,0,0,0,-,-,34.183998107910156,-117.35399627685548,SAN BERNARDINO,SAN BERNARDINO,-117.34698486328124,34.1776123046875
9708299,2024,2024-08-08,3600,2024-06-04,1510,H7754,YC403,2,5,4,3640,0,0,0,NA,0,YC3,AVENUE E,13TH ST,0,NA,Y,A,-,N,NA,NA,NA,NA,NA,NA,NA,NA,NA,N,3,0,1,2,A,-,12,22450,A,N,D,C,A,A,H,-,A,A,0,NA,NA,Y,NA,Y,NA,C,02,0,1,0,0,0,0,0,0,1,-,-,NA,NA,SAN BERNARDINO,YUCAIPA,-117.091064453125,34.0266227722168
9708360,2024,2024-08-30,3600,2024-06-12,859,H6868,VC072,3,5,5,3612,0,0,0,NA,0,VC07,BRENDA ST,ONYX ST,0,NA,N,A,-,N,NA,NA,NA,NA,NA,NA,NA,NA,NA,Y,4,0,1,1,C,-,18,NA,NA,N,C,C,A,A,H,-,A,D,0,NA,NA,NA,NA,Y,NA,-,-,0,0,1,0,0,0,0,0,0,-,-,34.527000427246094,-117.38600158691406,SAN BERNARDINO,VICTORVILLE,-117.38619232177734,34.527122497558594
9708627,2024,2024-07-17,3600,2024-05-30,1411,J8162,HE105,4,5,5,3612,0,0,0,NA,0,HE105,BEAR VALLEY RD,HESPERIA RD,0,NA,-,A,-,N,NA,NA,NA,NA,NA,NA,NA,NA,NA,Y,2,0,2,3,A,-,12,21453,NA,N,D,C,A,A,H,-,A,A,0,NA,NA,NA,NA,Y,NA,A,01,1,1,0,0,0,0,0,0,0,-,-,NA,NA,SAN BERNARDINO,VICTORVILLE,-117.2919692993164,34.470916748046875
9708900,2024,2024-08-01,3604,2024-06-28,2123,680,NA,5,5,6,3604,0,0,0,NA,0,NA,LOCUST AV,CITRON AV,95,S,N,A,-,N,NA,NA,NA,NA,NA,NA,NA,NA,NA,Y,3,0,1,1,A,-,03,22350,NA,N,F,A,A,A,H,-,C,D,0,NA,NA,Y,NA,Y,NA,C,02,0,1,0,0,0,0,0,0,1,-,-,34.095489501953125,-117.40978240966795,SAN BERNARDINO,FONTANA,-117.40963745117188,34.094749450683594
9708936,2024,2024-09-18,3610,2024-06-23,1100,51410,NA,7,5,6,3610,0,0,0,NA,0,NA,W 5TH ST,N TIAJUANA ST,0,NA,Y,A,-,Y,SBD,8,66,-,-,21.95,I,5,E,N,3,0,1,2,A,-,00,22450,B,N,G,G,A,A,H,-,A,B,0,NA,Y,NA,NA,Y,NA,A,01,0,1,0,0,0,0,1,0,0,-,-,34.108341217041016,-117.32198333740234,SAN BERNARDINO,SAN BERNARDINO,-117.32199096679688,34.10834503173828
9709221,2024,2024-08-05,3600,2024-06-30,203,I2318,VC047,7,5,5,3612,0,0,0,NA,0,VC8,VILLAGE DR,AMARGOSA RD,0,NA,N,A,-,N,NA,NA,NA,NA,NA,NA,NA,NA,NA,N,4,0,1,2,A,-,04,21703,NA,M,B,C,A,A,H,-,C,A,0,NA,NA,NA,NA,Y,Y,A,01,0,0,1,0,0,0,0,0,0,-,-,34.54331970214844,-117.32833862304688,SAN BERNARDINO,VICTORVILLE,-117.33013153076172,34.54338455200195
9709224,2024,2024-08-05,3600,2024-06-25,1602,D3381,VC064,2,5,5,3612,0,0,0,NA,0,VC4,AMARGOSA RD,LA MESA RD,0,NA,Y,A,-,N,NA,NA,NA,NA,NA,NA,NA,NA,NA,Y,4,0,1,2,A,-,09,21453,C,N,D,C,A,A,H,-,A,A,0,NA,NA,NA,NA,Y,NA,A,01,0,0,1,0,0,0,0,0,0,-,-,34.48524856567383,-117.33741760253906,SAN BERNARDINO,VICTORVILLE,-117.337158203125,34.485443115234375
9709661,2024,2024-08-14,3600,2024-06-30,655,G9801,VC004,7,5,5,3612,0,0,0,NA,0,VC4,NISQUALLI RD,11TH AV,900,E,N,A,-,N,NA,NA,NA,NA,NA,NA,NA,NA,NA,N,4,0,1,2,A,-,03,22350,NA,N,B,C,A,A,-,-,B,D,0,NA,NA,NA,NA,Y,NA,A,01,0,0,1,0,0,0,0,0,0,-,-,34.48537826538086,-117.31175231933594,SAN BERNARDINO,VICTORVILLE,-117.32265472412108,34.4852180480957
9709788,2024,2024-08-20,3600,2024-07-05,744,H8975,HE202,5,5,5,3619,0,0,0,NA,0,HE02,BEAR VALLEY RD,PEACH AV,0,NA,Y,A,-,N,NA,NA,NA,NA,NA,NA,NA,NA,NA,Y,3,0,1,2,A,-,09,21802,A,N,D,C,A,A,H,-,A,A,0,NA,NA,NA,NA,Y,NA,A,01,0,1,0,0,0,0,0,0,0,-,-,NA,NA,SAN BERNARDINO,HESPERIA,-117.26927947998048,34.47105407714844
9709913,2024,2024-09-17,3610,2024-06-22,217,51448,NA,6,5,6,3610,0,0,0,NA,0,NA,HIGHLAND AV,MUSCUPIABE DR,0,NA,Y,A,-,N,NA,NA,NA,NA,NA,NA,NA,NA,NA,N,4,0,1,3,A,-,03,22350,NA,F,B,C,A,A,H,-,C,A,0,NA,NA,NA,NA,Y,NA,-,NA,0,0,1,0,0,0,0,0,0,-,-,NA,NA,SAN BERNARDINO,SAN BERNARDINO,-117.30769348144533,34.13602828979492
9710236,2024,2024-07-30,3608,2024-06-26,1434,5162,NA,3,5,5,3608,0,0,0,NA,0,003,LUGONIA AV,RESEARCH DR,543,E,N,A,-,N,NA,NA,NA,NA,NA,NA,NA,NA,NA,Y,3,0,2,2,A,-,09,21804,A,N,D,C,A,A,H,-,A,A,0,NA,NA,NA,NA,Y,NA,A,01,0,2,0,0,0,0,0,0,0,-,-,NA,NA,SAN BERNARDINO,REDLANDS,-117.23493957519533,34.07027053833008
9710305,2023,2024-07-19,3601,2023-09-29,2206,P-39,BARST,5,5,3,3601,0,0,0,NA,0,PATROL,EAST FREDRICKS,SOUTH 2ND ST,317,E,N,A,-,N,NA,NA,NA,NA,NA,NA,NA,NA,NA,N,3,0,1,2,A,-,00,21954,NA,N,G,B,D,A,H,-,C,D,0,Y,NA,NA,NA,Y,NA,N,60,0,1,0,0,1,0,0,0,0,-,-,34.89664840698242,-117.02517700195313,SAN BERNARDINO,BARSTOW,-117.0251235961914,34.89661407470703
9710705,2024,2024-08-01,3600,2024-03-22,209,H5176,CH025,5,5,5,3630,0,0,0,NA,0,CH1,CHINO HILLS PKWY,GRAND AV,0,NA,Y,A,-,N,NA,NA,NA,NA,NA,NA,NA,NA,NA,Y,3,0,2,2,A,-,03,22350,NA,N,C,C,A,A,H,-,C,D,0,NA,NA,NA,NA,Y,NA,A,01,0,2,0,0,0,0,0,0,0,-,-,33.994998931884766,-117.75800323486328,SAN BERNARDINO,CHINO HILLS,-117.75868225097656,33.99562072753906
9711229,2024,2024-09-09,3600,2024-07-20,621,I1043,YUCAI,6,5,4,3640,0,0,0,NA,0,YC03,AVENUE G,6TH PL,0,NA,Y,A,-,N,NA,NA,NA,NA,NA,NA,NA,NA,NA,Y,3,0,1,2,-,-,-,NA,NA,N,D,C,A,B,H,-,A,D,0,NA,NA,NA,NA,Y,NA,A,01,0,1,0,0,0,0,0,0,0,-,-,NA,NA,SAN BERNARDINO,YUCAIPA,-117.06251525878906,34.01222229003906
9712102,2023,2024-09-04,3601,2023-12-15,1509,P-42,BARST,5,5,3,3601,0,0,0,NA,0,WESTER,W MAIN ST,AVE F,369,E,N,A,-,N,NA,NA,NA,NA,NA,NA,NA,NA,NA,N,4,0,1,2,A,-,10,21950,A,F,G,B,D,A,H,-,A,A,0,Y,NA,NA,NA,Y,Y,A,07,0,0,1,0,1,0,0,0,0,-,-,NA,NA,SAN BERNARDINO,BARSTOW,-117.03986358642578,34.8960075378418
9713071,2024,2024-08-14,3604,2024-06-06,751,1047,NA,4,5,6,3604,0,0,0,NA,0,NA,BEECH AV,JURUPA AV,0,NA,Y,A,-,N,NA,NA,NA,NA,NA,NA,NA,NA,NA,N,3,0,1,2,A,-,12,21453,A,N,D,C,A,A,H,-,A,A,0,NA,NA,NA,NA,Y,NA,A,07,0,1,0,0,0,0,0,0,0,-,-,34.04825973510742,-117.47107696533205,SAN BERNARDINO,FONTANA,-117.47125244140624,34.0479736328125
9715125,2024,2024-08-16,3600,2024-06-21,153,H7582,RC037,5,5,6,3616,0,0,0,NA,0,RC4,HELLMAN AV,DEVON ST,166,S,N,A,-,N,NA,NA,NA,NA,NA,NA,NA,NA,NA,Y,4,0,1,3,A,-,03,22350,NA,N,C,D,A,A,H,-,C,D,0,NA,NA,NA,NA,Y,NA,A,01,0,0,1,0,0,0,0,0,0,-,-,NA,NA,SAN BERNARDINO,RANCHO CUCAMONGA,-117.602294921875,34.102516174316406
9715129,2024,2024-08-16,3600,2024-07-05,938,H9747,VC057,5,5,5,3612,0,0,0,NA,0,VC7,SENECA RD,HOPI DR,0,NA,Y,A,-,N,NA,NA,NA,NA,NA,NA,NA,NA,NA,Y,3,0,1,1,A,-,03,22350,NA,N,E,I,A,A,H,-,A,D,0,NA,NA,NA,NA,Y,NA,J,48,0,1,0,0,0,0,0,0,0,-,-,34.5141487121582,-117.34542083740234,SAN BERNARDINO,VICTORVILLE,-117.34534454345705,34.51401901245117
9716255,2024,2024-07-31,3600,2024-05-08,1251,H5851,TW005,3,5,3,3617,0,0,0,NA,0,TW1,TWO MILE RD,AZTEC AV,0,NA,Y,A,-,N,NA,NA,NA,NA,NA,NA,NA,NA,NA,N,3,0,1,1,A,-,17,21200,A,N,D,I,A,A,H,-,A,D,0,NA,Y,NA,NA,Y,Y,L,04,0,1,0,0,0,0,1,0,0,-,-,34.150089263916016,-116.0481414794922,SAN BERNARDINO,TWENTYNINE PALMS,-116.04978942871094,34.1502571105957
9717391,2024,2024-08-29,3610,2024-07-07,835,51465,NA,7,5,6,3610,0,0,0,NA,0,NA,W 5TH ST,N H ST,0,NA,Y,A,-,N,NA,NA,NA,NA,NA,NA,NA,NA,NA,Y,4,0,2,3,A,-,12,21453,A,N,D,C,A,A,H,-,A,A,0,NA,NA,NA,NA,Y,NA,D,23,0,0,2,0,0,0,0,0,0,-,-,34.10831832885742,-117.30088043212892,SAN BERNARDINO,SAN BERNARDINO,-117.30088806152344,34.10834503173828
9717398,2024,2024-08-27,3610,2024-07-04,426,51485,NA,4,5,6,3610,0,0,0,NA,0,NA,S TIPPECANOE AV,E HOSPITALITY LN,100,S,N,A,-,N,NA,NA,NA,NA,NA,NA,NA,NA,NA,Y,4,0,2,2,A,-,03,22350,NA,N,C,C,A,A,H,-,C,A,0,NA,NA,NA,Y,Y,NA,A,01,0,0,2,0,0,0,0,0,0,-,-,34.069000244140625,-117.26119995117188,SAN BERNARDINO,SAN BERNARDINO,-117.26129150390624,34.068756103515625
9718010,2024,2024-07-26,3600,2024-06-24,2341,I9590,CH004,1,5,5,3630,0,0,0,NA,0,CH1,GRAND AV,RT 71,0,NA,N,A,-,Y,SBD,8,71,-,R,2.024,R,4,S,Y,3,0,1,2,A,-,12,21453,NA,N,A,-,A,A,H,-,C,A,0,NA,NA,NA,NA,Y,NA,-,-,0,1,0,0,0,0,0,0,0,-,-,33.99285125732422,-117.76743316650392,SAN BERNARDINO,CHINO HILLS,-117.72245025634766,33.99839782714844
9718157,2024,2024-07-25,3600,2024-06-17,1846,I4869,AP002,1,5,5,3621,0,0,0,NA,0,001,RT 18,APPLE VALLEY RD,1455,W,N,A,-,N,NA,NA,NA,NA,NA,NA,NA,NA,NA,Y,3,0,4,2,A,-,01,23153,A,F,A,D,A,A,H,-,A,D,0,NA,NA,NA,NA,Y,Y,A,01,0,1,3,0,0,0,0,0,0,-,-,NA,NA,SAN BERNARDINO,APPLE VALLEY,-117.27700042724608,34.53898620605469
9718328,2024,2024-09-06,3600,2024-07-11,1541,J5234,VC020,4,5,5,3612,0,0,0,NA,0,VC4,MARIPOSA RD,MONARCH BL,34,S,N,A,-,N,NA,NA,NA,NA,NA,NA,NA,NA,NA,Y,4,0,1,2,A,-,08,22107,NA,N,D,C,A,A,H,-,A,D,0,NA,NA,NA,NA,Y,NA,A,01,0,0,1,0,0,0,0,0,0,-,-,34.47317123413086,-117.34290313720705,SAN BERNARDINO,VICTORVILLE,-117.34293365478516,34.47311782836914
9718355,2024,2024-07-30,3600,2024-06-27,2038,G6203,HE326,4,5,5,3619,0,0,0,NA,0,HE3,MARIPOSA RD,FARMINGTON ST,61,N,N,A,-,N,NA,NA,NA,NA,NA,NA,NA,NA,NA,Y,3,0,2,2,A,-,01,23152,A,N,A,C,A,A,H,-,D,D,0,NA,NA,NA,NA,Y,Y,A,07,0,2,0,0,0,0,0,0,0,-,-,NA,NA,SAN BERNARDINO,HESPERIA,-117.42028045654295,34.37617874145508
9718417,2024,2024-08-01,3600,2024-04-22,1505,G3844,RC029,1,5,6,3616,0,0,0,NA,0,RC5,CHURCH ST,CENTER AV,0,NA,Y,A,-,N,NA,NA,NA,NA,NA,NA,NA,NA,NA,N,4,0,1,2,A,-,10,21950,A,F,B,B,B,A,H,-,A,A,0,Y,NA,NA,NA,Y,NA,-,NA,0,0,1,0,1,0,0,0,0,-,-,NA,NA,SAN BERNARDINO,RANCHO CUCAMONGA,-117.58045196533205,34.11404037475586
9718442,2024,2024-07-29,3600,2024-04-20,1720,G4514,RC005,6,5,6,3616,0,0,0,NA,0,RC6,CHURCH ST,VICTORIA PARK LN,0,NA,Y,A,-,N,NA,NA,NA,NA,NA,NA,NA,NA,NA,Y,3,0,1,1,A,-,08,22107,NA,N,E,I,A,A,H,-,A,A,0,NA,NA,NA,NA,Y,NA,A,01,0,1,0,0,0,0,0,0,0,-,-,NA,NA,SAN BERNARDINO,RANCHO CUCAMONGA,-117.52839660644533,34.114139556884766
9718517,2024,2024-07-29,3604,2024-05-11,854,1450,NA,6,5,6,3604,0,0,0,NA,0,004,CHERRY AVE,RANCHERIAS DR,0,NA,Y,A,-,N,NA,NA,NA,NA,NA,NA,NA,NA,NA,Y,4,0,1,2,A,-,08,22107,NA,N,D,C,A,A,H,-,A,A,0,NA,NA,NA,NA,Y,NA,A,01,0,0,1,0,0,0,0,0,0,-,-,NA,NA,SAN BERNARDINO,FONTANA,-117.50167083740234,34.0369758605957
9718961,2024,2024-07-31,3604,2024-05-18,953,1480,NA,6,5,6,3604,0,0,0,NA,0,004,PRODUCTION AV,SLOVER AV,210,N,N,B,-,N,NA,NA,NA,NA,NA,NA,NA,NA,NA,N,3,0,2,2,A,-,09,21804,A,N,D,C,A,A,H,-,A,D,0,NA,NA,NA,NA,Y,NA,A,07,0,1,1,0,0,0,0,0,0,-,-,NA,NA,SAN BERNARDINO,FONTANA,-117.43189239501952,34.06296157836914
9719453,2024,2024-08-02,3600,2024-06-11,1556,C8620,RC053,2,5,6,3616,0,0,0,NA,0,RC1,19TH ST,SAPPHIRE ST,0,NA,Y,A,-,N,NA,NA,NA,NA,NA,NA,NA,NA,NA,Y,4,0,2,2,A,-,12,21453,A,N,D,C,A,A,H,-,A,A,0,NA,NA,NA,NA,Y,NA,A,01,0,0,2,0,0,0,0,0,0,-,-,NA,NA,SAN BERNARDINO,RANCHO CUCAMONGA,-117.6252212524414,34.132572174072266