CASE_ID,ACCIDENT_YEAR,PROC_DATE,JURIS,COLLISION_DATE,COLLISION_TIME,OFFICER_ID,REPORTING_DISTRICT,DAY_OF_WEEK,CHP_SHIFT,POPULATION,CNTY_CITY_LOC,SPECIAL_COND,BEAT_TYPE,CHP_BEAT_TYPE,CITY_DIVISION_LAPD,CHP_BEAT_CLASS,BEAT_NUMBER,PRIMARY_RD,SECONDARY_RD,DISTANCE,DIRECTION,INTERSECTION,WEATHER_1,WEATHER_2,STATE_HWY_IND,CALTRANS_COUNTY,CALTRANS_DISTRICT,STATE_ROUTE,ROUTE_SUFFIX,POSTMILE_PREFIX,POSTMILE,LOCATION_TYPE,RAMP_INTERSECTION,SIDE_OF_HWY,TOW_AWAY,COLLISION_SEVERITY,NUMBER_KILLED,NUMBER_INJURED,PARTY_COUNT,PRIMARY_COLL_FACTOR,PCF_CODE_OF_VIOL,PCF_VIOL_CATEGORY,PCF_VIOLATION,PCF_VIOL_SUBSECTION,HIT_AND_RUN,TYPE_OF_COLLISION,MVIW,PED_ACTION,ROAD_SURFACE,ROAD_COND_1,ROAD_COND_2,LIGHTING,CONTROL_DEVICE,CHP_ROAD_TYPE,PEDESTRIAN_ACCIDENT,BICYCLE_ACCIDENT,MOTORCYCLE_ACCIDENT,TRUCK_ACCIDENT,NOT_PRIVATE_PROPERTY,ALCOHOL_INVOLVED,STWD_VEHTYPE_AT_FAULT,CHP_VEHTYPE_AT_FAULT,COUNT_SEVERE_INJ,COUNT_VISIBLE_INJ,COUNT_COMPLAINT_PAIN,COUNT_PED_KILLED,COUNT_PED_INJURED,COUNT_BICYCLIST_KILLED,COUNT_BICYCLIST_INJURED,COUNT_MC_KILLED,COUNT_MC_INJURED,PRIMARY_RAMP,SECONDARY_RAMP,LATITUDE,LONGITUDE,COUNTY,CITY,POINT_X,POINT_Y
6533616,2014,2014-08-01,3602,2014-05-02,0820,2923,NA,5,5,5,3602,0,0,0,NA,0,005,KIMBALL AV,GROVE AV,311,W,N,A,-,N,NA,NA,NA,NA,NA,NA,NA,NA,NA,Y,4,0,1,3,A,-,03,22350,NA,N,C,C,A,A,H,-,A,D,0,NA,NA,NA,NA,Y,NA,A,07,0,0,1,0,0,0,0,0,0,-,-,NA,NA,SAN BERNARDINO,CHINO,-117.62885298,33.96869595
6533635,2014,2014-08-01,3602,2014-05-24,1119,3402,NA,6,5,5,3602,0,0,0,NA,0,005,EDISON AV,SAN ANTONIO AV,0,NA,Y,A,-,N,NA,NA,NA,NA,NA,NA,NA,NA,NA,Y,4,0,1,2,A,-,12,21453,A,N,D,C,A,A,H,-,A,A,0,NA,NA,NA,NA,Y,NA,A,08,0,0,1,0,0,0,0,0,0,-,-,NA,NA,SAN BERNARDINO,CHINO,-117.6585801,33.99749006
6428157,2014,2014-06-26,9865,2014-03-26,1415,012073,NA,3,2,9,3600,0,3,5,NA,2,001,SAN MORITZ DR,AROSA DR,1190,S,N,E,-,N,NA,NA,NA,NA,NA,NA,NA,NA,NA,Y,4,0,2,2,A,-,05,21650,NA,N,A,C,A,B,H,-,A,D,0,NA,NA,NA,NA,Y,NA,D,22,0,0,2,0,0,0,0,0,0,-,-,34.24219,-117.26471,SAN BERNARDINO,UNINCORPORATED,-117.264679,34.24224214
6425596,2014,2014-06-20,3604,2014-02-16,0750,795,NA,7,5,6,3604,0,0,0,NA,0,NA,SIERRA AV,SEGOVIA AV,400,N,N,A,-,N,NA,NA,NA,NA,NA,NA,NA,NA,NA,Y,4,0,1,1,A,-,03,22350,NA,N,E,I,A,A,H,-,A,A,0,NA,NA,NA,NA,Y,NA,A,01,0,0,1,0,0,0,0,0,0,-,-,NA,NA,SAN BERNARDINO,FONTANA,-117.43623367,34.17338599
6533675,2014,2014-08-01,3602,2014-05-15,1234,3051,NA,4,5,5,3602,0,0,0,NA,0,001,PHILADELPHIA ST,YORBA AV,429,E,N,A,-,N,NA,NA,NA,NA,NA,NA,NA,NA,NA,Y,3,0,1,1,A,-,01,23152,A,N,E,I,A,A,H,-,A,D,0,NA,NA,NA,NA,Y,Y,A,01,0,1,0,0,0,0,0,0,0,-,-,NA,NA,SAN BERNARDINO,CHINO,-117.70109815000001,34.03348625
6533904,2014,2014-08-22,3600,2014-06-20,2150,F3085,HE108,5,5,5,3619,0,0,0,NA,0,HE1,7TH AV,SYCAMORE ST,0,NA,Y,A,-,N,NA,NA,NA,NA,NA,NA,NA,NA,NA,N,4,0,1,2,A,-,03,22350,NA,N,C,C,A,A,H,-,C,A,0,NA,NA,NA,NA,Y,NA,-,NA,0,0,1,0,0,0,0,0,0,-,-,NA,NA,SAN BERNARDINO,HESPERIA,-117.31230004,34.46351011
6535418,2014,2014-07-30,3604,2014-05-16,1306,534,NA,5,5,6,3604,0,0,0,NA,0,NA,SANTA ANNA AV,SIERRA AV,0,NA,Y,A,-,N,NA,NA,NA,NA,NA,NA,NA,NA,NA,N,4,0,1,2,B,-,22,NA,NA,N,D,G,A,A,H,-,A,A,0,NA,Y,NA,NA,Y,NA,L,04,0,0,1,0,0,0,1,0,0,-,-,NA,NA,SAN BERNARDINO,FONTANA,-117.43563006,34.05579
6536258,2014,2014-07-30,3604,2014-05-11,1403,680,NA,7,5,6,3604,0,0,0,NA,0,NA,ARROW,LAUREL,0,NA,Y,A,-,N,NA,NA,NA,NA,NA,NA,NA,NA,NA,Y,3,0,2,2,A,-,12,22450,A,N,D,C,A,A,H,-,A,A,0,NA,NA,NA,NA,Y,NA,A,01,0,1,1,0,0,0,0,0,0,-,-,NA,NA,SAN BERNARDINO,FONTANA,-117.41396002,34.09946005
6536728,2014,2015-12-21,3604,2014-05-07,1033,948,NA,3,5,6,3604,0,0,0,NA,0,NA,FOOTHILL BL,ALMERIA AV,365,W,N,A,-,N,NA,NA,NA,NA,NA,NA,NA,NA,NA,Y,4,0,3,3,A,-,03,22350,NA,N,C,C,A,A,H,-,A,A,0,NA,NA,NA,NA,Y,NA,A,01,0,0,3,0,0,0,0,0,0,-,-,NA,NA,SAN BERNARDINO,FONTANA,-117.46143233,34.10652869
6536750,2014,2014-08-07,3607,2014-05-13,2257,80462,215,2,5,6,3607,0,0,0,NA,0,042,JURUPA ST,COMMERCE WY,0,NA,Y,A,-,N,NA,NA,NA,NA,NA,NA,NA,NA,NA,Y,3,0,1,2,A,-,12,21453,A,N,B,C,A,A,H,-,C,A,0,NA,NA,NA,NA,Y,NA,-,-,0,1,0,0,0,0,0,0,0,-,-,NA,NA,SAN BERNARDINO,ONTARIO,-117.56772009,34.04827012
6536780,2014,2014-07-30,3607,2014-05-20,1753,14578,239,2,5,6,3607,0,0,0,NA,0,071,PHILADELPHIA ST,GROVE AV,0,E,N,A,-,N,NA,NA,NA,NA,NA,NA,NA,NA,NA,Y,4,0,1,2,A,-,03,22350,NA,N,C,C,A,A,H,-,A,D,0,NA,NA,NA,NA,Y,NA,-,NA,0,0,1,0,0,0,0,0,0,-,-,NA,NA,SAN BERNARDINO,ONTARIO,-117.62847011,34.03398001
6537535,2014,2016-03-15,3610,2014-03-13,1640,50717,NA,4,5,6,3610,0,0,0,NA,0,NA,NORTH UNIVERSITY PKWY,RT 210,9,N,N,A,-,Y,SBD,8,210,-,-,20.534,R,4,W,N,4,0,1,2,A,-,03,22350,NA,N,C,C,A,A,H,-,A,A,0,NA,NA,NA,NA,Y,NA,A,01,0,0,1,0,0,0,0,0,0,-,WO,NA,NA,SAN BERNARDINO,SAN BERNARDINO,-117.33860901,34.13481063
6537539,2014,2014-06-30,3610,2014-03-14,0835,50634,NA,5,5,6,3610,0,0,0,NA,0,NA,WEST FOOTHILL BL,NORTH MERIDIAN AV,0,NA,Y,A,-,N,NA,NA,NA,NA,NA,NA,NA,NA,NA,N,4,0,1,2,A,-,10,21950,A,N,G,B,B,A,H,-,A,A,0,Y,NA,NA,NA,Y,NA,A,01,0,0,1,0,1,0,0,0,0,-,-,NA,NA,SAN BERNARDINO,SAN BERNARDINO,-117.34852007,34.10678012
6538790,2014,2014-06-27,3610,2014-02-06,1834,50660,NA,4,5,6,3610,0,0,0,NA,0,NA,W RIALTO,N PEPPER AV,0,NA,Y,C,-,N,NA,NA,NA,NA,NA,NA,NA,NA,NA,N,4,0,1,2,A,-,12,21453,A,F,G,B,B,B,H,-,C,A,0,Y,NA,NA,NA,Y,NA,-,NA,0,0,1,0,1,0,0,0,0,-,-,NA,NA,SAN BERNARDINO,SAN BERNARDINO,-117.35289007,34.09953007
6540123,2014,2014-08-20,9860,2014-06-06,1940,20007,NA,5,2,9,3600,0,3,5,NA,2,002,GRAY ST,RESERVOIR ST,81,N,N,A,-,N,NA,NA,NA,NA,NA,NA,NA,NA,NA,Y,4,0,3,2,A,-,-,NA,NA,N,D,C,A,A,H,-,A,D,0,NA,NA,NA,NA,Y,NA,A,08,0,0,3,0,0,0,0,0,0,-,-,34.16206,-117.36169,SAN BERNARDINO,UNINCORPORATED,-117.36167736,34.16173191
6541300,2014,2014-07-24,3610,2014-01-16,1118,50789,NA,4,5,6,3610,0,0,0,NA,0,NA,S CLUB WY,REDLANDS BL,0,NA,Y,A,-,N,NA,NA,NA,NA,NA,NA,NA,NA,NA,Y,4,0,1,2,A,-,09,21801,A,N,D,C,A,A,H,-,A,A,0,NA,NA,NA,NA,Y,NA,A,01,0,0,1,0,0,0,0,0,0,-,-,NA,NA,SAN BERNARDINO,SAN BERNARDINO,-117.28381008,34.06306006
6541313,2014,2014-07-24,3610,2014-01-01,0222,50799,NA,3,5,6,3610,0,0,0,NA,0,NA,N BROADMOOR BL,ARROWHEAD COUNTRY CLUB LN,96,S,N,A,-,N,NA,NA,NA,NA,NA,NA,NA,NA,NA,Y,3,0,1,1,A,-,01,23152,B,N,E,I,A,A,H,-,C,D,0,NA,NA,NA,NA,Y,NA,A,01,0,1,0,0,0,0,0,0,0,-,-,NA,NA,SAN BERNARDINO,SAN BERNARDINO,NA,NA
6541326,2014,2014-07-24,3610,2014-01-28,0846,50098,NA,2,5,6,3610,0,0,0,NA,0,NA,W 14TH ST,N PICO AV,0,NA,Y,A,-,N,NA,NA,NA,NA,NA,NA,NA,NA,NA,Y,4,0,1,2,A,-,09,21800,B,N,A,C,A,A,H,-,A,D,0,NA,NA,NA,NA,Y,NA,A,01,0,0,1,0,0,0,0,0,0,-,-,NA,NA,SAN BERNARDINO,SAN BERNARDINO,-117.31659001,34.1249801
6541465,2014,2016-04-30,9834,2014-07-06,0345,18343,NA,7,3,9,3600,0,1,1,NA,2,042,RT 40,ESSEX RD,16896,E,N,A,-,Y,SBD,8,40,-,R,103.47,H,-,W,Y,3,0,1,1,A,-,01,23152,A,N,E,I,A,A,H,-,D,D,1,NA,NA,NA,NA,Y,Y,E,22,0,1,0,0,0,0,0,0,0,-,-,34.81159,-115.24626,SAN BERNARDINO,UNINCORPORATED,-115.25527171,34.80661318
6542111,2014,2016-04-16,9835,2014-06-24,1700,15842,NA,2,2,9,3600,0,1,1,NA,2,075,RT 15,EAST BAKER BL,3.58,N,N,A,-,Y,SBD,8,15,-,R,142.03,H,-,S,Y,4,0,2,1,A,-,08,22107,NA,N,F,A,A,A,H,-,A,D,1,NA,NA,NA,NA,Y,NA,A,01,0,0,2,0,0,0,0,0,0,-,-,35.31271,-116.00081,SAN BERNARDINO,UNINCORPORATED,-115.99795731,35.31437881
6542334,2014,2014-07-24,3610,2014-04-22,0936,25527,NA,2,5,6,3610,0,0,0,NA,0,NA,N UNIVERSITY PKWY,KENDALL DR,146,S,N,B,-,N,NA,NA,NA,NA,NA,NA,NA,NA,NA,N,4,0,1,2,A,-,03,22350,NA,N,C,C,A,A,H,-,A,A,0,NA,NA,NA,NA,Y,NA,A,07,0,0,1,0,0,0,0,0,0,-,-,NA,NA,SAN BERNARDINO,SAN BERNARDINO,-117.33156,34.17606054
6542399,2014,2016-04-16,9850,2014-06-23,1615,016715,NA,1,2,5,3612,0,1,1,NA,2,083,RT 15,BEAR VALLEY RD,3696,N,N,A,-,Y,SBD,8,15,-,-,38.29,H,-,S,Y,4,0,2,3,A,-,07,21658,A,N,B,C,A,A,H,-,A,D,1,NA,NA,NA,NA,Y,NA,A,01,0,0,2,0,0,0,0,0,0,-,-,34.47685,-117.34134,SAN BERNARDINO,VICTORVILLE,-117.33975247,34.47888255
6542527,2014,2014-07-24,3610,2014-04-09,1321,50710,NA,3,5,6,3610,0,0,0,NA,0,NA,S WATERMAN,E REDLANDS BL,0,NA,Y,A,-,N,NA,NA,NA,NA,NA,NA,NA,NA,NA,N,4,0,1,2,A,-,03,22350,NA,N,C,C,A,A,H,-,A,A,0,NA,NA,NA,NA,Y,NA,A,01,0,0,1,0,0,0,0,0,0,-,-,NA,NA,SAN BERNARDINO,SAN BERNARDINO,-117.27871007,34.06299002
6542695,2014,2014-08-12,3600,2014-06-17,1905,A8310,LL003,2,5,3,3615,0,0,0,NA,0,LL1,MOUNTAIN VIEW AV,BARTON RD,0,NA,Y,A,-,N,NA,NA,NA,NA,NA,NA,NA,NA,NA,Y,4,0,1,1,A,-,08,22107,NA,N,D,C,A,A,H,-,A,A,0,NA,NA,NA,NA,Y,NA,A,01,0,0,1,0,0,0,0,0,0,-,-,NA,NA,SAN BERNARDINO,LOMA LINDA,-117.24362007,34.04847004
6544674,2014,2016-04-18,3600,2014-06-07,1021,E9961,CH068,6,5,5,3630,0,0,0,NA,0,001,100TH AV,RT 71,0,NA,Y,A,-,Y,LA,7,71,-,R,4.541,R,4,S,Y,4,0,2,2,A,-,12,21453,A,N,D,C,A,A,H,-,A,A,0,NA,NA,NA,NA,Y,NA,-,-,0,0,2,0,0,0,0,0,0,-,WF,NA,NA,SAN BERNARDINO,CHINO HILLS,-117.74795401,34.02184952
6546079,2014,2015-09-11,3601,2014-01-23,1236,P68,3601,4,5,3,3601,0,0,0,NA,0,PATROL,E MAIN ST,ROBERTA,14,E,N,A,-,N,NA,NA,NA,NA,NA,NA,NA,NA,NA,N,4,0,1,2,A,-,03,22350,NA,N,D,C,A,A,H,-,A,A,0,NA,NA,NA,NA,Y,NA,-,-,0,0,1,0,0,0,0,0,0,-,-,NA,NA,SAN BERNARDINO,BARSTOW,-117.00190401,34.8927057
6546305,2014,2014-07-31,9855,2014-05-22,0755,15299,NA,4,1,9,3600,0,3,5,NA,2,001,BANANA AV,VALLEY BL,20,N,N,B,-,N,NA,NA,NA,NA,NA,NA,NA,NA,NA,Y,4,0,1,2,D,-,00,NA,NA,N,B,C,A,A,H,-,A,D,0,NA,NA,NA,Y,Y,NA,-,-,0,0,1,0,0,0,0,0,0,-,-,NA,NA,SAN BERNARDINO,UNINCORPORATED,-117.49754969,34.0702348
6425552,2014,2014-06-10,3607,2014-01-08,1546,80313,230,3,5,6,3607,0,0,0,NA,0,052,PHILADELPHIA ST,FERN AV,0,NA,Y,A,-,N,NA,NA,NA,NA,NA,NA,NA,NA,NA,Y,4,0,2,2,A,-,09,21801,A,N,D,C,A,A,H,-,A,D,0,NA,NA,NA,NA,Y,NA,-,NA,0,0,2,0,0,0,0,0,0,-,-,NA,NA,SAN BERNARDINO,ONTARIO,-117.65457008,34.0338001
6547369,2014,2014-08-20,3602,2014-06-06,0553,3299,NA,5,5,5,3602,0,0,0,NA,0,004,CENTRAL AV,SCHAEFER AV,237,N,N,A,-,N,NA,NA,NA,NA,NA,NA,NA,NA,NA,Y,4,0,1,2,A,-,09,21801,A,N,D,C,A,A,H,-,A,D,0,NA,NA,Y,NA,Y,NA,A,01,0,0,1,0,0,0,0,0,1,-,-,NA,NA,SAN BERNARDINO,CHINO,-117.68918,34.00523958
6423404,2014,2014-06-23,9850,2014-03-20,0925,016871,NA,4,1,9,3600,0,1,1,NA,2,084,RT 15,DALE EVANS PKWY,5280,S,N,A,-,Y,NA,NA,NA,NA,NA,NA,NA,NA,NA,Y,4,0,1,1,A,-,08,22107,NA,N,F,A,A,A,H,-,A,D,0,NA,NA,NA,NA,Y,NA,A,07,0,0,1,0,0,0,0,0,0,-,-,NA,NA,SAN BERNARDINO,UNINCORPORATED,NA,NA
6549778,2014,2016-04-16,9855,2014-05-01,0805,11738,NA,4,1,6,3607,0,1,1,NA,2,152,RT 15,ONTARIO MILLS PKWY,81,N,N,A,-,Y,SBD,8,15,-,-,2.56,H,-,S,N,4,0,1,2,A,-,03,22350,NA,N,C,C,A,A,H,-,A,D,1,NA,NA,NA,NA,Y,NA,A,01,0,0,1,0,0,0,0,0,0,TO,-,34.0703,-117.5452,SAN BERNARDINO,ONTARIO,-117.54500957,34.07003139
6552798,2014,2016-04-16,3609,2014-05-30,1328,1041,095,5,5,5,3609,0,0,0,NA,0,001,AYALA DR,RT 210,0,S,N,A,-,Y,SBD,8,210,-,-,17.16,R,4,E,Y,3,0,1,3,A,-,01,23152,E,N,B,C,A,A,H,-,A,D,0,NA,NA,NA,Y,Y,NA,A,01,0,1,0,0,0,0,0,0,0,-,-,NA,NA,SAN BERNARDINO,RIALTO,-117.39714937,34.13587526
6553859,2014,2016-04-16,9860,2014-05-05,2335,19429,NA,1,3,9,3600,0,1,3,NA,1,012,RT 138,HESS RD,2640,W,N,A,-,Y,SBD,8,138,-,-,9.06,H,-,W,Y,4,0,1,2,A,-,03,22350,NA,N,C,C,A,A,H,-,D,D,0,NA,NA,NA,NA,Y,NA,A,01,0,0,1,0,0,0,0,0,0,-,-,34.37152,-117.54495,SAN BERNARDINO,UNINCORPORATED,-117.54429124,34.37095033
6420645,2014,2014-06-16,3602,2014-02-11,1112,3368,530C,2,5,5,3602,0,0,0,NA,0,001,CENTRAL AV,PHILADELPHIA ST,353,S,N,A,-,N,NA,NA,NA,NA,NA,NA,NA,NA,NA,Y,3,0,1,2,A,-,09,21801,A,N,D,C,A,A,H,-,A,D,0,NA,NA,NA,NA,Y,NA,A,01,0,1,0,0,0,0,0,0,0,-,-,NA,NA,SAN BERNARDINO,CHINO,-117.68954428,34.03259275
6418943,2014,2014-06-23,3604,2014-03-12,1837,768,NA,3,5,6,3604,0,0,0,NA,0,NA,PEPPER AV,EDISON POLE # 1210499E,12,S,N,A,-,N,NA,NA,NA,NA,NA,NA,NA,NA,NA,N,3,0,1,2,A,-,11,21954,A,N,G,B,D,A,H,-,A,D,0,Y,NA,NA,NA,Y,NA,N,60,0,1,0,0,1,0,0,0,0,-,-,NA,NA,SAN BERNARDINO,FONTANA,NA,NA
6557941,2014,2016-05-03,9835,2014-07-10,1440,018137,NA,4,2,9,3600,0,1,1,NA,2,075,RT 15,HALLORAN SPRINGS RD,4752,N,N,A,-,Y,SBD,8,15,-,-,150.51,H,-,N,Y,2,0,4,2,A,-,03,22350,NA,N,C,C,A,A,H,-,A,A,1,NA,NA,NA,NA,Y,NA,D,22,1,2,1,0,0,0,0,0,0,-,-,NA,NA,SAN BERNARDINO,UNINCORPORATED,-115.8760392,35.37898814
6558711,2014,2014-08-25,3600,2014-07-12,1735,E3918,HE327,6,5,5,3619,0,0,0,NA,0,003,MAIN ST,12795 MAIN ST,0,NA,Y,A,-,N,NA,NA,NA,NA,NA,NA,NA,NA,NA,N,4,0,1,2,A,-,03,22350,NA,N,A,C,A,A,H,-,A,D,0,NA,NA,Y,NA,Y,NA,C,02,0,0,1,0,0,0,0,0,1,-,-,NA,NA,SAN BERNARDINO,HESPERIA,-117.38354087,34.42661139
6559498,2014,2016-04-15,9860,2014-06-22,0815,020476,NA,7,1,6,3610,0,1,1,NA,2,202,RT 210,WATERMAN AV,500,W,N,A,-,Y,SBD,8,210,-,R,24.13,H,-,E,Y,3,0,2,2,A,-,03,22350,NA,N,C,C,A,A,H,-,A,A,1,NA,NA,NA,NA,Y,NA,A,01,0,1,1,0,0,0,0,0,0,-,-,34.14507,-117.28109,SAN BERNARDINO,SAN BERNARDINO,-117.28018059,34.14509693
6559657,2014,2014-07-31,3607,2014-04-16,1049,80313,157,3,5,6,3607,0,0,0,NA,0,051,STATE ST,VINE AV,0,NA,Y,A,-,N,NA,NA,NA,NA,NA,NA,NA,NA,NA,N,4,0,1,2,A,-,09,21802,A,N,D,C,A,A,H,-,A,A,0,NA,NA,NA,NA,Y,NA,-,NA,0,0,1,0,0,0,0,0,0,-,-,NA,NA,SAN BERNARDINO,ONTARIO,-117.65589003,34.06001006
6559661,2014,2016-04-16,3607,2014-04-17,2147,14578,45,4,5,6,3607,0,0,0,NA,0,021,EUCLID AV,5TH ST,0,NA,Y,A,-,Y,SBD,8,83,-,-,10.719,I,5,N,Y,4,0,1,2,A,-,12,21453,A,N,D,C,A,A,H,-,C,A,0,NA,NA,NA,NA,Y,NA,-,-,0,0,1,0,0,0,0,0,0,-,-,NA,NA,SAN BERNARDINO,ONTARIO,-117.65090894,34.081642
6560435,2014,2016-04-16,9860,2014-06-17,1158,013945,NA,2,1,5,3609,0,1,1,NA,2,201,RT 210,RIVERSIDE AV,98,E,N,A,-,Y,SBD,8,210,-,-,18.903,R,2,W,Y,4,0,1,2,C,-,18,NA,NA,N,C,C,A,A,H,-,A,A,1,NA,NA,NA,NA,Y,NA,-,-,0,0,1,0,0,0,0,0,0,TO,-,34.13647,-117.36988,SAN BERNARDINO,RIALTO,-117.36674007,34.13616971
6560444,2014,2016-04-16,9860,2014-06-06,1830,19449,NA,5,2,4,3640,0,1,1,NA,2,106,RT 10,YUCAIPA BL,280,W,N,A,-,Y,SBD,8,10,-,-,35.45,H,-,E,Y,4,0,1,1,A,-,08,22107,NA,N,E,I,A,A,H,-,A,D,1,NA,NA,NA,NA,Y,NA,A,01,0,0,1,0,0,0,0,0,0,-,-,34.02664,-117.11937,SAN BERNARDINO,YUCAIPA,-117.12020615,34.02696034
6560448,2014,2016-04-16,9860,2014-06-01,2124,019440,NA,7,2,6,3610,0,1,1,NA,2,104,RT 10,WATERMAN AV,300,E,N,A,-,Y,SBD,8,10,-,-,25.35,H,-,W,Y,4,0,1,2,A,-,03,22350,NA,N,C,C,A,A,H,-,C,D,1,NA,NA,NA,NA,Y,NA,A,01,0,0,1,0,0,0,0,0,0,-,-,34.06427,-117.27504,SAN BERNARDINO,SAN BERNARDINO,-117.27744163,34.06437451
6560463,2014,2014-08-15,9860,2014-06-13,1115,012530,NA,5,1,9,3600,0,3,5,NA,2,002,DARBY ST,MACY ST,36,E,N,A,-,N,NA,NA,NA,NA,NA,NA,NA,NA,NA,N,2,0,1,2,A,-,11,21954,A,N,G,B,D,A,H,-,A,D,0,Y,NA,NA,NA,Y,NA,N,60,1,0,0,0,1,0,0,0,0,-,-,34.14684,-117.33961,SAN BERNARDINO,UNINCORPORATED,-117.33972137,34.14690973
6560479,2014,2016-04-16,9860,2014-06-22,0320,19484,NA,7,3,9,3600,0,1,1,NA,2,202,RT 210,ARDEN AV,1056,E,N,A,-,Y,SBD,8,210,-,R,27.06,H,-,W,Y,3,0,1,1,A,-,01,23152,A,N,E,I,A,A,H,-,D,D,1,NA,NA,NA,NA,Y,Y,A,01,0,1,0,0,0,0,0,0,0,-,-,34.13537,-117.23238,SAN BERNARDINO,UNINCORPORATED,-117.23170958,34.13423141
6564040,2014,2016-04-16,9860,2014-05-30,1500,19269,NA,5,2,9,3600,0,1,1,NA,2,151,RT 15,GLEN HELEN PKWY,2112,S,N,A,-,Y,SBD,8,15,-,-,14.37,H,-,N,N,4,0,1,2,A,-,03,22350,NA,F,C,C,A,A,D,H,A,D,1,NA,NA,NA,NA,Y,NA,A,01,0,0,1,0,0,0,0,0,0,-,-,NA,NA,SAN BERNARDINO,UNINCORPORATED,-117.41842092,34.19688472
6417223,2014,2016-03-14,3600,2014-03-08,1845,E2055,VC069,6,5,5,3612,0,0,0,NA,0,VC5,PALMDALE RD,RT 395,2640,E,N,A,-,Y,SBD,8,395,-,-,11.18,I,5,S,Y,4,0,4,2,A,-,05,21460,NA,N,A,C,A,A,H,-,C,A,0,NA,NA,NA,NA,Y,NA,A,07,0,0,4,0,0,0,0,0,0,-,-,NA,NA,SAN BERNARDINO,VICTORVILLE,-117.39955408,34.50668495
6567141,2014,2014-08-01,3604,2014-06-07,1705,1048,NA,6,5,6,3604,0,0,0,NA,0,NA,SANTA ANA AV,PRODUCTION AV,0,NA,Y,A,-,N,NA,NA,NA,NA,NA,NA,NA,NA,NA,Y,3,0,1,2,A,-,12,22450,A,N,D,C,A,A,H,-,A,D,0,NA,NA,NA,NA,Y,NA,A,01,0,1,0,0,0,0,0,0,0,-,-,NA,NA,SAN BERNARDINO,FONTANA,-117.4318801,34.05576002
6567863,2014,2014-08-25,3600,2014-07-06,1108,F3091,VC052,7,5,5,3612,0,0,0,NA,0,VC6,MOJAVE DR,EL EVADO RD,0,NA,Y,A,-,N,NA,NA,NA,NA,NA,NA,NA,NA,NA,Y,4,0,1,1,A,-,01,23152,A,N,H,A,A,A,H,-,A,A,0,NA,NA,NA,NA,Y,NA,A,01,0,0,1,0,0,0,0,0,0,-,-,NA,NA,SAN BERNARDINO,VICTORVILLE,-117.34677007,34.52855007
6567875,2014,2016-04-30,3600,2014-07-08,0621,C8720,VC068,2,5,5,3612,0,0,0,NA,0,004,RT 395,LUNA RD,3078,S,N,A,-,Y,SBD,8,395,-,-,9.57,H,-,S,Y,4,0,1,1,A,-,08,22107,NA,N,F,A,A,A,H,-,A,D,0,NA,NA,NA,NA,Y,NA,A,01,0,0,1,0,0,0,0,0,0,-,-,NA,NA,SAN BERNARDINO,VICTORVILLE,-117.39950008,34.48410616
6571813,2014,2014-08-27,3608,2014-07-17,1854,4202,3608,4,5,5,3608,0,0,0,NA,0,NA,W LUGONIA AV,ORANGE ST,55,W,N,A,-,N,NA,NA,NA,NA,NA,NA,NA,NA,NA,N,4,0,1,3,A,-,08,22107,NA,N,B,C,A,A,H,-,A,D,0,NA,NA,NA,NA,Y,NA,A,01,0,0,1,0,0,0,0,0,0,-,-,NA,NA,SAN BERNARDINO,REDLANDS,-117.182661,34.07003307
6417219,2014,2014-06-24,3600,2014-03-05,0816,D3381,VC035,3,5,5,3612,0,0,0,NA,0,VC01,HESPERIA RD,C ST,0,NA,Y,A,-,N,NA,NA,NA,NA,NA,NA,NA,NA,NA,Y,4,0,1,2,A,-,09,21801,A,N,D,C,A,A,H,-,A,A,0,NA,NA,NA,NA,Y,NA,A,01,0,0,1,0,0,0,0,0,0,-,-,NA,NA,SAN BERNARDINO,VICTORVILLE,-117.29206011,34.53414009
6401852,2014,2014-06-24,3604,2014-02-13,1628,948,NA,4,5,6,3604,0,0,0,NA,0,NA,ARROW BL,TORAY AV,0,NA,Y,A,-,N,NA,NA,NA,NA,NA,NA,NA,NA,NA,Y,3,0,2,2,A,-,06,21755,NA,N,D,C,A,A,H,-,A,A,0,NA,NA,NA,NA,Y,NA,D,22,0,1,1,0,0,0,0,0,0,-,-,NA,NA,SAN BERNARDINO,FONTANA,-117.4558905,34.09929
6574986,2014,2014-08-29,3604,2014-07-01,0906,509,NA,2,5,6,3604,0,0,0,NA,0,NA,BASELINE AV,MANGO AV,0,NA,Y,A,-,N,NA,NA,NA,NA,NA,NA,NA,NA,NA,Y,4,0,1,2,A,-,12,21453,A,N,D,C,A,A,H,-,A,A,0,NA,NA,NA,NA,Y,NA,A,07,0,0,1,0,0,0,0,0,0,-,-,NA,NA,SAN BERNARDINO,FONTANA,-117.43171007,34.12128007
6399116,2014,2014-06-20,3600,2014-02-26,1355,B7126,VC035,3,5,5,3612,0,0,0,NA,0,VC1,HESPERIA RD,FORREST AV,190,N,N,A,-,N,NA,NA,NA,NA,NA,NA,NA,NA,NA,Y,4,0,1,2,A,-,03,22350,NA,N,C,C,A,A,H,-,A,D,0,NA,NA,NA,NA,Y,NA,A,01,0,0,1,0,0,0,0,0,0,-,-,NA,NA,SAN BERNARDINO,VICTORVILLE,-117.29442709,34.53200756
6393431,2014,2014-06-05,3607,2014-01-05,1634,15133,137,7,5,6,3607,0,0,0,NA,0,032,CORONA AV,D ST,0,NA,Y,A,-,N,NA,NA,NA,NA,NA,NA,NA,NA,NA,Y,4,0,1,2,A,-,09,21802,A,N,D,C,A,A,H,-,A,A,0,NA,NA,NA,NA,Y,NA,-,NA,0,0,1,0,0,0,0,0,0,-,-,NA,NA,SAN BERNARDINO,ONTARIO,-117.6134201,34.06713005
6578575,2014,2014-08-19,3600,2014-07-19,1114,D4301,HE218,6,5,5,3619,0,0,0,NA,0,NA,MAIN ST,JELLICO ST,56,W,N,A,-,N,NA,NA,NA,NA,NA,NA,NA,NA,NA,Y,4,0,3,4,A,-,03,22350,NA,N,C,C,A,A,H,-,A,D,0,NA,NA,NA,NA,Y,NA,A,07,0,0,3,0,0,0,0,0,0,-,-,NA,NA,SAN BERNARDINO,HESPERIA,-117.29050233,34.41991652