CASE_ID,ACCIDENT_YEAR,PROC_DATE,JURIS,COLLISION_DATE,COLLISION_TIME,OFFICER_ID,REPORTING_DISTRICT,DAY_OF_WEEK,CHP_SHIFT,POPULATION,CNTY_CITY_LOC,SPECIAL_COND,BEAT_TYPE,CHP_BEAT_TYPE,CITY_DIVISION_LAPD,CHP_BEAT_CLASS,BEAT_NUMBER,PRIMARY_RD,SECONDARY_RD,DISTANCE,DIRECTION,INTERSECTION,WEATHER_1,WEATHER_2,STATE_HWY_IND,CALTRANS_COUNTY,CALTRANS_DISTRICT,STATE_ROUTE,ROUTE_SUFFIX,POSTMILE_PREFIX,POSTMILE,LOCATION_TYPE,RAMP_INTERSECTION,SIDE_OF_HWY,TOW_AWAY,COLLISION_SEVERITY,NUMBER_KILLED,NUMBER_INJURED,PARTY_COUNT,PRIMARY_COLL_FACTOR,PCF_CODE_OF_VIOL,PCF_VIOL_CATEGORY,PCF_VIOLATION,PCF_VIOL_SUBSECTION,HIT_AND_RUN,TYPE_OF_COLLISION,MVIW,PED_ACTION,ROAD_SURFACE,ROAD_COND_1,ROAD_COND_2,LIGHTING,CONTROL_DEVICE,CHP_ROAD_TYPE,PEDESTRIAN_ACCIDENT,BICYCLE_ACCIDENT,MOTORCYCLE_ACCIDENT,TRUCK_ACCIDENT,NOT_PRIVATE_PROPERTY,ALCOHOL_INVOLVED,STWD_VEHTYPE_AT_FAULT,CHP_VEHTYPE_AT_FAULT,COUNT_SEVERE_INJ,COUNT_VISIBLE_INJ,COUNT_COMPLAINT_PAIN,COUNT_PED_KILLED,COUNT_PED_INJURED,COUNT_BICYCLIST_KILLED,COUNT_BICYCLIST_INJURED,COUNT_MC_KILLED,COUNT_MC_INJURED,PRIMARY_RAMP,SECONDARY_RAMP,LATITUDE,LONGITUDE,COUNTY,CITY,POINT_X,POINT_Y
6679029,2014,2015-04-16,3610,2014-07-18,2045,50761,NA,5,5,6,3610,0,0,0,NA,0,NA,W RIALTO AV,N G ST,240,W,N,A,-,N,NA,NA,NA,NA,NA,NA,NA,NA,NA,N,1,1,0,2,D,-,00,NA,NA,F,G,B,D,A,H,-,D,D,0,Y,NA,NA,NA,Y,NA,-,-,0,0,0,1,0,0,0,0,0,-,-,NA,NA,SAN BERNARDINO,SAN BERNARDINO,-117.29944037,34.10085982
6618072,2014,2014-09-22,3605,2014-08-08,2225,338,NA,5,5,4,3605,0,0,0,NA,0,NA,MONTE VISTA AV,KINGSLEY ST,27,S,N,A,-,N,NA,NA,NA,NA,NA,NA,NA,NA,NA,N,3,0,1,2,A,-,04,21703,NA,N,C,C,A,A,H,-,C,A,0,NA,NA,NA,NA,Y,NA,A,01,0,1,0,0,0,0,0,0,0,-,-,NA,NA,SAN BERNARDINO,MONTCLAIR,-117.69829087,34.066646
6622244,2014,2014-10-22,3600,2014-07-12,0256,C5162,AD202,6,5,3,3613,0,0,0,NA,0,24P11,RT 395,AUBURN AV,0,NA,Y,A,-,N,NA,NA,NA,NA,NA,NA,NA,NA,NA,Y,3,0,4,2,A,-,08,22100,B,N,D,C,A,A,H,-,D,D,0,NA,NA,NA,Y,Y,NA,-,NA,0,3,1,0,0,0,0,0,0,-,-,NA,NA,SAN BERNARDINO,ADELANTO,-117.41691002,34.59361001
6681373,2014,2014-11-13,3610,2014-09-09,1040,50519,NA,2,5,6,3610,0,0,0,NA,0,NA,ORANGE SHOW RD,ARROWHEAD AV,0,NA,Y,A,-,N,NA,NA,NA,NA,NA,NA,NA,NA,NA,Y,3,0,3,3,A,-,12,21453,A,N,D,C,A,A,H,-,A,A,0,NA,NA,NA,NA,Y,NA,A,01,0,2,1,0,0,0,0,0,0,-,-,NA,NA,SAN BERNARDINO,SAN BERNARDINO,-117.28964,34.07965011
6681382,2014,2014-11-14,3605,2014-09-24,0811,31B,NA,3,5,4,3605,0,0,0,NA,0,NA,ORCHARD ST,VERNON AV,0,NA,Y,A,-,N,NA,NA,NA,NA,NA,NA,NA,NA,NA,N,3,0,1,2,A,-,11,21950,B,N,G,B,B,A,H,-,A,A,0,Y,NA,NA,NA,Y,NA,N,60,0,1,0,0,1,0,0,0,0,-,-,NA,NA,SAN BERNARDINO,MONTCLAIR,-117.68518007,34.07038003
6681981,2014,2014-11-13,3604,2014-09-26,0729,925,NA,5,5,6,3604,0,0,0,NA,0,NA,MERRILL,CYPRESS,0,NA,Y,A,-,N,NA,NA,NA,NA,NA,NA,NA,NA,NA,Y,4,0,1,2,A,-,12,22450,A,N,D,C,A,A,H,-,A,A,0,NA,NA,NA,NA,Y,NA,-,-,0,0,1,0,0,0,0,0,0,-,-,NA,NA,SAN BERNARDINO,FONTANA,-117.4444501,34.09211011
6682836,2014,2014-12-03,9865,2014-10-01,1315,020822,NA,3,1,9,3600,0,2,4,NA,2,013,LAKE DR,FOREST SHADE RD,1,E,N,A,-,N,NA,NA,NA,NA,NA,NA,NA,NA,NA,N,4,0,2,2,A,-,09,21804,A,N,C,C,A,A,H,-,A,D,0,NA,NA,NA,NA,Y,NA,D,22,0,0,2,0,0,0,0,0,0,-,-,34.24363,-117.27834,SAN BERNARDINO,UNINCORPORATED,-117.27801688,34.24358089
6628139,2014,2014-09-23,3600,2014-07-27,0540,L2118,HE420,7,5,5,3619,0,0,0,NA,0,HE4,KENYON AV,EDISON POLE #4591944E,51,N,N,A,-,N,NA,NA,NA,NA,NA,NA,NA,NA,NA,Y,3,0,1,1,A,-,01,23152,A,N,E,I,A,A,H,-,C,D,0,NA,NA,Y,NA,Y,Y,C,02,0,1,0,0,0,0,0,0,1,-,-,NA,NA,SAN BERNARDINO,HESPERIA,NA,NA
6690831,2014,2014-12-29,3609,2014-10-07,1458,6367,116,2,5,5,3609,0,0,0,NA,0,002,PEPPER AV,JACKSON ST,10,S,N,A,-,N,NA,NA,NA,NA,NA,NA,NA,NA,NA,N,3,0,1,1,A,-,00,23103,A,N,F,A,A,A,H,-,A,D,0,NA,NA,Y,NA,Y,NA,C,02,0,1,0,0,0,0,0,0,1,-,-,NA,NA,SAN BERNARDINO,RIALTO,-117.35296,34.1203226
6555711,2014,2014-09-13,3600,2014-08-02,2053,D4301,HE129,6,5,5,3619,0,0,0,NA,0,001,MAIN ST,9TH AV,0,NA,Y,A,-,N,NA,NA,NA,NA,NA,NA,NA,NA,NA,N,4,0,1,2,A,-,12,21453,A,N,D,C,A,A,H,-,C,A,0,NA,NA,NA,NA,Y,NA,J,48,0,0,1,0,0,0,0,0,0,-,-,NA,NA,SAN BERNARDINO,HESPERIA,-117.32039008,34.42432003
6694543,2014,2016-06-04,3600,2014-09-27,1413,E9961,CH015,6,5,5,3630,0,0,0,NA,0,004,RAMONA AV,RT 71,37,S,N,A,-,Y,SBD,8,71,-,R,3.75,R,4,S,Y,3,0,2,2,A,-,12,21453,A,N,D,C,A,A,H,-,A,A,0,NA,NA,NA,Y,Y,NA,A,01,0,1,1,0,0,0,0,0,0,-,SO,NA,NA,SAN BERNARDINO,CHINO HILLS,-117.70385943,33.9792698
6694556,2014,2014-12-03,9835,2014-10-20,1208,016200,NA,1,1,9,3600,0,1,1,NA,2,075,RT 15,HALLORAN SPRINGS RD,15312,N,N,A,-,Y,NA,NA,NA,NA,NA,NA,NA,NA,NA,Y,4,0,1,2,A,-,03,22350,NA,N,C,C,A,A,H,-,A,D,0,NA,NA,NA,Y,Y,NA,G,25,0,0,1,0,0,0,0,0,0,-,-,NA,NA,SAN BERNARDINO,UNINCORPORATED,-115.84337055,35.38934202
6696861,2014,2014-12-31,9850,2014-10-22,2225,014858,NA,3,3,9,3600,0,1,1,NA,2,084,RT 15,WILD WASH RD,5808,S,N,A,-,Y,NA,NA,15,NA,NA,NA,NA,NA,NA,Y,2,0,2,1,A,-,01,23152,A,N,F,A,A,A,H,-,D,D,0,NA,NA,NA,NA,Y,NA,A,01,1,1,0,0,0,0,0,0,0,-,-,34.68752,-117.21224,SAN BERNARDINO,UNINCORPORATED,-117.21245859,34.68760591
6557234,2014,2016-04-16,9865,2014-06-22,2033,020243,NA,7,2,9,3600,0,1,3,NA,2,017,RT 173,MALLARD DR,83,W,N,A,-,Y,SBD,8,173,-,-,17.39,H,-,W,Y,4,0,2,2,A,-,05,21460,A,N,B,C,A,A,H,-,A,D,0,NA,NA,NA,NA,Y,NA,A,01,0,0,2,0,0,0,0,0,0,-,-,34.26956,-117.18129,SAN BERNARDINO,UNINCORPORATED,-117.18210002,34.26964894
6705690,2014,2014-11-24,3611,2014-09-16,2120,2407,3611,2,5,5,3611,0,0,0,NA,0,001,FUCHSIA ST,MILDURA AV,21,E,N,A,-,N,NA,NA,NA,NA,NA,NA,NA,NA,NA,Y,3,0,1,1,A,-,08,22107,NA,N,E,I,A,A,H,-,C,D,0,NA,NA,NA,NA,Y,NA,A,01,0,1,0,0,0,0,0,0,0,-,-,NA,NA,SAN BERNARDINO,UPLAND,-117.67452489,34.14346953
6706494,2014,2016-03-02,9835,2014-11-06,0835,018137,NA,4,1,9,3600,0,3,5,NA,2,034,BAKER BL,RT 127,2640,W,N,A,-,N,NA,NA,NA,NA,NA,NA,NA,NA,NA,N,4,0,1,2,A,-,09,21801,A,N,C,C,A,A,H,-,A,D,0,NA,NA,NA,NA,Y,NA,D,22,0,0,1,0,0,0,0,0,0,-,-,NA,NA,SAN BERNARDINO,UNINCORPORATED,-116.08187543,35.26090247
6564744,2014,2015-03-14,3610,2014-04-30,2138,50821,NA,3,5,6,3610,0,0,0,NA,0,NA,N MT VERNON AV,W 2ND ST,220,N,N,A,-,N,NA,NA,NA,NA,NA,NA,NA,NA,NA,N,4,0,1,2,A,-,05,21650,NA,M,G,B,E,A,H,-,C,A,0,Y,NA,NA,NA,Y,NA,A,01,0,0,1,0,1,0,0,0,0,-,-,NA,NA,SAN BERNARDINO,SAN BERNARDINO,-117.31388282,34.10328262
6711433,2014,2015-01-06,3609,2014-10-30,1218,6367,95,4,5,5,3609,0,0,0,NA,0,001,BASELINE RD,FITZGERALD AV,0,NA,Y,A,-,N,NA,NA,NA,NA,NA,NA,NA,NA,NA,Y,3,0,2,2,A,-,08,22107,NA,N,D,C,A,A,H,-,A,A,0,NA,NA,NA,NA,Y,NA,A,01,0,1,1,0,0,0,0,0,0,-,-,NA,NA,SAN BERNARDINO,RIALTO,-117.39335012,34.12132011
6572167,2014,2015-02-05,9850,2014-06-23,1216,13261,NA,1,1,5,3612,0,1,1,NA,2,083,RT 15,BEAR VALLEY RD,120,N,N,A,-,Y,SBD,8,15,-,-,37.61,H,-,N,Y,4,0,1,1,A,-,08,22107,NA,N,E,I,A,A,H,-,A,D,1,NA,NA,NA,NA,Y,NA,A,01,0,0,1,0,0,0,0,0,0,-,-,34.47071,-117.34583,SAN BERNARDINO,VICTORVILLE,-117.34588326,34.47065482
6711601,2014,2015-01-09,3600,2014-11-17,1755,E4685,HE117,1,5,5,3619,0,0,0,NA,0,001,MAIN ST,KEY POINTE DR,0,NA,Y,A,-,N,NA,NA,NA,NA,NA,NA,NA,NA,NA,N,4,0,1,2,A,-,03,22350,NA,M,C,C,A,A,H,-,C,A,0,NA,NA,NA,NA,Y,NA,-,NA,0,0,1,0,0,0,0,0,0,-,-,NA,NA,SAN BERNARDINO,HESPERIA,-117.3838,34.42675005
6711794,2014,2014-12-30,3602,2014-10-24,2206,3427,NA,5,5,5,3602,0,0,0,NA,0,003,EDISON AV,MONTE VISTA AV,0,NA,Y,A,-,N,NA,NA,NA,NA,NA,NA,NA,NA,NA,Y,3,0,1,3,A,-,01,23152,A,N,E,I,A,A,H,-,E,A,0,NA,NA,NA,NA,Y,Y,D,22,0,1,0,0,0,0,0,0,0,-,-,NA,NA,SAN BERNARDINO,CHINO,-117.69780009,33.9972501
6711822,2014,2015-01-14,3602,2014-11-07,1633,2894,NA,5,5,5,3602,0,0,0,NA,0,001,RAMONA AV,PHILADELPHIA ST,175,N,N,A,-,N,NA,NA,NA,NA,NA,NA,NA,NA,NA,Y,3,0,3,5,A,-,01,23152,A,F,C,C,A,A,H,-,A,A,0,NA,NA,NA,NA,Y,Y,A,01,0,1,2,0,0,0,0,0,0,-,-,NA,NA,SAN BERNARDINO,CHINO,-117.70690288,34.03395963
6712115,2014,2014-12-30,3602,2014-10-15,1353,3172,NA,3,5,5,3602,0,0,0,NA,0,003,SCHAEFER AV,YORBA AV,55,E,N,A,-,N,NA,NA,NA,NA,NA,NA,NA,NA,NA,Y,4,0,1,2,A,-,03,22350,NA,N,C,C,A,A,H,-,A,A,0,NA,NA,NA,NA,Y,NA,A,01,0,0,1,0,0,0,0,0,0,-,-,NA,NA,SAN BERNARDINO,CHINO,-117.70202902,34.00442253
6573956,2014,2014-08-28,3609,2014-07-19,0447,3322,102,6,5,5,3609,0,0,0,NA,0,002,EUCALYPTUS AV,VIRGINIA ST,110,N,N,A,-,N,NA,NA,NA,NA,NA,NA,NA,NA,NA,N,2,0,3,1,A,-,03,22350,NA,N,A,I,A,A,H,-,C,D,0,NA,NA,NA,NA,Y,NA,A,08,1,1,1,0,0,0,0,0,0,-,-,NA,NA,SAN BERNARDINO,RIALTO,-117.35733407,34.12494135
6716352,2014,2015-01-22,3604,2014-10-09,1413,1136,NA,4,5,6,3604,0,0,0,NA,0,NA,CATAWBA AV,RANDALL AV,159,S,N,A,-,N,NA,NA,NA,NA,NA,NA,NA,NA,NA,N,3,0,1,2,A,-,11,21955,NA,N,G,B,D,A,H,-,A,A,0,Y,NA,NA,NA,Y,NA,N,60,0,1,0,0,1,0,0,0,0,-,-,NA,NA,SAN BERNARDINO,FONTANA,-117.45808,34.08434433
6717017,2014,2015-01-09,9850,2014-11-12,1200,020898,NA,3,1,5,3619,0,1,1,NA,2,081,RT 15,RANCHERO RD,2112,N,N,A,-,Y,NA,NA,NA,NA,NA,NA,NA,NA,NA,Y,4,0,2,4,A,-,03,22350,NA,M,C,C,A,A,H,-,A,D,0,NA,NA,NA,NA,Y,NA,A,01,0,0,2,0,0,0,0,0,0,-,-,34.2389,-117.24402,SAN BERNARDINO,HESPERIA,-117.41545,34.38305
6717295,2014,2015-01-13,3600,2014-11-05,1337,S2984,YC402,3,5,4,3640,0,0,0,NA,0,YC1,YUCAIPA BL,SAND CANYON RD,45,E,N,A,-,N,NA,NA,NA,NA,NA,NA,NA,NA,NA,Y,4,0,1,2,A,-,12,21453,A,N,D,C,A,A,H,-,A,A,0,NA,NA,NA,NA,Y,NA,A,01,0,0,1,0,0,0,0,0,0,-,-,NA,NA,SAN BERNARDINO,YUCAIPA,-117.09529197,34.03393159
6576663,2014,2014-08-15,3604,2014-07-23,0634,P1127,NA,3,5,6,3604,0,0,0,NA,0,NA,BASELINE RD,MANGO AV,0,NA,Y,A,-,N,NA,NA,NA,NA,NA,NA,NA,NA,NA,Y,4,0,1,3,D,-,00,NA,NA,N,D,C,F,A,H,-,A,A,0,Y,NA,NA,NA,Y,NA,-,-,0,0,1,0,1,0,0,0,0,-,-,NA,NA,SAN BERNARDINO,FONTANA,-117.43171007,34.12128007
6718108,2014,2015-02-09,9855,2014-12-26,1150,17570,NA,5,1,9,3600,0,3,5,NA,2,003,24TH ST,2ND ST,30,W,N,A,-,N,NA,NA,NA,NA,NA,NA,NA,NA,NA,N,1,1,0,2,A,-,11,21954,A,N,G,B,A,A,H,-,A,D,0,NA,NA,NA,NA,Y,NA,M,94,0,0,0,0,0,0,0,0,0,-,-,NA,NA,SAN BERNARDINO,UNINCORPORATED,-117.64817476,34.15060867
6576793,2014,2014-08-13,3604,2014-07-27,1500,680,NA,7,5,6,3604,0,0,0,NA,0,NA,SIERRA AV,MILLER,0,NA,Y,B,-,N,NA,NA,NA,NA,NA,NA,NA,NA,NA,Y,2,0,2,1,C,-,18,NA,NA,N,E,I,A,A,H,-,A,A,0,NA,NA,NA,NA,Y,NA,-,-,1,1,0,0,0,0,0,0,0,-,-,NA,NA,SAN BERNARDINO,FONTANA,-117.43585008,34.11391011
6718310,2015,2017-04-04,9835,2015-01-02,2500,20097,NA,5,4,9,3600,0,1,1,NA,2,074,RT 15,RASOR RD,9346,N,N,A,-,Y,SBD,8,15,-,R,126.01,H,-,N,Y,1,2,0,1,A,-,08,22107,NA,N,F,A,A,A,H,-,D,D,1,NA,NA,NA,NA,Y,Y,A,07,0,0,0,0,0,0,0,0,0,-,-,35.15565,-116.19101,SAN BERNARDINO,UNINCORPORATED,-116.19193279,35.15475561
6718409,2014,2014-12-02,3600,2014-03-01,0335,C9497,HE113,6,5,5,3619,0,0,0,NA,0,HE1,BALSAM AV,EDISON POLE 4361303F,153,N,N,C,-,N,NA,NA,NA,NA,NA,NA,NA,NA,NA,Y,1,1,4,2,A,-,01,23152,A,N,A,C,A,B,H,-,D,D,0,NA,NA,NA,NA,Y,Y,A,01,4,0,0,0,0,0,0,0,0,-,-,NA,NA,SAN BERNARDINO,HESPERIA,NA,NA
6718415,2014,2014-12-11,9860,2014-05-09,0705,17018,NA,5,1,9,3600,0,1,3,NA,1,012,RT 138,RT 15,270,W,N,A,-,Y,SBD,8,138,-,R,15.061,I,5,W,Y,1,1,0,2,A,-,09,21802,A,N,F,A,A,A,H,-,A,A,0,NA,NA,Y,NA,Y,NA,D,22,0,0,0,0,0,0,0,1,0,-,-,34.31162,-117.47713,SAN BERNARDINO,UNINCORPORATED,-117.47718835,34.3116781
6718539,2014,2016-01-07,3600,2014-03-01,2149,D4301,HE128,6,5,5,3619,0,0,0,NA,0,005,MAIN ST,MAPLE AV,279,W,N,B,-,N,NA,NA,NA,NA,NA,NA,NA,NA,NA,Y,1,1,0,3,A,-,11,21954,A,N,G,B,D,B,H,-,D,D,0,Y,NA,NA,NA,Y,Y,N,60,0,0,0,1,0,0,0,0,0,-,-,NA,NA,SAN BERNARDINO,HESPERIA,-117.34740677,34.42673469
6718546,2014,2015-06-08,3600,2014-08-11,1903,D9572,VC031,1,5,5,3612,0,0,0,NA,0,VC2,HESPERIA RD,SENECA RD,699,N,N,A,-,N,NA,NA,NA,NA,NA,NA,NA,NA,NA,Y,1,1,0,1,A,-,03,22350,NA,N,E,I,A,A,B,-,A,D,0,NA,NA,Y,NA,Y,NA,C,02,0,0,0,0,0,0,0,1,0,-,-,NA,NA,SAN BERNARDINO,VICTORVILLE,-117.29862805,34.51641286
6722062,2014,2014-12-31,3610,2014-10-28,1025,50808,NA,2,5,6,3610,0,0,0,NA,0,NA,NORTH ARROWHEAD AV,WEST HIGHLAND AV,110,S,N,A,-,N,NA,NA,NA,NA,NA,NA,NA,NA,NA,Y,4,0,1,2,A,-,09,21801,A,N,D,C,A,A,-,-,A,D,0,NA,NA,NA,NA,Y,NA,A,01,0,0,1,0,0,0,0,0,0,-,-,NA,NA,SAN BERNARDINO,SAN BERNARDINO,-117.28965159,34.13566866
6723334,2014,2015-01-05,3610,2014-10-23,1526,50717,NA,4,5,6,3610,0,0,0,NA,0,NA,NORTH WATERMAN AV,E 9TH ST,435,S,N,A,-,N,NA,NA,NA,NA,NA,NA,NA,NA,NA,Y,4,0,1,1,A,-,08,22107,NA,N,E,I,A,A,H,-,A,D,0,NA,NA,NA,NA,Y,NA,A,07,0,0,1,0,0,0,0,0,0,-,-,NA,NA,SAN BERNARDINO,SAN BERNARDINO,-117.27878506,34.11460833
6723343,2014,2015-01-06,3610,2014-10-04,0242,50912,NA,6,5,6,3610,0,0,0,NA,0,NA,N PEPPER AV,W PARK VISTA DR,0,NA,Y,A,-,N,NA,NA,NA,NA,NA,NA,NA,NA,NA,Y,4,0,1,1,A,-,03,22350,NA,N,E,I,A,A,H,-,C,D,0,NA,NA,NA,NA,Y,NA,A,01,0,0,1,0,0,0,0,0,0,-,-,NA,NA,SAN BERNARDINO,SAN BERNARDINO,-117.35296012,34.0901701
6581108,2014,2016-04-30,3600,2014-07-25,2045,E4794,HE031,5,5,5,3619,0,0,0,NA,0,HE3,RT 395,MAIN ST,0,NA,Y,G,-,Y,SBD,8,395,-,R,5.59,H,-,N,Y,3,0,5,5,A,-,01,23153,NA,N,C,C,A,A,H,-,C,A,0,NA,NA,NA,NA,Y,Y,A,01,0,1,4,0,0,0,0,0,0,-,-,NA,NA,SAN BERNARDINO,HESPERIA,-117.4000776,34.42638205
6723814,2014,2015-01-28,3609,2014-11-21,1619,9632,156,5,5,5,3609,0,0,0,NA,0,003,LARCH AV,ALRU ST,0,NA,Y,A,-,N,NA,NA,NA,NA,NA,NA,NA,NA,NA,Y,4,0,1,2,A,-,09,21802,A,N,D,C,A,A,H,-,A,A,0,NA,NA,NA,Y,Y,NA,F,26,0,0,1,0,0,0,0,0,0,-,-,NA,NA,SAN BERNARDINO,RIALTO,-117.39213004,34.08716009
6666168,2014,2014-12-16,3607,2014-10-07,0833,80313,700,2,5,6,3607,0,0,0,NA,0,081,BON VIEW AV,EUCALYPTUS AV,0,NA,Y,A,-,N,NA,NA,NA,NA,NA,NA,NA,NA,NA,Y,3,0,2,2,A,-,09,21802,A,N,D,C,A,A,H,-,A,A,0,NA,NA,NA,NA,Y,NA,-,NA,0,1,1,0,0,0,0,0,0,-,-,NA,NA,SAN BERNARDINO,ONTARIO,-117.63676011,33.9903301
6724786,2014,2014-12-12,3607,2014-10-27,1134,80248,288,1,5,6,3607,0,0,0,NA,0,022,PLUM AV,HOLT BL,0,NA,Y,A,-,N,NA,NA,NA,NA,NA,NA,NA,NA,NA,Y,4,0,1,2,A,-,12,21453,A,F,D,C,A,A,H,-,A,A,0,NA,NA,NA,NA,Y,NA,-,NA,0,0,1,0,0,0,0,0,0,-,-,NA,NA,SAN BERNARDINO,ONTARIO,-117.64840005,34.06337009
6726236,2014,2014-12-09,3611,2014-07-01,0757,2488,3611,2,5,5,3611,0,0,0,NA,0,001,MOUNTAIN AV,23RD ST,30,N,N,A,-,N,NA,NA,NA,NA,NA,NA,NA,NA,NA,N,4,0,1,2,A,-,03,22350,NA,N,C,C,A,A,H,-,A,D,0,NA,NA,NA,NA,Y,NA,A,08,0,0,1,0,0,0,0,0,0,-,-,NA,NA,SAN BERNARDINO,UPLAND,-117.67035,34.14698222
6726418,2014,2014-12-23,3602,2014-10-01,0716,1127,NA,3,5,5,3602,0,0,0,NA,0,002,RIVERSIDE DR,OAKS AV,477,W,N,A,-,N,NA,NA,NA,NA,NA,NA,NA,NA,NA,N,3,0,2,2,A,-,08,22107,NA,N,B,C,A,D,H,-,A,A,0,NA,NA,Y,NA,Y,NA,A,01,0,1,1,0,0,0,0,0,1,-,-,NA,NA,SAN BERNARDINO,CHINO,-117.67780983,34.01915207
6726738,2014,2015-01-02,3610,2014-10-10,0759,50252,NA,5,5,6,3610,0,0,0,NA,0,NA,DEL ROSA AV,HIGHLAND AV,162,S,N,A,-,N,NA,NA,NA,NA,NA,NA,NA,NA,NA,Y,4,0,1,2,A,-,-,NA,NA,F,D,C,A,A,H,-,A,D,0,NA,NA,NA,NA,Y,NA,-,99,0,0,1,0,0,0,0,0,0,-,-,NA,NA,SAN BERNARDINO,SAN BERNARDINO,-117.2524,34.13541622
6727135,2014,2015-07-08,3600,2014-11-26,2131,10053,YC209,3,5,4,3640,0,0,0,NA,0,YC1,BRYANT ST,OAK GLEN RD,356,S,N,A,-,N,NA,NA,NA,NA,NA,NA,NA,NA,NA,Y,4,0,1,2,A,-,09,21804,A,N,D,C,A,A,H,-,C,D,0,NA,NA,NA,NA,Y,NA,A,01,0,0,1,0,0,0,0,0,0,-,-,NA,NA,SAN BERNARDINO,YUCAIPA,-117.03446,34.04740503
6669764,2014,2016-06-04,9855,2014-09-29,1035,012923,NA,1,1,5,3630,0,1,3,NA,2,071,RT 71,GRAND AV,1125,S,N,A,-,Y,SBD,8,71,-,R,2.61,H,-,N,N,4,0,1,2,A,-,07,21658,A,N,B,C,A,A,H,-,A,D,1,NA,NA,NA,NA,Y,NA,A,01,0,0,1,0,0,0,0,0,0,-,-,33.98876,-117.71481,SAN BERNARDINO,CHINO HILLS,-117.71707441,33.99132539
6669768,2014,2016-06-04,9855,2014-09-25,0124,019420,NA,4,3,6,3616,0,1,1,NA,2,152,RT 15,RT 66,300,S,N,A,-,Y,SBD,8,15,-,-,5.294,R,2,N,Y,3,0,1,1,A,-,01,23152,E,N,F,A,A,A,H,-,D,D,1,NA,NA,Y,NA,Y,NA,C,02,0,1,0,0,0,0,0,0,1,FR,-,34.10578,-117.5321,SAN BERNARDINO,RANCHO CUCAMONGA,-117.5320452,34.10623065
6730691,2014,2015-01-16,9865,2014-11-08,1055,017673,NA,6,1,9,3600,0,1,3,NA,1,010,RT 18,2N40,1584,N,N,A,-,Y,NA,NA,18,NA,NA,NA,NA,NA,NA,Y,2,0,2,2,A,-,03,22350,NA,N,A,C,A,A,H,-,A,A,0,NA,NA,Y,NA,Y,NA,C,02,1,1,0,0,0,0,0,0,1,-,-,34.22617,-117.30609,SAN BERNARDINO,UNINCORPORATED,-117.30602704,34.22622093
6731361,2014,2015-01-23,9855,2014-11-12,0650,011856,NA,3,1,5,3602,0,1,3,NA,2,603,RT 60,PIPELINE AV,1056,W,N,B,-,Y,NA,NA,60,NA,NA,NA,NA,NA,NA,N,4,0,1,3,A,-,07,21658,A,N,C,C,A,A,H,-,A,D,0,NA,NA,Y,NA,Y,NA,A,01,0,0,1,0,0,0,0,0,1,-,-,34.02791,-117.71861,SAN BERNARDINO,CHINO,-117.71863224,34.02796382
6731385,2014,2015-01-23,9855,2014-11-13,0745,012480,NA,4,1,6,3607,0,1,1,NA,2,152,RT 15,RT 10,200,N,N,B,-,Y,NA,NA,15,NA,NA,NA,NA,NA,NA,N,4,0,1,2,A,-,07,21658,A,N,B,C,A,A,H,-,A,D,0,NA,NA,Y,NA,Y,NA,C,02,0,0,1,0,0,0,0,0,1,-,-,34.0676,-117.545,SAN BERNARDINO,ONTARIO,-117.54504802,34.06759946
6735039,2014,2016-04-30,9855,2014-09-15,0950,11738,NA,1,1,6,3604,0,1,1,NA,2,201,RT 210,KNOX AV,50,E,N,A,-,Y,SBD,8,210,-,-,13.45,H,-,E,Y,4,0,2,2,A,-,07,21658,A,N,B,C,A,A,H,-,A,D,1,NA,NA,NA,NA,Y,NA,A,01,0,0,2,0,0,0,0,0,0,-,-,34.1362,-117.4624,SAN BERNARDINO,FONTANA,-117.46189214,34.13631159
6735056,2014,2016-04-30,9855,2014-09-05,1655,13080,NA,5,2,6,3607,0,1,1,NA,2,103,RT 10,VINEYARD AV,1320,W,N,A,-,Y,SBD,8,10,-,-,5.85,H,-,E,Y,4,0,1,3,A,-,03,22350,NA,N,C,C,A,A,H,-,A,D,1,NA,NA,NA,NA,Y,NA,A,01,0,0,1,0,0,0,0,0,0,-,-,34.07096,-117.61213,SAN BERNARDINO,ONTARIO,-117.61474186,34.07256212
6735334,2014,2015-02-13,3604,2014-12-09,2130,1180,VASUP,2,5,6,3604,0,0,0,NA,0,NA,SIERRA AV,VALLEY BL,1320,S,N,A,-,N,NA,NA,NA,NA,NA,NA,NA,NA,NA,Y,3,0,1,2,A,-,03,22350,NA,N,C,C,A,A,H,-,D,A,0,NA,NA,NA,NA,Y,NA,A,08,0,1,0,0,0,0,0,0,0,-,-,NA,NA,SAN BERNARDINO,FONTANA,-117.43576,34.06676016
6735568,2014,2015-02-05,3604,2014-12-26,0933,348,NA,5,5,6,3604,0,0,0,NA,0,NA,BASELINE AV,RT 15,0,NA,Y,A,-,Y,NA,NA,NA,NA,NA,NA,NA,NA,NA,Y,4,0,1,2,A,-,12,21453,A,N,A,C,A,A,H,-,A,A,0,NA,NA,NA,NA,Y,NA,A,07,0,0,1,0,0,0,0,0,0,-,NO,NA,NA,SAN BERNARDINO,FONTANA,-117.51430005,34.12135004
6741727,2014,2015-01-22,9860,2014-11-16,2000,20626,NA,7,2,9,3600,0,2,4,NA,2,411,CEDAR AV,SAN BERNARDINO AV,75,S,N,A,-,N,NA,NA,NA,NA,NA,NA,NA,NA,NA,Y,3,0,1,2,A,-,01,23152,A,N,C,C,A,A,H,-,C,A,0,NA,NA,NA,NA,Y,Y,D,22,0,1,0,0,0,0,0,0,0,-,-,34.07707,-117.3964,SAN BERNARDINO,UNINCORPORATED,-117.39648,34.07747451
6741808,2014,2016-04-30,9855,2014-08-11,0810,012480,NA,1,1,6,3607,0,1,1,NA,2,101,RT 10,HAVEN AV,1056,W,N,A,-,Y,SBD,8,10,-,-,7.86,H,-,E,N,4,0,1,2,A,-,03,22350,NA,N,C,C,A,A,H,-,A,D,1,NA,NA,NA,NA,Y,NA,A,01,0,0,1,0,0,0,0,0,0,-,-,34.0674,-117.5807,SAN BERNARDINO,ONTARIO,-117.58115301,34.06747012