CASE_ID,ACCIDENT_YEAR,PROC_DATE,JURIS,COLLISION_DATE,COLLISION_TIME,OFFICER_ID,REPORTING_DISTRICT,DAY_OF_WEEK,CHP_SHIFT,POPULATION,CNTY_CITY_LOC,SPECIAL_COND,BEAT_TYPE,CHP_BEAT_TYPE,CITY_DIVISION_LAPD,CHP_BEAT_CLASS,BEAT_NUMBER,PRIMARY_RD,SECONDARY_RD,DISTANCE,DIRECTION,INTERSECTION,WEATHER_1,WEATHER_2,STATE_HWY_IND,CALTRANS_COUNTY,CALTRANS_DISTRICT,STATE_ROUTE,ROUTE_SUFFIX,POSTMILE_PREFIX,POSTMILE,LOCATION_TYPE,RAMP_INTERSECTION,SIDE_OF_HWY,TOW_AWAY,COLLISION_SEVERITY,NUMBER_KILLED,NUMBER_INJURED,PARTY_COUNT,PRIMARY_COLL_FACTOR,PCF_CODE_OF_VIOL,PCF_VIOL_CATEGORY,PCF_VIOLATION,PCF_VIOL_SUBSECTION,HIT_AND_RUN,TYPE_OF_COLLISION,MVIW,PED_ACTION,ROAD_SURFACE,ROAD_COND_1,ROAD_COND_2,LIGHTING,CONTROL_DEVICE,CHP_ROAD_TYPE,PEDESTRIAN_ACCIDENT,BICYCLE_ACCIDENT,MOTORCYCLE_ACCIDENT,TRUCK_ACCIDENT,NOT_PRIVATE_PROPERTY,ALCOHOL_INVOLVED,STWD_VEHTYPE_AT_FAULT,CHP_VEHTYPE_AT_FAULT,COUNT_SEVERE_INJ,COUNT_VISIBLE_INJ,COUNT_COMPLAINT_PAIN,COUNT_PED_KILLED,COUNT_PED_INJURED,COUNT_BICYCLIST_KILLED,COUNT_BICYCLIST_INJURED,COUNT_MC_KILLED,COUNT_MC_INJURED,PRIMARY_RAMP,SECONDARY_RAMP,LATITUDE,LONGITUDE,COUNTY,CITY,POINT_X,POINT_Y
7063582,2015,2016-12-20,9860,2015-08-28,0830,017892,NA,5,1,6,3610,0,1,1,NA,2,103,RT 10,RT 215,528,E,N,A,-,Y,SBD,8,215,-,-,4.323,R,2,N,Y,4,0,1,1,A,-,08,22107,NA,N,E,I,A,A,H,-,A,D,1,NA,NA,NA,NA,Y,NA,A,01,0,0,1,0,0,0,0,0,0,TO,-,34.06688,-117.29531,SAN BERNARDINO,SAN BERNARDINO,-117.29576937,34.06805232
7063589,2015,2016-09-16,3604,2015-10-17,1336,1043,NA,6,5,6,3604,0,0,0,NA,0,NA,RT 66,JUNIPER AV,581,W,N,A,-,N,NA,NA,NA,NA,NA,NA,NA,NA,NA,N,3,0,2,2,A,-,09,21804,A,N,D,C,A,A,H,-,A,D,0,NA,NA,NA,NA,Y,NA,A,01,0,1,1,0,0,0,0,0,0,-,-,NA,NA,SAN BERNARDINO,FONTANA,-117.44213104,34.10658718
7063967,2015,2015-11-13,3608,2015-09-30,0147,3905,NA,3,5,5,3608,0,0,0,NA,0,NA,COLTON AV,WASHINGTON ST,93,W,N,A,-,N,NA,NA,NA,NA,NA,NA,NA,NA,NA,Y,4,0,1,4,A,-,01,23152,A,N,B,E,A,A,H,-,C,D,0,NA,NA,NA,NA,Y,Y,A,01,0,0,1,0,0,0,0,0,0,-,-,NA,NA,SAN BERNARDINO,REDLANDS,-117.18389604,34.06283563
7064373,2015,2015-10-13,3611,2015-08-23,1116,2831,3611,7,5,5,3611,0,0,0,NA,0,003,19TH ST,CAMPUS AV,184,E,N,A,-,N,NA,NA,NA,NA,NA,NA,NA,NA,NA,Y,4,0,1,2,A,-,03,22350,NA,N,C,C,A,A,A,-,A,A,0,NA,NA,NA,NA,Y,NA,A,07,0,0,1,0,0,0,0,0,0,-,-,NA,NA,SAN BERNARDINO,UPLAND,-117.64185,34.1303
7065243,2015,2017-01-13,9865,2015-08-22,1440,20725,NA,6,2,9,3600,0,1,3,NA,1,034,RT 18,SMITH RANCH RD,7920,N,N,A,-,Y,SBD,8,18,-,-,61.72,H,-,S,Y,3,0,2,1,A,-,03,22350,NA,N,F,I,A,A,H,-,A,D,0,NA,NA,Y,NA,Y,NA,C,02,0,2,0,0,0,0,0,0,2,-,-,34.31803,-116.81658,SAN BERNARDINO,UNINCORPORATED,-116.81708596,34.31924797
7009721,2015,2015-08-28,3600,2015-07-21,0137,E4534,LL006,2,5,3,3615,0,0,0,NA,0,LL2,MOUNTAIN VIEW AV,REDLANDS BL,20,N,N,A,-,N,NA,NA,NA,NA,NA,NA,NA,NA,NA,Y,3,0,1,2,A,-,08,22100,A,F,D,C,A,A,H,-,C,A,0,NA,NA,NA,NA,Y,NA,A,01,0,1,0,0,0,0,0,0,0,-,-,NA,NA,SAN BERNARDINO,LOMA LINDA,-117.24368772,34.06309475
7065999,2014,2015-09-16,9855,2014-12-22,0945,014688,NA,1,1,6,3616,0,1,1,NA,2,201,RT 210,DAY CREEK BL,1217,E,N,A,-,Y,NA,NA,NA,NA,NA,NA,NA,NA,NA,Y,3,0,1,1,A,-,08,22107,NA,N,E,I,A,A,H,-,A,D,0,NA,NA,NA,NA,Y,NA,A,01,0,1,0,0,0,0,0,0,0,-,-,NA,NA,SAN BERNARDINO,RANCHO CUCAMONGA,-117.53663,34.13663
7066361,2015,2015-09-18,3602,2015-05-25,1232,3402,NA,1,5,5,3602,0,0,0,NA,0,004,14TH ST,C ST,0,NA,Y,A,-,N,NA,NA,NA,NA,NA,NA,NA,NA,NA,Y,3,0,1,2,A,-,09,21802,A,N,D,D,A,A,H,-,A,A,0,NA,NA,Y,NA,Y,NA,A,01,0,1,0,0,0,0,0,0,1,-,-,NA,NA,SAN BERNARDINO,CHINO,-117.68174001,34.01557011
7009722,2015,2015-08-28,3600,2015-07-08,1242,F3081,LL009,3,5,3,3615,0,0,0,NA,0,LL2,ANDERSON ST,STEWART ST,339,S,N,A,-,N,NA,NA,NA,NA,NA,NA,NA,NA,NA,Y,4,0,2,2,A,-,03,22350,NA,N,A,C,A,A,H,-,A,A,0,NA,NA,NA,NA,Y,NA,-,NA,0,0,2,0,0,0,0,0,0,-,-,NA,NA,SAN BERNARDINO,LOMA LINDA,-117.26291018,34.05292476
7066940,2015,2015-09-24,3600,2015-08-15,1809,F6297,VC030,6,5,5,3612,0,0,0,NA,0,002,HESPERIA RD,GREEN TREE BL,0,NA,Y,A,-,N,NA,NA,NA,NA,NA,NA,NA,NA,NA,N,4,0,1,2,A,-,04,21703,NA,M,C,C,A,A,H,-,A,A,0,NA,NA,NA,NA,Y,NA,-,99,0,0,1,0,0,0,0,0,0,-,-,NA,NA,SAN BERNARDINO,VICTORVILLE,-117.29352011,34.50026012
7067009,2015,2017-01-13,9835,2015-08-26,1635,014476,NA,3,2,9,3600,0,1,1,NA,2,077,RT 15,NIPTON RD,32,S,N,B,C,Y,SBD,8,15,-,-,176.45,H,-,N,Y,3,0,3,2,A,-,03,22350,NA,N,E,I,A,B,H,-,A,D,1,NA,NA,NA,NA,Y,NA,A,01,0,2,1,0,0,0,0,0,0,-,-,34.47383,-115.44828,SAN BERNARDINO,UNINCORPORATED,-115.44884204,35.47314537
7017465,2015,2017-01-21,3600,2015-07-10,1502,F5717,HE301,5,5,5,3619,0,0,0,NA,0,HE3,RT 395,MAIN ST,0,NA,Y,A,-,Y,SBD,8,395,-,R,5.62,H,-,N,Y,4,0,2,3,D,-,00,NA,NA,N,B,C,A,A,H,-,A,A,0,NA,NA,NA,Y,Y,NA,-,-,0,0,2,0,0,0,0,0,0,-,-,NA,NA,SAN BERNARDINO,HESPERIA,-117.40003375,34.42681918
6931496,2015,2016-11-19,3607,2015-04-16,1106,80248,700,4,5,6,3607,0,0,0,NA,0,081,RT 83,EDISON AV,528,N,N,A,-,Y,SBD,8,83,-,-,5.02,H,-,N,Y,4,0,2,2,A,-,03,22350,NA,N,C,C,A,A,H,-,A,D,0,NA,NA,NA,NA,Y,NA,-,NA,0,0,2,0,0,0,0,0,0,-,-,NA,NA,SAN BERNARDINO,ONTARIO,-117.65070153,33.99899857
6937486,2015,2015-06-11,3609,2015-04-25,0812,4369,99,6,5,5,3609,0,0,0,NA,0,002,E BASELINE RD,RIVERSIDE AV,0,E,N,A,-,N,NA,NA,NA,NA,NA,NA,NA,NA,NA,N,4,0,1,2,A,-,12,22450,A,N,D,C,A,A,H,-,A,A,0,NA,NA,NA,NA,Y,NA,-,-,0,0,1,0,0,0,0,0,0,-,-,NA,NA,SAN BERNARDINO,RIALTO,-117.37042009,34.12135005
6937498,2015,2015-06-08,3607,2015-04-24,2113,15028,255,5,5,6,3607,0,0,0,NA,0,062,CAMPUS AV,WALNUT ST,45,N,N,A,-,N,NA,NA,NA,NA,NA,NA,NA,NA,NA,Y,3,0,1,2,A,-,01,23152,A,N,A,-,A,A,H,-,C,D,0,NA,NA,NA,NA,Y,Y,-,NA,0,1,0,0,0,0,0,0,0,-,-,NA,NA,SAN BERNARDINO,ONTARIO,-117.64145084,34.02671333
6938538,2015,2015-06-11,3607,2015-04-24,1431,80313,250,5,5,6,3607,0,0,0,NA,0,071,BAKER AV,PHILADELPHIA ST,100,S,N,B,-,N,NA,NA,NA,NA,NA,NA,NA,NA,NA,Y,4,0,1,2,A,-,06,21755,NA,N,B,C,A,A,H,-,A,D,0,NA,NA,NA,NA,Y,NA,-,NA,0,0,1,0,0,0,0,0,0,-,-,NA,NA,SAN BERNARDINO,ONTARIO,-117.61539,34.03375594
7079368,2015,2015-10-27,3600,2015-10-03,1400,M4079,RC032,6,5,6,3616,0,0,0,NA,0,RC02,DEVON ST,RAMONA AV,124,W,N,A,-,N,NA,NA,NA,NA,NA,NA,NA,NA,NA,Y,4,0,1,3,A,-,03,22350,NA,N,C,E,A,-,H,-,A,D,0,NA,NA,NA,NA,Y,NA,A,01,0,0,1,0,0,0,0,0,0,-,-,NA,NA,SAN BERNARDINO,RANCHO CUCAMONGA,-117.58995848,34.1034057
7079654,2015,2015-10-20,3602,2015-05-23,1235,3451,NA,6,5,5,3602,0,0,0,NA,0,002,10TH ST,RIVERSIDE DR,0,NA,Y,A,-,N,NA,NA,NA,NA,NA,NA,NA,NA,NA,N,4,0,1,2,A,-,09,21801,A,F,D,C,A,A,H,-,A,A,0,NA,NA,NA,NA,Y,NA,D,22,0,0,1,0,0,0,0,0,0,-,-,NA,NA,SAN BERNARDINO,CHINO,-117.68677012,34.01910011
6951555,2015,2015-06-30,3610,2015-03-28,1046,50743,NA,6,5,6,3610,0,0,0,NA,0,NA,E ORANGE SHOW,E ORANGE SHOW 684,0,NA,N,A,-,N,NA,NA,NA,NA,NA,NA,NA,NA,NA,N,4,0,1,2,A,-,03,22350,NA,N,G,B,F,A,H,-,A,D,0,Y,NA,NA,NA,Y,Y,A,07,0,0,1,0,1,0,0,0,0,-,-,NA,NA,SAN BERNARDINO,SAN BERNARDINO,-117.27012992,34.07962759
7082587,2015,2016-12-10,9855,2015-05-07,1213,15826,NA,4,1,6,3607,0,1,1,NA,2,101,RT 10,MILLIKEN AV,50,E,N,B,-,Y,SBD,8,10,-,-,9.19,H,-,E,Y,4,0,2,2,A,-,03,22350,NA,N,C,C,A,A,H,-,A,D,1,NA,NA,NA,Y,Y,NA,D,22,0,0,2,0,0,0,0,0,0,-,-,34.06716,-117.55672,SAN BERNARDINO,ONTARIO,-117.55795851,34.0673779
7082954,2015,2015-10-13,3605,2015-09-12,1038,257,NA,6,5,4,3605,0,0,0,NA,0,NA,N MONTCLAIR PL,MORENO ST,140,S,N,B,-,N,NA,NA,NA,NA,NA,NA,NA,NA,NA,N,4,0,1,2,A,-,03,22350,NA,N,A,C,A,A,H,-,A,D,0,NA,NA,NA,NA,Y,NA,A,01,0,0,1,0,0,0,0,0,0,-,-,NA,NA,SAN BERNARDINO,MONTCLAIR,-117.69557476,34.08815205
7090174,2015,2015-10-07,3609,2015-09-24,0731,1041,157,4,5,5,3609,0,0,0,NA,0,003,RANDALL AV,LARCH AV,0,NA,Y,A,-,N,NA,NA,NA,NA,NA,NA,NA,NA,NA,N,3,0,1,2,A,-,10,21950,A,N,G,B,B,A,H,-,A,A,0,Y,NA,NA,NA,Y,NA,A,07,0,1,0,0,1,0,0,0,0,-,-,NA,NA,SAN BERNARDINO,RIALTO,-117.3921101,34.08496001
7090178,2015,2016-12-20,3609,2015-09-17,2245,3156,192,4,5,5,3609,0,0,0,NA,0,004,RIVERSIDE AV,RT 10,0,NA,Y,A,-,Y,SBD,8,10,-,-,20.137,R,4,W,N,4,0,2,3,A,-,00,21543,A,N,D,D,A,A,H,-,C,A,0,NA,NA,NA,NA,Y,NA,A,01,0,0,2,0,0,0,0,0,0,-,WF,NA,NA,SAN BERNARDINO,RIALTO,-117.36742105,34.06891412
7092147,2015,2015-10-17,3602,2015-08-28,1057,2798,NA,5,5,5,3602,0,0,0,NA,0,004,BENSON AV,RIVERSIDE DR,0,NA,Y,A,-,N,NA,NA,NA,NA,NA,NA,NA,NA,NA,N,3,0,3,2,A,-,09,21801,A,N,D,C,A,A,H,-,A,A,0,NA,NA,NA,NA,Y,NA,A,01,0,1,2,0,0,0,0,0,0,-,-,NA,NA,SAN BERNARDINO,CHINO,-117.68060003,34.01913009
7092204,2015,2015-10-16,3602,2015-09-01,1815,3172,NA,2,5,5,3602,0,0,0,NA,0,005,EUCLID AV,PINE AV,1800,S,N,A,-,N,NA,NA,NA,NA,NA,NA,NA,NA,NA,Y,3,0,2,2,A,-,03,22350,NA,N,C,C,A,A,H,-,A,D,0,NA,NA,NA,NA,Y,NA,A,01,0,1,1,0,0,0,0,0,0,-,-,NA,NA,SAN BERNARDINO,CHINO,-117.65133854,33.94843562
6962769,2015,2015-07-15,3600,2015-06-08,0958,B4570,VC021,1,5,5,3612,0,0,0,NA,0,VC3,SPRING VALLEY LAKE PKWY,FRANCESCA RD,0,NA,Y,A,-,N,NA,NA,NA,NA,NA,NA,NA,NA,NA,NA,4,0,1,3,A,-,12,22450,A,N,D,C,A,A,H,-,A,A,0,NA,NA,NA,NA,Y,NA,A,01,0,0,1,0,0,0,0,0,0,-,-,NA,NA,SAN BERNARDINO,VICTORVILLE,-117.26758361,34.4727122
7093708,2015,2017-01-11,9860,2015-08-13,1547,12988,NA,4,2,3,3615,0,1,1,NA,2,104,RT 10,WATERMAN AV,1584,E,N,A,-,Y,SBD,8,10,-,-,25.59,H,-,E,Y,3,0,1,2,A,-,07,21658,A,N,B,C,A,A,H,-,A,D,1,NA,NA,Y,NA,Y,NA,D,22,0,1,0,0,0,0,0,0,1,-,-,34.06355,-117.27319,SAN BERNARDINO,LOMA LINDA,-117.27331423,34.0637104
7039594,2015,2016-06-20,3600,2015-07-20,1944,F5094,HE404,1,5,5,3619,0,0,0,NA,0,NA,JOSHUA ST,C AV,9,W,N,A,-,N,NA,NA,NA,NA,NA,NA,NA,NA,NA,Y,4,0,2,2,A,-,12,22450,NA,N,D,C,A,A,H,-,C,A,0,NA,NA,NA,NA,Y,NA,A,07,0,0,2,0,0,0,0,0,0,-,-,NA,NA,SAN BERNARDINO,HESPERIA,-117.30090927,34.4018644
7039952,2015,2015-09-02,3600,2015-07-17,1328,F5092,NA,5,5,5,3619,0,0,0,NA,0,HE4,G AV,MAIN ST,480,S,N,A,-,N,NA,NA,NA,NA,NA,NA,NA,NA,NA,Y,4,0,1,2,A,-,03,22350,NA,N,C,C,A,A,H,-,A,D,0,NA,NA,NA,NA,Y,NA,A,01,0,0,1,0,0,0,0,0,0,-,-,NA,NA,SAN BERNARDINO,HESPERIA,-117.28808234,34.41822457
7094792,2015,2016-01-22,3600,2015-09-10,1135,F5137,VC052,4,5,5,3612,0,0,0,NA,0,VC6,MOJAVE DR,AMETHYST RD,162,E,N,A,-,N,NA,NA,NA,NA,NA,NA,NA,NA,NA,Y,4,0,1,2,A,-,08,22107,NA,N,C,C,A,A,H,-,A,D,0,NA,NA,NA,NA,Y,NA,A,01,0,0,1,0,0,0,0,0,0,-,-,NA,NA,SAN BERNARDINO,VICTORVILLE,-117.36381373,34.52854
7094796,2015,2015-10-15,3600,2015-09-08,0706,E2997,VC021,2,5,5,3612,0,0,0,NA,0,NA,BEAR VALLEY,INDUSTRIAL BL,0,NA,Y,A,-,N,NA,NA,NA,NA,NA,NA,NA,NA,NA,Y,4,0,1,4,C,-,18,NA,NA,N,E,C,A,A,H,-,A,A,0,NA,NA,NA,NA,Y,NA,-,-,0,0,1,0,0,0,0,0,0,-,-,NA,NA,SAN BERNARDINO,VICTORVILLE,-117.28289009,34.47110003
7039956,2015,2015-09-02,3600,2015-07-24,1715,C9265,HE326,5,5,5,3619,0,0,0,NA,0,HE3,RANCHERO RD,RT 15,66,E,N,A,-,N,NA,NA,NA,NA,NA,NA,NA,NA,NA,N,3,0,1,1,A,-,-,NA,NA,N,-,A,A,-,H,-,A,A,0,NA,NA,Y,NA,Y,NA,C,02,0,1,0,0,0,0,0,0,1,-,NF,NA,NA,SAN BERNARDINO,HESPERIA,-117.41534189,34.3829
7041980,2015,2015-09-10,3600,2015-08-01,0205,7130,HE115,6,5,5,3619,0,0,0,NA,0,NA,MAUNA LOA ST,7TH AV,0,NA,Y,A,-,N,NA,NA,NA,NA,NA,NA,NA,NA,NA,Y,4,0,1,2,A,-,01,23152,NA,N,D,C,A,A,H,-,C,A,0,NA,NA,NA,NA,Y,Y,A,01,0,0,1,0,0,0,0,0,0,-,-,NA,NA,SAN BERNARDINO,HESPERIA,-117.31217008,34.44156011
7095948,2015,2017-01-03,3607,2015-09-14,1248,14997,125,1,5,6,3607,0,0,0,NA,0,012,EUCLID AV,B ST,0,NA,Y,A,-,Y,SBD,8,83,-,-,9.544,I,5,N,Y,4,0,1,2,A,-,12,21453,A,N,D,C,A,A,H,-,A,A,0,NA,NA,NA,NA,Y,NA,J,48,0,0,1,0,0,0,0,0,0,-,-,NA,NA,SAN BERNARDINO,ONTARIO,-117.65083301,34.06461806
7046396,2015,2015-12-30,3600,2015-08-13,1009,D4306,YC102,4,5,4,3640,0,0,0,NA,0,YC01,OAK GLEN RD,SHADOW HILLS DR,30,E,N,A,-,N,NA,NA,NA,NA,NA,NA,NA,NA,NA,Y,4,0,2,1,C,-,18,NA,NA,N,E,I,A,A,H,-,A,D,0,NA,NA,NA,NA,Y,NA,-,-,0,0,2,0,0,0,0,0,0,-,-,NA,NA,SAN BERNARDINO,YUCAIPA,-117.05863667,34.042505
7096268,2015,2015-10-17,3600,2015-09-16,0805,S3852,RC010,3,5,6,3616,0,0,0,NA,0,005,BLUE GRASS DR,CHURCHILL DR,0,NA,Y,A,-,N,NA,NA,NA,NA,NA,NA,NA,NA,NA,Y,4,0,1,2,A,-,09,21802,A,N,D,C,A,A,H,-,A,D,0,NA,NA,NA,NA,Y,NA,A,01,0,0,1,0,0,0,0,0,0,-,-,NA,NA,SAN BERNARDINO,RANCHO CUCAMONGA,-117.5321101,34.14565002
7096385,2015,2016-11-09,9855,2015-05-29,1310,19165,NA,5,1,6,3607,0,1,1,NA,2,152,RT 15,JURUPA ST,100,N,N,A,-,Y,SBD,8,15,-,-,1.04,H,-,S,N,4,0,3,4,A,-,03,22350,NA,N,C,C,A,A,H,-,A,D,1,NA,NA,NA,NA,Y,NA,D,22,0,0,3,0,0,0,0,0,0,-,-,34.04205,-117.55061,SAN BERNARDINO,ONTARIO,-117.54999971,34.04878066
7096595,2015,2016-07-25,3607,2015-09-15,1210,15093,125,2,5,6,3607,0,0,0,NA,0,012,HOLT BL,LAUREL AV,25,E,N,C,-,N,NA,NA,NA,NA,NA,NA,NA,NA,NA,Y,4,0,1,3,A,-,03,22350,NA,M,C,C,A,B,H,-,A,A,0,NA,NA,NA,NA,Y,NA,-,NA,0,0,1,0,0,0,0,0,0,-,-,NA,NA,SAN BERNARDINO,ONTARIO,-117.65229768,34.063350990000004
7097703,2015,2016-07-25,3607,2015-07-29,1704,14646,244,3,5,6,3607,0,0,0,NA,0,072,HAVEN AV,RT 60,180,N,N,A,-,N,NA,NA,NA,NA,NA,NA,NA,NA,NA,Y,4,0,1,2,A,-,03,22350,NA,N,C,C,A,A,H,-,A,D,0,NA,NA,NA,NA,Y,NA,-,NA,0,0,1,0,0,0,0,0,0,-,WF,NA,NA,SAN BERNARDINO,ONTARIO,-117.57572,34.02954328
7097719,2015,2017-01-03,3607,2015-07-27,1618,80313,230,1,5,6,3607,0,0,0,NA,0,052,CEDAR ST,EUCLID AV,0,NA,Y,A,-,Y,SBD,8,83,-,-,7.665,I,5,N,Y,4,0,2,2,A,-,09,21802,A,N,D,C,A,A,H,-,A,A,0,NA,NA,NA,NA,Y,NA,-,NA,0,0,2,0,0,0,0,0,0,-,-,NA,NA,SAN BERNARDINO,ONTARIO,-117.65072201,34.03744549
7098270,2015,2015-10-24,3609,2015-09-28,1242,6367,103,1,5,5,3609,0,0,0,NA,0,002,PEPPER AV,WINCHESTER AV,0,NA,Y,A,-,N,NA,NA,NA,NA,NA,NA,NA,NA,NA,Y,3,0,2,2,A,-,03,22350,NA,N,D,C,A,A,H,-,A,D,0,NA,NA,NA,NA,Y,NA,A,01,0,1,1,0,0,0,0,0,0,-,-,34.1262,-117.3529,SAN BERNARDINO,RIALTO,-117.35298012,34.12537001
7099935,2015,2015-10-29,3600,2015-10-07,0804,F6798,HE326,3,5,5,3619,0,0,0,NA,0,NA,RANCHERO RD,MARIPOSA RD,0,NA,Y,A,-,N,NA,NA,NA,NA,NA,NA,NA,NA,NA,Y,4,0,3,2,A,-,09,21801,A,N,A,C,A,A,H,-,A,A,0,NA,NA,NA,NA,Y,NA,A,01,0,0,3,0,0,0,0,0,0,-,-,NA,NA,SAN BERNARDINO,HESPERIA,-117.4113701,34.38302008
7100092,2015,2015-12-02,3601,2015-08-25,0100,P48,NA,2,5,3,3601,0,0,0,NA,0,PATROL,RIVERSIDE DR,CARMEN AV,7920,NA,N,A,-,N,NA,NA,NA,NA,NA,NA,NA,NA,NA,Y,4,0,1,1,B,-,22,NA,NA,N,F,A,A,A,H,-,D,D,0,NA,NA,NA,NA,Y,NA,A,07,0,0,1,0,0,0,0,0,0,-,-,NA,NA,SAN BERNARDINO,BARSTOW,-117.00208011,34.89963009
7100129,2015,2015-10-27,3610,2015-08-13,0930,24925,NA,4,5,6,3610,0,0,0,NA,0,NA,2ND ST,RT 215,0,NA,Y,A,-,N,NA,NA,NA,NA,NA,NA,NA,NA,NA,Y,4,0,4,2,A,-,12,21453,A,N,D,C,A,A,H,-,A,A,0,NA,NA,NA,NA,Y,NA,A,07,0,0,4,0,0,0,0,0,0,-,-,NA,NA,SAN BERNARDINO,SAN BERNARDINO,-117.30213004,34.10272008
7105560,2015,2016-01-25,3600,2015-10-13,1631,F5717,HE128,2,5,5,3619,0,0,0,NA,0,HE1,COTTONWOOD AV,MAIN ST,200,S,N,A,-,N,NA,NA,NA,NA,NA,NA,NA,NA,NA,Y,4,0,2,3,A,-,03,22350,NA,N,C,D,A,A,H,-,A,A,0,NA,NA,NA,NA,Y,NA,A,07,0,0,2,0,0,0,0,0,0,-,-,NA,NA,SAN BERNARDINO,HESPERIA,-117.33844,34.42639216
7105813,2015,2015-10-29,3604,2015-10-02,2110,768,NA,5,5,6,3604,0,0,0,NA,0,NA,VALLEY BL,CHERRY AV,350,E,N,A,-,N,NA,NA,NA,NA,NA,NA,NA,NA,NA,Y,4,0,2,2,A,-,02,22400,A,N,C,C,A,A,H,-,C,A,0,NA,NA,NA,NA,Y,NA,A,07,0,0,2,0,0,0,0,0,0,-,-,NA,NA,SAN BERNARDINO,FONTANA,-117.48769753,34.0702
7105837,2015,2015-10-29,3604,2015-09-27,0554,916,NA,7,5,6,3604,0,0,0,NA,0,002,MILLER AV,ALMERIA AV,100,W,N,A,-,N,NA,NA,NA,NA,NA,NA,NA,NA,NA,Y,3,0,1,1,A,-,01,23152,A,N,E,I,A,A,H,-,C,D,0,NA,NA,NA,NA,Y,Y,A,01,0,1,0,0,0,0,0,0,0,-,-,NA,NA,SAN BERNARDINO,FONTANA,-117.46054942,34.11409303
7106757,2015,2016-06-20,3608,2015-10-12,1703,4235,NA,1,5,5,3608,0,0,0,NA,0,NA,ORANGE ST,BROCKTON AV,0,NA,Y,B,-,N,NA,NA,NA,NA,NA,NA,NA,NA,NA,N,3,0,1,2,A,-,08,22107,NA,N,H,G,A,A,H,-,A,A,0,NA,Y,NA,NA,Y,NA,A,01,0,1,0,0,0,0,1,0,0,-,-,NA,NA,SAN BERNARDINO,REDLANDS,-117.18250005,34.06637007
7048271,2015,2016-01-05,3600,2015-08-24,1936,D3381,VC021,1,5,5,3612,0,0,0,NA,0,VC4,BEAR VALLEY RD,AMARGOSA RD,0,NA,Y,A,-,N,NA,NA,NA,NA,NA,NA,NA,NA,NA,Y,4,0,1,2,A,-,01,23152,A,N,D,C,A,A,H,-,C,A,0,NA,NA,NA,NA,Y,NA,A,01,0,0,1,0,0,0,0,0,0,-,-,NA,NA,SAN BERNARDINO,VICTORVILLE,-117.34843002,34.47041004
7053606,2015,2015-09-19,3600,2015-08-15,1830,F6798,HE312,6,5,5,3619,0,0,0,NA,0,HE3,9TH AV,9TH AV 8950,0,NA,N,A,-,N,NA,NA,NA,NA,NA,NA,NA,NA,NA,Y,3,0,1,2,A,-,01,23152,A,N,C,E,A,A,H,-,A,A,0,NA,NA,NA,NA,Y,Y,D,82,0,1,0,0,0,0,0,0,0,-,-,NA,NA,SAN BERNARDINO,HESPERIA,-117.32271552,34.41347742
7055489,2015,2015-11-13,3608,2015-10-25,1241,4202,3608,7,5,5,3608,0,0,0,NA,0,NA,W FERN AV,ALVARADO ST,0,NA,Y,A,-,N,NA,NA,NA,NA,NA,NA,NA,NA,NA,N,3,0,1,2,A,-,12,22450,A,N,D,E,A,A,H,-,A,A,0,NA,NA,NA,NA,Y,NA,A,01,0,1,0,0,0,0,0,0,0,-,-,NA,NA,SAN BERNARDINO,REDLANDS,-117.18255008,34.0483401
7110143,2015,2015-11-14,3600,2015-10-26,1959,F5717,HE128,1,5,5,3619,0,0,0,NA,0,HE5,MAIN ST,COTTONWOOD AV,309,W,N,A,-,N,NA,NA,NA,NA,NA,NA,NA,NA,NA,N,4,0,3,2,A,-,03,22350,NA,F,C,C,A,A,H,-,C,A,0,NA,NA,NA,NA,Y,NA,A,01,0,0,3,0,0,0,0,0,0,-,-,NA,NA,SAN BERNARDINO,HESPERIA,-117.33947119,34.42691545
7111898,2015,2015-11-17,3600,2015-09-30,1724,E5343,HE216,3,5,5,3619,0,0,0,NA,0,HE2,MAIN ST,CHOICEANA AV,0,NA,Y,A,-,N,NA,NA,NA,NA,NA,NA,NA,NA,NA,N,4,0,1,2,A,-,09,21802,A,N,D,C,A,A,H,-,A,A,0,NA,NA,Y,NA,Y,NA,D,22,0,0,1,0,0,0,0,0,1,-,-,NA,NA,SAN BERNARDINO,HESPERIA,-117.25596005,34.41413009
7112486,2015,2015-11-09,3603,2015-10-07,0953,VL4251,COLTO,3,5,4,3603,0,0,0,NA,0,001,RANDALL AV,PEPPER AV,250,W,N,A,-,N,NA,NA,NA,NA,NA,NA,NA,NA,NA,Y,4,0,1,2,A,-,03,22350,NA,N,C,C,A,A,H,-,A,D,0,NA,NA,NA,NA,Y,NA,A,01,0,0,1,0,0,0,0,0,0,-,-,NA,NA,SAN BERNARDINO,COLTON,-117.35374319,34.08500404
7112498,2015,2015-11-09,3603,2015-10-19,1607,CL4251,COLTO,1,5,4,3603,0,0,0,NA,0,001,PENNSYLVANIA AV,GRAY ST,0,NA,Y,B,-,N,NA,NA,NA,NA,NA,NA,NA,NA,NA,Y,3,0,1,2,A,-,09,21802,A,N,D,C,A,A,H,-,A,A,0,NA,NA,Y,NA,Y,NA,A,01,0,1,0,0,0,0,0,0,1,-,-,NA,NA,SAN BERNARDINO,COLTON,-117.32710001,34.09069006
7114191,2015,2015-11-18,3607,2015-10-19,1507,80459,195,1,5,6,3607,0,0,0,NA,0,052,CYPRESS AV,CONTEMPO AV,0,NA,Y,B,-,N,NA,NA,NA,NA,NA,NA,NA,NA,NA,Y,4,0,2,2,A,-,09,21801,A,N,D,C,A,A,H,-,A,A,0,NA,NA,NA,NA,Y,NA,-,NA,0,0,2,0,0,0,0,0,0,-,-,NA,NA,SAN BERNARDINO,ONTARIO,-117.66342001,34.04861011
7114472,2015,2015-11-10,3600,2015-10-07,1844,S3120,HI006,3,5,4,3618,0,0,0,NA,0,HI1,9TH ST,MCKINLEY ST,0,NA,Y,A,-,N,NA,NA,NA,NA,NA,NA,NA,NA,NA,Y,2,0,1,2,A,-,09,21804,A,N,D,J,A,A,H,-,B,D,0,NA,NA,NA,NA,Y,NA,-,NA,1,0,0,0,0,0,0,0,0,-,-,NA,NA,SAN BERNARDINO,HIGHLAND,-117.23748012,34.11573006
7114694,2015,2015-11-10,3605,2015-10-14,0735,317,NA,3,5,4,3605,0,0,0,NA,0,NA,BANDERA ST,HELENA AV,0,NA,Y,A,-,N,NA,NA,NA,NA,NA,NA,NA,NA,NA,N,4,0,1,2,A,-,09,21802,B,N,-,C,A,A,H,-,A,A,0,NA,NA,NA,NA,Y,NA,A,01,0,0,1,0,0,0,0,0,0,-,-,NA,NA,SAN BERNARDINO,MONTCLAIR,-117.70268014,34.06493001