CASE_ID,ACCIDENT_YEAR,PROC_DATE,JURIS,COLLISION_DATE,COLLISION_TIME,OFFICER_ID,REPORTING_DISTRICT,DAY_OF_WEEK,CHP_SHIFT,POPULATION,CNTY_CITY_LOC,SPECIAL_COND,BEAT_TYPE,CHP_BEAT_TYPE,CITY_DIVISION_LAPD,CHP_BEAT_CLASS,BEAT_NUMBER,PRIMARY_RD,SECONDARY_RD,DISTANCE,DIRECTION,INTERSECTION,WEATHER_1,WEATHER_2,STATE_HWY_IND,CALTRANS_COUNTY,CALTRANS_DISTRICT,STATE_ROUTE,ROUTE_SUFFIX,POSTMILE_PREFIX,POSTMILE,LOCATION_TYPE,RAMP_INTERSECTION,SIDE_OF_HWY,TOW_AWAY,COLLISION_SEVERITY,NUMBER_KILLED,NUMBER_INJURED,PARTY_COUNT,PRIMARY_COLL_FACTOR,PCF_CODE_OF_VIOL,PCF_VIOL_CATEGORY,PCF_VIOLATION,PCF_VIOL_SUBSECTION,HIT_AND_RUN,TYPE_OF_COLLISION,MVIW,PED_ACTION,ROAD_SURFACE,ROAD_COND_1,ROAD_COND_2,LIGHTING,CONTROL_DEVICE,CHP_ROAD_TYPE,PEDESTRIAN_ACCIDENT,BICYCLE_ACCIDENT,MOTORCYCLE_ACCIDENT,TRUCK_ACCIDENT,NOT_PRIVATE_PROPERTY,ALCOHOL_INVOLVED,STWD_VEHTYPE_AT_FAULT,CHP_VEHTYPE_AT_FAULT,COUNT_SEVERE_INJ,COUNT_VISIBLE_INJ,COUNT_COMPLAINT_PAIN,COUNT_PED_KILLED,COUNT_PED_INJURED,COUNT_BICYCLIST_KILLED,COUNT_BICYCLIST_INJURED,COUNT_MC_KILLED,COUNT_MC_INJURED,PRIMARY_RAMP,SECONDARY_RAMP,LATITUDE,LONGITUDE,COUNTY,CITY,POINT_X,POINT_Y
84659105,2025,2025-04-23,3604,2025-03-06,1756,1367,NA,4,5,6,3604,0,0,0,NA,0,NA,MERRILL AVE,CYPRESS AVE,0,N,-,B,C,N,NA,NA,NA,NA,NA,NA,NA,NA,NA,Y,4,0,1,2,A,-,12,22450,A,N,D,C,A,B,H,-,C,A,0,NA,NA,NA,NA,Y,NA,A,07,0,0,1,0,0,0,0,0,0,-,-,NA,NA,SAN BERNARDINO,FONTANA,-117.44445037841795,34.09210968017578
8465935,2019,2019-07-23,3610,2019-03-21,0950,50571,NA,4,5,6,3610,0,0,0,NA,0,CHARLI,N TIPPECANOE AV,GARDEN ST,0,NA,Y,B,-,N,NA,NA,NA,NA,NA,NA,NA,NA,NA,Y,1,1,0,2,A,-,01,23152,F,N,D,C,A,B,H,-,A,A,0,NA,NA,Y,NA,Y,NA,C,02,0,0,0,0,0,0,0,1,0,-,-,34.1213493347168,-117.26183319091795,SAN BERNARDINO,SAN BERNARDINO,NA,NA
84660750,2025,2025-04-24,3604,2025-03-11,1958,680,NA,2,5,6,3604,0,0,0,NA,0,NA,CHERRY AVE,JURUPA AVE,0,N,-,B,C,N,NA,NA,NA,NA,NA,NA,NA,NA,NA,N,4,0,1,2,A,-,12,21453,A,N,D,C,A,B,H,-,C,A,0,NA,NA,NA,Y,Y,NA,F,56,0,0,1,0,0,0,0,0,0,-,-,NA,NA,SAN BERNARDINO,FONTANA,-117.48909759521484,34.04800796508789
8466400,2017,2017-10-09,3600,2017-09-18,2301,E2055,HE201,1,5,5,3619,0,0,0,NA,0,HE2,I AV,DONERT ST,368,S,N,A,-,N,NA,NA,NA,NA,NA,NA,NA,NA,NA,Y,3,0,1,1,A,-,01,23152,A,N,F,J,A,A,H,-,A,A,0,NA,NA,NA,NA,Y,Y,A,01,0,1,0,0,0,0,0,0,0,-,-,NA,NA,SAN BERNARDINO,HESPERIA,-117.27718084,34.46567514
8467826,2017,2017-11-21,3600,2017-10-01,0058,F6260,AP025,7,5,5,3621,0,0,0,NA,0,NA,BEAR VALLY RD,REATA RD,0,NA,Y,A,-,N,NA,NA,NA,NA,NA,NA,NA,NA,NA,Y,3,0,1,1,A,-,01,23152,A,N,E,I,A,A,H,-,C,A,0,NA,NA,NA,NA,Y,Y,A,01,0,1,0,0,0,0,0,0,0,-,-,NA,NA,SAN BERNARDINO,APPLE VALLEY,-117.24525006,34.47114003
84679694,2025,2025-05-08,3607,2025-04-24,1348,20410,NA,4,5,6,3607,0,0,0,NA,0,041,AIRPORT DR,ROCKEFELLER AV,0,NA,Y,A,-,N,NA,NA,NA,NA,NA,NA,NA,NA,NA,N,3,0,1,2,A,-,09,21802,A,N,D,C,A,A,H,-,A,A,0,NA,NA,NA,NA,Y,NA,A,01,0,1,0,0,0,0,0,0,0,-,-,NA,NA,SAN BERNARDINO,ONTARIO,-117.55458068847656,34.0627326965332
84681206,2025,2025-06-09,3607,2025-04-26,1640,20641,NA,6,5,6,3607,0,0,0,NA,0,031,VINEYARD AV,EIGHTH ST,250,S,N,B,-,N,NA,NA,NA,NA,NA,NA,NA,NA,NA,Y,2,0,3,3,A,-,08,22107,NA,N,G,B,F,A,D,-,A,D,0,Y,NA,NA,NA,Y,NA,A,07,2,1,0,0,1,0,0,0,0,-,-,NA,NA,SAN BERNARDINO,ONTARIO,-117.61113739013672,34.09139633178711
84682837,2025,2025-05-12,3611,2025-03-24,1754,3577,NA,1,5,5,3611,0,0,0,NA,0,002,11TH ST,SILVERWOOD AVE,0,NA,Y,A,-,N,NA,NA,NA,NA,NA,NA,NA,NA,NA,Y,3,0,1,2,A,-,09,21801,A,N,B,C,A,A,H,-,A,A,0,NA,NA,NA,NA,Y,NA,A,01,0,1,0,0,0,0,0,0,0,-,-,34.1032600402832,-117.67312622070313,SAN BERNARDINO,UPLAND,-117.67301940917967,34.10328674316406
84682844,2025,2025-05-12,3611,2025-04-02,1159,3025,NA,3,5,5,3611,0,0,0,NA,0,003,EUCLID AVE,18TH ST,26,S,N,A,-,N,NA,NA,NA,NA,NA,NA,NA,NA,NA,N,3,0,1,2,A,-,03,22350,NA,F,C,C,A,A,H,-,A,A,0,NA,NA,NA,NA,Y,NA,A,01,0,1,0,0,0,0,0,0,0,-,-,34.12879180908203,-117.65119171142578,SAN BERNARDINO,UPLAND,-117.65142059326172,34.12876892089844
84684749,2025,2025-05-13,3607,2025-05-04,17,21843,NA,7,5,6,3607,0,0,0,NA,0,061,MISSION BL,GROVE AV,564,E,N,A,-,N,NA,NA,NA,NA,NA,NA,NA,NA,NA,Y,3,0,1,1,A,-,01,23152,A,N,E,I,A,A,H,-,C,D,0,NA,NA,NA,Y,Y,Y,F,26,0,1,0,0,0,0,0,0,0,-,-,NA,NA,SAN BERNARDINO,ONTARIO,-117.62686157226563,34.05483627319336
84688018,2025,2025-05-15,3611,2025-04-09,945,3612,NA,3,5,5,3611,0,0,0,NA,0,002,BENSON AVE,ARROW RTE,95,N,N,A,-,N,NA,NA,NA,NA,NA,NA,NA,NA,NA,N,4,0,1,2,A,-,03,22350,NA,N,C,C,A,A,H,-,A,A,0,NA,NA,NA,NA,Y,NA,A,01,0,0,1,0,0,0,0,0,0,-,-,34.09954833984375,-117.68089294433594,SAN BERNARDINO,UPLAND,-117.68091583251952,34.099891662597656
8469608,2018,2018-08-07,3600,2018-01-16,0849,F8546,VC058,2,5,5,3612,0,0,0,NA,0,VC5,RT 395,SENECA RD,23,S,N,A,-,Y,SBD,8,395,-,-,11.63,H,-,N,Y,3,0,3,2,A,-,03,22350,NA,N,C,C,A,A,H,-,A,D,0,NA,NA,NA,NA,Y,NA,A,01,0,2,1,0,0,0,0,0,0,-,-,NA,NA,SAN BERNARDINO,VICTORVILLE,-117.39939880371094,34.51345443725586
84700306,2025,2025-05-26,3607,2025-05-20,1159,80506,NA,2,5,6,3607,0,0,0,NA,0,071,RIVERSIDE DR,BAKER AV,0,NA,Y,A,-,N,NA,NA,NA,NA,NA,NA,NA,NA,NA,Y,3,0,2,2,A,-,09,21802,A,N,D,C,A,A,D,-,A,D,0,NA,NA,NA,NA,Y,NA,A,01,0,2,0,0,0,0,0,0,0,-,-,NA,NA,SAN BERNARDINO,ONTARIO,-117.61524963378906,34.01955032348633
8470380,2017,2017-10-24,3604,2017-09-12,2219,1043,NA,2,5,6,3604,0,0,0,NA,0,NA,CITRUS AV,PACIFIC ELECTRIC TR,137,S,N,A,-,N,NA,NA,NA,NA,NA,NA,NA,NA,NA,Y,4,0,1,2,A,-,08,22107,NA,N,D,C,A,A,H,-,C,D,0,NA,NA,NA,NA,Y,NA,A,01,0,0,1,0,0,0,0,0,0,-,-,NA,NA,SAN BERNARDINO,FONTANA,-117.45363861,34.10087864
8470466,2017,2018-01-05,3608,2017-10-06,1200,4342,NA,5,5,5,3608,0,0,0,NA,0,NA,PARK AV,TENNESSEE ST,528,E,N,A,-,N,NA,NA,NA,NA,NA,NA,NA,NA,NA,N,3,0,1,2,A,-,08,22107,NA,N,D,C,A,A,H,-,A,D,0,NA,NA,NA,NA,Y,NA,A,01,0,1,0,0,0,0,0,0,0,-,-,NA,NA,SAN BERNARDINO,REDLANDS,-117.19834225,34.059234
8470470,2017,2017-10-23,3608,2017-10-07,1700,3543,NA,6,5,5,3608,0,0,0,NA,0,NA,5TH AV,LA SALLE ST,0,NA,Y,A,-,N,NA,NA,NA,NA,NA,NA,NA,NA,NA,Y,4,0,1,2,A,-,09,21802,A,N,D,C,A,A,H,-,A,D,0,NA,NA,NA,NA,Y,NA,-,NA,0,0,1,0,0,0,0,0,0,-,-,NA,NA,SAN BERNARDINO,REDLANDS,-117.14326012,34.04838005
84706130,2025,2025-05-30,3604,2025-04-06,1015,1186,NA,7,5,6,3604,0,0,0,NA,0,002,CITRUS AVE,FOOTHILL BLVD,456,N,-,A,-,N,NA,NA,NA,NA,NA,NA,NA,NA,NA,N,4,0,1,2,A,-,05,21650,1,N,D,G,A,A,H,-,A,A,0,NA,NA,Y,NA,Y,NA,O,05,0,0,1,0,0,0,0,0,1,-,-,NA,NA,SAN BERNARDINO,FONTANA,-117.45362854003906,34.1077995300293
84706289,2025,2025-05-30,3604,2025-05-05,903,989,NA,1,5,6,3604,0,0,0,NA,0,NA,FOOTHILL BLVD,CITRUS AVE,752,W,-,B,C,Y,NA,NA,NA,NA,NA,NA,NA,NA,NA,Y,3,0,1,2,A,-,03,22350,NA,N,C,C,A,B,H,-,A,A,0,NA,NA,NA,NA,Y,NA,A,01,0,1,0,0,0,0,0,0,0,-,-,NA,NA,SAN BERNARDINO,FONTANA,-117.45610809326172,34.10652160644531
84707845,2025,2025-06-02,3604,2025-05-13,1500,1139,NA,2,5,6,3604,0,0,0,NA,0,NA,JUNIPER AVE,VALENCIA AVE,0,N,-,B,-,N,NA,NA,NA,NA,NA,NA,NA,NA,NA,Y,2,0,3,2,A,-,09,21801,A,N,D,C,A,A,H,-,A,D,0,NA,NA,NA,NA,Y,NA,A,07,2,0,1,0,0,0,0,0,0,-,-,NA,NA,SAN BERNARDINO,FONTANA,-117.44011688232422,34.09750747680664
84708100,2025,2025-06-02,3609,2025-05-19,1624,02775,NA,1,5,5,3609,0,0,0,NA,0,002,FOOTHILL BLVD,PEPPER AVE,2,W,N,A,-,N,NA,NA,NA,NA,NA,NA,NA,NA,NA,N,4,0,1,2,A,-,03,22350,NA,N,C,C,A,A,H,-,A,A,0,NA,NA,NA,Y,Y,NA,F,26,0,0,1,0,0,0,0,0,0,-,-,NA,NA,SAN BERNARDINO,RIALTO,-117.35291290283205,34.10676956176758
84708381,2025,2025-06-02,3602,2025-04-28,1202,3984,NA,1,5,5,3602,0,0,0,NA,0,001,SCHAEFER AVE,ROSWELL AVE (W),119,W,N,A,-,N,NA,NA,NA,NA,NA,NA,NA,NA,NA,N,3,0,1,2,A,-,09,21801,A,N,D,C,A,A,H,-,A,D,0,NA,NA,NA,NA,Y,NA,A,01,0,1,0,0,0,0,0,0,0,-,-,34.004268646240234,-117.7219009399414,SAN BERNARDINO,CHINO,-117.72222137451172,34.00434112548828
8471342,2017,2017-10-19,3600,2017-09-30,1907,E4794,HE221,6,5,5,3619,0,0,0,NA,0,HE2,MAIN ST,C AV,0,NA,Y,A,-,N,NA,NA,NA,NA,NA,NA,NA,NA,NA,N,4,0,1,2,D,-,00,NA,NA,F,C,C,A,A,H,-,C,A,0,NA,NA,NA,NA,Y,NA,-,-,0,0,1,0,0,0,0,0,0,-,-,NA,NA,SAN BERNARDINO,HESPERIA,-117.2968001,34.42086001
84713890,2025,2025-06-05,3607,2025-04-14,1207,80442,NA,1,5,6,3607,0,0,0,NA,0,071,HAVEN AV,JURUPA ST,20,S,N,A,-,N,NA,NA,NA,NA,NA,NA,NA,NA,NA,N,4,0,1,2,A,-,03,22350,NA,F,C,C,A,A,H,-,A,A,0,NA,NA,NA,NA,Y,NA,A,01,0,0,1,0,0,0,0,0,0,-,-,NA,NA,SAN BERNARDINO,ONTARIO,-117.57601928710938,34.04810333251953
84715444,2025,2025-06-06,3611,2025-04-17,1322,3626,NA,4,5,5,3611,0,0,0,NA,0,002,SAN ANTONIO AVE,8TH ST,315,S,N,A,-,N,NA,NA,NA,NA,NA,NA,NA,NA,NA,Y,4,0,1,2,A,-,08,22107,NA,N,C,E,A,A,H,-,A,A,0,NA,NA,NA,NA,Y,NA,A,01,0,0,1,0,0,0,0,0,0,-,-,34.092411041259766,-117.66082763671876,SAN BERNARDINO,UPLAND,-117.66072082519533,34.09159851074219
84715499,2025,2025-06-06,3609,2025-05-14,940,02334,NA,3,5,5,3609,0,0,0,NA,0,004,RIVERSIDE AVE,VALLEY BLVD,90,N,N,A,-,N,NA,NA,NA,NA,NA,NA,NA,NA,NA,N,4,0,1,3,A,-,03,22350,NA,N,C,C,A,A,H,-,A,A,0,NA,NA,NA,NA,Y,NA,A,01,0,0,1,0,0,0,0,0,0,-,-,34.07052993774414,-117.3702392578125,SAN BERNARDINO,RIALTO,-117.3703842163086,34.07075500488281
84719247,2025,2025-06-10,3607,2025-05-23,1343,19964,NA,5,5,6,3607,0,0,0,NA,0,061,CAMPUS AV,ONTARIO BL,0,NA,Y,A,-,N,NA,NA,NA,NA,NA,NA,NA,NA,NA,N,3,0,1,2,A,-,09,21802,A,N,D,C,A,A,H,-,A,A,0,NA,NA,Y,NA,Y,NA,A,01,0,1,0,0,0,0,0,0,1,-,-,NA,NA,SAN BERNARDINO,ONTARIO,-117.6413345336914,34.05997848510742
84721027,2025,2025-06-11,3607,2025-06-08,1740,20641,NA,7,5,6,3607,0,0,0,NA,0,031,VINEYARD AV,FOURTH ST,0,NA,Y,A,-,N,NA,NA,NA,NA,NA,NA,NA,NA,NA,Y,3,0,2,2,A,-,12,21453,A,N,D,C,A,A,H,-,A,A,0,NA,NA,NA,NA,Y,NA,A,01,0,2,0,0,0,0,0,0,0,-,-,NA,NA,SAN BERNARDINO,ONTARIO,-117.6110382080078,34.07759094238281
84722562,2025,2025-06-12,3611,2025-04-30,1630,3626,NA,3,5,5,3611,0,0,0,NA,0,002,MOUNTAIN AVE,FOOTHILL BLVD,125,S,N,A,-,N,NA,NA,NA,NA,NA,NA,NA,NA,NA,N,3,0,1,2,A,-,08,22107,NA,N,B,C,A,A,H,-,A,A,0,NA,NA,NA,NA,Y,NA,A,01,0,1,0,0,0,0,0,0,0,-,-,34.106990814208984,-117.67024230957033,SAN BERNARDINO,UPLAND,-117.67020416259766,34.10661697387695
84724262,2025,2025-06-13,3602,2025-05-08,1429,4511,NA,4,5,5,3602,0,0,0,NA,0,002,CENTRAL AVE,VICTORY WAY,35,N,N,A,-,N,NA,NA,NA,NA,NA,NA,NA,NA,NA,N,4,0,1,1,A,-,01,23152,A,N,E,I,A,A,H,-,A,A,0,NA,NA,NA,NA,Y,Y,A,08,0,0,1,0,0,0,0,0,0,-,-,34.045310974121094,-117.63963317871094,SAN BERNARDINO,CHINO,-117.29746246337892,34.521759033203125
8472973,2017,2017-11-28,3604,2017-09-08,1933,958,NA,5,5,6,3604,0,0,0,NA,0,NA,SIERRA AV,RIVERSIDE AV,75,S,N,B,-,N,NA,NA,NA,NA,NA,NA,NA,NA,NA,N,4,0,2,2,A,-,01,23152,A,F,C,C,A,A,H,-,C,D,0,NA,NA,NA,NA,Y,Y,A,01,0,0,2,0,0,0,0,0,0,-,-,NA,NA,SAN BERNARDINO,FONTANA,-117.43626864,34.1786845
8473333,2017,2017-11-03,3600,2017-10-13,0601,D6899,HE108,5,5,5,3619,0,0,0,NA,0,HE1,7TH AV,SEQUOIA ST,0,NA,Y,A,-,N,NA,NA,NA,NA,NA,NA,NA,NA,NA,N,3,0,1,2,A,-,12,22450,A,N,D,G,A,A,H,-,B,A,0,NA,Y,NA,NA,Y,NA,L,04,0,1,0,0,0,0,1,0,0,-,-,NA,NA,SAN BERNARDINO,HESPERIA,-117.31234012,34.46895012
84738264,2025,2025-06-25,3604,2025-06-14,1833,1367,NA,6,5,6,3604,0,0,0,NA,0,NA,FOOTHILL BLVD,SULTANA AVE,0,N,-,A,-,N,NA,NA,NA,NA,NA,NA,NA,NA,NA,Y,3,0,2,2,A,-,12,21453,A,N,D,C,A,A,H,-,A,A,0,NA,NA,NA,NA,Y,NA,A,07,0,1,1,0,0,0,0,0,0,-,-,NA,NA,SAN BERNARDINO,FONTANA,-117.4689712524414,34.10650634765625
8473880,2017,2017-12-28,3600,2017-10-16,1424,G6208,AP021,1,5,5,3621,0,0,0,NA,0,AP3,BEAR VALLEY RD,NAVAJO RD,108,E,N,A,-,N,NA,NA,NA,NA,NA,NA,NA,NA,NA,Y,4,0,1,2,A,-,09,21801,A,N,D,C,A,A,H,-,A,A,0,NA,NA,NA,NA,Y,NA,A,07,0,0,1,0,0,0,0,0,0,-,-,NA,NA,SAN BERNARDINO,APPLE VALLEY,-117.1898128,34.4715
84741608,2025,2025-06-27,3609,2025-06-10,1657,02334,NA,2,5,5,3609,0,0,0,NA,0,001,RIVERSIDE AVE,COUNTRY CLUB DR,400,N,N,A,-,N,NA,NA,NA,NA,NA,NA,NA,NA,NA,Y,4,0,1,3,A,-,03,22350,NA,N,C,C,A,A,H,-,A,A,0,NA,NA,NA,NA,Y,NA,A,07,0,0,1,0,0,0,0,0,0,-,-,NA,NA,SAN BERNARDINO,RIALTO,-117.38352966308594,34.14619445800781
84741698,2025,2025-06-27,3607,2025-06-18,556,80506,NA,3,5,6,3607,0,0,0,NA,0,072,MILLIKEN AV,GREYSTONE DR,10,N,N,A,-,N,NA,NA,NA,NA,NA,NA,NA,NA,NA,Y,4,0,1,2,A,-,03,22350,NA,N,C,C,A,A,H,-,A,A,0,NA,NA,NA,NA,Y,NA,A,01,0,0,1,0,0,0,0,0,0,-,-,NA,NA,SAN BERNARDINO,ONTARIO,-117.55850219726563,34.02772903442383
84746938,2025,2025-07-07,3607,2025-06-23,1244,80501,NA,1,5,6,3607,0,0,0,NA,0,042,MILLIKEN AV,FRANCIS ST,300,S,N,A,-,N,NA,NA,NA,NA,NA,NA,NA,NA,NA,N,3,0,1,1,A,-,08,22107,NA,N,F,A,A,A,H,-,A,D,0,NA,NA,Y,NA,Y,NA,C,02,0,1,0,0,0,0,0,0,1,-,-,NA,NA,SAN BERNARDINO,ONTARIO,-117.55840301513672,34.04073715209961
8474966,2017,2017-11-17,3600,2017-09-19,2257,G5363,HI001,2,5,4,3618,0,0,0,NA,0,001,6TH ST,BONNIE ST,300,E,N,A,-,N,NA,NA,NA,NA,NA,NA,NA,NA,NA,Y,3,0,2,4,A,-,07,21658,A,N,B,E,A,A,H,-,D,A,0,NA,NA,NA,NA,Y,NA,-,NA,0,1,1,0,0,0,0,0,0,-,-,NA,NA,SAN BERNARDINO,HIGHLAND,-117.24803199,34.11018323
84750061,2025,2025-07-07,3609,2025-06-12,1907,02272,NA,4,5,5,3609,0,0,0,NA,0,004,PEPPER AVE,FOOTHILL BLVD,0,NA,Y,A,-,Y,SBD,NA,66,NA,NA,20.141,H,NA,L,Y,3,0,2,2,A,-,09,21801,A,N,D,C,A,A,H,-,A,A,0,NA,NA,NA,NA,Y,NA,A,07,0,1,1,0,0,0,0,0,0,-,-,34.1068000793457,-117.35289764404295,SAN BERNARDINO,RIALTO,-117.3529052734375,34.10680389404297
8475165,2017,2017-12-08,3609,2017-10-11,0723,8510,139,3,5,5,3609,0,0,0,NA,0,007,RIVERSIDE AV,1ST ST,131,S,N,A,-,N,NA,NA,NA,NA,NA,NA,NA,NA,NA,N,4,0,1,1,A,-,08,22107,NA,M,A,I,A,A,H,-,A,D,0,NA,NA,NA,NA,Y,NA,A,01,0,0,1,0,0,0,0,0,0,-,-,34.10005,-117.37032,SAN BERNARDINO,RIALTO,-117.37047,34.10057
8475193,2017,2017-12-08,3609,2017-10-12,1502,2493,215,4,5,5,3609,0,0,0,NA,0,004,RIVERSIDE AV,JURUPA AV,0,NA,Y,A,-,N,NA,NA,NA,NA,NA,NA,NA,NA,NA,N,4,0,1,2,A,-,04,21703,NA,N,-,C,A,A,H,-,A,A,0,NA,NA,NA,NA,Y,NA,A,01,0,0,1,0,0,0,0,0,0,-,-,34.04779,-117.36997,SAN BERNARDINO,RIALTO,-117.36982009,34.04758003
84759688,2025,2025-07-14,3609,2025-06-27,1511,02573,NA,5,5,5,3609,0,0,0,NA,0,002,PEPPER AVE,RT 210,0,S,Y,A,-,Y,NA,NA,NA,NA,NA,NA,NA,NA,NA,N,3,0,1,2,A,-,12,21453,A,N,B,C,A,A,H,-,A,A,0,NA,NA,NA,NA,Y,NA,A,07,0,1,0,0,0,0,0,0,0,-,-,34.13555145263672,-117.35312652587892,SAN BERNARDINO,RIALTO,-117.35324096679688,34.134246826171875
8476560,2017,2017-12-12,3604,2017-09-26,0819,473,NA,2,5,6,3604,0,0,0,NA,0,NA,MILLER AV,SIERRA AV,9,E,N,A,-,N,NA,NA,NA,NA,NA,NA,NA,NA,NA,N,4,0,1,2,A,-,03,22350,NA,F,G,B,B,A,H,-,D,A,0,Y,NA,NA,NA,Y,NA,-,99,0,0,1,0,1,0,0,0,0,-,-,NA,NA,SAN BERNARDINO,FONTANA,-117.43582035,34.11391019
84765872,2025,2025-07-17,3607,2025-07-07,2051,21564,NA,1,5,6,3607,0,0,0,NA,0,MILL,MILLIKEN AV,MALL DR,0,NA,Y,A,-,N,NA,NA,NA,NA,NA,NA,NA,NA,NA,Y,3,0,1,2,A,-,09,21800,A,N,A,C,A,A,H,-,D,B,0,NA,NA,NA,NA,Y,NA,A,01,0,1,0,0,0,0,0,0,0,-,-,NA,NA,SAN BERNARDINO,ONTARIO,-117.55785369873048,34.07176971435547
8476700,2017,2017-11-01,3610,2017-09-29,0840,51003,NA,5,5,6,3610,0,0,0,NA,0,POLICE,N DEL ROSA AVE,E LYNWOOD AVE,0,NA,Y,A,-,N,NA,NA,NA,NA,NA,NA,NA,NA,NA,Y,3,0,2,2,A,-,08,22107,NA,N,D,C,A,A,B,-,A,A,0,NA,NA,NA,NA,Y,NA,A,07,0,1,1,0,0,0,0,0,0,-,-,34.14673,-117.25239,SAN BERNARDINO,SAN BERNARDINO,-117.25243011,34.14675006
84768948,2025,2025-07-21,3602,2025-07-04,1933,3051,NA,5,5,5,3602,0,0,0,NA,0,002,CHINO AVENUE,TENTH STREET,0,NA,Y,A,-,N,NA,NA,NA,NA,NA,NA,NA,NA,NA,Y,3,0,6,2,A,-,01,23152,A,N,D,C,A,A,H,-,A,A,0,NA,NA,NA,NA,Y,Y,A,01,0,6,0,0,0,0,0,0,0,-,-,34.011959075927734,-117.68675994873048,SAN BERNARDINO,CHINO,-117.68669128417967,34.01192855834961
84769394,2025,2025-07-21,3611,2025-06-07,2221,3575,NA,6,5,5,3611,0,0,0,NA,0,004,EUCLID AVE,9TH ST,5,S,N,A,-,N,NA,NA,NA,NA,NA,NA,NA,NA,NA,N,3,0,1,2,A,-,03,22350,NA,M,C,C,A,A,H,-,C,A,0,NA,NA,NA,NA,Y,NA,D,22,0,1,0,0,0,0,0,0,0,-,-,34.0960807800293,-117.65110778808594,SAN BERNARDINO,UPLAND,-117.65129852294922,34.09608459472656
84771272,2025,2025-07-22,3604,2025-06-21,2309,1367,NA,6,5,6,3604,0,0,0,NA,0,NA,PALMETTO AVE,IVY AVE,64,S,-,A,-,N,NA,NA,NA,NA,NA,NA,NA,NA,NA,Y,1,1,0,2,A,-,08,22107,NA,N,D,B,E,A,H,-,C,D,0,Y,NA,NA,NA,Y,Y,N,60,0,0,0,1,0,0,0,0,0,-,-,NA,NA,SAN BERNARDINO,FONTANA,-117.42708587646484,34.10417556762695
84783650,2025,2025-07-31,3609,2025-07-05,1200,02734,NA,6,5,5,3609,0,0,0,NA,0,002,RIVERSIDE AVE,LOCUST AVE,0,NA,Y,A,-,N,NA,NA,NA,NA,NA,NA,NA,NA,NA,Y,4,0,1,3,A,-,12,21453,NA,N,D,C,A,A,H,-,A,A,0,NA,NA,NA,NA,Y,NA,A,01,0,0,1,0,0,0,0,0,0,-,-,NA,NA,SAN BERNARDINO,RIALTO,-117.40963745117188,34.162471771240234
84785306,2025,2025-08-01,3611,2025-02-04,1144,3357,NA,2,5,5,3611,0,0,0,NA,0,002,8TH ST,SHERMAN WAY,0,NA,Y,A,-,N,NA,NA,NA,NA,NA,NA,NA,NA,NA,Y,1,1,0,2,A,-,03,22350,NA,N,D,C,A,A,H,-,A,A,0,NA,NA,Y,NA,Y,NA,C,02,0,0,0,0,0,0,0,1,0,-,-,34.0925407409668,-117.6653289794922,SAN BERNARDINO,UPLAND,-117.66542053222656,34.092430114746094
84794316,2025,2025-08-08,3604,2025-07-31,728,680,NA,4,5,6,3604,0,0,0,NA,0,NA,CITRUS AVE,SIERRA LAKES PKWY,30,S,-,A,-,N,NA,NA,NA,NA,NA,NA,NA,NA,NA,N,4,0,1,2,A,-,03,22350,NA,N,C,C,A,A,H,-,A,A,0,NA,NA,NA,NA,Y,NA,A,07,0,0,1,0,0,0,0,0,0,-,-,NA,NA,SAN BERNARDINO,FONTANA,-117.45357513427734,34.13910675048828
84794332,2025,2025-08-08,3604,2025-08-06,1052,680,NA,3,5,6,3604,0,0,0,NA,0,NA,SIERRA AVE,SLOVER AVE,0,N,-,A,-,N,NA,NA,NA,NA,NA,NA,NA,NA,NA,Y,4,0,1,1,A,-,08,22107,NA,N,F,A,A,A,A,-,A,A,0,NA,NA,NA,Y,Y,NA,G,25,0,0,1,0,0,0,0,0,0,-,-,NA,NA,SAN BERNARDINO,FONTANA,-117.43572998046876,34.06310272216797
8479907,2017,2017-11-22,3602,2017-08-22,2119,3402,NA,2,5,5,3602,0,0,0,NA,0,003,PIPELINE AV,CHINO AV,181,S,N,A,-,N,NA,NA,NA,NA,NA,NA,NA,NA,NA,N,4,0,1,2,A,-,03,22350,NA,N,C,C,A,A,H,-,A,A,0,NA,NA,NA,NA,Y,NA,D,22,0,0,1,0,0,0,0,0,0,-,-,NA,NA,SAN BERNARDINO,CHINO,-117.71535046,34.01115396
84803661,2025,2025-08-15,3609,2025-07-25,1108,01932,NA,5,5,5,3609,0,0,0,NA,0,001,FITZGERALD AVE,BASELINE RD,0,NA,Y,A,-,N,NA,NA,NA,NA,NA,NA,NA,NA,NA,N,4,0,2,2,A,-,09,21801,A,N,D,C,A,A,H,-,A,D,0,NA,NA,NA,NA,Y,NA,A,01,0,0,2,0,0,0,0,0,0,-,-,34.121368408203125,-117.39346313476563,SAN BERNARDINO,RIALTO,-117.39334869384766,34.12132263183594
84803668,2025,2025-08-15,3609,2025-08-01,1420,02458,NA,5,5,5,3609,0,0,0,NA,0,004,LILAC AVE,SANTA ANA AVE,0,NA,Y,A,-,N,NA,NA,NA,NA,NA,NA,NA,NA,NA,N,3,0,1,2,A,-,12,22450,NA,N,D,D,A,A,H,-,A,A,0,NA,NA,NA,NA,Y,NA,A,01,0,1,0,0,0,0,0,0,0,-,-,34.05607986450195,-117.37875366210938,SAN BERNARDINO,RIALTO,-117.3789291381836,34.05590057373047