CASE_ID,ACCIDENT_YEAR,PROC_DATE,JURIS,COLLISION_DATE,COLLISION_TIME,OFFICER_ID,REPORTING_DISTRICT,DAY_OF_WEEK,CHP_SHIFT,POPULATION,CNTY_CITY_LOC,SPECIAL_COND,BEAT_TYPE,CHP_BEAT_TYPE,CITY_DIVISION_LAPD,CHP_BEAT_CLASS,BEAT_NUMBER,PRIMARY_RD,SECONDARY_RD,DISTANCE,DIRECTION,INTERSECTION,WEATHER_1,WEATHER_2,STATE_HWY_IND,CALTRANS_COUNTY,CALTRANS_DISTRICT,STATE_ROUTE,ROUTE_SUFFIX,POSTMILE_PREFIX,POSTMILE,LOCATION_TYPE,RAMP_INTERSECTION,SIDE_OF_HWY,TOW_AWAY,COLLISION_SEVERITY,NUMBER_KILLED,NUMBER_INJURED,PARTY_COUNT,PRIMARY_COLL_FACTOR,PCF_CODE_OF_VIOL,PCF_VIOL_CATEGORY,PCF_VIOLATION,PCF_VIOL_SUBSECTION,HIT_AND_RUN,TYPE_OF_COLLISION,MVIW,PED_ACTION,ROAD_SURFACE,ROAD_COND_1,ROAD_COND_2,LIGHTING,CONTROL_DEVICE,CHP_ROAD_TYPE,PEDESTRIAN_ACCIDENT,BICYCLE_ACCIDENT,MOTORCYCLE_ACCIDENT,TRUCK_ACCIDENT,NOT_PRIVATE_PROPERTY,ALCOHOL_INVOLVED,STWD_VEHTYPE_AT_FAULT,CHP_VEHTYPE_AT_FAULT,COUNT_SEVERE_INJ,COUNT_VISIBLE_INJ,COUNT_COMPLAINT_PAIN,COUNT_PED_KILLED,COUNT_PED_INJURED,COUNT_BICYCLIST_KILLED,COUNT_BICYCLIST_INJURED,COUNT_MC_KILLED,COUNT_MC_INJURED,PRIMARY_RAMP,SECONDARY_RAMP,LATITUDE,LONGITUDE,COUNTY,CITY,POINT_X,POINT_Y
8791844,2019,2019-02-13,3609,2019-01-02,1140,4247,RI126,3,5,5,3609,0,0,0,NA,0,002,FOOTHILL BL,WILLOW AV,47,E,N,A,-,N,NA,NA,NA,NA,NA,NA,NA,NA,NA,N,4,0,2,2,A,-,03,22350,NA,N,C,C,A,A,H,-,A,A,0,NA,NA,NA,NA,Y,NA,D,22,0,0,2,0,0,0,0,0,0,-,-,34.1083984375,-117.37349700927734,SAN BERNARDINO,RIALTO,-117.37459564208984,34.10675811767578
8792452,2019,2019-03-07,3610,2019-01-11,0803,8510,NA,5,5,6,3610,0,0,0,NA,0,000,PEPPER AV,VAN KOEVERING ST,130,N,N,A,-,N,NA,NA,NA,NA,NA,NA,NA,NA,NA,N,3,0,1,2,A,-,03,22350,NA,N,-,C,A,A,H,-,A,D,0,NA,NA,NA,NA,Y,NA,A,01,0,1,0,0,0,0,0,0,0,-,-,34.11296844482422,-117.35285949707033,SAN BERNARDINO,SAN BERNARDINO,-117.3529052734375,34.11297607421875
8792502,2019,2019-02-21,3600,2019-01-23,1546,C4462,VC066,3,5,5,3612,0,0,0,NA,0,VC4,SYCAMORE ST,LAUREL OAK RD,0,NA,Y,A,-,N,NA,NA,NA,NA,NA,NA,NA,NA,NA,N,4,0,1,2,A,-,03,22350,NA,N,C,C,A,A,H,-,A,D,0,NA,NA,NA,NA,Y,NA,A,01,0,0,1,0,0,0,0,0,0,-,-,NA,NA,SAN BERNARDINO,VICTORVILLE,-117.37758636474608,34.46310043334961
8792904,2019,2019-02-25,3605,2019-02-02,1048,284,NA,6,5,4,3605,0,0,0,NA,0,NA,SURREY AV,BERKELEY ST,0,NA,Y,A,-,N,NA,NA,NA,NA,NA,NA,NA,NA,NA,N,4,0,1,3,A,-,00,22017,NA,N,B,E,A,A,H,-,A,A,0,NA,NA,NA,NA,Y,NA,A,07,0,0,1,0,0,0,0,0,0,-,-,NA,NA,SAN BERNARDINO,MONTCLAIR,-117.70001983642578,34.07487106323242
8795839,2018,2019-02-13,3611,2018-12-13,1951,3190,3611,4,5,5,3611,0,0,0,NA,0,003,16TH ST,UPLAND HILLS DR,0,NA,Y,A,-,N,NA,NA,NA,NA,NA,NA,NA,NA,NA,Y,4,0,1,2,A,-,03,22350,NA,N,D,C,A,A,H,-,C,A,0,NA,NA,NA,NA,Y,NA,A,01,0,0,1,0,0,0,0,0,0,-,-,NA,NA,SAN BERNARDINO,UPLAND,-117.63633728027344,34.121559143066406
8795902,2019,2019-05-14,3602,2019-01-01,0107,3051,NA,2,5,5,3602,0,0,0,NA,0,005,EUCLID AV,BICKMORE AV,50,N,N,G,-,Y,SBD,8,83,-,-,2.43,H,-,S,Y,3,0,3,2,A,-,01,23152,A,N,A,C,A,A,H,-,C,A,0,NA,NA,NA,NA,Y,Y,D,22,0,3,0,0,0,0,0,0,0,-,-,NA,NA,SAN BERNARDINO,CHINO,-117.65070343017578,33.96129608154297
8796003,2018,2019-02-22,3603,2018-12-28,1629,4819,CPD,5,5,4,3603,0,0,0,NA,0,004,WASHINGTON ST,BLUFF RD,200,E,N,A,-,N,NA,NA,NA,NA,NA,NA,NA,NA,NA,N,4,0,1,2,A,-,09,21806,A,N,B,C,A,A,H,-,A,D,0,NA,NA,NA,NA,Y,NA,-,NA,0,0,1,0,0,0,0,0,0,-,-,NA,NA,SAN BERNARDINO,COLTON,-117.3046417236328,34.048248291015625
8797129,2019,2019-04-03,3609,2019-01-19,2240,0884,RI059,6,5,5,3609,0,0,0,NA,0,002,RIVERSIDE AV,RT 210,0,NA,Y,A,-,Y,SBD,8,210,-,-,18.526,R,4,W,Y,4,0,1,2,A,-,12,21452,A,N,D,C,A,A,H,-,C,A,0,NA,NA,NA,NA,Y,Y,A,01,0,0,1,0,0,0,0,0,0,-,WO,34.136348724365234,-117.37059020996094,SAN BERNARDINO,RIALTO,-117.37330627441406,34.13600540161133
8797173,2019,2019-02-20,3609,2019-01-30,2043,9156,RI146,3,5,5,3609,0,0,0,NA,0,003,MERRILL AV,CEDAR AV,0,NA,Y,A,-,N,NA,NA,NA,NA,NA,NA,NA,NA,NA,Y,4,0,2,2,A,-,09,21801,A,F,D,C,A,A,H,-,C,A,0,NA,NA,NA,NA,Y,NA,A,01,0,0,2,0,0,0,0,0,0,-,-,NA,NA,SAN BERNARDINO,RIALTO,-117.39652252197266,34.09223937988281
8799978,2018,2019-02-14,3611,2018-11-22,2204,3062,3611,4,5,5,3611,0,0,0,NA,0,003,FOOTHILL BL,ALTA AV,531,E,N,A,-,N,NA,NA,NA,NA,NA,NA,NA,NA,NA,N,2,0,1,2,A,-,17,21200,NA,N,D,G,A,A,H,-,C,D,0,NA,Y,NA,NA,Y,NA,L,04,1,0,0,0,0,0,1,0,0,-,-,NA,NA,SAN BERNARDINO,UPLAND,-117.63224029541016,34.10723876953125
8800057,2018,2019-02-14,3611,2018-12-16,1727,2926,3611,7,5,5,3611,0,0,0,NA,0,002,BENSON AV,FOOTHILL BL,60,S,N,A,-,N,NA,NA,NA,NA,NA,NA,NA,NA,NA,N,4,0,2,2,A,-,03,22350,NA,N,C,C,A,A,H,-,A,A,0,NA,NA,NA,NA,Y,NA,A,01,0,0,2,0,0,0,0,0,0,-,-,NA,NA,SAN BERNARDINO,UPLAND,-117.68085479736328,34.10672378540039
8800073,2018,2019-02-28,3601,2018-12-08,2320,P88,NA,6,5,3,3601,0,0,0,NA,0,NA,MARY ANN AV,FREDRICKS ST,383,S,N,A,-,N,NA,NA,NA,NA,NA,NA,NA,NA,NA,N,4,0,1,2,A,-,21,22106,NA,F,G,B,F,A,H,-,C,D,0,Y,NA,NA,NA,Y,NA,A,01,0,0,1,0,1,0,0,0,0,-,-,NA,NA,SAN BERNARDINO,BARSTOW,-117.01651000976563,34.89556884765625
8800373,2018,2019-05-14,3611,2018-12-11,0808,3176,3176,2,5,5,3611,0,0,0,NA,0,002,SAN ANTONIO AV,9TH ST,0,NA,Y,-,-,N,NA,NA,NA,NA,NA,NA,NA,NA,NA,NA,4,0,1,2,A,-,00,22801,A,N,D,C,A,A,H,-,A,A,0,NA,NA,NA,NA,Y,NA,A,01,0,0,1,0,0,0,0,0,0,-,-,NA,NA,SAN BERNARDINO,UPLAND,-117.66074371337892,34.09606170654297
8801151,2018,2019-02-21,3600,2018-10-29,1512,B3501,RC048,1,5,6,3616,0,0,0,NA,0,RC1,BASE LINE RD,VINEYARD AV,255,W,N,A,-,N,NA,NA,NA,NA,NA,NA,NA,NA,NA,Y,4,0,1,2,A,-,07,21658,A,N,D,C,A,A,H,-,A,D,0,NA,NA,NA,NA,Y,NA,A,01,0,0,1,0,0,0,0,0,0,-,-,NA,NA,SAN BERNARDINO,RANCHO CUCAMONGA,-117.6118392944336,34.12154006958008
8801343,2019,2019-03-19,3600,2019-02-11,0758,G6905,VC044,1,5,5,3612,0,0,0,NA,0,VC1,STODDARD WELLS RD,DANTE ST,9,W,N,A,-,N,NA,NA,NA,NA,NA,NA,NA,NA,NA,Y,4,0,2,2,A,-,09,21802,A,N,D,C,A,A,H,-,A,A,0,NA,NA,NA,NA,Y,NA,-,NA,0,0,2,0,0,0,0,0,0,-,-,NA,NA,SAN BERNARDINO,VICTORVILLE,-117.29163360595705,34.5645637512207
8801682,2018,2019-03-19,3602,2018-12-25,1050,1127,NA,2,5,5,3602,0,0,0,NA,0,NA,FRANCIS AV,MONTE VISTA AV,0,NA,Y,A,-,N,NA,NA,NA,NA,NA,NA,NA,NA,NA,N,4,0,2,2,A,-,03,22350,NA,N,D,C,A,A,H,-,A,C,0,NA,NA,NA,NA,Y,NA,D,22,0,0,2,0,0,0,0,0,0,-,-,NA,NA,SAN BERNARDINO,CHINO,-117.6982421875,34.04077911376953
8801738,2019,2019-03-22,3610,2019-01-28,2335,51091,NA,1,5,6,3610,0,0,0,NA,0,CHARLI,E 21ST ST,WATERMAN AV,462,E,N,A,-,N,NA,NA,NA,NA,NA,NA,NA,NA,NA,Y,3,0,2,2,A,-,08,22107,NA,N,D,C,A,A,H,-,C,D,0,NA,NA,NA,NA,Y,NA,J,41,0,1,1,0,0,0,0,0,0,-,-,34.13414001464844,-117.27870178222656,SAN BERNARDINO,SAN BERNARDINO,-117.27723693847656,34.13405990600586
8802053,2018,2019-03-06,3602,2018-12-23,1342,3805,NA,7,5,5,3602,0,0,0,NA,0,002,CENTRAL AV,COUNTRY FAIR,290,N,N,A,-,N,NA,NA,NA,NA,NA,NA,NA,NA,NA,N,3,0,1,2,A,-,05,21202,A,N,D,G,A,A,H,-,A,D,0,NA,Y,NA,NA,Y,NA,L,04,0,1,0,0,0,0,1,0,0,-,-,NA,NA,SAN BERNARDINO,CHINO,-117.68956756591795,34.03627395629883
8802092,2018,2019-03-04,3602,2018-12-13,1006,2798,NA,4,5,5,3602,0,0,0,NA,0,005,EL PRADO DR,ALTON ST,0,NA,Y,A,-,N,NA,NA,NA,NA,NA,NA,NA,NA,NA,N,4,0,2,2,A,-,09,21802,A,N,D,C,A,A,H,-,A,D,0,NA,NA,NA,NA,Y,NA,A,07,0,0,2,0,0,0,0,0,0,-,-,NA,NA,SAN BERNARDINO,CHINO,-117.68557739257813,33.974021911621094
8803171,2019,2019-02-26,3608,2019-01-24,1738,4279,CENTR,4,5,5,3608,0,0,0,NA,0,NA,BARTON RD,TERRACINA BL,167,W,N,A,-,N,NA,NA,NA,NA,NA,NA,NA,NA,NA,N,4,0,2,2,A,-,03,22350,NA,N,C,C,A,A,H,-,C,A,0,NA,NA,NA,NA,Y,NA,A,01,0,0,2,0,0,0,0,0,0,-,-,NA,NA,SAN BERNARDINO,REDLANDS,-117.21498870849608,34.04827117919922
8803605,2019,2019-03-06,3602,2019-01-15,2132,3343,146,2,5,5,3602,0,0,0,NA,0,005,CENTRAL AV,EL PRADO AV,8,S,N,C,-,N,NA,NA,NA,NA,NA,NA,NA,NA,NA,N,4,0,1,2,A,-,03,22350,NA,F,C,C,A,B,H,-,C,A,0,NA,NA,NA,NA,Y,NA,D,22,0,0,1,0,0,0,0,0,0,-,-,NA,NA,SAN BERNARDINO,CHINO,-117.6889190673828,33.976318359375
8806066,2019,2019-02-27,3604,2019-02-03,0103,1214,NA,7,5,6,3604,0,0,0,NA,0,NA,11TH ST,LOCUST AV,379,E,N,A,-,N,NA,NA,NA,NA,NA,NA,NA,NA,NA,Y,4,0,1,2,A,-,09,21801,A,F,A,C,A,B,H,-,C,D,0,NA,NA,NA,NA,Y,NA,A,01,0,0,1,0,0,0,0,0,0,-,-,NA,NA,SAN BERNARDINO,FONTANA,-117.408203125,34.04452133178711
8807287,2018,2019-04-17,3600,2018-11-28,1020,A5392,YC205,3,5,4,3640,0,0,0,NA,0,NA,BRYANT ST,SUNNYSIDE AV,143,N,N,A,-,N,NA,NA,NA,NA,NA,NA,NA,NA,NA,Y,4,0,1,2,A,-,00,23104,A,N,C,E,A,A,H,-,A,D,0,NA,NA,NA,NA,Y,NA,A,01,0,0,1,0,0,0,0,0,0,-,-,NA,NA,SAN BERNARDINO,YUCAIPA,-117.0344467163086,34.05948257446289
8808007,2018,2019-03-20,3600,2018-12-22,2107,D4301,AP008,6,5,5,3621,0,0,0,NA,0,AP3,KIOWA RD,YUCCA LOMA RD,145,S,N,A,-,N,NA,NA,NA,NA,NA,NA,NA,NA,NA,Y,1,1,0,1,A,-,03,22350,NA,N,E,I,A,A,H,-,C,A,0,NA,NA,Y,NA,Y,NA,C,02,0,0,0,0,0,0,0,1,0,-,-,NA,NA,SAN BERNARDINO,APPLE VALLEY,-117.20686340332033,34.50010681152344
8808110,2019,2021-05-25,3600,2019-02-03,1924,T1686,AP018,7,5,5,3621,0,0,0,NA,0,NA,BEAR VALLEY RD,JOSHUA RD,0,NA,Y,A,-,N,NA,NA,NA,NA,NA,NA,NA,NA,NA,Y,1,1,1,2,A,-,08,22107,NA,N,D,C,A,A,H,-,C,D,0,NA,NA,NA,NA,Y,Y,A,01,0,0,1,0,0,0,0,0,0,-,-,NA,NA,SAN BERNARDINO,APPLE VALLEY,-117.1550521850586,34.471778869628906
8808151,2019,2019-05-13,3600,2019-03-31,0015,G7659,VC059,7,5,5,3612,0,0,0,NA,0,VC4,BEAR VALLEY RD,AMETHYST RD,200,W,N,A,-,N,NA,NA,NA,NA,NA,NA,NA,NA,NA,Y,1,1,0,2,A,-,09,21804,A,N,D,C,A,A,H,-,C,A,0,NA,NA,Y,NA,Y,NA,A,01,0,0,0,0,0,0,0,1,0,-,-,NA,NA,SAN BERNARDINO,VICTORVILLE,-117.36498260498048,34.470401763916016
8808381,2019,2019-07-18,3601,2019-02-05,1640,P91,BARST,2,5,3,3601,0,0,0,NA,0,PATROL,MURIEL DR,ARMORY RD,0,NA,Y,B,C,N,NA,NA,NA,NA,NA,NA,NA,NA,NA,Y,1,2,4,4,A,-,03,22350,NA,N,A,C,A,B,H,-,B,A,0,NA,NA,NA,NA,Y,Y,A,07,3,1,0,0,0,0,0,0,0,-,-,NA,NA,SAN BERNARDINO,BARSTOW,-117.01228332519533,34.88405990600586
8808679,2019,2020-03-18,3608,2019-09-09,1351,3372,NA,1,5,5,3608,0,0,0,NA,0,REDLAN,N UNIVERSITY PKWY,RT 10,0,NA,Y,A,-,Y,SBD,8,10,-,-,31.717,R,4,E,Y,4,0,1,2,A,-,09,21802,A,N,D,C,A,-,A,H,A,A,0,NA,NA,NA,NA,Y,NA,A,07,0,0,1,0,0,0,0,0,0,-,EF,NA,NA,SAN BERNARDINO,REDLANDS,-117.169921875,34.05790328979492
8809585,2019,2019-05-14,3605,2019-01-27,0911,407,NA,7,5,4,3605,0,0,0,NA,0,NA,CENTRAL AV,BENITO ST,0,NA,Y,A,-,N,NA,NA,NA,NA,NA,NA,NA,NA,NA,Y,2,0,3,2,A,-,12,21453,A,N,D,C,A,A,H,-,A,A,0,NA,NA,NA,NA,Y,NA,A,01,2,0,1,0,0,0,0,0,0,-,-,NA,NA,SAN BERNARDINO,MONTCLAIR,-117.68962860107422,34.07400894165039
8810487,2019,2019-03-12,3610,2019-02-01,0745,50789,NA,5,5,6,3610,0,0,0,NA,0,BAKER,W KENDALL DR,MOUNTAIN DR,30,E,N,A,-,N,NA,NA,NA,NA,NA,NA,NA,NA,NA,N,3,0,1,2,A,-,11,21956,NA,N,G,B,D,A,H,-,A,A,0,Y,NA,NA,NA,Y,NA,N,60,0,1,0,0,1,0,0,0,0,-,-,34.164058685302734,-117.30531311035156,SAN BERNARDINO,SAN BERNARDINO,-117.306884765625,34.16487121582031
8811037,2019,2019-04-25,3600,2019-02-02,2047,E2055,HE102,6,5,5,3619,0,0,0,NA,0,HE1,MAPLE AV,SUNSET ST,445,S,N,C,-,N,NA,NA,NA,NA,NA,NA,NA,NA,NA,Y,3,0,2,1,A,-,03,22350,NA,N,E,I,A,B,H,-,C,D,0,NA,NA,NA,NA,Y,NA,A,01,0,2,0,0,0,0,0,0,0,-,-,NA,NA,SAN BERNARDINO,HESPERIA,-117.34664154052734,34.45915985107422
8811157,2019,2019-03-15,3609,2019-02-27,1703,0456,RI142,3,5,5,3609,0,0,0,NA,0,004,RIALTO AV,EUCALYPTUS AV,0,NA,Y,A,-,N,NA,NA,NA,NA,NA,NA,NA,NA,NA,Y,4,0,1,2,A,-,09,21802,A,N,D,C,A,A,H,-,A,A,0,NA,NA,NA,NA,Y,NA,D,22,0,0,1,0,0,0,0,0,0,-,-,34.0994987487793,-117.3572006225586,SAN BERNARDINO,RIALTO,-117.35726928710938,34.09952926635742
8812195,2018,2019-02-28,3602,2018-12-12,1215,2798,NA,3,5,5,3602,0,0,0,NA,0,004,RIVERSIDE DR,5TH ST,0,NA,Y,A,-,N,NA,NA,NA,NA,NA,NA,NA,NA,NA,N,4,0,2,3,A,-,03,22350,NA,N,C,C,A,A,H,-,A,D,0,NA,NA,NA,NA,Y,NA,A,07,0,0,2,0,0,0,0,0,0,-,-,NA,NA,SAN BERNARDINO,CHINO,-117.69312286376952,34.01905059814453
8812223,2018,2019-03-27,3602,2018-12-15,0958,3813,151,6,5,5,3602,0,0,0,NA,0,005,EUCLID AV,RT 71,394,N,N,A,-,N,NA,NA,NA,NA,NA,NA,NA,NA,NA,Y,4,0,1,2,A,-,07,21658,A,N,D,C,A,D,H,-,A,B,0,NA,NA,NA,NA,Y,NA,A,01,0,0,1,0,0,0,0,0,0,-,NO,NA,NA,SAN BERNARDINO,CHINO,-117.65826416015624,33.93147659301758
8812235,2018,2019-02-28,3602,2018-12-19,2006,3172,NA,3,5,5,3602,0,0,0,NA,0,002,MOUNTAIN AV,RIVERSIDE DR,208,N,N,A,-,N,NA,NA,NA,NA,NA,NA,NA,NA,NA,Y,3,0,2,2,A,-,07,21658,A,N,B,C,A,A,H,-,C,D,0,NA,NA,NA,NA,Y,NA,A,07,0,2,0,0,0,0,0,0,0,-,-,NA,NA,SAN BERNARDINO,CHINO,-117.66755676269533,34.019771575927734
8813428,2019,2019-03-08,3608,2019-02-19,2041,4903,REDLA,2,5,5,3608,0,0,0,NA,0,NA,E SAN BERNARDINO AV,N CHURCH ST,21,W,N,A,-,N,NA,NA,NA,NA,NA,NA,NA,NA,NA,Y,4,0,1,2,A,-,01,23153,A,F,C,C,A,B,H,-,C,A,0,NA,NA,NA,NA,Y,Y,A,01,0,0,1,0,0,0,0,0,0,-,-,NA,NA,SAN BERNARDINO,REDLANDS,-117.17375946044922,34.07728958129883
8814575,2019,2019-03-06,3605,2019-01-29,1700,394,NA,2,5,4,3605,0,0,0,NA,0,NA,ROSEWOOD ST,MONTE VISTA AV,234,W,N,B,-,N,NA,NA,NA,NA,NA,NA,NA,NA,NA,N,3,0,1,1,A,-,03,22350,NA,N,A,I,A,A,H,-,A,D,0,NA,NA,Y,NA,Y,NA,C,03,0,1,0,0,0,0,0,0,1,-,-,NA,NA,SAN BERNARDINO,MONTCLAIR,-117.69905090332033,34.07674789428711
8815123,2019,2019-03-15,3600,2019-01-15,1855,D3311,RC018,2,5,6,3616,0,0,0,NA,0,RC5,ARROW RTE,RED OAK ST,0,NA,Y,B,C,N,NA,NA,NA,NA,NA,NA,NA,NA,NA,Y,3,0,1,2,A,-,09,21801,A,N,D,C,A,B,H,-,C,A,0,NA,NA,NA,Y,Y,NA,F,55,0,1,0,0,0,0,0,0,0,-,-,NA,NA,SAN BERNARDINO,RANCHO CUCAMONGA,-117.56907653808594,34.09914016723633
8815172,2018,2019-03-19,3600,2018-11-21,1805,E3926,RC001,3,5,6,3616,0,0,0,NA,0,RC6,BUFFALO AV,4TH ST,185,N,N,A,-,N,NA,NA,NA,NA,NA,NA,NA,NA,NA,N,3,0,1,2,A,-,03,22350,NA,N,D,C,A,A,H,-,C,A,0,NA,NA,NA,NA,Y,NA,D,82,0,1,0,0,0,0,0,0,0,-,-,NA,NA,SAN BERNARDINO,RANCHO CUCAMONGA,-117.55013275146484,34.0771484375
8815734,2019,2019-03-13,3600,2019-02-15,1611,C8664,AP022,5,5,5,3621,0,0,0,NA,0,AP4,CENTRAL RD,VIA PARISO RD,12,N,N,B,-,N,NA,NA,NA,NA,NA,NA,NA,NA,NA,Y,4,0,2,2,A,-,03,22350,NA,N,C,C,A,A,H,-,A,D,0,NA,NA,NA,NA,Y,NA,A,01,0,0,2,0,0,0,0,0,0,-,-,NA,NA,SAN BERNARDINO,APPLE VALLEY,-117.17270660400392,34.45546340942383
8818128,2019,2019-03-21,3604,2019-03-07,0804,473,NA,4,5,6,3604,0,0,0,NA,0,NA,CHERRY AV,ROANOKE RD,0,NA,Y,B,-,N,NA,NA,NA,NA,NA,NA,NA,NA,NA,Y,4,0,2,2,A,-,12,21453,A,N,D,C,A,A,H,-,A,A,0,NA,NA,NA,NA,Y,NA,A,01,0,0,2,0,0,0,0,0,0,-,-,NA,NA,SAN BERNARDINO,FONTANA,-117.48866271972656,34.1172981262207
8819043,2019,2019-03-29,3608,2019-03-11,1417,3372,NA,1,5,5,3608,0,0,0,NA,0,NA,E CYPRESS AV,HIBISCUS DR,0,NA,Y,A,-,N,NA,NA,NA,NA,NA,NA,NA,NA,NA,N,3,0,1,2,A,-,05,21650,1,N,D,G,A,A,H,-,A,A,0,NA,Y,NA,NA,Y,NA,L,04,0,1,0,0,0,0,1,0,0,-,-,NA,NA,SAN BERNARDINO,REDLANDS,-117.17321014404295,34.049190521240234
8819059,2019,2019-03-29,3608,2019-03-05,2052,4523,3608,2,5,5,3608,0,0,0,NA,0,NA,LUGONIA AV,ORANGE ST,0,NA,Y,A,-,N,NA,NA,NA,NA,NA,NA,NA,NA,NA,Y,4,0,1,2,A,-,12,21453,A,N,D,C,A,A,H,-,C,A,0,NA,NA,NA,NA,Y,NA,A,07,0,0,1,0,0,0,0,0,0,-,-,NA,NA,SAN BERNARDINO,REDLANDS,-117.18247985839844,34.070030212402344
8820303,2019,2019-03-22,3604,2019-01-16,1836,473,FONTA,3,5,6,3604,0,0,0,NA,0,NA,ARROW BL,OLEANDER AV,185,NA,N,B,C,N,NA,NA,NA,NA,NA,NA,NA,NA,NA,N,2,0,1,2,A,-,11,21954,A,N,G,B,E,B,H,-,C,A,0,Y,NA,NA,NA,Y,Y,N,60,1,0,0,0,1,0,0,0,0,-,-,NA,NA,SAN BERNARDINO,FONTANA,-117.44886016845705,34.099300384521484
8821074,2019,2019-03-25,3609,2019-03-09,1456,8439,RI135,6,5,5,3609,0,0,0,NA,0,003,N BRAMPTON AV,RIALTO LIGHT POLE R2080,129,N,N,A,-,N,NA,NA,NA,NA,NA,NA,NA,NA,NA,N,4,0,1,2,A,-,03,22350,NA,N,D,C,A,A,H,-,A,D,0,NA,NA,Y,NA,Y,NA,C,02,0,0,1,0,0,0,0,0,1,-,-,34.10388946533203,-117.3852996826172,SAN BERNARDINO,RIALTO,NA,NA
8821707,2018,2019-03-29,3611,2018-05-30,0740,3160,3611,3,5,5,3611,0,0,0,NA,0,004,9TH ST,EUCLID AV,184,E,N,B,-,N,NA,NA,NA,NA,NA,NA,NA,NA,NA,N,4,0,1,2,A,-,05,21650,1,N,D,G,A,A,H,-,A,D,0,NA,Y,NA,NA,Y,NA,L,04,0,0,1,0,0,0,1,0,0,-,-,NA,NA,SAN BERNARDINO,UPLAND,-117.65129852294922,34.096099853515625
8821889,2019,2019-08-28,3611,2019-01-09,1830,2297,3611,3,5,5,3611,0,0,0,NA,0,001,EUCLID AV,16TH ST,35,N,N,A,-,N,NA,NA,NA,NA,NA,NA,NA,NA,NA,NA,4,0,2,2,A,-,03,22350,NA,N,C,C,A,A,H,-,C,A,0,NA,NA,NA,NA,Y,NA,A,01,0,0,2,0,0,0,0,0,0,-,-,NA,NA,SAN BERNARDINO,UPLAND,-117.65139770507813,34.121646881103516
8821893,2019,2019-03-28,3611,2019-01-04,1717,3176,3611,5,5,5,3611,0,0,0,NA,0,003,FOOTHILL BL,CAMPUS AV,12,W,N,A,-,N,NA,NA,NA,NA,NA,NA,NA,NA,NA,NA,4,0,1,2,A,-,09,21453,B,N,G,B,B,A,H,-,C,A,0,Y,NA,NA,NA,Y,NA,A,01,0,0,1,0,1,0,0,0,0,-,-,NA,NA,SAN BERNARDINO,UPLAND,-117.6415557861328,34.10704040527344
8822219,2019,2019-05-08,3600,2019-02-01,1234,C4462,VC043,5,5,5,3612,0,0,0,NA,0,VC1,RT 18,STODDARD WELLS RD,0,NA,Y,A,-,Y,SBD,8,18,-,-,95.2,H,-,N,N,4,0,1,3,A,-,03,22350,NA,N,C,C,A,A,H,-,A,A,0,NA,NA,NA,NA,Y,NA,A,01,0,0,1,0,0,0,0,0,0,-,-,NA,NA,SAN BERNARDINO,VICTORVILLE,-117.28485107421876,34.53531265258789
8822612,2018,2019-03-28,3600,2018-11-01,1510,C9392,RC036,4,5,6,3616,0,0,0,NA,0,RC04,HELLMAN AV,7TH ST,0,NA,N,A,-,N,NA,NA,NA,NA,NA,NA,NA,NA,NA,N,4,0,1,3,A,-,09,21804,A,N,D,C,A,A,H,-,A,D,0,NA,NA,NA,NA,Y,NA,A,01,0,0,1,0,0,0,0,0,0,-,-,NA,NA,SAN BERNARDINO,RANCHO CUCAMONGA,-117.60225677490234,34.08842849731445
8823825,2019,2019-03-26,3600,2019-01-15,0733,G2613,YC210,2,5,4,3640,0,0,0,NA,0,NA,AVENUE E,1ST ST,0,NA,Y,B,C,N,NA,NA,NA,NA,NA,NA,NA,NA,NA,Y,4,0,1,2,A,-,09,21801,A,N,D,C,A,B,H,-,A,A,0,NA,NA,NA,NA,Y,NA,-,NA,0,0,1,0,0,0,0,0,0,-,-,NA,NA,SAN BERNARDINO,YUCAIPA,-117.04100036621094,34.026580810546875
8823923,2019,2019-03-22,3604,2019-03-01,1259,925,NA,5,5,6,3604,0,0,0,NA,0,NA,RANDALL AV,ACACIA AV,0,NA,Y,B,-,N,NA,NA,NA,NA,NA,NA,NA,NA,NA,Y,3,0,1,2,A,-,09,21802,A,N,F,C,A,A,H,-,A,A,0,NA,NA,NA,NA,Y,NA,A,01,0,1,0,0,0,0,0,0,0,-,-,NA,NA,SAN BERNARDINO,FONTANA,-117.43356323242188,34.084861755371094
8826853,2019,2019-03-27,3600,2019-02-28,0653,S3887,HE304,4,5,5,3619,0,0,0,NA,0,HE3,MUSCATEL ST,WELL RD,0,NA,Y,A,-,N,NA,NA,NA,NA,NA,NA,NA,NA,NA,N,4,0,1,2,A,-,09,21802,A,N,D,C,A,A,H,-,A,A,0,NA,NA,NA,NA,Y,NA,A,01,0,0,1,0,0,0,0,0,0,-,-,NA,NA,SAN BERNARDINO,HESPERIA,-117.36959075927734,34.41215133666992
8827613,2019,2019-04-04,3610,2019-02-03,0150,51065,NA,7,5,6,3610,0,0,0,NA,0,POLICE,SOUTH WATERMAN AV,HOSPITALITY DR,12,S,N,B,-,N,NA,NA,NA,NA,NA,NA,NA,NA,NA,Y,4,0,1,1,A,-,03,22350,NA,N,E,I,A,B,H,-,C,A,0,NA,NA,Y,NA,Y,NA,C,02,0,0,1,0,0,0,0,0,1,-,-,34.065799713134766,-117.27877044677734,SAN BERNARDINO,SAN BERNARDINO,-117.27884674072266,34.0657958984375
8828568,2019,2019-04-16,3600,2019-03-01,0946,E6889,HE214,5,5,5,3619,0,0,0,NA,0,HE2,MAIN ST,TIMBERLANE AV,519,E,N,A,-,N,NA,NA,NA,NA,NA,NA,NA,NA,NA,Y,3,0,3,2,A,-,06,21750,A,N,C,B,E,A,H,-,A,D,0,Y,NA,NA,NA,Y,NA,A,01,0,2,1,0,1,0,0,0,0,-,-,NA,NA,SAN BERNARDINO,HESPERIA,-117.27227020263672,34.41720962524414