CASE_ID,ACCIDENT_YEAR,PROC_DATE,JURIS,COLLISION_DATE,COLLISION_TIME,OFFICER_ID,REPORTING_DISTRICT,DAY_OF_WEEK,CHP_SHIFT,POPULATION,CNTY_CITY_LOC,SPECIAL_COND,BEAT_TYPE,CHP_BEAT_TYPE,CITY_DIVISION_LAPD,CHP_BEAT_CLASS,BEAT_NUMBER,PRIMARY_RD,SECONDARY_RD,DISTANCE,DIRECTION,INTERSECTION,WEATHER_1,WEATHER_2,STATE_HWY_IND,CALTRANS_COUNTY,CALTRANS_DISTRICT,STATE_ROUTE,ROUTE_SUFFIX,POSTMILE_PREFIX,POSTMILE,LOCATION_TYPE,RAMP_INTERSECTION,SIDE_OF_HWY,TOW_AWAY,COLLISION_SEVERITY,NUMBER_KILLED,NUMBER_INJURED,PARTY_COUNT,PRIMARY_COLL_FACTOR,PCF_CODE_OF_VIOL,PCF_VIOL_CATEGORY,PCF_VIOLATION,PCF_VIOL_SUBSECTION,HIT_AND_RUN,TYPE_OF_COLLISION,MVIW,PED_ACTION,ROAD_SURFACE,ROAD_COND_1,ROAD_COND_2,LIGHTING,CONTROL_DEVICE,CHP_ROAD_TYPE,PEDESTRIAN_ACCIDENT,BICYCLE_ACCIDENT,MOTORCYCLE_ACCIDENT,TRUCK_ACCIDENT,NOT_PRIVATE_PROPERTY,ALCOHOL_INVOLVED,STWD_VEHTYPE_AT_FAULT,CHP_VEHTYPE_AT_FAULT,COUNT_SEVERE_INJ,COUNT_VISIBLE_INJ,COUNT_COMPLAINT_PAIN,COUNT_PED_KILLED,COUNT_PED_INJURED,COUNT_BICYCLIST_KILLED,COUNT_BICYCLIST_INJURED,COUNT_MC_KILLED,COUNT_MC_INJURED,PRIMARY_RAMP,SECONDARY_RAMP,LATITUDE,LONGITUDE,COUNTY,CITY,POINT_X,POINT_Y
9025190,2019,2020-01-31,3602,2019-11-12,1827,3955,NA,2,5,5,3602,0,0,0,NA,0,003,CHINO HILLS PKWY,CENTRAL AV,415,W,N,A,-,N,NA,NA,NA,NA,NA,NA,NA,NA,NA,Y,3,0,1,2,A,-,09,21801,A,N,D,C,A,A,H,-,C,D,0,NA,NA,NA,NA,Y,Y,A,01,0,1,0,0,0,0,0,0,0,-,-,NA,NA,SAN BERNARDINO,CHINO,-117.69034576416016,33.98276901245117
90253025,2016,2016-08-25,9860,2016-08-24,1900,019027,NA,3,2,3,3615,0,1,1,NA,2,104,I-10 E/B,RICHARDSON ST.,630,W,N,A,-,Y,NA,NA,10,NA,NA,NA,NA,NA,E,Y,4,0,1,1,C,-,18,NA,NA,N,E,I,A,A,H,-,A,D,0,NA,NA,NA,NA,Y,NA,-,-,0,0,1,0,0,0,0,0,0,-,-,34.06583,-117.2546,SAN BERNARDINO,LOMA LINDA,-117.25460094,34.06583403
90208904,2016,2016-06-24,9860,2016-06-21,1710,016575,NA,2,2,4,3603,0,1,1,NA,2,214,I-215 N/B,IOWA AVE,220,S,N,A,-,Y,NA,NA,215,NA,NA,NA,NA,NA,N,Y,4,0,1,3,A,-,03,22350,NA,N,C,C,A,A,H,-,A,D,0,NA,NA,NA,NA,Y,NA,D,22,0,0,1,0,0,0,0,0,0,-,-,34.02338,-117.33585,SAN BERNARDINO,COLTON,-117.33587163,34.02339841
90212759,2016,2016-06-30,9865,2016-06-29,0801,014729,NA,3,1,9,3600,0,1,3,NA,2,032,SR-18,AEROPLANE BLVD.,0,NA,Y,A,-,Y,NA,NA,18,NA,NA,NA,NA,NA,NA,Y,4,0,2,2,A,-,04,21703,NA,N,C,C,A,A,H,-,A,D,0,NA,NA,NA,NA,Y,NA,D,22,0,0,2,0,0,0,0,0,0,-,-,34.25948,-116.85639,SAN BERNARDINO,UNINCORPORATED,-116.85639676,34.25949688
90183517,2016,2016-05-20,9850,2016-05-03,2342,020648,NA,2,3,5,3619,0,1,1,NA,2,082,I-15 S/B,MAIN ST,5280,N,N,A,-,Y,NA,NA,15,NA,NA,NA,NA,NA,S,Y,3,0,1,2,A,-,01,23152,A,N,C,C,A,A,H,-,D,D,0,NA,NA,NA,Y,Y,Y,A,01,0,1,0,0,0,0,0,0,0,-,-,34.43158,-117.37699,SAN BERNARDINO,HESPERIA,-117.37684776,34.43147016
90259375,2016,2016-09-01,9850,2016-08-25,1424,019189,NA,4,2,5,3612,1,4,S,NA,2,901,"D"" STREET""",MCKINNEY WAY,30,E,N,A,-,N,NA,NA,NA,NA,NA,NA,NA,NA,NA,N,3,0,1,1,C,-,18,NA,NA,N,H,A,A,A,H,-,A,D,0,NA,NA,NA,NA,Y,NA,-,-,0,1,0,0,0,0,0,0,0,-,-,34.54158,-117.29905,SAN BERNARDINO,VICTORVILLE,-117.29887068,34.54170705
90215868,2016,2016-07-05,9850,2016-06-27,1315,019278,NA,1,1,9,3600,0,1,3,NA,2,060,SR-138,LEBEC RD,20,E,N,A,-,Y,NA,NA,138,NA,NA,NA,NA,NA,NA,Y,4,0,1,2,A,-,08,22107,NA,N,D,C,A,A,D,H,A,D,0,NA,NA,NA,NA,Y,NA,A,01,0,0,1,0,0,0,0,0,0,-,-,34.4042,-117.5796,SAN BERNARDINO,UNINCORPORATED,-117.57957845,34.40421129
90195749,2016,2016-06-07,9855,2016-05-30,1900,015299,NA,1,2,6,3607,0,1,1,NA,2,101,I-10 W/B (SAN BERNARDINO FWY),INTERSTATE 15,3000,E,N,A,-,Y,NA,NA,10,NA,NA,NA,NA,NA,W,Y,4,0,1,1,A,-,08,22107,NA,N,E,I,A,A,H,-,A,D,0,NA,NA,NA,NA,Y,NA,A,01,0,0,1,0,0,0,0,0,0,-,-,34.0674,-117.5342,SAN BERNARDINO,ONTARIO,-117.53419991,34.06744893
90197051,2016,2016-06-08,9860,2016-06-01,2218,017784,NA,3,3,9,3600,0,1,1,NA,2,152,INTERSTATE 15 NORTHBOUND,KENWOOD AVENUE,5280,S,N,A,-,Y,NA,NA,15,NA,NA,NA,NA,NA,N,N,4,0,1,2,A,-,03,22350,NA,N,C,C,A,A,D,-,D,D,0,NA,NA,NA,NA,Y,NA,D,22,0,0,1,0,0,0,0,0,0,-,-,34.22703,-117.41206,SAN BERNARDINO,UNINCORPORATED,-117.41207367,34.22701191
90199335,2016,2016-06-13,9860,2016-06-03,0922,018223,NA,5,1,6,3610,0,1,1,NA,2,201,SR-210 W/B,27TH ST,300,E,N,A,-,Y,NA,NA,210,NA,NA,NA,NA,NA,W,Y,4,0,2,2,A,-,08,22107,NA,N,B,C,A,A,H,-,A,D,0,NA,NA,NA,NA,Y,NA,A,01,0,0,2,0,0,0,0,0,0,-,-,34.14186,-117.32296,SAN BERNARDINO,SAN BERNARDINO,-117.32299727,34.14190031
90199701,2016,2016-06-13,9835,2016-06-06,0001,021278,Barst,1,3,9,3600,0,1,1,NA,2,073,I-15 S/B,COYOTE LAKE RD,3696,S,N,A,-,Y,NA,NA,NA,NA,NA,NA,NA,NA,NA,Y,3,0,1,1,A,-,01,23152,A,N,E,I,A,A,H,-,D,D,0,NA,NA,NA,NA,Y,Y,A,01,0,1,0,0,0,0,0,0,0,-,-,34.92679,-116.7258,SAN BERNARDINO,UNINCORPORATED,NA,NA
90263758,2016,2016-09-08,9865,2016-09-03,0950,017407,NA,6,1,9,3600,0,1,3,NA,2,045,STATE ROUTE 38,JENKS LAKE RD  W,4752,W,N,A,-,Y,NA,NA,NA,NA,NA,NA,NA,NA,NA,Y,4,0,2,1,A,-,08,22107,NA,N,E,I,A,A,H,-,A,D,0,NA,NA,NA,NA,Y,NA,A,07,0,0,2,0,0,0,0,0,0,-,-,34.14021,-116.88488,SAN BERNARDINO,UNINCORPORATED,-116.92142281,34.16019007
90201646,2016,2016-06-14,9855,2016-06-11,0206,020231,NA,6,3,6,3604,0,1,1,NA,2,201,SR-210 E/B (FOOTHILL FWY),I-15,20,E,N,A,-,Y,NA,NA,210,NA,NA,NA,NA,NA,E,Y,3,0,2,3,A,-,01,23152,A,N,D,C,E,A,H,-,D,D,0,Y,NA,NA,NA,Y,Y,A,07,0,1,1,0,1,0,0,0,0,-,-,34.13644,-117.49121,SAN BERNARDINO,FONTANA,-117.49120894,34.13624393
90204137,2016,2016-06-17,9860,2016-06-13,1320,017204,NA,1,1,9,3600,0,1,1,NA,2,152,I-15 S/B,SR-138,5280,N,N,A,-,Y,NA,NA,15,NA,NA,NA,NA,NA,S,Y,4,0,2,3,A,-,03,22350,NA,N,C,C,A,A,D,-,A,D,0,NA,NA,NA,NA,Y,NA,A,01,0,0,2,0,0,0,0,0,0,-,-,34.32537,-117.48231,SAN BERNARDINO,UNINCORPORATED,-117.48238454,34.32536857
90204694,2016,2016-06-20,9860,2016-06-19,1305,014777,NA,7,1,9,3600,0,3,5,NA,2,002,CAJON BOULEVARD,SHORT STREET,0,NA,Y,A,-,N,NA,NA,NA,NA,NA,NA,NA,NA,NA,Y,4,0,1,2,D,-,00,NA,NA,N,D,C,A,A,H,-,A,A,0,NA,NA,NA,NA,Y,NA,-,-,0,0,1,0,0,0,0,0,0,-,-,34.15485,-117.33306,SAN BERNARDINO,UNINCORPORATED,-117.3330201,34.15489011
90268328,2016,2016-09-15,9860,2016-09-05,1955,019391,NA,1,2,4,3603,0,1,1,NA,2,103,I-10 E/B,PEPPER AVE,5,E,N,A,-,Y,NA,NA,10,NA,NA,NA,NA,NA,E,Y,4,0,1,2,A,-,07,21658,A,F,B,I,A,A,D,-,C,D,0,NA,NA,NA,NA,Y,NA,A,01,0,0,1,0,0,0,0,0,0,-,-,34.06876,-117.35308,SAN BERNARDINO,COLTON,-117.35307975,34.06889703
90268809,2016,2016-09-15,9860,2016-09-05,0215,020654,NA,1,3,9,3600,0,3,5,NA,2,001,GLEN HELEN PARKWAY,LYTLE CREEK RD,7,W,N,A,-,N,NA,NA,NA,NA,NA,NA,NA,NA,NA,Y,3,0,1,1,A,-,01,23152,A,N,E,I,A,A,H,-,D,D,0,NA,NA,Y,NA,Y,Y,C,02,0,1,0,0,0,0,0,0,1,-,-,34.18702,-117.43971,SAN BERNARDINO,UNINCORPORATED,-117.43969,34.18702
90268855,2016,2016-09-16,9860,2016-09-09,1045,015940,NA,5,1,5,3608,0,1,1,NA,2,105,I-10 E/B,ORANGE STREET,280,E,N,A,-,Y,NA,NA,10,NA,NA,NA,NA,NA,E,Y,3,0,3,3,A,-,08,22107,NA,N,C,C,A,A,H,-,A,D,0,NA,NA,NA,NA,Y,NA,A,07,0,2,1,0,0,0,0,0,0,-,-,34.06166,-117.18242,SAN BERNARDINO,REDLANDS,-117.18241991,34.06166751
90240547,2016,2016-08-09,9855,2016-07-27,2102,018335,NA,3,2,6,3616,0,1,1,NA,2,201,SR-210 E/B TO I-15 N/B CON,SR-210 W/B,200,N,N,A,-,Y,NA,NA,NA,NA,NA,NA,NA,NA,NA,Y,4,0,1,2,A,-,07,21658,A,N,B,C,A,A,H,-,C,D,0,NA,NA,NA,NA,Y,NA,A,01,0,0,1,0,0,0,0,0,0,-,-,34.14112,-117.48957,SAN BERNARDINO,RANCHO CUCAMONGA,NA,NA
90245093,2016,2016-08-15,9855,2016-08-08,1830,014973,NA,1,2,6,3616,0,1,1,NA,2,153,I-15 N/B (ONTARIO FWY),SR-66 W/B (FOOTHILL BLVD),550,N,N,A,-,Y,NA,NA,15,NA,NA,NA,NA,NA,N,N,4,0,2,2,A,-,03,22350,NA,N,C,C,A,A,H,-,A,D,0,NA,NA,NA,NA,Y,NA,A,01,0,0,2,0,0,0,0,0,0,-,-,34.10926,-117.52804,SAN BERNARDINO,RANCHO CUCAMONGA,-117.52818214,34.10943207
90269590,2016,2016-09-19,9860,2016-09-02,2020,019706,NA,5,2,9,3600,0,1,1,NA,2,151,I-15 NORTHBOUND,CLEGHORN RD.,15840,S,N,A,-,Y,NA,NA,15,NA,NA,NA,NA,NA,N,N,4,0,1,2,A,-,03,22350,NA,F,C,C,A,A,H,-,D,D,0,NA,NA,NA,NA,Y,NA,D,22,0,0,1,0,0,0,0,0,0,-,-,34.26013,-117.44985,SAN BERNARDINO,UNINCORPORATED,-117.44977277,34.2601037
9026961,2019,2020-02-26,3607,2019-07-15,1338,80537,1,1,5,6,3607,0,0,0,NA,0,031,GROVE AV,7TH ST,50,S,N,A,-,N,NA,NA,NA,NA,NA,NA,NA,NA,NA,N,4,0,1,2,A,-,03,22350,NA,N,C,C,A,A,H,-,A,A,0,NA,NA,NA,NA,Y,NA,A,01,0,0,1,0,0,0,0,0,0,-,-,NA,NA,SAN BERNARDINO,ONTARIO,-117.62857818603516,34.088714599609375
90269707,2016,2016-09-19,9850,2016-09-16,1805,021365,NA,5,2,9,3600,0,1,3,NA,2,052,SR-18,JOHNSON RD,0,NA,Y,A,-,Y,NA,NA,18,NA,NA,NA,NA,NA,NA,Y,4,0,2,2,A,-,01,23152,A,N,D,C,A,A,H,-,B,A,0,NA,NA,NA,NA,Y,Y,A,01,0,0,2,0,0,0,0,0,0,-,-,34.50653,-117.55532,SAN BERNARDINO,UNINCORPORATED,-117.55532004,34.5065344
90247723,2016,2016-08-18,9860,2016-08-11,1310,016590,NA,4,1,6,3610,0,1,3,NA,2,259,1-215 N/B TO SR-259 N/B,BASELINE ST.,618,N,N,A,-,Y,NA,NA,NA,NA,NA,NA,NA,NA,NA,Y,2,0,3,3,A,-,08,22107,NA,F,B,C,A,A,H,-,A,D,0,NA,NA,NA,NA,Y,NA,-,99,1,0,2,0,0,0,0,0,0,-,-,34.11837,-117.30212,SAN BERNARDINO,SAN BERNARDINO,NA,NA
9027286,2020,2020-03-03,3600,2020-01-17,1115,E3905,GT007,5,5,3,3690,0,0,0,NA,0,GT1,MT VERNON AV,DE BERRY ST,0,NA,Y,A,-,N,NA,NA,NA,NA,NA,NA,NA,NA,NA,Y,4,0,2,2,A,-,12,22450,A,N,D,D,A,A,H,-,A,A,0,NA,NA,NA,NA,Y,NA,-,NA,0,0,2,0,0,0,0,0,0,-,-,NA,NA,SAN BERNARDINO,GRAND TERRACE,-117.31363677978516,34.030250549316406
90273134,2016,2016-09-21,9855,2016-09-20,1520,015919,NA,2,2,6,3604,0,1,1,NA,2,201,SR-210 E/B TO I-15 N/B,I-15,626,E,N,B,-,Y,NA,NA,210,NA,NA,NA,R,NA,E,Y,4,0,1,2,A,-,03,22350,NA,N,C,C,A,A,H,-,A,D,0,NA,NA,NA,NA,Y,NA,D,22,0,0,1,0,0,0,0,0,0,-,-,34.13595,-117.49389,SAN BERNARDINO,FONTANA,-117.49389,34.13595
90273154,2016,2016-09-21,9855,2016-09-21,0850,017112,NA,3,1,6,3607,0,1,3,NA,2,603,SR-60 W/B (POMONA FWY),GROVE AVENUE,300,E,N,A,-,Y,NA,NA,NA,NA,NA,NA,NA,NA,NA,Y,4,0,1,3,A,-,03,22350,NA,N,C,C,A,A,H,-,A,D,0,NA,NA,NA,NA,Y,NA,A,01,0,0,1,0,0,0,0,0,0,-,-,NA,NA,SAN BERNARDINO,ONTARIO,-117.62747248,34.0306
90216831,2016,2016-07-06,9834,2016-07-05,0700,011530,NA,2,1,9,3600,0,3,5,NA,2,003,GOFFS ROAD (W/B),MT. SPRINGS ROAD,500,E,N,A,-,N,NA,NA,NA,NA,NA,NA,NA,NA,NA,Y,3,0,1,1,A,-,08,22107,NA,N,F,A,A,A,H,-,A,D,0,NA,NA,NA,NA,Y,NA,D,22,0,1,0,0,0,0,0,0,0,-,-,34.91863,-115.0615,SAN BERNARDINO,UNINCORPORATED,-115.06125187,34.91822867
90273705,2016,2016-09-22,9835,2016-09-19,1230,015842,NA,1,1,9,3600,0,1,1,NA,2,076,NIPTON ROAD,NIPTON DESERT ROAD,13200,W,N,B,-,N,NA,NA,NA,NA,NA,NA,NA,NA,NA,Y,3,0,1,1,A,-,08,22107,NA,N,E,J,A,A,H,-,A,D,0,NA,NA,Y,NA,Y,NA,C,02,0,1,0,0,0,0,0,0,1,-,-,35.45738,-115.31375,SAN BERNARDINO,UNINCORPORATED,-115.31455294,35.45732644
90273715,2016,2016-09-22,9855,2016-09-19,1810,016889,NA,1,2,6,3607,0,1,1,NA,2,101,I-10 E/B (SAN BERNARDINO FWY),MILLIKEN AVE.,2112,W,N,B,-,Y,NA,NA,10,NA,NA,NA,NA,NA,E,N,4,0,1,2,A,-,03,22350,NA,N,C,C,A,A,H,-,A,D,0,NA,NA,NA,NA,Y,NA,A,01,0,0,1,0,0,0,0,0,0,-,-,34.06731,-117.56473,SAN BERNARDINO,ONTARIO,-117.56472958,34.06739799
9027449,2020,2020-02-25,3604,2020-01-18,2154,1286,NA,6,5,6,3604,0,0,0,NA,0,NA,FOOTHILL BL,LAUREL AV,5,W,N,A,-,N,NA,NA,NA,NA,NA,NA,NA,NA,NA,N,4,0,1,2,D,-,00,NA,NA,N,C,C,A,A,H,-,C,A,0,NA,NA,NA,NA,Y,NA,-,-,0,0,1,0,0,0,0,0,0,-,-,NA,NA,SAN BERNARDINO,FONTANA,-117.4140167236328,34.1067008972168
90218781,2016,2016-07-08,9860,2016-07-01,1315,012530,NA,5,1,6,3610,0,1,1,NA,2,202,SR-210 E/B,DEL ROSA AVENUE U/C.,2067,E,N,A,-,Y,NA,NA,NA,NA,NA,NA,NA,NA,NA,Y,2,0,4,2,A,-,03,22350,NA,N,C,C,A,A,H,-,A,D,0,NA,NA,NA,NA,Y,NA,A,07,1,0,3,0,0,0,0,0,0,-,-,34.08405,-117.14809,SAN BERNARDINO,SAN BERNARDINO,-117.2523,34.14236
90275087,2016,2016-09-26,9860,2016-09-17,0545,012530,NA,6,3,6,3610,0,1,1,NA,2,216,I-215 N/B,NINTH STREET O/C.,171,S,N,A,-,Y,NA,NA,215,NA,NA,NA,NA,NA,N,N,4,0,1,2,A,-,03,22350,NA,F,C,C,A,A,H,-,B,D,0,NA,NA,NA,NA,Y,NA,-,99,0,0,1,0,0,0,0,0,0,-,-,34.1152,-117.30227,SAN BERNARDINO,SAN BERNARDINO,-117.30277945,34.11519864
90275143,2016,2016-09-26,9860,2016-09-16,0607,019251,NA,5,1,9,3600,0,1,1,NA,2,151,I-15 S/B,GLEN HELEN PKY,1584,N,N,A,-,Y,NA,NA,15,NA,NA,NA,NA,NA,S,Y,2,0,1,2,A,-,03,22350,NA,N,C,C,A,A,D,-,B,D,0,NA,NA,NA,Y,Y,NA,D,22,1,0,0,0,0,0,0,0,0,-,-,34.20742,-117.41353,SAN BERNARDINO,UNINCORPORATED,-117.41362279,34.20744693
90275174,2016,2016-09-26,9855,2016-09-18,1233,021048,NA,7,1,6,3616,0,1,1,NA,2,153,I-15 S/B (ONTARIO FWY),BASELINE RD.,35,N,N,A,-,Y,NA,NA,15,NA,NA,NA,NA,NA,S,Y,4,0,1,1,A,-,08,22107,NA,N,E,I,A,A,H,-,A,D,0,NA,NA,NA,NA,Y,NA,A,01,0,0,1,0,0,0,0,0,0,-,-,34.1216,-117.5138,SAN BERNARDINO,RANCHO CUCAMONGA,-117.51389157,34.12171064
90218876,2016,2016-07-08,9860,2016-07-04,2215,017784,NA,1,3,6,3610,0,1,1,NA,2,203,STATE ROUTE 210 WESTBOUND,BASE LINE ROAD,2112,E,N,A,-,Y,NA,NA,NA,NA,NA,NA,NA,NA,NA,Y,4,0,1,2,A,-,03,22350,NA,N,C,C,A,A,H,-,D,D,0,NA,NA,NA,NA,Y,NA,A,01,0,0,1,0,0,0,0,0,0,-,-,34.1153,-117.20011,SAN BERNARDINO,SAN BERNARDINO,NA,NA
90222527,2016,2016-07-14,9855,2016-07-05,0107,017323,NA,2,3,6,3616,0,1,1,NA,2,201,SR-210 E/B (FOOTHILL FWY),DAY CREEK BLVD.,352,W,N,B,-,Y,NA,NA,210,NA,NA,NA,NA,NA,E,Y,2,0,1,1,A,-,08,22107,NA,N,E,I,A,A,H,-,D,D,0,NA,NA,NA,NA,Y,NA,A,01,1,0,0,0,0,0,0,0,0,-,-,34.13633,-117.5371,SAN BERNARDINO,RANCHO CUCAMONGA,-117.53709919,34.13638743
90281383,2016,2016-10-03,9860,2016-09-26,0315,020596,NA,1,3,9,3600,0,1,1,NA,2,152,I-15 S/B,SR-138,1000,S,N,A,-,Y,NA,NA,15,NA,NA,NA,NA,NA,S,Y,2,0,1,2,A,-,01,23152,A,N,C,C,A,A,H,-,D,D,0,NA,NA,NA,Y,Y,Y,A,07,1,0,0,0,0,0,0,0,0,-,-,34.30974,-117.4727,SAN BERNARDINO,UNINCORPORATED,-117.47266248,34.30978597
90282264,2016,2016-10-03,9850,2016-10-02,0845,019278,NA,7,1,9,3600,0,1,3,NA,2,062,SR-2 W/B,ELM ST,0,NA,Y,A,-,Y,NA,NA,2,NA,NA,NA,NA,NA,W,Y,4,0,1,2,A,-,03,22350,NA,N,C,C,A,A,H,-,A,D,0,NA,NA,NA,NA,Y,NA,A,01,0,0,1,0,0,0,0,0,0,-,-,34.3593,-117.6285,SAN BERNARDINO,UNINCORPORATED,-117.62849351,34.35933068
90228730,2016,2016-07-25,9860,2016-07-16,2320,020856,NA,6,3,6,3604,0,1,1,NA,2,102,I-10 E/B,SIERRA AVE,70,E,N,A,-,Y,NA,NA,10,NA,NA,NA,NA,NA,E,Y,4,0,1,1,A,-,08,22107,NA,N,E,I,A,A,H,-,D,D,0,NA,NA,NA,NA,Y,NA,D,22,0,0,1,0,0,0,0,0,0,-,-,34.06734,-117.43917,SAN BERNARDINO,FONTANA,-117.43913533,34.0670042
90231902,2016,2016-07-27,9850,2016-07-20,0546,017237,NA,3,3,9,3600,0,1,3,NA,2,034,SR-18,BEAR VALLEY RD.,501,E,N,A,-,Y,NA,NA,18,NA,NA,NA,NA,NA,NA,Y,3,0,2,2,A,-,05,21651,A,N,A,C,A,A,H,-,B,D,0,NA,NA,NA,NA,Y,NA,D,22,0,1,1,0,0,0,0,0,0,-,-,34.47322,-117.12373,SAN BERNARDINO,UNINCORPORATED,-117.12375689,34.47314429
9023250,2019,2020-02-06,3604,2019-12-20,0851,925,NA,5,5,6,3604,0,0,0,NA,0,NA,CITRUS AV,VALLEY BL,1211,S,N,-,-,N,NA,NA,NA,NA,NA,NA,NA,NA,NA,NA,4,0,1,2,A,-,03,22350,NA,N,C,C,A,-,H,-,-,A,0,NA,NA,NA,NA,Y,NA,A,01,0,0,1,0,0,0,0,0,0,-,-,NA,NA,SAN BERNARDINO,FONTANA,-117.45395660400392,34.06719207763672
90234750,2016,2016-08-01,9860,2016-07-28,1753,016575,NA,4,2,5,3608,0,1,1,NA,2,203,SR-210 W/B,SAN BERNARDINO AVE. U/C,906,W,N,A,-,Y,NA,NA,NA,NA,NA,NA,NA,NA,NA,Y,4,0,2,2,A,-,03,22350,NA,N,C,C,A,A,H,-,A,D,0,NA,NA,NA,NA,Y,NA,A,01,0,0,2,0,0,0,0,0,0,-,-,34.08008,-117.20758,SAN BERNARDINO,REDLANDS,-117.20051,34.07738
9023563,2019,2020-01-21,3607,2019-04-21,1330,80395,219,7,5,6,3607,0,0,0,NA,0,052,BENSON AV,PHILADELPHIA ST,10,N,N,A,-,N,NA,NA,NA,NA,NA,NA,NA,NA,NA,N,4,0,1,2,A,-,03,22350,NA,N,C,C,A,A,H,-,A,A,0,NA,NA,NA,NA,Y,NA,A,01,0,0,1,0,0,0,0,0,0,-,-,NA,NA,SAN BERNARDINO,ONTARIO,-117.68074035644533,34.03365707397461
90237603,2016,2016-08-04,9834,2016-08-01,1330,016253,NA,1,1,9,3600,0,3,5,NA,2,002,GOFFS RD,I-40 E/B,5280,S,N,A,-,N,NA,NA,NA,NA,NA,NA,NA,NA,NA,Y,4,0,1,2,A,-,01,23152,E,N,B,C,A,A,H,-,A,D,0,NA,NA,NA,NA,Y,NA,A,01,0,0,1,0,0,0,0,0,0,-,-,34.4724,-115.126,SAN BERNARDINO,UNINCORPORATED,-115.19672066,34.79862414
9029099,2019,2020-02-04,3608,2019-12-19,2110,4707,3608,4,5,5,3608,0,0,0,NA,0,NA,W REDLANDS BL,IOWA ST,630,E,N,A,-,N,NA,NA,NA,NA,NA,NA,NA,NA,NA,N,4,0,1,2,A,-,09,21804,A,N,C,C,A,A,H,-,C,D,0,NA,NA,NA,NA,Y,NA,A,01,0,0,1,0,0,0,0,0,0,-,-,NA,NA,SAN BERNARDINO,REDLANDS,-117.21110534667967,34.062904357910156
90291890,2016,2016-10-14,9860,2016-10-05,2145,019027,NA,3,2,5,3608,0,1,1,NA,2,104,I-10 W/B TO ALABAMA ST.,ALABAMA ST.,1320,E,N,A,-,Y,NA,NA,10,NA,NA,NA,R,NA,W,Y,3,0,1,1,A,-,08,22107,NA,N,F,A,A,A,H,-,D,D,0,NA,NA,NA,NA,Y,NA,D,22,0,1,0,0,0,0,0,0,0,-,-,34.06692,-117.20335,SAN BERNARDINO,REDLANDS,-117.20335,34.06692
90292953,2016,2016-10-17,9850,2016-09-28,1220,017730,NA,3,1,9,3600,0,1,3,NA,2,042,SR-18,CLARK RD,1150,S,N,B,-,Y,NA,NA,18,NA,NA,NA,NA,NA,NA,Y,3,0,2,2,A,-,03,22350,NA,N,C,C,A,A,H,-,A,D,0,NA,NA,NA,Y,Y,NA,A,01,0,1,1,0,0,0,0,0,0,-,-,34.435,-116.9387,SAN BERNARDINO,UNINCORPORATED,-116.93874233,34.43494059
9029310,2019,2020-01-30,3602,2019-10-18,0626,1256,NA,5,5,5,3602,0,0,0,NA,0,005,KIMBALL AV,EUCLID AV,571,W,N,A,-,N,NA,NA,NA,NA,NA,NA,NA,NA,NA,Y,3,0,1,2,A,-,08,22107,NA,N,D,C,A,A,H,-,B,D,0,NA,NA,Y,Y,Y,NA,F,25,0,1,0,0,0,0,0,0,1,-,-,NA,NA,SAN BERNARDINO,CHINO,-117.65264129638672,33.968502044677734
90269328,2016,2016-09-16,9855,2016-07-30,1250,017649,NA,6,1,6,3607,0,1,1,NA,2,103,I-10 E/B (SAN BERNARDINO FWY),GROVE AVENUE,236,E,N,A,-,Y,NA,NA,10,NA,NA,NA,NA,NA,E,Y,1,1,2,4,A,-,03,22350,NA,N,C,C,A,A,H,-,A,D,0,NA,NA,Y,NA,Y,NA,C,02,0,0,2,0,0,0,0,1,0,-,-,34.08005,-117.62776,SAN BERNARDINO,ONTARIO,-117.62777219,34.08002883
90294848,2016,2016-10-18,9855,2016-10-07,1430,017808,NA,5,2,6,3616,0,1,1,NA,2,152,I-15 N/B (ONTARIO FWY),FOURTH ST.,3513,N,N,A,-,Y,NA,NA,15,NA,NA,NA,NA,NA,N,Y,4,0,1,3,A,-,03,22350,NA,N,C,C,A,A,H,-,A,D,0,NA,NA,NA,Y,Y,NA,G,27,0,0,1,0,0,0,0,0,0,-,-,34.08324,-117.54459,SAN BERNARDINO,RANCHO CUCAMONGA,-117.54461759,34.08324016
90273617,2016,2016-09-22,9860,2016-09-19,0605,012988,NA,1,1,6,3610,0,1,1,NA,2,202,SR-210 W/B FROM WATERMAN AVE,SIERRA WAY,147,W,N,A,-,Y,NA,NA,210,NA,NA,NA,R,NA,W,N,4,0,2,2,A,-,04,21703,NA,N,C,C,A,A,H,-,B,D,0,NA,NA,NA,NA,Y,NA,A,01,0,0,2,0,0,0,0,0,0,-,-,34.14566,-117.28572,SAN BERNARDINO,SAN BERNARDINO,-117.28572,34.14566
90254533,2016,2016-08-26,9870,2016-08-19,1100,019593,NA,5,1,9,3600,0,1,3,NA,1,031,SR 62 (TWENTYNINE PALMS HIGWAY),OLD COPPER MOUNTAIN ROAD,373,W,N,A,-,Y,NA,NA,62,NA,NA,NA,NA,NA,NA,Y,2,0,1,1,A,-,08,22107,NA,N,F,A,A,A,H,-,A,D,0,NA,NA,NA,NA,Y,NA,A,07,1,0,0,0,0,0,0,0,0,-,-,34.13526,-116.21765,SAN BERNARDINO,UNINCORPORATED,-116.21765024,34.1351652
90297489,2016,2016-10-20,9860,2016-10-12,1633,017204,NA,3,2,6,3610,0,1,1,NA,2,202,SR-210 E/B,ARROWHEAD AVE,100,W,N,A,-,Y,NA,NA,210,NA,NA,NA,NA,NA,E,Y,4,0,1,2,A,-,03,22350,NA,N,C,C,A,A,H,-,A,D,0,NA,NA,NA,NA,Y,NA,A,01,0,0,1,0,0,0,0,0,0,-,-,34.14551,-117.28993,SAN BERNARDINO,SAN BERNARDINO,-117.28993281,34.14537743