CASE_ID,ACCIDENT_YEAR,PROC_DATE,JURIS,COLLISION_DATE,COLLISION_TIME,OFFICER_ID,REPORTING_DISTRICT,DAY_OF_WEEK,CHP_SHIFT,POPULATION,CNTY_CITY_LOC,SPECIAL_COND,BEAT_TYPE,CHP_BEAT_TYPE,CITY_DIVISION_LAPD,CHP_BEAT_CLASS,BEAT_NUMBER,PRIMARY_RD,SECONDARY_RD,DISTANCE,DIRECTION,INTERSECTION,WEATHER_1,WEATHER_2,STATE_HWY_IND,CALTRANS_COUNTY,CALTRANS_DISTRICT,STATE_ROUTE,ROUTE_SUFFIX,POSTMILE_PREFIX,POSTMILE,LOCATION_TYPE,RAMP_INTERSECTION,SIDE_OF_HWY,TOW_AWAY,COLLISION_SEVERITY,NUMBER_KILLED,NUMBER_INJURED,PARTY_COUNT,PRIMARY_COLL_FACTOR,PCF_CODE_OF_VIOL,PCF_VIOL_CATEGORY,PCF_VIOLATION,PCF_VIOL_SUBSECTION,HIT_AND_RUN,TYPE_OF_COLLISION,MVIW,PED_ACTION,ROAD_SURFACE,ROAD_COND_1,ROAD_COND_2,LIGHTING,CONTROL_DEVICE,CHP_ROAD_TYPE,PEDESTRIAN_ACCIDENT,BICYCLE_ACCIDENT,MOTORCYCLE_ACCIDENT,TRUCK_ACCIDENT,NOT_PRIVATE_PROPERTY,ALCOHOL_INVOLVED,STWD_VEHTYPE_AT_FAULT,CHP_VEHTYPE_AT_FAULT,COUNT_SEVERE_INJ,COUNT_VISIBLE_INJ,COUNT_COMPLAINT_PAIN,COUNT_PED_KILLED,COUNT_PED_INJURED,COUNT_BICYCLIST_KILLED,COUNT_BICYCLIST_INJURED,COUNT_MC_KILLED,COUNT_MC_INJURED,PRIMARY_RAMP,SECONDARY_RAMP,LATITUDE,LONGITUDE,COUNTY,CITY,POINT_X,POINT_Y
90716243,2018,2018-04-30,9855,2018-04-20,2019,020690,NA,5,2,6,3607,0,1,1,NA,2,152,I-15 S/B TO I-10 E/B,FOURTH ST.,1700,S,N,A,-,Y,NA,NA,15,NA,NA,NA,R,NA,S,Y,2,0,1,1,A,-,01,23152,A,N,F,I,A,A,H,-,D,D,0,NA,NA,Y,NA,Y,Y,C,02,1,0,0,0,0,0,0,0,1,-,-,34.071998596191406,-117.54527282714844,SAN BERNARDINO,ONTARIO,-117.54527282714844,34.071998596191406
90718491,2018,2018-05-02,9855,2018-04-26,0815,017570,NA,4,1,5,3630,0,1,3,NA,2,071,SR-71 S/B (CHINO FWY),BUTTERFIELD RANCH RD.,1584,N,N,A,-,Y,NA,NA,71,NA,NA,NA,NA,NA,S,Y,3,0,2,2,A,-,03,22350,NA,N,C,C,A,A,H,-,A,D,0,NA,NA,NA,NA,Y,NA,A,01,0,2,0,0,0,0,0,0,0,-,-,33.934349060058594,-117.66280364990234,SAN BERNARDINO,CHINO HILLS,-117.66281127929688,33.9343376159668
90687479,2018,2018-03-22,9860,2018-03-12,0810,021375,NA,1,1,4,3603,0,1,1,NA,2,214,I-215 S/B,WASHINGTON ST,4300,N,N,A,-,Y,NA,NA,215,NA,NA,NA,NA,NA,S,Y,3,0,1,2,A,-,03,22350,NA,N,C,C,A,A,H,-,A,D,0,NA,NA,NA,NA,Y,NA,A,01,0,1,0,0,0,0,0,0,0,-,-,34.05424880981445,-117.2996063232422,SAN BERNARDINO,COLTON,-117.29959869384766,34.05424118041992
90695612,2018,2018-03-30,9855,2018-03-23,2018,020913,NA,5,2,6,3607,0,1,1,NA,2,103,I-10 E/B (SAN BERNARDINO FWY),MOUNTAIN AVE.,780,E,N,A,-,Y,NA,NA,10,NA,NA,NA,NA,NA,E,Y,4,0,2,2,A,-,07,21658,A,F,B,C,A,A,H,-,D,D,0,NA,NA,NA,NA,Y,NA,-,99,0,0,2,0,0,0,0,0,0,-,-,34.08702850341797,-117.66639709472656,SAN BERNARDINO,ONTARIO,-117.66640472412108,34.08720779418945
90721086,2018,2018-05-07,9855,2018-04-28,0850,017903,NA,6,1,9,3600,0,3,5,NA,2,001,ARROW RTE.,BEECH AVE.,0,NA,Y,A,-,N,NA,NA,NA,NA,NA,NA,NA,NA,NA,Y,4,0,1,2,A,-,12,21453,A,N,D,C,A,A,H,-,A,A,0,NA,NA,NA,NA,Y,NA,A,01,0,0,1,0,0,0,0,0,0,-,-,34.09925842285156,-117.47129821777344,SAN BERNARDINO,UNINCORPORATED,-117.47122192382813,34.099281311035156
9072222,2020,2020-05-20,3604,2020-02-24,0733,473,NA,1,5,6,3604,0,0,0,NA,0,NA,CYPRESS AV,VALLEY BL,489,S,N,A,-,N,NA,NA,NA,NA,NA,NA,NA,NA,NA,Y,4,0,2,3,A,-,03,22350,NA,N,C,C,A,A,H,-,A,A,0,NA,NA,NA,NA,Y,NA,A,07,0,0,2,0,0,0,0,0,0,-,-,NA,NA,SAN BERNARDINO,FONTANA,-117.44436645507813,34.06901168823242
90722385,2018,2018-05-08,9855,2018-05-07,0655,015337,NA,1,1,5,3611,0,1,1,NA,2,103,I-10 W/B (SAN BERNARDINO FWY),EUCLID AVE.,2640,W,N,A,-,Y,NA,NA,10,NA,NA,NA,NA,NA,W,N,4,0,1,3,A,-,03,22350,NA,N,C,C,A,A,H,-,A,D,0,NA,NA,NA,NA,Y,NA,A,01,0,0,1,0,0,0,0,0,0,-,-,34.08740997314453,-117.65503692626952,SAN BERNARDINO,UPLAND,-117.65503692626952,34.087425231933594
90696644,2018,2018-04-02,9834,2018-03-29,1308,016580,NA,4,1,9,3600,0,3,5,NA,2,002,KELBAKER RD,I-40,26928,S,N,A,-,N,NA,NA,NA,NA,NA,NA,NA,NA,NA,Y,2,0,1,1,A,-,08,22107,NA,N,F,A,A,A,H,-,A,D,0,NA,NA,NA,NA,Y,NA,A,01,1,0,0,0,0,0,0,0,0,-,-,34.648109436035156,-115.6752471923828,SAN BERNARDINO,UNINCORPORATED,-115.67843627929688,34.72072982788086
90697026,2018,2018-04-02,9834,2018-03-31,1550,016564,NA,6,2,9,3600,0,1,1,NA,2,048,I-40 E/B,ARIZONA AND CALIFORNIA STATELINE,1056,W,N,A,-,Y,NA,NA,40,NA,NA,NA,NA,NA,E,Y,4,0,2,1,A,-,08,22107,NA,N,E,I,A,A,H,-,A,D,0,NA,NA,NA,NA,Y,NA,A,01,0,0,2,0,0,0,0,0,0,-,-,34.716880798339844,-114.49183654785156,SAN BERNARDINO,UNINCORPORATED,-114.49183654785156,34.71696853637695
90697193,2018,2018-04-03,9860,2018-03-22,0558,012530,NA,4,3,9,3600,0,1,1,NA,2,152,I-15 N/B,CLEGHORN ROAD U/C.,1056,N,N,B,C,Y,NA,NA,15,NA,NA,NA,NA,NA,N,Y,3,0,3,2,A,-,03,22350,NA,N,C,C,A,B,H,-,C,D,0,NA,NA,NA,NA,Y,NA,A,01,0,1,2,0,0,0,0,0,0,-,-,34.30202102661133,-117.46006011962892,SAN BERNARDINO,UNINCORPORATED,-117.45996856689452,34.30210876464844
90697701,2018,2018-04-03,9855,2018-03-29,1523,016051,NA,4,2,5,3630,0,1,3,NA,2,071,SR-71 S/B (CHINO FWY),EUCLID AVE.,2775,N,N,A,-,Y,NA,NA,71,NA,NA,NA,NA,NA,S,Y,4,0,2,2,A,-,03,22350,NA,N,C,C,A,A,H,-,A,D,0,NA,NA,NA,NA,Y,NA,A,07,0,0,2,0,0,0,0,0,0,-,-,33.93693923950195,-117.66513061523438,SAN BERNARDINO,CHINO HILLS,-117.66512298583984,33.93694305419922
90725662,2018,2018-05-14,9835,2018-04-23,2015,20976,NA,1,2,9,3600,0,1,1,NA,2,076,I-15 N/B,BAILEY RD,3538,S,N,A,-,Y,NA,NA,NA,NA,NA,NA,NA,NA,NA,Y,4,0,2,2,A,-,03,22350,NA,N,C,C,A,A,H,-,C,D,0,NA,NA,NA,Y,Y,NA,G,25,0,0,2,0,0,0,0,0,0,-,-,35.28099822998047,-115.32330322265624,SAN BERNARDINO,UNINCORPORATED,-115.52873229980467,35.468048095703125
90697727,2018,2018-04-03,9855,2018-03-23,1955,020006,NA,5,2,6,3607,0,1,1,NA,2,103,I-10 E/B TO HAVEN AVE.,HAVEN AVE.,465,W,N,A,-,Y,NA,NA,10,NA,NA,NA,R,NA,E,Y,2,0,1,1,A,-,08,22107,NA,N,F,I,A,A,H,-,D,D,0,NA,NA,Y,NA,Y,NA,C,02,1,0,0,0,0,0,0,0,1,-,-,34.06692123413086,-117.57760620117188,SAN BERNARDINO,ONTARIO,-117.57760620117188,34.06692123413086
90679042,2018,2018-03-12,9860,2018-03-04,1555,019725,NA,7,2,9,3600,0,1,1,NA,2,152,I-15 S/B,SR-138,2640,N,N,A,-,Y,NA,NA,15,NA,NA,NA,NA,NA,S,N,4,0,1,2,A,-,07,21658,A,N,B,C,A,A,H,-,A,D,0,NA,NA,NA,NA,Y,NA,-,-,0,0,1,0,0,0,0,0,0,-,-,34.318138122558594,-117.48075103759766,SAN BERNARDINO,UNINCORPORATED,-117.48060607910156,34.31821060180664
90700961,2018,2018-04-09,9860,2018-04-01,1555,019674,NA,7,2,9,3600,0,1,3,NA,1,012,SR-138,LONE PINE CANYON RD,240,W,N,A,-,Y,NA,NA,138,NA,NA,NA,NA,NA,NA,Y,2,0,3,5,A,-,03,22350,NA,N,B,C,A,A,H,-,A,D,0,NA,NA,NA,Y,Y,NA,G,27,2,1,0,0,0,0,0,0,0,-,-,34.3161506652832,-117.49659729003906,SAN BERNARDINO,UNINCORPORATED,-117.49658966064452,34.316184997558594
90728166,2018,2018-05-17,9850,2018-05-08,0009,022028,NA,2,3,9,3600,0,2,4,NA,2,056,JOHNSON RD,YUCCA TERRACE RD,231,N,N,A,-,N,NA,NA,NA,NA,NA,NA,NA,NA,NA,Y,4,0,1,2,A,-,02,22400,A,N,C,C,A,A,H,-,D,D,0,NA,NA,NA,NA,Y,NA,A,07,0,0,1,0,0,0,0,0,0,-,-,34.43437957763672,-117.55506134033205,SAN BERNARDINO,UNINCORPORATED,-117.55499267578124,34.434364318847656
90684012,2018,2018-03-19,9860,2018-03-11,0415,021620,NA,7,3,4,3618,0,1,1,NA,2,203,SR-210 E/B FROM BASELINE STREET,BASELINE ST,15,S,N,B,-,Y,NA,NA,210,NA,NA,NA,R,NA,E,N,4,0,3,2,A,-,08,22107,NA,N,E,I,A,B,H,-,C,D,0,NA,NA,NA,NA,Y,NA,A,01,0,0,3,0,0,0,0,0,0,-,-,34.121009826660156,-117.20159912109376,SAN BERNARDINO,HIGHLAND,-117.20159912109376,34.121009826660156
90704442,2018,2018-04-12,9855,2018-04-04,1825,016983,NA,3,2,6,3616,0,1,1,NA,2,203,SR-210 E/B (FOOTHILL FWY),CAMPUS AVE.,1584,W,N,A,-,Y,NA,NA,NA,NA,NA,NA,NA,NA,NA,N,4,0,1,2,A,-,03,22350,NA,N,C,C,A,A,H,-,A,D,0,NA,NA,NA,NA,Y,NA,A,01,0,0,1,0,0,0,0,0,0,-,-,34.13434982299805,-117.65821838378906,SAN BERNARDINO,RANCHO CUCAMONGA,-117.6408920288086,34.13466262817383
90686349,2018,2018-03-21,9860,2018-03-12,1610,021375,NA,1,2,6,3610,0,1,1,NA,2,214,I-215 S/B,MILL ST,1500,N,N,A,-,Y,NA,NA,215,NA,NA,NA,NA,NA,S,Y,2,0,3,3,A,-,03,22350,NA,N,C,C,A,A,H,-,A,D,0,NA,NA,NA,NA,Y,NA,A,01,1,0,2,0,0,0,0,0,0,-,-,34.09661102294922,-117.30196380615234,SAN BERNARDINO,SAN BERNARDINO,-117.30203247070313,34.09661102294922
9073107,2020,2020-05-19,3610,2020-01-30,1210,50469,NA,4,5,6,3610,0,0,0,NA,0,CHARLI,TIPPECANOE AV,MILL ST,869,N,N,A,-,N,NA,NA,NA,NA,NA,NA,NA,NA,NA,Y,3,0,1,2,A,-,03,22350,NA,N,B,C,A,A,C,-,A,D,0,NA,NA,Y,NA,Y,NA,C,02,0,1,0,0,0,0,0,0,1,-,-,NA,NA,SAN BERNARDINO,SAN BERNARDINO,-117.25972747802734,34.094520568847656
9073111,2020,2020-05-19,3610,2020-01-30,1058,NA,NA,4,5,6,3610,0,0,0,NA,0,DAVID,9TH ST,MT VIEW AV,0,NA,Y,A,-,N,NA,NA,NA,NA,NA,NA,NA,NA,NA,Y,3,0,5,2,A,-,12,21453,A,N,D,C,A,A,H,-,A,A,0,NA,NA,NA,NA,Y,NA,A,01,0,3,2,0,0,0,0,0,0,-,-,NA,NA,SAN BERNARDINO,SAN BERNARDINO,-117.2873992919922,34.115779876708984
90720918,2018,2018-05-07,9870,2018-04-30,0415,019709,NA,1,3,9,3600,0,1,3,NA,1,041,AMBOY RD.,WADES DR.,498,W,N,A,-,N,NA,NA,NA,NA,NA,NA,NA,NA,NA,Y,3,0,1,1,A,-,08,22107,NA,N,E,I,A,A,H,-,D,D,0,NA,NA,NA,NA,Y,NA,A,01,0,1,0,0,0,0,0,0,0,-,-,34.165428161621094,-115.84488677978516,SAN BERNARDINO,UNINCORPORATED,-115.84391021728516,34.16545867919922
90709400,2018,2018-04-19,9860,2018-04-12,0308,021675,NA,4,3,4,3640,0,1,1,NA,2,106,I-10 E/B,YUCAIPA BLVD,1000,W,N,A,-,Y,NA,NA,10,NA,NA,NA,NA,NA,E,Y,3,0,1,2,A,-,08,22107,NA,N,A,C,A,A,H,-,D,D,0,NA,NA,NA,Y,Y,NA,A,01,0,1,0,0,0,0,0,0,0,-,-,34.02819061279297,-117.12789154052734,SAN BERNARDINO,YUCAIPA,-117.12781524658205,34.02838897705078
90732884,2018,2018-05-24,9865,2018-05-11,0945,020817,NA,5,1,9,3600,0,2,4,NA,2,016,GRASS VALLEY RD.,CLUBHOUSE DR.,0,NA,Y,B,-,N,NA,NA,NA,NA,NA,NA,NA,NA,NA,Y,4,0,2,2,A,-,09,21802,A,N,D,C,A,A,H,-,A,A,0,NA,NA,NA,NA,Y,NA,A,01,0,0,2,0,0,0,0,0,0,-,-,34.24591064453125,-117.2214813232422,SAN BERNARDINO,UNINCORPORATED,-117.22147369384766,34.245849609375
90698263,2018,2018-04-04,9870,2018-03-25,0925,020280,NA,7,1,9,3600,0,3,5,NA,2,001,PIPES CANYON ROAD,SR-247,3168,W,N,A,-,N,NA,NA,NA,NA,NA,NA,NA,NA,NA,N,2,0,1,1,A,-,03,22350,NA,N,E,I,A,A,H,-,A,D,0,NA,NA,Y,NA,Y,NA,C,03,1,0,0,0,0,0,0,0,1,-,-,34.18994903564453,-116.45088958740234,SAN BERNARDINO,UNINCORPORATED,-116.44983673095705,34.190372467041016
90710083,2018,2018-04-20,9860,2018-04-15,0050,020856,NA,7,3,9,3600,0,1,1,NA,2,151,I-15 N/B,CLEGHORN ROAD,5280,S,N,A,-,Y,NA,NA,15,NA,NA,NA,NA,NA,N,Y,4,0,1,1,A,-,08,22107,NA,N,E,I,A,A,H,-,D,D,0,NA,NA,NA,NA,Y,NA,A,01,0,0,1,0,0,0,0,0,0,-,-,34.29291915893555,-117.45265197753906,SAN BERNARDINO,UNINCORPORATED,-117.45278167724608,34.2928466796875
90710796,2018,2018-04-23,9855,2018-04-18,1655,013591,NA,3,2,5,3611,0,1,1,NA,2,204,SR-210 E/B (FOOTHILL FWY),CAMPUS AVE.,2640,W,N,A,-,Y,NA,NA,210,NA,NA,NA,NA,NA,E,N,4,0,1,2,A,-,03,22350,NA,N,C,C,A,A,H,-,A,D,0,NA,NA,NA,NA,Y,NA,D,22,0,0,1,0,0,0,0,0,0,-,-,34.13473892211914,-117.64546966552734,SAN BERNARDINO,UPLAND,-117.64546966552734,34.1346549987793
90698789,2018,2018-04-04,9835,2018-04-04,0810,16820,NA,3,1,9,3600,0,1,1,NA,2,074,I-15 S/B,RASOR ROAD,7550,S,N,A,-,Y,NA,NA,15,NA,NA,NA,NA,NA,S,Y,4,0,1,1,A,-,08,22107,NA,N,F,A,A,A,H,-,A,D,0,NA,NA,NA,NA,Y,NA,D,22,0,0,1,0,0,0,0,0,0,-,-,35.117469787597656,-116.23709106445313,SAN BERNARDINO,UNINCORPORATED,-116.23706817626952,35.117427825927734
90710806,2018,2018-05-08,9850,2018-04-08,1944,022015,NA,7,2,9,3600,0,1,2,NA,2,054,US-395 S/B,DESERT FLOWER RD,103,N,N,A,-,Y,NA,NA,395,NA,NA,NA,NA,NA,S,Y,1,2,1,2,A,-,05,21651,A,N,A,C,A,A,H,-,D,D,0,NA,NA,NA,NA,Y,NA,A,01,1,0,0,0,0,0,0,0,0,-,-,34.64617919921875,-117.43498992919922,SAN BERNARDINO,UNINCORPORATED,-117.43498992919922,34.64617919921875
90742279,2018,2018-06-06,9860,2018-05-30,1040,018275,NA,3,1,9,3600,0,1,1,NA,2,152,I-15 S/B,OAK HILL ROAD,10560,S,N,E,-,Y,NA,NA,15,NA,NA,NA,NA,NA,S,Y,4,0,1,2,A,-,03,22350,NA,N,C,C,A,A,H,-,A,D,0,NA,NA,NA,NA,Y,NA,A,07,0,0,1,0,0,0,0,0,0,-,-,34.344688415527344,-117.46337127685548,SAN BERNARDINO,UNINCORPORATED,-117.46356201171876,34.344215393066406
90743483,2018,2018-06-07,9860,2018-06-02,1535,021502,NA,6,2,6,3610,0,1,1,NA,2,202,SR-210 W/B,N. WATERMAN AVENUE,600,E,N,A,-,Y,NA,NA,210,NA,NA,NA,NA,NA,W,Y,4,0,1,2,A,-,03,22350,NA,N,C,C,A,A,H,-,A,A,0,NA,NA,NA,NA,Y,NA,A,01,0,0,1,0,0,0,0,0,0,-,-,34.14545822143555,-117.27629852294922,SAN BERNARDINO,SAN BERNARDINO,-117.27631378173828,34.145172119140625
90703122,2018,2018-04-11,9860,2018-04-02,1615,016821,NA,1,2,6,3610,0,1,1,NA,2,201,SR-210 E/B TO I-215 S/B,E210-S215 CONN. BRIDGE,500,E,N,A,-,Y,NA,NA,210,NA,NA,NA,R,NA,E,Y,4,0,1,1,A,-,08,22107,NA,N,E,I,A,A,H,-,A,D,0,NA,NA,NA,NA,Y,NA,A,01,0,0,1,0,0,0,0,0,0,-,-,34.1421012878418,-117.32061004638672,SAN BERNARDINO,SAN BERNARDINO,-117.32061004638672,34.1421012878418
90708371,2018,2018-04-18,9860,2018-04-06,1124,016646,NA,5,1,4,3603,0,1,1,NA,2,214,I-215 NORTHBOUND,UNION PACIFIC RR,100,N,N,A,-,Y,NA,NA,215,NA,NA,NA,NA,NA,N,Y,4,0,1,2,A,-,03,22350,NA,N,C,C,A,A,D,E,A,D,0,NA,NA,NA,NA,Y,NA,A,01,0,0,1,0,0,0,0,0,0,-,-,34.02688980102539,-117.3325424194336,SAN BERNARDINO,COLTON,-117.33260345458984,34.02695083618164
9072240,2020,2020-05-20,3604,2020-02-20,0714,925,NA,4,5,6,3604,0,0,0,NA,0,NA,SAN BERNARDINO,SIERRA AV,171,W,N,A,-,N,NA,NA,NA,NA,NA,NA,NA,NA,NA,N,4,0,1,2,A,-,09,21804,A,N,D,C,A,A,H,-,A,A,0,NA,NA,NA,NA,Y,NA,A,01,0,0,1,0,0,0,0,0,0,-,-,NA,NA,SAN BERNARDINO,FONTANA,-117.43624114990234,34.07757568359375
9074600,2020,2020-07-20,3609,2020-04-28,0045,4384,RI230,2,5,5,3609,0,0,0,NA,0,004,RESOURCE DR,RIVERSIDE AV,62,W,N,A,-,N,NA,NA,NA,NA,NA,NA,NA,NA,NA,N,4,0,1,2,A,-,03,22350,NA,N,C,C,A,A,H,-,C,A,0,NA,NA,NA,NA,Y,NA,-,NA,0,0,1,0,0,0,0,0,0,-,-,34.042171478271484,-117.36858367919922,SAN BERNARDINO,RIALTO,-117.36844635009766,34.042171478271484
9074612,2020,2020-07-17,3608,2020-04-23,1843,4825,NA,4,5,5,3608,0,0,0,NA,0,NA,ORANGE ST,PEARL AV,0,NA,Y,A,-,N,NA,NA,NA,NA,NA,NA,NA,NA,NA,Y,3,0,2,2,A,-,09,21803,A,N,D,C,A,A,H,-,A,A,0,NA,NA,NA,NA,Y,NA,A,01,0,2,0,0,0,0,0,0,0,-,-,NA,NA,SAN BERNARDINO,REDLANDS,-117.18254852294922,34.06132888793945
90723132,2018,2018-05-09,9855,2018-05-07,1305,019303,NA,1,1,5,3611,0,1,1,NA,2,103,I-10 W/B (SAN BERNARDINO FWY),MOUNTAIN AVE.,500,E,N,A,-,Y,NA,NA,10,NA,NA,NA,NA,NA,W,N,4,0,1,3,A,-,03,22350,NA,N,C,C,A,A,H,-,A,D,0,NA,NA,NA,NA,Y,NA,A,01,0,0,1,0,0,0,0,0,0,-,-,34.08747863769531,-117.66378784179688,SAN BERNARDINO,UPLAND,-117.66378784179688,34.08742904663086
9071002,2020,2020-05-15,3609,2020-02-28,1411,5403,RI129,5,5,5,3609,0,0,0,NA,0,002,ACACIA AV,FOOTHILL BL,0,NA,Y,A,-,N,NA,NA,NA,NA,NA,NA,NA,NA,NA,Y,4,0,2,3,A,-,12,21453,A,N,D,C,A,A,H,-,A,A,0,NA,NA,NA,NA,Y,NA,A,01,0,0,2,0,0,0,0,0,0,-,-,34.10845184326172,-117.36614227294922,SAN BERNARDINO,RIALTO,-117.36164093017578,34.10676193237305
90723808,2018,2018-05-10,9860,2018-04-26,1632,016646,NA,4,2,5,3608,0,1,1,NA,2,104,I-10 E/B,ALABAMA STREET,1584,W,N,A,-,Y,NA,NA,10,NA,NA,NA,NA,NA,E,N,4,0,1,2,A,-,03,22350,NA,N,C,C,A,A,H,-,A,D,0,NA,NA,NA,NA,Y,NA,A,01,0,0,1,0,0,0,0,0,0,-,-,34.0665283203125,-117.21340942382813,SAN BERNARDINO,REDLANDS,-117.21340942382813,34.06648254394531
90725762,2018,2018-05-14,9855,2018-05-06,1447,019732,NA,7,2,6,3607,0,1,3,NA,2,601,SR-60 W/B (POMONA FWY),CAMPUS AVE.,80,W,N,B,-,Y,NA,NA,60,NA,NA,NA,NA,NA,W,Y,3,0,1,2,A,-,08,22107,NA,N,B,C,A,A,H,-,A,D,0,NA,NA,NA,NA,Y,NA,A,07,0,1,0,0,0,0,0,0,0,-,-,34.030479431152344,-117.64186096191406,SAN BERNARDINO,ONTARIO,-117.64186096191406,34.030548095703125
90725805,2018,2018-05-14,9855,2018-04-29,1240,019675,NA,7,1,9,3600,0,3,5,NA,2,001,WHITTRAM AVE (13700 BLOCK),MULBERRY AVE.,560,E,N,A,-,N,NA,NA,NA,NA,NA,NA,NA,NA,NA,Y,4,0,1,4,A,-,03,22350,NA,N,D,C,A,A,H,-,A,D,0,NA,NA,NA,NA,Y,NA,A,01,0,0,1,0,0,0,0,0,0,-,-,34.094669342041016,-117.50433349609376,SAN BERNARDINO,UNINCORPORATED,-117.50443267822266,34.094547271728516
90710038,2018,2018-04-20,9860,2018-04-16,1750,020346,NA,1,2,5,3608,0,1,1,NA,2,104,I-10 W/B,CALIFORNIA ST,200,E,N,A,-,Y,NA,NA,10,NA,NA,NA,NA,NA,W,Y,4,0,1,4,A,-,03,22350,NA,N,B,C,A,A,H,-,A,D,0,NA,NA,NA,Y,Y,NA,D,22,0,0,1,0,0,0,0,0,0,-,-,34.06671142578125,-117.22380828857422,SAN BERNARDINO,REDLANDS,-117.22380828857422,34.066741943359375
9071343,2020,2020-11-20,3600,2020-06-10,1550,G5408,AP006,3,5,5,3621,0,0,0,NA,0,AP1,NAVAJO RD,RT 18,24,N,N,A,-,Y,SBD,8,18,-,-,88.871,I,6,N,Y,4,0,1,2,A,-,08,22102,NA,N,D,C,A,A,H,-,A,A,0,NA,NA,NA,NA,Y,NA,A,08,0,0,1,0,0,0,0,0,0,-,-,NA,NA,SAN BERNARDINO,APPLE VALLEY,-117.19026947021484,34.50057601928711
90713932,2018,2018-04-26,9835,2018-04-20,1430,021824,NA,5,2,9,3600,0,1,1,NA,2,076,I-15 N/B,BAILEY RD,13253,S,N,A,-,Y,NA,NA,15,NA,NA,NA,NA,NA,N,Y,2,0,1,2,A,-,03,22350,NA,N,B,C,A,A,H,-,A,D,0,NA,NA,Y,NA,Y,NA,C,02,1,0,0,0,0,0,0,0,1,-,-,35.474300384521484,-115.570556640625,SAN BERNARDINO,UNINCORPORATED,-115.5705337524414,35.47444152832031
90730832,2018,2018-05-22,9835,2018-05-20,2100,021205,NA,7,2,3,3601,0,1,1,NA,2,071,I-15 S/B,SR-58,3010,N,N,A,-,Y,NA,NA,15,NA,NA,NA,NA,NA,S,Y,4,0,1,1,A,-,01,23152,A,N,F,A,A,A,H,-,C,D,0,NA,NA,NA,NA,Y,Y,A,01,0,0,1,0,0,0,0,0,0,-,-,34.877899169921875,-117.06990051269533,SAN BERNARDINO,BARSTOW,-117.06934356689452,34.87726974487305
90754701,2017,2018-06-25,9835,2017-10-28,1920,21522,NA,6,2,9,3600,0,3,5,NA,2,034,NATIONAL TRAILS HIGHWAY,MOUNTAIN VIEW ROAD,650,W,N,B,-,N,NA,NA,NA,NA,NA,NA,NA,NA,NA,N,1,1,0,2,A,-,11,21954,A,N,G,B,E,A,H,-,D,D,0,Y,NA,NA,NA,Y,Y,N,60,0,0,0,1,0,0,0,0,0,-,-,34.49358,-116.41281,SAN BERNARDINO,UNINCORPORATED,-116.68272305,34.82634887
90719869,2018,2018-05-04,9855,2018-04-26,2150,017313,NA,4,2,6,3607,0,1,1,NA,2,103,I-10 E/B (SAN BERNARDINO FWY),VINEYARD AVE.,2400,W,N,A,-,Y,NA,NA,10,NA,NA,NA,NA,NA,E,Y,2,0,2,2,A,-,01,23152,A,N,C,C,A,A,H,-,D,D,0,NA,NA,NA,NA,Y,Y,A,01,1,1,0,0,0,0,0,0,0,-,-,34.07448959350586,-117.61920166015624,SAN BERNARDINO,ONTARIO,-117.61892700195313,34.07496643066406
90731346,2018,2018-05-22,9870,2018-05-12,1715,021782,NA,6,2,9,3600,0,3,5,NA,2,003,LEAR AVENUE,AMBOY ROAD,916,N,N,A,-,N,NA,NA,NA,NA,NA,NA,NA,NA,NA,Y,3,0,4,2,A,-,08,22107,NA,N,A,C,A,A,H,-,A,D,0,NA,NA,NA,NA,Y,NA,A,01,0,3,1,0,0,0,0,0,0,-,-,34.166629791259766,-116.1505126953125,SAN BERNARDINO,UNINCORPORATED,-116.1506118774414,34.16664505004883
90731379,2018,2018-05-22,9835,2018-05-14,0829,22078,NA,1,1,9,3600,0,1,3,NA,1,019,SR-247 N/B,BRACK RD,50,S,N,A,-,Y,NA,NA,NA,NA,NA,NA,NA,NA,NA,Y,3,0,1,1,A,-,08,22107,NA,N,E,I,A,A,H,-,A,D,0,NA,NA,NA,NA,Y,NA,A,07,0,1,0,0,0,0,0,0,0,-,-,34.68867874145508,-116.8255615234375,SAN BERNARDINO,UNINCORPORATED,NA,NA