CASE_ID,ACCIDENT_YEAR,PROC_DATE,JURIS,COLLISION_DATE,COLLISION_TIME,OFFICER_ID,REPORTING_DISTRICT,DAY_OF_WEEK,CHP_SHIFT,POPULATION,CNTY_CITY_LOC,SPECIAL_COND,BEAT_TYPE,CHP_BEAT_TYPE,CITY_DIVISION_LAPD,CHP_BEAT_CLASS,BEAT_NUMBER,PRIMARY_RD,SECONDARY_RD,DISTANCE,DIRECTION,INTERSECTION,WEATHER_1,WEATHER_2,STATE_HWY_IND,CALTRANS_COUNTY,CALTRANS_DISTRICT,STATE_ROUTE,ROUTE_SUFFIX,POSTMILE_PREFIX,POSTMILE,LOCATION_TYPE,RAMP_INTERSECTION,SIDE_OF_HWY,TOW_AWAY,COLLISION_SEVERITY,NUMBER_KILLED,NUMBER_INJURED,PARTY_COUNT,PRIMARY_COLL_FACTOR,PCF_CODE_OF_VIOL,PCF_VIOL_CATEGORY,PCF_VIOLATION,PCF_VIOL_SUBSECTION,HIT_AND_RUN,TYPE_OF_COLLISION,MVIW,PED_ACTION,ROAD_SURFACE,ROAD_COND_1,ROAD_COND_2,LIGHTING,CONTROL_DEVICE,CHP_ROAD_TYPE,PEDESTRIAN_ACCIDENT,BICYCLE_ACCIDENT,MOTORCYCLE_ACCIDENT,TRUCK_ACCIDENT,NOT_PRIVATE_PROPERTY,ALCOHOL_INVOLVED,STWD_VEHTYPE_AT_FAULT,CHP_VEHTYPE_AT_FAULT,COUNT_SEVERE_INJ,COUNT_VISIBLE_INJ,COUNT_COMPLAINT_PAIN,COUNT_PED_KILLED,COUNT_PED_INJURED,COUNT_BICYCLIST_KILLED,COUNT_BICYCLIST_INJURED,COUNT_MC_KILLED,COUNT_MC_INJURED,PRIMARY_RAMP,SECONDARY_RAMP,LATITUDE,LONGITUDE,COUNTY,CITY,POINT_X,POINT_Y
90996068,2019,2019-05-27,9860,2019-05-17,1730,020346,NA,5,2,4,3640,0,1,1,NA,2,106,I-10 E/B,YUCAIPA BLVD,1000,W,N,A,-,Y,NA,NA,10,NA,NA,NA,NA,NA,E,N,4,0,1,2,A,-,03,22350,NA,N,C,C,A,A,H,-,A,D,0,NA,NA,NA,NA,Y,NA,A,01,0,0,1,0,0,0,0,0,0,-,-,34.027610778808594,-117.12371063232422,SAN BERNARDINO,YUCAIPA,-117.12371063232422,34.02760696411133
90996682,2019,2019-05-28,9860,2019-05-18,2247,021169,NA,6,3,4,3603,0,1,1,NA,2,103,I-10 E/B FROM MT. VERNON AVE,MT VERNON AVE,1400,E,N,B,-,Y,NA,NA,10,NA,NA,NA,R,NA,E,Y,4,0,4,2,A,-,03,22350,NA,N,C,C,A,B,H,-,C,D,0,NA,NA,NA,NA,Y,NA,A,01,0,0,4,0,0,0,0,0,0,-,-,34.0649299621582,-117.30882263183594,SAN BERNARDINO,COLTON,-117.30882263183594,34.0649299621582
9099685,2020,2020-08-03,3600,2020-01-23,0957,H9012,NE004,4,5,2,3606,0,0,0,NA,0,NE1,W NEEDLES HWY,N K ST,0,NA,Y,A,-,N,NA,NA,NA,NA,NA,NA,NA,NA,NA,Y,4,0,1,2,A,-,09,21801,A,N,A,C,A,A,H,-,A,A,0,NA,NA,NA,NA,Y,NA,-,NA,0,0,1,0,0,0,0,0,0,-,-,34.84859085083008,-114.6103973388672,SAN BERNARDINO,NEEDLES,-114.61041259765624,34.84843063354492
90996882,2019,2019-05-28,9865,2019-05-19,0135,021725,NA,7,3,9,3600,0,1,3,NA,2,011,SR-18,LAKE GREGORY DR,2112,S,N,C,E,Y,NA,NA,18,NA,NA,NA,NA,NA,NA,Y,4,0,2,1,A,-,01,23152,A,N,E,I,A,B,H,-,D,D,0,NA,NA,NA,NA,Y,Y,A,01,0,0,2,0,0,0,0,0,0,-,-,34.227020263671875,-117.25818634033205,SAN BERNARDINO,UNINCORPORATED,-117.25820159912108,34.226985931396484
90998479,2019,2019-05-29,9850,2019-05-22,1728,020758,NA,3,2,9,3600,0,2,4,NA,2,067,SHEEP CREEK RD,SNOW LINE DR,300,N,N,B,-,N,NA,NA,NA,NA,NA,NA,NA,NA,NA,N,4,0,1,2,A,-,03,22350,NA,N,C,C,A,A,H,-,A,D,0,NA,NA,NA,NA,Y,Y,D,22,0,0,1,0,0,0,0,0,0,-,-,34.40530014038086,-117.57234954833984,SAN BERNARDINO,UNINCORPORATED,-117.5727310180664,34.404869079589844
90999518,2019,2019-05-30,9855,2019-04-13,1115,016889,NA,6,1,6,3607,0,1,1,NA,2,152,I-15 S/B (ONTARIO FWY),AIRPORT DR.,1000,S,N,A,-,Y,NA,NA,15,NA,NA,NA,NA,NA,S,Y,2,0,1,2,A,-,08,22107,NA,F,E,I,A,A,H,-,A,D,0,NA,NA,NA,NA,Y,NA,A,01,1,0,0,0,0,0,0,0,0,-,-,34.059879302978516,-117.54544830322266,SAN BERNARDINO,ONTARIO,-117.54531860351563,34.05986022949219
91000876,2019,2019-05-31,9835,2019-05-18,0319,021448,NA,6,3,9,3600,0,1,1,NA,2,074,I-15 S/B TO ZZYZX ROAD,ZZYZX RD,100,S,N,A,-,Y,NA,NA,15,NA,NA,NA,R,NA,S,Y,2,0,2,1,A,-,01,23152,F,N,E,I,A,A,H,-,D,D,0,NA,NA,NA,NA,Y,NA,A,01,2,0,0,0,0,0,0,0,0,-,-,35.19684982299805,-116.14131927490234,SAN BERNARDINO,UNINCORPORATED,-116.14131927490234,35.19684982299805
91005414,2019,2019-06-07,9860,2019-06-01,0615,019269,NA,6,1,9,3600,0,1,1,NA,2,152,I-15 N/B,SR-138,2112,S,N,B,-,Y,NA,NA,15,NA,NA,NA,NA,NA,N,Y,3,0,1,3,A,-,08,22107,NA,N,B,C,A,A,H,-,A,D,0,NA,NA,NA,NA,Y,NA,A,01,0,1,0,0,0,0,0,0,0,-,-,34.307640075683594,-117.46964263916016,SAN BERNARDINO,UNINCORPORATED,-117.46964263916016,34.30763626098633
91006283,2019,2019-06-10,9860,2019-05-29,0613,012988,NA,3,1,9,3600,0,1,1,NA,2,152,I-15 SOUTHBOUND,SR-138,6336,N,N,A,-,Y,NA,NA,15,NA,NA,NA,NA,NA,S,N,4,0,1,2,A,-,03,22350,NA,N,C,C,A,A,H,-,A,D,0,NA,NA,NA,NA,Y,NA,D,22,0,0,1,0,0,0,0,0,0,-,-,34.32794189453125,-117.48238372802734,SAN BERNARDINO,UNINCORPORATED,-117.48241424560548,34.327938079833984
91006998,2019,2019-06-10,9850,2019-06-04,0620,019278,NA,2,1,9,3600,0,3,5,NA,2,005,BALDY MESA RD,LE PANTO RD,0,NA,Y,A,-,N,NA,NA,NA,NA,NA,NA,NA,NA,NA,Y,3,0,1,2,A,-,05,21460,A,N,D,C,A,A,H,-,A,D,0,NA,NA,Y,NA,Y,NA,C,02,0,1,0,0,0,0,0,0,1,-,-,34.449501037597656,-117.45099639892578,SAN BERNARDINO,UNINCORPORATED,-117.45101,34.44953
91007538,2019,2019-06-11,9860,2019-05-31,1430,019467,NA,5,2,9,3600,0,1,1,NA,2,152,I-15 S/B,CLEGHORN FIRE ROAD,2112,N,N,A,-,Y,NA,NA,15,NA,NA,NA,NA,NA,S,Y,4,0,1,2,A,-,03,22350,NA,N,C,C,A,A,H,-,A,D,0,NA,NA,Y,NA,Y,NA,C,02,0,0,1,0,0,0,0,0,1,-,-,34.3036003112793,-117.46257781982422,SAN BERNARDINO,UNINCORPORATED,-117.46260833740234,34.30354309082031
91008582,2019,2019-06-12,9860,2019-06-02,0510,021587,NA,7,3,9,3600,0,1,1,NA,2,151,I-15 S/B,KENWOOD AVE,150,S,N,A,-,Y,NA,NA,15,NA,NA,NA,NA,NA,S,Y,4,0,1,2,A,-,03,22350,NA,F,C,C,A,A,H,-,B,D,0,NA,NA,NA,NA,Y,NA,A,01,0,0,1,0,0,0,0,0,0,-,-,34.23617172241211,-117.4247589111328,SAN BERNARDINO,UNINCORPORATED,-117.4247589111328,34.23617172241211
9101146,2020,2020-07-01,3607,2020-02-23,1311,19946,21,7,5,6,3607,0,0,0,NA,0,029,GROVE AV,6TH ST,100,S,N,A,-,N,NA,NA,NA,NA,NA,NA,NA,NA,NA,NA,4,0,3,2,A,-,09,21801,A,N,D,C,A,A,H,-,A,A,0,NA,NA,NA,NA,Y,NA,A,07,0,0,3,0,0,0,0,0,0,-,-,NA,NA,SAN BERNARDINO,ONTARIO,-117.62857055664063,34.08477783203125
9101155,2019,2020-07-14,3607,2019-12-19,1908,19889,335,4,5,6,3607,0,0,0,NA,0,041,INLAND EMPIRE BL,FERRARI LN,50,E,N,A,-,N,NA,NA,NA,NA,NA,NA,NA,NA,NA,Y,4,0,1,2,A,-,03,22350,NA,N,C,C,A,-,H,-,C,A,0,NA,NA,NA,NA,Y,NA,A,01,0,0,1,0,0,0,0,0,0,-,-,NA,NA,SAN BERNARDINO,ONTARIO,-117.56118774414063,34.07085418701172
91011781,2019,2019-06-17,9860,2019-06-09,0515,014777,NA,7,3,9,3600,0,3,5,NA,2,002,DEL ROSA AVENUE,18TH STREET,25,S,N,A,-,N,NA,NA,NA,NA,NA,NA,NA,NA,NA,Y,4,0,1,3,A,-,08,22107,NA,N,A,E,A,A,H,-,D,D,0,NA,NA,NA,NA,Y,Y,A,01,0,0,1,0,0,0,0,0,0,-,-,34.130348205566406,-117.25029754638672,SAN BERNARDINO,UNINCORPORATED,-117.2502212524414,34.1303825378418
91012930,2019,2019-06-19,9855,2019-06-10,0750,015033,NA,1,1,6,3604,0,1,1,NA,2,101,I-10  W/B FROM CITRUS AVE,CITRUS AVE.,250,E,N,A,-,Y,NA,NA,10,NA,NA,NA,R,NA,W,Y,4,0,1,2,A,-,03,22350,NA,N,C,C,A,A,H,-,A,A,0,NA,NA,NA,NA,Y,NA,A,01,0,0,1,0,0,0,0,0,0,-,-,34.067298889160156,-117.4529037475586,SAN BERNARDINO,FONTANA,-117.4529037475586,34.067298889160156
91013032,2019,2019-06-19,9850,2019-06-12,0010,021991,NA,3,3,9,3600,0,1,3,NA,2,060,SR-138 W/B,BEEKLEY ROAD,0,NA,Y,A,-,Y,NA,NA,138,NA,NA,NA,NA,NA,W,Y,2,0,1,2,A,-,03,22350,NA,N,C,C,A,A,H,-,C,A,0,NA,NA,NA,Y,Y,NA,A,01,1,0,0,0,0,0,0,0,0,-,-,34.41164016723633,-117.58936309814452,SAN BERNARDINO,UNINCORPORATED,-117.5893783569336,34.41160583496094
91013089,2019,2019-08-09,9855,2019-06-14,1530,019303,NA,5,2,6,3604,0,1,1,NA,2,101,I-10 E/B (SAN BERNARDINO FWY),ETIWANDA AVE.,2000,E,N,A,-,Y,NA,NA,10,NA,NA,NA,NA,NA,E,N,4,0,1,3,A,-,03,22350,NA,F,C,C,A,A,H,-,A,D,0,NA,NA,NA,NA,Y,NA,D,22,0,0,1,0,0,0,0,0,0,-,-,34.067569732666016,-117.51756286621094,SAN BERNARDINO,FONTANA,-117.51756286621094,34.06755447387695
91013921,2019,2019-06-20,9860,2019-06-10,2315,021169,NA,1,3,3,3690,0,1,1,NA,2,214,I-215 N/B,IOWA AVE,528,N,N,A,-,Y,NA,NA,215,NA,NA,NA,NA,NA,N,N,4,0,1,2,A,-,03,22350,NA,N,C,C,A,A,D,E,C,D,0,NA,NA,NA,Y,Y,NA,G,25,0,0,1,0,0,0,0,0,0,-,-,34.025390625,-117.33393096923828,SAN BERNARDINO,GRAND TERRACE,-117.33399200439452,34.02545166015625
91015239,2019,2019-06-21,9855,2019-06-05,1627,017704,NA,3,2,9,3600,0,3,5,NA,2,004,PHILLIPS BLVD.,BENSON AVE.,50,W,N,A,-,N,NA,NA,NA,NA,NA,NA,NA,NA,NA,Y,3,0,2,1,A,-,08,22107,NA,N,E,I,A,A,H,-,A,A,0,NA,NA,NA,NA,Y,NA,A,01,0,2,0,0,0,0,0,0,0,-,-,34.04838180541992,-117.68097686767578,SAN BERNARDINO,UNINCORPORATED,-117.6809310913086,34.0483283996582
91015511,2019,2019-06-24,9860,2019-06-13,1640,020654,NA,4,2,9,3600,0,1,1,NA,2,102,I-10 E/B,CEDAR AVE,5280,W,N,A,-,Y,NA,NA,10,NA,NA,NA,NA,NA,E,N,4,0,1,2,A,-,03,22350,NA,N,C,C,A,A,H,-,A,D,0,NA,NA,NA,NA,Y,NA,A,01,0,0,1,0,0,0,0,0,0,-,-,34.06747817993164,-117.41356658935548,SAN BERNARDINO,UNINCORPORATED,-117.41357421875,34.06751251220703
91015530,2019,2019-06-24,9860,2019-06-16,0845,019429,NA,7,1,9,3600,0,1,3,NA,1,012,SR-138,CAJON BLVD,1584,W,N,A,-,Y,NA,NA,138,NA,NA,NA,NA,NA,NA,Y,4,0,1,3,A,-,03,22350,NA,F,C,C,A,A,H,-,A,D,0,NA,NA,NA,Y,Y,NA,A,01,0,0,1,0,0,0,0,0,0,-,-,34.31222152709961,-117.48298645019533,SAN BERNARDINO,UNINCORPORATED,-117.48297119140624,34.312286376953125
91016219,2019,2019-06-24,9860,2019-06-16,0235,020135,NA,7,3,9,3600,0,1,1,NA,2,151,I-15 SOUTHBOUND,KENWOOD AVENUE,2640,S,N,A,-,Y,NA,NA,15,NA,NA,NA,NA,NA,S,Y,3,0,1,1,A,-,08,22107,NA,N,E,I,A,A,H,-,D,D,0,NA,NA,NA,NA,Y,Y,A,01,0,1,0,0,0,0,0,0,0,-,-,34.23134994506836,-117.41847229003906,SAN BERNARDINO,UNINCORPORATED,-117.41846466064452,34.231361389160156
91016364,2019,2019-06-24,9835,2019-06-09,2100,021765,NA,7,2,9,3600,0,2,4,NA,2,016,NATIONAL TRAILS HWY,HINKLEY RD,4752,E,N,A,-,N,NA,NA,NA,NA,NA,NA,NA,NA,NA,Y,2,0,6,1,A,-,08,22107,NA,N,F,A,A,A,H,-,D,D,0,NA,NA,NA,NA,Y,NA,A,08,4,1,1,0,0,0,0,0,0,-,-,34.836978912353516,-117.16619873046876,SAN BERNARDINO,UNINCORPORATED,-117.16677856445313,34.83687210083008
91016464,2019,2019-06-24,9860,2019-06-16,0405,020518,NA,7,3,6,3610,0,1,1,NA,2,202,SR-210 W/B FROM HIGHLAND AVE,HIGHLAND AVE,700,W,N,A,-,Y,NA,NA,210,NA,NA,NA,R,NA,W,Y,4,0,3,3,A,-,03,22350,NA,N,C,C,A,A,H,-,C,D,0,NA,NA,NA,NA,Y,NA,D,22,0,0,3,0,0,0,0,0,0,-,-,34.13666915893555,-117.23716735839844,SAN BERNARDINO,SAN BERNARDINO,-117.23716735839844,34.13666915893555
91016720,2019,2019-10-25,9860,2019-05-11,2205,020518,NA,6,3,4,3603,0,1,1,NA,2,103,INTERSTATE 10 WESTBOUND,MOUNT VERNON AVENUE,40,W,N,A,-,Y,NA,NA,10,NA,NA,NA,NA,NA,W,N,1,1,0,2,A,-,11,21954,A,F,G,B,D,A,H,-,D,D,0,Y,NA,NA,NA,Y,Y,N,60,0,0,0,1,0,0,0,0,0,-,-,34.064998626708984,-117.31388854980467,SAN BERNARDINO,COLTON,-117.31389617919922,34.06503677368164
91016766,2019,2019-06-25,9860,2019-06-15,1545,020346,NA,6,2,5,3608,0,1,1,NA,2,106,I-10 E/B,FORD ST,1000,W,N,A,-,Y,NA,NA,10,NA,NA,NA,NA,NA,E,Y,3,0,1,2,A,-,03,22350,NA,N,C,C,A,A,H,-,A,D,0,NA,NA,NA,NA,Y,NA,A,01,0,1,0,0,0,0,0,0,0,-,-,34.04730987548828,-117.15801239013672,SAN BERNARDINO,REDLANDS,-117.1580810546875,34.047279357910156
91017707,2019,2019-06-26,9835,2019-06-11,1704,020976,NA,2,2,9,3600,0,1,1,NA,2,077,I-15 S/B,YATES WELL RD,6864,N,N,A,-,Y,NA,NA,NA,NA,NA,NA,NA,NA,NA,Y,3,0,3,3,A,-,07,21658,A,N,C,A,A,A,H,-,A,D,0,NA,NA,NA,Y,Y,NA,G,25,0,1,2,0,0,0,0,0,0,-,-,35.32590103149414,-115.24569702148438,SAN BERNARDINO,UNINCORPORATED,NA,NA
91018242,2019,2019-06-26,9855,2019-06-23,1250,020664,NA,7,1,9,3600,0,1,3,NA,1,011,BEECH AVE.,MERRILL AVE.,20,N,N,A,-,N,NA,NA,NA,NA,NA,NA,NA,NA,NA,Y,4,0,1,2,A,-,21,22106,NA,N,B,C,A,A,H,-,A,A,0,NA,NA,NA,NA,Y,NA,A,08,0,0,1,0,0,0,0,0,0,-,-,34.09209060668945,-117.47103881835938,SAN BERNARDINO,UNINCORPORATED,-117.47116088867188,34.09207534790039
91018318,2019,2019-06-26,9855,2019-06-23,1359,020151,NA,7,1,6,3607,0,1,3,NA,2,601,SR-60 E/B (POMONA FWY),ARCHIBALD AVE.,1200,E,N,A,-,Y,NA,NA,60,NA,NA,NA,NA,NA,E,Y,3,0,3,1,C,-,18,NA,NA,N,E,J,A,A,H,-,A,D,0,NA,NA,NA,NA,Y,NA,-,-,0,3,0,0,0,0,0,0,0,-,-,34.0305290222168,-117.58908081054688,SAN BERNARDINO,ONTARIO,-117.58908081054688,34.03055191040039
91018349,2019,2019-06-26,9855,2019-06-17,1815,017323,NA,1,2,6,3607,0,1,1,NA,2,103,I-10 E/B (SAN BERNARDINO FWY),HAVEN AVE.,1056,W,N,A,-,Y,NA,NA,10,NA,NA,NA,NA,NA,E,N,4,0,1,4,A,-,03,22350,NA,N,C,C,A,A,H,-,A,D,0,NA,NA,NA,NA,Y,NA,A,01,0,0,1,0,0,0,0,0,0,-,-,34.06739044189453,-117.5832290649414,SAN BERNARDINO,ONTARIO,-117.5832290649414,34.06748580932617
91018525,2019,2019-11-26,9855,2019-06-16,2015,020151,NA,7,2,6,3607,0,1,3,NA,2,601,SR-60 W/B (POMONA FWY),MOUNTAIN AVE.,500,E,N,A,-,Y,NA,NA,60,NA,NA,NA,NA,NA,W,Y,4,0,1,2,A,-,01,23152,A,F,C,C,A,A,H,-,A,D,0,NA,NA,NA,NA,Y,Y,A,07,0,0,1,0,0,0,0,0,0,-,-,34.030521392822266,-117.6658935546875,SAN BERNARDINO,ONTARIO,-117.66588592529295,34.03046417236328
91020740,2019,2019-06-28,9850,2019-06-15,2050,021405,NA,6,2,5,3619,0,1,1,NA,2,082,I-15 N/B,MAIN ST,4700,S,N,A,-,Y,NA,NA,15,NA,NA,NA,NA,NA,N,Y,3,0,3,2,A,-,03,22350,NA,N,C,C,A,A,H,-,C,D,0,NA,NA,NA,NA,Y,NA,A,01,0,1,2,0,0,0,0,0,0,-,-,34.415771484375,-117.38871002197266,SAN BERNARDINO,HESPERIA,-117.38877868652344,34.41582489013672
91022627,2019,2019-07-02,9860,2019-06-22,0315,021587,NA,6,3,6,3610,0,1,1,NA,2,104,I-10 W/B,WATERMAN AVE,1480,E,N,A,-,Y,NA,NA,10,NA,NA,NA,NA,NA,W,Y,2,0,1,1,A,-,01,23152,A,N,E,I,A,A,H,-,C,D,0,NA,NA,NA,NA,Y,Y,A,01,1,0,0,0,0,0,0,0,0,-,-,34.0638313293457,-117.273681640625,SAN BERNARDINO,SAN BERNARDINO,-117.27367401123048,34.06393814086914
91024690,2019,2019-07-05,9835,2019-06-29,0405,021765,NA,6,3,9,3600,0,1,1,NA,2,074,I-15 S/B,RASOR RD,5280,S,N,A,-,Y,NA,NA,15,NA,NA,NA,NA,NA,S,Y,4,0,2,1,A,-,08,22107,NA,N,F,A,A,A,H,-,D,D,0,NA,NA,NA,NA,Y,NA,D,22,0,0,2,0,0,0,0,0,0,-,-,35.124969482421875,-116.22428131103516,SAN BERNARDINO,UNINCORPORATED,-116.22425842285156,35.124935150146484
91024980,2019,2019-07-05,9855,2019-06-28,1555,017597,NA,5,2,6,3616,0,1,1,NA,2,203,SR-210 E/B (FOOTHILL FWY),CARNELIAN AVE.,1800,W,N,A,-,Y,NA,NA,NA,NA,NA,NA,NA,NA,NA,Y,4,0,4,3,A,-,03,22350,NA,N,C,C,A,A,H,-,A,D,0,NA,NA,NA,NA,Y,Y,D,22,0,0,4,0,0,0,0,0,0,-,-,33.13481903076172,-117.62301635742188,SAN BERNARDINO,RANCHO CUCAMONGA,-117.62216949462892,34.13475036621094
91025615,2019,2019-07-08,9860,2019-06-30,1530,020533,NA,7,2,6,3610,0,1,1,NA,2,104,I-10 W/B,WATERMAN AVE,800,E,N,A,-,Y,NA,NA,10,NA,NA,NA,NA,NA,W,Y,4,0,1,4,A,-,03,22350,NA,N,C,C,A,A,H,-,A,D,0,NA,NA,NA,NA,Y,NA,A,01,0,0,1,0,0,0,0,0,0,-,-,34.064208984375,-117.27593994140624,SAN BERNARDINO,SAN BERNARDINO,-117.27594757080078,34.06417465209961
91026131,2019,2019-07-08,9865,2019-06-30,1800,021720,NA,7,2,9,3600,0,1,3,NA,2,021,SR-330,LIVE OAK DR,19008,S,N,A,-,Y,NA,NA,330,NA,NA,NA,NA,NA,NA,N,3,0,1,1,C,-,18,NA,NA,N,H,A,A,A,H,-,A,D,0,NA,NA,Y,NA,Y,NA,-,-,0,1,0,0,0,0,0,0,1,-,-,34.190799713134766,-117.1504364013672,SAN BERNARDINO,UNINCORPORATED,-117.1504364013672,34.19073486328125
91026929,2019,2019-07-09,9860,2019-06-29,1150,014777,NA,6,1,4,3603,0,1,1,NA,2,103,I-10 E/B,WARM CREEK,280,E,N,A,-,Y,NA,NA,10,NA,NA,NA,NA,NA,E,Y,2,0,1,1,A,-,08,22107,NA,N,E,I,A,A,H,-,A,D,0,NA,NA,NA,NA,Y,NA,A,07,1,0,0,0,0,0,0,0,0,-,-,34.06486129760742,-117.30554962158205,SAN BERNARDINO,COLTON,-117.30554962158205,34.06508255004883
91029235,2019,2019-07-11,9855,2019-07-01,0125,020564,NA,1,3,5,3602,0,1,3,NA,2,603,SR-60 E/B (POMONA FWY),MONTE VISTA AVE.,708,W,N,A,-,Y,NA,NA,60,NA,NA,NA,NA,NA,E,Y,2,0,2,2,B,-,22,NA,NA,N,D,C,A,A,H,-,C,D,0,NA,NA,NA,NA,Y,NA,-,98,1,1,0,0,0,0,0,0,0,-,-,34.03010177612305,-117.70060729980467,SAN BERNARDINO,CHINO,-117.70060729980467,34.03007507324219
91032915,2019,2019-07-17,9850,2019-07-07,2500,020758,NA,7,4,9,3600,0,3,5,NA,2,005,SHADOW MOUNTAIN ROAD,UNITED STATES ROUTE 395,15312,E,N,A,-,N,NA,NA,NA,NA,NA,NA,NA,NA,NA,Y,1,1,0,1,A,-,08,22107,NA,N,E,I,A,A,H,-,D,D,0,NA,NA,NA,NA,Y,NA,A,07,0,0,0,0,0,0,0,0,0,-,-,34.72917938232422,-117.4106674194336,SAN BERNARDINO,UNINCORPORATED,-117.41067504882813,34.72919464111328
91034408,2019,2019-07-19,9860,2019-07-10,0550,016658,NA,3,3,5,3609,0,1,1,NA,2,201,SR-210 E/B,RIVERSIDE AVE. O/C,1056,W,N,A,-,Y,NA,NA,210,NA,NA,NA,NA,NA,E,Y,2,0,2,2,A,-,03,22350,NA,N,C,C,A,A,H,-,A,D,0,NA,NA,NA,NA,Y,NA,A,01,1,0,1,0,0,0,0,0,0,-,-,34.135780334472656,-117.37567901611328,SAN BERNARDINO,RIALTO,-117.37567901611328,34.1357421875
91034640,2019,2019-07-22,9860,2019-07-13,1435,020533,NA,6,2,6,3610,0,1,1,NA,2,202,SR-210 E/B,STERLING AVE,500,W,N,A,-,Y,NA,NA,210,NA,NA,NA,NA,NA,E,Y,4,0,1,3,A,-,03,22350,NA,N,C,C,A,A,H,-,A,D,0,NA,NA,NA,NA,Y,NA,A,01,0,0,1,0,0,0,0,0,0,-,-,34.13951110839844,-117.2453384399414,SAN BERNARDINO,SAN BERNARDINO,-117.24533081054688,34.1395378112793
91035688,2019,2019-07-23,9855,2019-07-11,1824,019675,NA,4,2,6,3616,0,1,1,NA,2,152,I-15 S/B (ONTARIO FWY),6TH STREET,800,S,N,A,-,Y,NA,NA,15,NA,NA,NA,NA,NA,S,Y,3,0,1,3,A,-,07,21658,A,F,F,I,A,A,H,-,A,D,0,NA,NA,Y,NA,Y,NA,-,99,0,1,0,0,0,0,0,0,1,-,-,34.08591079711914,-117.54489135742188,SAN BERNARDINO,RANCHO CUCAMONGA,-117.54490661621094,34.08591079711914
9103680,2020,2020-11-12,3600,2020-05-03,2053,D6683,RC036,7,5,6,3616,0,0,0,NA,0,RC4,HELLMAN AV,FOOTHILL BL,0,NA,Y,A,-,N,NA,NA,NA,NA,NA,NA,NA,NA,NA,Y,4,0,1,2,A,-,12,22450,A,F,D,C,A,A,H,-,C,A,0,NA,NA,NA,NA,Y,NA,A,01,0,0,1,0,0,0,0,0,0,-,-,NA,NA,SAN BERNARDINO,RANCHO CUCAMONGA,-117.60231018066406,34.106658935546875
91037211,2019,2019-07-24,9855,2019-07-19,2018,018989,NA,5,2,6,3604,0,1,1,NA,2,201,SR-210 W/B (FOOTHILL FWY),KNOX AVE.,225,W,N,A,-,Y,NA,NA,210,NA,NA,NA,NA,NA,W,Y,4,0,1,2,A,-,08,22107,NA,N,C,C,A,A,H,-,C,D,0,NA,NA,NA,NA,Y,NA,A,01,0,0,1,0,0,0,0,0,0,-,-,34.13650131225586,-117.46309661865234,SAN BERNARDINO,FONTANA,-117.46309661865234,34.136680603027344
91037294,2019,2019-07-24,9860,2019-07-10,1426,016646,NA,3,2,4,3603,0,1,1,NA,2,214,I-215 S/B,SANTA FE RAILROAD O/C,528,N,N,A,-,Y,NA,NA,215,NA,NA,NA,NA,NA,S,Y,3,0,1,2,A,-,08,22107,NA,N,B,C,A,A,D,E,A,D,0,NA,NA,NA,NA,Y,NA,D,22,0,1,0,0,0,0,0,0,0,-,-,34.02674102783203,-117.3331298828125,SAN BERNARDINO,COLTON,-117.33308410644533,34.02669143676758
91037533,2019,2019-07-25,9834,2019-07-21,1612,018921,NA,7,2,9,3600,0,1,1,NA,2,040,I-40 E/B,FORTRESS WASH,3854,W,N,A,-,Y,NA,NA,40,NA,NA,NA,NA,NA,E,Y,2,0,3,1,A,-,08,22107,NA,N,F,A,A,A,H,-,A,D,0,NA,NA,NA,NA,Y,NA,A,01,2,1,0,0,0,0,0,0,0,-,-,34.76063919067383,-115.48426055908205,SAN BERNARDINO,UNINCORPORATED,-115.48428344726563,34.760704040527344
91037820,2019,2019-07-25,9860,2019-07-18,1325,012988,NA,4,1,5,3609,0,1,1,NA,2,201,SR-210 WESTBOUND,AYALA DR,2112,W,N,A,-,Y,NA,NA,210,NA,NA,NA,NA,NA,W,Y,4,0,1,2,A,-,03,22350,NA,N,C,C,A,A,H,-,A,D,0,NA,NA,NA,NA,Y,NA,A,01,0,0,1,0,0,0,0,0,0,-,-,34.13621139526367,-117.39871978759766,SAN BERNARDINO,RIALTO,-117.39871978759766,34.13618087768555