CASE_ID,ACCIDENT_YEAR,PROC_DATE,JURIS,COLLISION_DATE,COLLISION_TIME,OFFICER_ID,REPORTING_DISTRICT,DAY_OF_WEEK,CHP_SHIFT,POPULATION,CNTY_CITY_LOC,SPECIAL_COND,BEAT_TYPE,CHP_BEAT_TYPE,CITY_DIVISION_LAPD,CHP_BEAT_CLASS,BEAT_NUMBER,PRIMARY_RD,SECONDARY_RD,DISTANCE,DIRECTION,INTERSECTION,WEATHER_1,WEATHER_2,STATE_HWY_IND,CALTRANS_COUNTY,CALTRANS_DISTRICT,STATE_ROUTE,ROUTE_SUFFIX,POSTMILE_PREFIX,POSTMILE,LOCATION_TYPE,RAMP_INTERSECTION,SIDE_OF_HWY,TOW_AWAY,COLLISION_SEVERITY,NUMBER_KILLED,NUMBER_INJURED,PARTY_COUNT,PRIMARY_COLL_FACTOR,PCF_CODE_OF_VIOL,PCF_VIOL_CATEGORY,PCF_VIOLATION,PCF_VIOL_SUBSECTION,HIT_AND_RUN,TYPE_OF_COLLISION,MVIW,PED_ACTION,ROAD_SURFACE,ROAD_COND_1,ROAD_COND_2,LIGHTING,CONTROL_DEVICE,CHP_ROAD_TYPE,PEDESTRIAN_ACCIDENT,BICYCLE_ACCIDENT,MOTORCYCLE_ACCIDENT,TRUCK_ACCIDENT,NOT_PRIVATE_PROPERTY,ALCOHOL_INVOLVED,STWD_VEHTYPE_AT_FAULT,CHP_VEHTYPE_AT_FAULT,COUNT_SEVERE_INJ,COUNT_VISIBLE_INJ,COUNT_COMPLAINT_PAIN,COUNT_PED_KILLED,COUNT_PED_INJURED,COUNT_BICYCLIST_KILLED,COUNT_BICYCLIST_INJURED,COUNT_MC_KILLED,COUNT_MC_INJURED,PRIMARY_RAMP,SECONDARY_RAMP,LATITUDE,LONGITUDE,COUNTY,CITY,POINT_X,POINT_Y
91087039,2019,2019-09-30,9850,2019-09-20,0619,017034,NA,5,1,9,3600,0,3,5,NA,2,002,SUMMIT VALLEY ROAD,TROUT ROAD,400,S,N,A,-,N,NA,NA,NA,NA,NA,NA,NA,NA,NA,Y,3,0,2,3,A,-,05,21460,A,F,A,C,A,A,H,-,B,D,0,NA,NA,NA,NA,Y,NA,A,01,0,2,0,0,0,0,0,0,0,-,-,34.349918365478516,-117.38688659667967,SAN BERNARDINO,UNINCORPORATED,-117.38685607910156,34.34992980957031
91088015,2019,2019-10-01,9860,2019-09-19,1605,019062,NA,4,2,6,3610,0,1,1,NA,2,214,I-215 N/B,ORANGE SHOW RD,200,N,N,A,-,Y,NA,NA,215,NA,NA,NA,NA,NA,N,Y,4,0,1,2,A,-,03,22350,NA,N,C,C,A,A,H,-,A,D,0,NA,NA,NA,NA,Y,NA,A,01,0,0,1,0,0,0,0,0,0,-,-,34.07849884033203,-117.29650115966795,SAN BERNARDINO,SAN BERNARDINO,-117.29652404785156,34.078487396240234
91089559,2019,2019-10-03,9870,2019-09-28,1548,022177,NA,6,2,9,3600,0,3,5,NA,2,003,PARK BLVD,RAINOW RIDGE,28512,S,N,A,-,N,NA,NA,NA,NA,NA,NA,NA,NA,NA,Y,3,0,1,2,A,-,08,22107,NA,N,B,C,A,A,H,-,A,D,0,NA,NA,Y,NA,Y,NA,C,02,0,1,0,0,0,0,0,0,1,-,-,34.045650482177734,-116.2006607055664,SAN BERNARDINO,UNINCORPORATED,-116.26586151123048,34.093780517578125
91090188,2019,2019-10-03,9860,2019-10-02,1912,020654,NA,3,2,6,3610,0,1,1,NA,2,104,I-10 W/B,WATERMAN AVE,2640,E,N,A,-,Y,NA,NA,10,NA,NA,NA,NA,NA,W,N,4,0,1,2,A,-,03,22350,NA,N,C,C,A,A,H,-,D,D,0,NA,NA,NA,NA,Y,NA,A,01,0,0,1,0,0,0,0,0,0,-,-,34.063968658447266,-117.2699737548828,SAN BERNARDINO,SAN BERNARDINO,-117.26996612548828,34.063934326171875
91090563,2019,2019-10-04,9860,2019-09-27,1115,018275,NA,5,1,6,3610,0,1,1,NA,2,216,I-215 N/B TO UNIVERSITY PKWY,UNIVERSITY PKWY,765,S,N,A,-,Y,NA,NA,215,NA,NA,NA,R,NA,N,Y,4,0,1,2,A,-,03,22350,NA,N,C,C,A,A,H,-,A,D,0,NA,NA,NA,NA,Y,NA,A,01,0,0,1,0,0,0,0,0,0,-,-,34.163108825683594,-117.33159637451172,SAN BERNARDINO,SAN BERNARDINO,-117.33159637451172,34.163108825683594
9109111,2020,2020-08-04,3600,2020-04-07,2255,F8945,VC055,2,5,5,3612,0,0,0,NA,0,VC5,AMARGOSA RD,ROY RODGERS DR,0,NA,Y,A,-,N,NA,NA,NA,NA,NA,NA,NA,NA,NA,Y,3,0,2,2,-,-,-,NA,NA,N,D,C,A,A,H,-,C,A,0,NA,NA,NA,NA,Y,NA,-,-,0,2,0,0,0,0,0,0,0,-,-,NA,NA,SAN BERNARDINO,VICTORVILLE,-117.33029174804688,34.52143859863281
91091645,2019,2019-10-07,9850,2019-09-28,1552,021643,NA,6,2,9,3600,0,3,5,NA,2,002,ARROWHEAD LAKE ROAD,SR-173,1705,N,N,A,-,N,NA,NA,NA,NA,NA,NA,NA,NA,NA,Y,3,0,1,2,A,-,08,22107,NA,N,D,C,A,A,H,-,A,D,0,NA,NA,NA,NA,Y,NA,A,01,0,1,0,0,0,0,0,0,0,-,-,34.340980529785156,-117.25611877441406,SAN BERNARDINO,UNINCORPORATED,-117.25635528564452,34.34073257446289
91091759,2019,2019-10-07,9865,2019-10-05,1630,021725,NA,6,2,9,3600,0,1,3,NA,2,017,SR-173,RAINBOW LN,840,E,N,A,-,Y,NA,NA,173,NA,NA,NA,NA,NA,NA,Y,2,0,2,1,A,-,01,23152,A,N,E,I,A,A,H,-,A,D,0,NA,NA,NA,NA,Y,Y,A,01,1,1,0,0,0,0,0,0,0,-,-,34.2452507019043,-117.19345855712892,SAN BERNARDINO,UNINCORPORATED,-117.19345855712892,34.24520492553711
91092230,2019,2019-10-07,9860,2019-10-01,1615,019484,NA,2,2,9,3600,0,1,1,NA,2,151,I-15 N/B,KENWOOD AVE,230,S,N,A,-,Y,NA,NA,NA,NA,NA,NA,NA,NA,NA,N,4,0,1,2,A,-,03,22350,NA,N,C,C,A,A,H,-,A,D,0,NA,NA,NA,NA,Y,NA,A,01,0,0,1,0,0,0,0,0,0,-,-,NA,NA,SAN BERNARDINO,UNINCORPORATED,-117.42447662353516,34.23641586303711
91092384,2019,2019-10-08,9860,2019-10-02,0436,020766,NA,3,3,6,3610,0,1,1,NA,2,202,SR-210 W/B,ORANGE ST,470,E,N,A,-,Y,NA,NA,210,NA,NA,NA,NA,NA,W,Y,4,0,1,2,A,-,03,22350,NA,N,C,C,A,A,H,-,D,D,0,NA,NA,NA,NA,Y,NA,A,01,0,0,1,0,0,0,0,0,0,-,-,34.13193130493164,-117.21156311035156,SAN BERNARDINO,SAN BERNARDINO,-117.21155548095705,34.13205337524414
91092667,2019,2019-10-08,9855,2019-10-04,1450,020002,NA,5,2,6,3607,0,1,1,NA,2,101,I-10 E/B (SAN BERNARDINO FWY),ETIWANDA AVE.,900,W,N,A,-,Y,NA,NA,10,NA,NA,NA,NA,NA,E,Y,3,0,1,3,A,-,07,21658,A,N,B,C,A,A,H,-,A,D,0,NA,NA,NA,Y,Y,NA,A,01,0,1,0,0,0,0,0,0,0,-,-,34.06727981567383,-117.52704620361328,SAN BERNARDINO,ONTARIO,-117.5270538330078,34.06734848022461
91092716,2019,2019-10-08,9835,2019-09-26,1250,022341,NA,4,1,9,3600,0,1,1,NA,2,074,I-15 S/B,AFTON CANYON RD,21648,N,N,A,-,Y,NA,NA,15,NA,NA,NA,NA,NA,S,Y,3,0,1,1,A,-,08,22107,NA,N,E,J,A,A,H,-,A,D,0,NA,NA,NA,NA,Y,NA,A,08,0,1,0,0,0,0,0,0,0,-,-,35.08686065673828,-116.35043334960938,SAN BERNARDINO,UNINCORPORATED,-116.35042572021484,35.086830139160156
91093157,2019,2019-10-08,9870,2019-10-01,0600,017675,NA,2,1,9,3600,0,1,3,NA,1,011,SR-62 (TWENTYNINE PALMS HWY.),PARK AVENUE,0,NA,Y,A,-,Y,NA,NA,62,NA,NA,NA,NA,NA,NA,N,4,0,1,2,A,-,09,21802,A,N,D,C,A,A,H,-,B,A,0,NA,NA,NA,NA,Y,NA,A,07,0,0,1,0,0,0,0,0,0,-,-,34.04888153076172,-116.57868957519533,SAN BERNARDINO,UNINCORPORATED,-116.57866668701172,34.04885482788086
91096949,2019,2019-10-14,9865,2019-10-04,1704,014696,NA,5,2,9,3600,0,1,3,NA,2,020,SR-330,FOREST SERVICE ROAD 1N09,2640,N,N,A,-,Y,NA,NA,330,NA,NA,NA,NA,NA,NA,Y,3,0,1,1,A,-,08,22107,NA,N,E,I,A,A,H,-,A,A,0,NA,NA,NA,NA,Y,NA,A,01,0,1,0,0,0,0,0,0,0,-,-,34.18169021606445,-117.14871978759766,SAN BERNARDINO,UNINCORPORATED,-117.14879608154295,34.181644439697266
91098317,2019,2019-10-16,9860,2019-10-10,0745,016651,NA,4,1,6,3610,0,1,1,NA,2,216,I-215 S/B,9TH ST,250,S,N,A,-,Y,NA,NA,215,NA,NA,NA,NA,NA,S,N,3,0,2,2,A,-,03,22350,NA,N,C,C,A,A,H,-,A,D,0,NA,NA,NA,NA,Y,NA,A,01,0,1,1,0,0,0,0,0,0,-,-,34.1149787902832,-117.30264282226563,SAN BERNARDINO,SAN BERNARDINO,-117.30297088623048,34.1149787902832
9109850,2020,2020-07-16,3607,2020-03-16,1030,20389,152,1,5,6,3607,0,0,0,NA,0,051,STATE ST,OAKS AV,0,NA,Y,A,-,N,NA,NA,NA,NA,NA,NA,NA,NA,NA,Y,4,0,1,2,A,-,05,21460,A,N,A,C,A,A,H,-,A,D,0,NA,NA,NA,NA,Y,NA,A,07,0,0,1,0,0,0,0,0,0,-,-,NA,NA,SAN BERNARDINO,ONTARIO,-117.6764678955078,34.05986022949219
91099823,2019,2019-10-17,9855,2019-09-05,1315,013860,NA,4,1,6,3607,0,1,1,NA,2,103,I-10 W/B (SAN BERNARDINO FWY),ARCHIBALD AVE.,570,E,N,A,-,Y,NA,NA,10,NA,NA,NA,NA,NA,W,Y,4,0,1,5,A,-,03,22350,NA,F,C,C,A,A,H,-,A,D,0,NA,NA,NA,NA,Y,NA,A,07,0,0,1,0,0,0,0,0,0,-,-,34.06760025024414,-117.59120178222656,SAN BERNARDINO,ONTARIO,-117.59120178222656,34.0677375793457
91100614,2019,2019-10-18,9860,2019-10-15,0605,016651,NA,2,1,5,3609,0,1,1,NA,2,201,SR-210 E/B TO ALDER AVENUE,ALDER AVENUE,1100,W,N,A,-,Y,NA,NA,210,NA,NA,NA,R,NA,E,N,4,0,1,2,A,-,03,22350,NA,N,C,C,A,A,H,-,D,D,0,NA,NA,NA,NA,Y,NA,A,01,0,0,1,0,0,0,0,0,0,-,-,34.1361198425293,-117.42227935791016,SAN BERNARDINO,RIALTO,-117.42227935791016,34.1361198425293
91101112,2019,2019-10-21,9860,2019-10-11,1700,020533,NA,5,2,9,3600,0,3,5,NA,2,002,PACIFIC ST,DEL ROSA AVE,0,NA,Y,A,-,N,NA,NA,NA,NA,NA,NA,NA,NA,NA,Y,4,0,2,2,A,-,12,22450,A,N,D,C,A,A,H,-,A,A,0,NA,NA,NA,NA,Y,NA,A,01,0,0,2,0,0,0,0,0,0,-,-,34.12866973876953,-117.25018310546876,SAN BERNARDINO,UNINCORPORATED,-117.25021362304688,34.128578186035156
9110185,2020,2020-08-10,3604,2020-05-30,1935,1265,NA,6,5,6,3604,0,0,0,NA,0,NA,CYPRESS AV,HOLLY DR,110,S,N,A,-,N,NA,NA,NA,NA,NA,NA,NA,NA,NA,Y,3,0,1,2,A,-,08,22107,NA,N,C,C,A,A,H,-,A,D,0,NA,NA,NA,NA,Y,NA,A,01,0,1,0,0,0,0,0,0,0,-,CO,NA,NA,SAN BERNARDINO,FONTANA,-117.44441223144533,34.0794677734375
91102013,2019,2019-10-21,9855,2019-10-13,0121,020743,NA,7,3,6,3607,0,1,3,NA,2,601,SR-60 W/B TO HAVEN AVENUE,HAVEN AVE.,795,E,N,A,-,Y,NA,NA,60,NA,NA,NA,R,NA,W,Y,3,0,1,1,A,-,01,23152,A,N,E,I,A,A,H,-,D,D,0,NA,NA,NA,NA,Y,Y,A,07,0,1,0,0,0,0,0,0,0,-,-,34.028629302978516,-117.5731201171875,SAN BERNARDINO,ONTARIO,-117.5731201171875,34.028629302978516
91102271,2019,2019-10-21,9850,2019-10-13,1435,021343,NA,7,2,9,3600,0,3,5,NA,2,005,SHADOW MOUNTAIN ROAD,RIVERS EDGE ROAD,2640,W,N,A,-,N,NA,NA,NA,NA,NA,NA,NA,NA,NA,Y,3,0,1,1,A,-,01,23152,A,N,E,I,A,A,H,-,A,D,0,NA,NA,NA,NA,Y,Y,A,01,0,1,0,0,0,0,0,0,0,-,-,34.73120880126953,-117.37335968017578,SAN BERNARDINO,UNINCORPORATED,-117.3713836669922,34.731388092041016
91103925,2019,2019-10-23,9865,2019-10-17,1200,015158,NA,4,1,9,3600,0,3,5,NA,2,001,KNAPPS CUTOFF,WOODSEY ROAD,70,E,N,A,-,N,NA,NA,NA,NA,NA,NA,NA,NA,NA,Y,3,0,1,1,A,-,03,22350,NA,N,E,I,A,A,H,-,A,A,0,NA,NA,NA,NA,Y,NA,A,01,0,1,0,0,0,0,0,0,0,-,-,34.242530822753906,-117.29187774658205,SAN BERNARDINO,UNINCORPORATED,-117.2916259765625,34.242530822753906
91104107,2019,2019-10-23,9865,2019-10-18,1800,016179,NA,5,2,9,3600,0,1,3,NA,2,045,SR-38,JENKS LAKE RD. WEST,526,W,N,A,-,Y,NA,NA,38,NA,NA,NA,NA,NA,NA,Y,4,0,1,1,A,-,03,22350,NA,N,E,I,A,A,H,-,A,D,0,NA,NA,Y,NA,Y,NA,C,02,0,0,1,0,0,0,0,0,1,-,-,34.163429260253906,-116.91201782226563,SAN BERNARDINO,UNINCORPORATED,-116.91197204589844,34.163414001464844
9110821,2020,2020-11-04,3600,2020-05-14,1844,G7650,LOMAL,4,5,3,3615,0,0,0,NA,0,0LL,REDLANDS BL,BRYN MAWR AV,197,E,N,A,-,N,NA,NA,NA,NA,NA,NA,NA,NA,NA,Y,4,0,1,1,D,-,00,NA,NA,N,E,I,A,-,H,-,A,-,0,NA,NA,NA,NA,Y,NA,-,-,0,0,1,0,0,0,0,0,0,-,-,NA,NA,SAN BERNARDINO,LOMA LINDA,-117.23426818847656,34.06304931640625
91109493,2019,2019-10-30,9860,2019-10-19,0222,021451,NA,6,3,5,3609,0,1,1,NA,2,201,SR-210 W/B,ALDER AVE,1000,W,N,A,-,Y,NA,NA,NA,NA,NA,NA,NA,NA,NA,Y,2,0,2,2,A,-,03,22350,NA,N,C,C,A,A,H,-,C,D,0,NA,NA,NA,NA,Y,Y,A,01,1,0,1,0,0,0,0,0,0,-,-,34.1366081237793,-117.3251495361328,SAN BERNARDINO,RIALTO,-117.42179870605467,34.1366081237793
9110962,2020,2020-08-10,3600,2020-04-25,2017,A7265,YC207,6,5,4,3640,0,0,0,NA,0,YC01,ADAMS ST,DATE AV,11,S,N,A,-,N,NA,NA,NA,NA,NA,NA,NA,NA,NA,N,2,0,1,2,A,-,11,21954,A,N,G,B,E,A,H,-,C,A,0,Y,NA,NA,NA,Y,Y,N,60,1,0,0,0,1,0,0,0,0,-,-,NA,NA,SAN BERNARDINO,YUCAIPA,-117.03594970703124,34.041080474853516
91109855,2019,2019-10-30,9860,2019-10-29,0900,019321,NA,2,1,3,3690,0,1,1,NA,2,214,I-215 N/B,BARTON RD,2112,S,N,A,-,Y,NA,NA,215,NA,NA,NA,NA,NA,N,Y,4,0,1,2,A,-,03,22350,NA,N,C,C,A,A,D,E,A,D,0,NA,NA,NA,NA,Y,NA,A,01,0,0,1,0,0,0,0,0,0,-,-,34.02946090698242,-117.32972717285156,SAN BERNARDINO,GRAND TERRACE,-117.32977294921876,34.029510498046875
91109888,2019,2019-10-30,9860,2019-10-30,0638,017919,NA,3,1,5,3608,0,1,1,NA,2,104,I-10 W/B,CALIFORNIA ST,315,E,N,A,-,Y,NA,NA,10,NA,NA,NA,NA,NA,W,Y,4,0,1,2,A,-,03,22350,NA,N,C,C,A,A,H,-,A,D,0,NA,NA,NA,NA,Y,NA,A,01,0,0,1,0,0,0,0,0,0,-,-,34.066650390625,-117.22463989257813,SAN BERNARDINO,REDLANDS,-117.22463989257813,34.06673812866211
91111003,2019,2019-10-31,9860,2019-10-26,1655,020533,NA,6,2,9,3600,0,3,5,NA,2,002,ARDEN AVE,CITRUS ST,80,N,N,A,-,N,NA,NA,NA,NA,NA,NA,NA,NA,NA,N,3,0,1,1,A,-,03,22350,NA,N,F,A,A,A,H,-,A,D,0,NA,NA,Y,NA,Y,NA,C,02,0,1,0,0,0,0,0,0,1,-,-,34.144309997558594,-117.23500061035156,SAN BERNARDINO,UNINCORPORATED,-117.23493957519533,34.14418029785156
91111019,2019,2019-10-31,9865,2019-10-24,1255,016179,NA,4,1,9,3600,0,1,3,NA,2,032,CLARK LN,CEDAR LN,0,NA,Y,A,-,N,NA,NA,NA,NA,NA,NA,NA,NA,NA,N,3,0,1,2,A,-,12,22450,A,N,D,C,A,A,H,-,A,A,0,NA,NA,NA,NA,Y,NA,D,22,0,1,0,0,0,0,0,0,0,-,-,34.23984146118164,-116.82434844970705,SAN BERNARDINO,UNINCORPORATED,-116.82431793212892,34.239768981933594
91111440,2019,2019-11-25,9860,2019-08-03,2330,020856,NA,6,3,9,3600,0,1,1,NA,2,152,INTERSTATE 15 SOUTHBOUND,STATE ROUTE 138,11088,N,N,A,-,Y,NA,NA,15,NA,NA,NA,NA,NA,S,Y,1,1,0,2,A,-,01,23152,A,N,C,C,A,A,H,-,D,D,0,NA,NA,NA,NA,Y,Y,A,01,0,0,0,0,0,0,0,0,0,-,-,34.340980529785156,-117.48245239257813,SAN BERNARDINO,UNINCORPORATED,-117.48241424560548,34.340972900390625
9111167,2020,2020-11-03,3603,2020-05-24,1204,4861,CPD,7,5,4,3603,0,0,0,NA,0,001,W COUNTY ROAD,N 1ST AV,500,E,N,A,-,N,NA,NA,NA,NA,NA,NA,NA,NA,NA,N,4,0,2,3,-,-,-,NA,NA,N,C,C,A,A,H,-,A,D,0,NA,NA,NA,NA,Y,NA,A,01,0,0,2,0,0,0,0,0,0,-,-,34.09230041503906,-117.33657073974608,SAN BERNARDINO,COLTON,-116.8039779663086,34.24348831176758
91112026,2019,2019-11-04,9860,2019-10-28,0645,019269,NA,1,1,5,3609,0,1,1,NA,2,201,SR-210 E/B,RIVERSIDE AVE,2640,E,N,A,-,Y,NA,NA,210,NA,NA,NA,NA,NA,E,Y,4,0,1,4,A,-,08,22107,NA,N,B,C,A,A,H,-,B,D,0,NA,NA,NA,Y,Y,NA,A,01,0,0,1,0,0,0,0,0,0,-,-,34.13597106933594,-117.36190032958984,SAN BERNARDINO,RIALTO,-117.36189270019533,34.136024475097656
91112145,2019,2019-11-04,9860,2019-10-31,0650,019321,NA,4,1,6,3610,0,1,1,NA,2,103,I-10 W/B,WATERMAN AVE,1584,W,N,A,-,Y,NA,NA,10,NA,NA,NA,NA,NA,W,Y,4,0,1,1,A,-,03,22350,NA,N,F,A,A,A,H,-,A,D,0,NA,NA,Y,NA,Y,NA,C,02,0,0,1,0,0,0,0,0,1,-,-,34.064109802246094,-117.28336334228516,SAN BERNARDINO,SAN BERNARDINO,-117.28335571289063,34.0640869140625
91112209,2019,2019-11-04,9860,2019-10-31,0110,020595,NA,4,3,4,3603,0,1,1,NA,2,103,I-10 W/B TO I-215 S/B,SUNWEST LN,150,E,N,A,-,Y,NA,NA,10,NA,NA,NA,R,NA,W,Y,2,0,5,2,A,-,01,23152,A,N,B,C,A,A,H,-,C,D,0,NA,NA,NA,NA,Y,Y,A,01,1,4,0,0,0,0,0,0,0,-,-,34.06399917602539,-117.2905502319336,SAN BERNARDINO,COLTON,-117.2905502319336,34.06399917602539
91116339,2019,2019-11-08,9835,2019-10-07,2230,017111,NA,1,3,9,3600,0,1,1,NA,2,047,I-40 W/B,KELBAKER RD,11458,W,N,A,-,Y,NA,NA,40,NA,NA,NA,NA,NA,W,Y,1,1,0,1,A,-,08,22107,NA,N,F,A,A,A,H,-,D,D,0,NA,NA,NA,Y,Y,NA,G,25,0,0,0,0,0,0,0,0,0,-,-,34.728660583496094,-115.90933227539063,SAN BERNARDINO,UNINCORPORATED,-115.90943145751952,34.729068756103516
91118143,2019,2019-11-12,9860,2019-11-04,1251,019251,NA,1,1,4,3603,0,1,1,NA,2,214,I-215 S/B,IOWA AVE,2112,N,N,A,-,Y,NA,NA,215,NA,NA,NA,NA,NA,S,Y,4,0,1,3,A,-,03,22350,NA,N,C,C,A,A,D,E,A,D,0,NA,NA,NA,NA,Y,NA,D,22,0,0,1,0,0,0,0,0,0,-,-,34.028709411621094,-117.33081817626952,SAN BERNARDINO,COLTON,-117.33087158203124,34.02876281738281
91118438,2019,2019-11-12,9855,2019-11-08,0328,020690,NA,5,3,6,3607,0,1,1,NA,2,152,I-15 N/B (ONTARIO FWY),PHILADELPHIA ST.,1750,N,N,A,-,Y,NA,NA,15,NA,NA,NA,NA,NA,N,Y,4,0,1,2,A,-,03,22350,NA,N,C,C,A,A,H,-,D,D,0,NA,NA,NA,Y,Y,NA,D,22,0,0,1,0,0,0,0,0,0,-,-,34.038360595703125,-117.5500030517578,SAN BERNARDINO,ONTARIO,-117.55001068115234,34.038360595703125
91118749,2019,2019-11-13,9860,2019-11-05,0720,017919,NA,2,1,6,3610,0,1,1,NA,2,216,I-215 S/B,5TH ST,1605,N,N,A,-,Y,NA,NA,215,NA,NA,NA,NA,NA,S,Y,4,0,1,2,A,-,03,22350,NA,N,C,C,A,A,H,-,A,D,0,NA,NA,NA,NA,Y,NA,A,01,0,0,1,0,0,0,0,0,0,-,-,34.11302185058594,-117.30269622802734,SAN BERNARDINO,SAN BERNARDINO,-117.30296325683594,34.11301803588867
91119475,2019,2019-11-13,9865,2019-11-06,1915,016179,NA,3,2,9,3600,0,1,3,NA,2,032,SR-18 (BIG BEAR BLVD),ROSE HILL DR.,30,S,N,A,-,Y,NA,NA,18,NA,NA,NA,NA,NA,NA,Y,3,0,1,3,A,-,03,22350,NA,N,C,C,A,A,H,-,C,D,0,NA,NA,NA,NA,Y,NA,A,01,0,1,0,0,0,0,0,0,0,-,-,34.26108932495117,-116.84761810302734,SAN BERNARDINO,UNINCORPORATED,-116.84761810302734,34.26114273071289
91120867,2019,2019-11-15,9860,2019-11-06,0735,016590,NA,3,1,4,3603,0,1,1,NA,2,214,I-215 S/B,I-10,601,N,N,A,-,Y,NA,NA,215,NA,NA,NA,NA,NA,S,Y,2,0,1,3,A,-,07,21658,A,N,B,C,A,A,H,-,A,D,0,NA,NA,NA,NA,Y,NA,A,07,1,0,0,0,0,0,0,0,0,-,-,34.06637954711914,-117.29620361328124,SAN BERNARDINO,COLTON,-117.29635620117188,34.06641387939453
9112221,2020,2020-10-28,3610,2020-05-18,1040,50469,NA,1,5,6,3610,0,0,0,NA,0,DAVID,W 2ND ST,E ST,123,W,N,B,-,N,NA,NA,NA,NA,NA,NA,NA,NA,NA,Y,3,0,4,3,A,-,03,22350,NA,N,C,C,A,A,H,-,A,A,0,NA,NA,NA,NA,Y,NA,A,01,0,1,3,0,0,0,0,0,0,-,-,34.10272979736328,-117.29405975341795,SAN BERNARDINO,SAN BERNARDINO,-117.29460144042967,34.102821350097656
9112231,2020,2020-10-28,3608,2020-05-26,0715,3675,NA,2,5,5,3608,0,0,0,NA,0,NA,ALABAMA ST,ORANGE AV,0,NA,Y,A,-,N,NA,NA,NA,NA,NA,NA,NA,NA,NA,Y,4,0,1,2,A,-,03,22350,NA,N,C,C,A,A,H,-,A,A,0,NA,NA,NA,NA,Y,NA,A,01,0,0,1,0,0,0,0,0,0,-,-,NA,NA,SAN BERNARDINO,REDLANDS,-117.20870971679688,34.0519905090332
9112263,2020,2020-08-26,3605,2020-06-07,0355,434,NA,7,5,4,3605,0,0,0,NA,0,NA,CENTRAL AV,KINGSLEY ST,550,N,N,A,-,N,NA,NA,NA,NA,NA,NA,NA,NA,NA,Y,3,0,1,2,A,-,01,23152,A,N,-,C,A,A,D,-,C,A,0,NA,NA,NA,NA,Y,Y,A,01,0,1,0,0,0,0,0,0,0,-,-,NA,NA,SAN BERNARDINO,MONTCLAIR,-117.68962860107422,34.0682373046875
91125141,2019,2019-11-20,9855,2019-11-08,1750,017323,NA,5,2,6,3607,0,1,1,NA,2,103,I-10 E/B (SAN BERNARDINO FWY),ARCHIBALD AVE.,2500,W,N,A,-,Y,NA,NA,10,NA,NA,NA,NA,NA,E,Y,2,0,1,2,A,-,03,22350,NA,N,C,C,A,A,H,-,D,D,0,NA,NA,Y,NA,Y,NA,C,02,1,0,0,0,0,0,0,0,1,-,-,34.067840576171875,-117.60195159912108,SAN BERNARDINO,ONTARIO,-117.60195159912108,34.06780242919922
91125631,2019,2019-11-21,9855,2019-11-11,1720,016268,NA,1,2,6,3616,0,1,1,NA,2,203,SR-210 E/B (FOOTHILL FWY),CARNELIAN ST.,400,W,N,A,-,Y,NA,NA,210,NA,NA,NA,NA,NA,E,Y,3,0,2,3,A,-,07,21658,A,N,C,C,A,A,H,-,C,D,0,NA,NA,Y,NA,Y,NA,A,07,0,1,1,0,0,0,0,0,1,-,-,34.13478088378906,-117.62109375,SAN BERNARDINO,RANCHO CUCAMONGA,-117.62108612060548,34.134765625
91125875,2019,2019-11-21,9855,2019-11-11,1500,018335,NA,1,2,6,3607,0,1,1,NA,2,101,I-10 W/B (SAN BERNARDINO FWY),I-15 S/B,500,W,N,A,-,Y,NA,NA,10,NA,NA,NA,NA,NA,W,Y,4,0,2,3,A,-,03,22350,NA,N,C,C,A,A,H,-,A,D,0,NA,NA,NA,NA,Y,NA,A,08,0,0,2,0,0,0,0,0,0,-,-,34.06740188598633,-117.54773712158205,SAN BERNARDINO,ONTARIO,-117.54773712158205,34.067501068115234
91127181,2019,2019-11-22,9860,2019-11-11,1345,021371,NA,1,1,4,3603,0,1,1,NA,2,214,I-215 N/B,IOWA AVE,1320,N,N,A,-,Y,NA,NA,215,NA,NA,NA,NA,NA,N,Y,2,0,1,1,A,-,08,22107,NA,N,E,I,A,A,H,-,A,D,0,NA,NA,Y,NA,Y,NA,C,02,1,0,0,0,0,0,0,0,1,-,-,34.02663040161133,-117.33267211914063,SAN BERNARDINO,COLTON,-117.33279418945313,34.0267448425293
91127421,2019,2019-11-22,9860,2019-11-21,1425,020596,NA,4,2,4,3603,0,1,1,NA,2,214,I-215 S/B,IOWA AVE,528,N,N,B,-,Y,NA,NA,215,NA,NA,NA,NA,NA,S,N,4,0,1,2,A,-,03,22350,NA,N,C,C,A,A,H,-,A,D,0,NA,NA,NA,NA,Y,NA,D,22,0,0,1,0,0,0,0,0,0,-,-,34.02585983276367,-117.33394622802734,SAN BERNARDINO,COLTON,-117.33391571044922,34.02582931518555