CASE_ID,ACCIDENT_YEAR,PROC_DATE,JURIS,COLLISION_DATE,COLLISION_TIME,OFFICER_ID,REPORTING_DISTRICT,DAY_OF_WEEK,CHP_SHIFT,POPULATION,CNTY_CITY_LOC,SPECIAL_COND,BEAT_TYPE,CHP_BEAT_TYPE,CITY_DIVISION_LAPD,CHP_BEAT_CLASS,BEAT_NUMBER,PRIMARY_RD,SECONDARY_RD,DISTANCE,DIRECTION,INTERSECTION,WEATHER_1,WEATHER_2,STATE_HWY_IND,CALTRANS_COUNTY,CALTRANS_DISTRICT,STATE_ROUTE,ROUTE_SUFFIX,POSTMILE_PREFIX,POSTMILE,LOCATION_TYPE,RAMP_INTERSECTION,SIDE_OF_HWY,TOW_AWAY,COLLISION_SEVERITY,NUMBER_KILLED,NUMBER_INJURED,PARTY_COUNT,PRIMARY_COLL_FACTOR,PCF_CODE_OF_VIOL,PCF_VIOL_CATEGORY,PCF_VIOLATION,PCF_VIOL_SUBSECTION,HIT_AND_RUN,TYPE_OF_COLLISION,MVIW,PED_ACTION,ROAD_SURFACE,ROAD_COND_1,ROAD_COND_2,LIGHTING,CONTROL_DEVICE,CHP_ROAD_TYPE,PEDESTRIAN_ACCIDENT,BICYCLE_ACCIDENT,MOTORCYCLE_ACCIDENT,TRUCK_ACCIDENT,NOT_PRIVATE_PROPERTY,ALCOHOL_INVOLVED,STWD_VEHTYPE_AT_FAULT,CHP_VEHTYPE_AT_FAULT,COUNT_SEVERE_INJ,COUNT_VISIBLE_INJ,COUNT_COMPLAINT_PAIN,COUNT_PED_KILLED,COUNT_PED_INJURED,COUNT_BICYCLIST_KILLED,COUNT_BICYCLIST_INJURED,COUNT_MC_KILLED,COUNT_MC_INJURED,PRIMARY_RAMP,SECONDARY_RAMP,LATITUDE,LONGITUDE,COUNTY,CITY,POINT_X,POINT_Y
91545998,2021,2021-08-16,9850,2021-08-09,1250,019278,NA,1,1,5,3612,0,1,1,NA,2,083,D STREET TO I-15 SB,D STREET,806,S,N,A,-,Y,NA,NA,NA,NA,NA,NA,NA,NA,NA,N,4,0,1,2,A,-,03,22350,NA,N,D,C,A,A,H,-,A,D,0,NA,NA,NA,Y,Y,NA,A,01,0,0,1,0,0,0,0,0,0,-,-,34.54499816894531,-117.30358123779295,SAN BERNARDINO,VICTORVILLE,NA,NA
91546688,2021,2021-08-17,9865,2021-08-14,1650,020725,NA,6,2,9,3600,0,1,3,NA,2,032,SR-18,WEST AEROPLANE BOULEVARD,30,S,N,A,-,Y,NA,NA,18,NA,NA,NA,NA,NA,NA,N,3,0,2,2,A,-,03,22350,NA,N,C,C,A,A,H,-,A,D,0,NA,NA,NA,NA,Y,NA,D,22,0,2,0,0,0,0,0,0,0,-,-,34.25944900512695,-116.85643005371094,SAN BERNARDINO,UNINCORPORATED,-116.8564453125,34.25947952270508
91549426,2021,2021-08-19,9860,2021-07-31,0035,021638,NA,6,3,6,3610,0,1,1,NA,2,202,SR-210 E/B,DEL ROSA AVENUE,2100,W,N,A,-,Y,NA,NA,210,NA,NA,NA,NA,NA,E,Y,3,0,2,3,A,-,01,23152,A,F,C,C,A,A,D,E,C,D,0,NA,NA,NA,NA,Y,Y,A,01,0,2,0,0,0,0,0,0,0,-,-,34.14358901977539,-117.25917053222656,SAN BERNARDINO,SAN BERNARDINO,-117.25917053222656,34.1435661315918
91550463,2021,2021-08-20,9860,2021-08-19,2035,019599,NA,4,2,9,3600,0,3,5,NA,2,002,KENDALL DR.,YUCCA AVE.,528,N,N,A,-,N,NA,NA,NA,NA,NA,NA,NA,NA,NA,Y,4,0,3,2,A,-,09,21804,A,N,D,C,A,A,H,-,D,D,0,NA,NA,NA,NA,Y,NA,A,01,0,0,3,0,0,0,0,0,0,-,-,34.20396041870117,-117.3810806274414,SAN BERNARDINO,UNINCORPORATED,-117.3809051513672,34.20378875732422
91550570,2021,2021-08-20,9865,2021-08-13,1734,014696,NA,5,2,9,3600,0,3,5,NA,2,002,OLD CITY CREEK ROAD,SR-330,133,N,N,A,-,N,NA,NA,NA,NA,NA,NA,NA,NA,NA,Y,3,0,1,1,A,-,03,22350,NA,N,E,I,A,A,H,-,A,D,0,NA,NA,NA,NA,Y,NA,A,01,0,1,0,0,0,0,0,0,0,-,-,34.20568084716797,-117.12799072265624,SAN BERNARDINO,UNINCORPORATED,-117.12808990478516,34.205909729003906
91551964,2021,2021-08-23,9855,2021-05-16,1210,017323,NA,7,1,6,3607,0,1,1,NA,2,103,I-10 E/B (SAN BERNARDINO FWY),HAVEN AVE.,1056,W,N,B,-,Y,NA,NA,10,NA,NA,NA,NA,NA,E,N,4,0,1,2,A,-,03,22350,NA,F,C,C,A,A,D,-,A,D,0,NA,NA,NA,NA,Y,NA,-,99,0,0,1,0,0,0,0,0,0,-,-,34.06753158569336,-117.57955932617188,SAN BERNARDINO,ONTARIO,-117.57955932617188,34.06747817993164
9155247,2020,2020-11-10,3604,2020-09-08,1122,497,NA,2,5,6,3604,0,0,0,NA,0,NA,SIERRA AV,MARTIN AV,492,S,N,B,-,N,NA,NA,NA,NA,NA,NA,NA,NA,NA,N,4,0,1,2,A,-,03,22350,NA,N,D,B,F,A,H,-,A,D,0,Y,NA,NA,NA,Y,NA,N,60,0,0,1,0,1,0,0,0,0,-,-,34.51665115356445,-117.26821899414063,SAN BERNARDINO,FONTANA,-117.43572998046876,34.08807373046875
91553764,2021,2021-08-25,9855,2021-08-13,0850,018313,NA,5,1,5,3630,0,1,3,NA,2,071,SR-71 S/B (CHINO FWY),CHINO HILLS PARKWAY,2500,N,N,A,-,Y,NA,NA,71,NA,NA,NA,NA,NA,S,N,4,0,1,2,A,-,03,22350,NA,F,C,C,A,A,H,-,A,D,0,NA,NA,NA,NA,Y,NA,-,99,0,0,1,0,0,0,0,0,0,-,-,33.98609924316406,-117.71250915527344,SAN BERNARDINO,CHINO HILLS,-117.71243286132813,33.986175537109375
91553951,2021,2021-08-25,9855,2021-08-13,1635,017597,NA,5,2,6,3616,0,1,1,NA,2,203,SR-210 EASTBOUND,CARNELIAN ST.,1300,W,N,A,-,Y,NA,NA,210,NA,NA,NA,NA,NA,E,N,3,0,1,2,A,-,03,22350,NA,N,C,C,A,A,H,-,A,D,0,NA,NA,NA,NA,Y,NA,A,07,0,1,0,0,0,0,0,0,0,-,-,34.13473129272461,-117.62062072753906,SAN BERNARDINO,RANCHO CUCAMONGA,-117.62062072753906,34.134769439697266
91554232,2021,2021-08-25,9860,2021-08-23,1030,019419,NA,1,1,9,3600,0,3,5,NA,2,004,EVERGREEN LN,HAWTHORNE AVE,0,NA,Y,A,-,N,NA,NA,NA,NA,NA,NA,NA,NA,NA,N,3,0,1,2,A,-,12,22450,A,N,D,D,A,A,H,-,A,D,0,NA,NA,NA,NA,Y,NA,D,22,0,1,0,0,0,0,0,0,0,-,-,34.08129119873047,-117.41651153564452,SAN BERNARDINO,UNINCORPORATED,-117.4165267944336,34.08126449584961
91554599,2021,2021-08-26,9860,2021-08-16,2045,021138,NA,1,2,9,3600,0,1,1,NA,2,152,I-15 N/B,SR-138,400,N,N,A,-,Y,NA,NA,15,NA,NA,NA,NA,NA,N,Y,3,0,1,2,D,-,00,NA,NA,N,B,C,A,A,H,-,D,D,0,NA,NA,Y,NA,Y,NA,-,-,0,1,0,0,0,0,0,0,1,-,-,34.31269073486328,-117.47579193115234,SAN BERNARDINO,UNINCORPORATED,-117.47575378417967,34.3127326965332
91557112,2021,2021-08-27,9855,2021-08-17,1018,018989,NA,2,1,6,3607,0,1,3,NA,2,601,SR-60 W/B TO EUCLID AVE.,EUCLID AVE.,1200,E,N,A,-,Y,NA,NA,60,NA,NA,NA,R,NA,W,Y,4,0,1,3,A,-,03,22350,NA,N,B,C,A,A,D,-,A,D,0,NA,NA,NA,Y,Y,NA,A,07,0,0,1,0,0,0,0,0,0,-,-,34.0307502746582,-117.64710998535156,SAN BERNARDINO,ONTARIO,-117.64710998535156,34.0307502746582
91560341,2021,2021-09-01,9855,2021-08-20,1840,019675,NA,5,2,6,3607,0,1,1,NA,2,103,I-10 W/B,ARCHIBALD AVENUE,150,E,N,A,-,Y,NA,NA,10,NA,NA,NA,NA,NA,W,Y,4,0,1,4,A,-,03,22350,NA,N,C,C,A,A,D,-,A,D,0,NA,NA,NA,NA,Y,NA,A,01,0,0,1,0,0,0,0,0,0,-,-,34.0676383972168,-117.592529296875,SAN BERNARDINO,ONTARIO,-117.592529296875,34.06772994995117
91561722,2021,2021-09-02,9860,2021-08-27,1250,016658,NA,5,1,6,3610,0,1,1,NA,2,104,I-10 W/B,TIPPECANOE AVE. U/C,472,W,N,A,-,Y,NA,NA,10,NA,NA,NA,NA,NA,W,Y,4,0,1,5,A,-,03,22350,NA,N,C,C,A,A,H,-,A,D,0,NA,NA,NA,NA,Y,Y,E,22,0,0,1,0,0,0,0,0,0,-,-,34.06441116333008,-117.26286315917967,SAN BERNARDINO,SAN BERNARDINO,-117.26284790039063,34.064327239990234
9156482,2020,2020-10-19,3608,2020-08-27,1245,4027,NA,4,5,5,3608,0,0,0,NA,0,NA,CITRUS AV,JUDSON ST,0,NA,Y,A,-,N,NA,NA,NA,NA,NA,NA,NA,NA,NA,Y,4,0,1,2,A,-,12,21453,A,N,D,C,A,A,H,-,A,A,0,NA,NA,NA,NA,Y,NA,A,01,0,0,1,0,0,0,0,0,0,-,-,NA,NA,SAN BERNARDINO,REDLANDS,-117.15640258789063,34.055599212646484
91564937,2021,2021-09-08,9855,2021-08-27,0055,019732,NA,5,3,6,3607,0,1,1,NA,2,101,I-10 W/B,ETIWANDA AVE.,525,E,N,B,-,Y,NA,NA,10,NA,NA,NA,NA,NA,W,Y,3,0,1,1,A,-,08,22107,NA,N,E,I,A,A,H,-,C,D,0,NA,NA,NA,NA,Y,NA,A,01,0,1,0,0,0,0,0,0,0,-,-,34.067649841308594,-117.52217864990234,SAN BERNARDINO,ONTARIO,-117.52218627929688,34.06776428222656
9156504,2020,2020-11-24,3600,2020-09-13,1505,D3381,VC072,7,5,5,3612,0,0,0,NA,0,VC6,HOOK BL,BRUCITE RD,0,NA,Y,A,-,N,NA,NA,NA,NA,NA,NA,NA,NA,NA,Y,4,0,1,2,A,-,09,21802,A,N,D,C,A,A,H,-,A,A,0,NA,NA,NA,NA,Y,NA,A,01,0,0,1,0,0,0,0,0,0,-,-,NA,NA,SAN BERNARDINO,VICTORVILLE,-117.3686981201172,34.52125930786133
91566830,2021,2021-09-09,9855,2021-08-27,2217,021941,NA,5,3,6,3607,0,1,3,NA,2,601,SR-60 W/B (POMONA FWY),EUCLID AVE.,600,E,N,A,-,Y,NA,NA,60,NA,NA,NA,NA,NA,W,Y,3,0,1,2,A,-,08,22107,NA,N,C,C,A,A,D,-,C,A,0,NA,NA,NA,NA,Y,NA,A,01,0,1,0,0,0,0,0,0,0,-,-,34.03055953979492,-117.64855194091795,SAN BERNARDINO,ONTARIO,-117.64855194091795,34.030517578125
91567367,2021,2021-09-10,9855,2021-08-29,1320,018335,NA,7,1,5,3611,0,1,1,NA,2,103,I-10 E/B (SAN BERNARDINO FWY),MOUNTAIN AVENUE,800,W,N,A,-,Y,NA,NA,10,NA,NA,NA,NA,NA,E,Y,4,0,1,3,A,-,03,22350,NA,N,C,C,A,A,D,-,A,D,0,NA,NA,NA,NA,Y,NA,D,22,0,0,1,0,0,0,0,0,0,-,-,34.08713150024414,-117.67514801025392,SAN BERNARDINO,UPLAND,-117.67514801025392,34.087162017822266
91567610,2021,2021-09-10,9855,2021-08-30,1250,015626,NA,1,1,6,3607,0,1,3,NA,2,601,SR-60 W/B (POMONA FWY),GROVE AVENUE,463,W,N,A,-,Y,NA,NA,60,NA,NA,NA,NA,NA,W,Y,3,0,1,3,A,-,03,22350,NA,N,C,C,A,A,D,-,A,D,0,NA,NA,Y,NA,Y,NA,C,02,0,1,0,0,0,0,0,0,1,-,-,34.03057861328125,-117.6301498413086,SAN BERNARDINO,ONTARIO,-117.6301498413086,34.03059005737305
91570603,2021,2021-09-15,9850,2021-09-06,2259,020648,NA,1,3,5,3619,0,1,1,NA,2,081,I-15 N/B,US-395,900,N,N,A,-,Y,NA,NA,15,NA,NA,NA,NA,NA,N,Y,3,0,1,1,A,-,08,22107,NA,N,E,I,A,A,H,-,E,D,0,NA,NA,NA,NA,Y,NA,A,01,0,1,0,0,0,0,0,0,0,-,-,34.402130126953125,-117.39959716796876,SAN BERNARDINO,HESPERIA,-117.39949798583984,34.40205383300781
91570606,2021,2021-09-15,9850,2021-09-07,1630,022386,NA,2,2,9,3600,0,3,5,NA,2,004,RABBIT SPRINGS RD,TURTLE ROCK ROAD,5280,E,N,A,-,N,NA,NA,NA,NA,NA,NA,NA,NA,NA,Y,2,0,1,2,A,-,05,21460,C,F,E,I,A,A,H,-,A,D,0,NA,NA,NA,NA,Y,NA,-,99,1,0,0,0,0,0,0,0,0,-,-,34.451019287109375,-116.99423980712892,SAN BERNARDINO,UNINCORPORATED,-116.97945404052734,34.454193115234375
91570756,2021,2021-09-15,9870,2021-09-12,0740,019208,NA,7,1,9,3600,0,2,4,NA,2,042,AMBOY ROAD,HENRY ROAD,12,W,N,A,-,N,NA,NA,NA,NA,NA,NA,NA,NA,NA,Y,3,0,1,2,A,-,03,22350,NA,F,E,I,A,A,H,-,A,D,0,NA,NA,NA,NA,Y,NA,A,01,0,1,0,0,0,0,0,0,0,-,-,34.16550064086914,-115.80835723876952,SAN BERNARDINO,UNINCORPORATED,-115.80831909179688,34.165470123291016
91570892,2021,2021-09-15,9860,2021-09-01,1935,019674,NA,3,2,9,3600,0,1,3,NA,1,380,SR-38 (MENTONE BLVD.),BERYL AVE.,135,W,N,A,-,N,NA,NA,38,NA,NA,NA,NA,NA,NA,Y,2,0,1,2,A,-,08,22107,NA,N,C,G,A,A,H,-,D,D,0,NA,Y,NA,NA,Y,NA,L,04,1,0,0,0,0,0,1,0,0,-,-,34.07004928588867,-117.13030242919922,SAN BERNARDINO,UNINCORPORATED,-117.13030242919922,34.070011138916016
91571365,2021,2021-09-15,9860,2021-09-03,1909,019467,NA,5,2,9,3600,0,3,5,NA,2,002,5TH ST.,WHITLOCK AVE.,20,W,N,A,-,N,NA,NA,NA,NA,NA,NA,NA,NA,NA,Y,2,0,7,4,A,-,03,22350,NA,N,C,C,A,A,H,-,A,A,0,NA,NA,NA,Y,Y,NA,F,55,1,0,6,0,0,0,0,0,0,-,-,34.108299255371094,-117.26399993896484,SAN BERNARDINO,UNINCORPORATED,-117.26394653320313,34.108341217041016
91573456,2021,2021-09-17,9850,2021-09-08,2140,021205,NA,3,2,9,3600,0,2,4,NA,2,057,SHEEP CREEK ROAD,SUNSET ROAD,49,S,N,A,-,N,NA,NA,NA,NA,NA,NA,NA,NA,NA,Y,1,1,0,2,A,-,08,22107,NA,N,C,G,A,A,H,-,D,D,0,NA,Y,NA,NA,Y,NA,L,04,0,0,0,0,0,1,0,0,0,-,-,34.458900451660156,-117.57270050048828,SAN BERNARDINO,UNINCORPORATED,-117.5727310180664,34.458927154541016
91574106,2021,2021-11-30,9850,2021-09-09,0500,022073,NA,4,3,9,3600,0,1,3,NA,2,052,SR-18,VINTON ROAD,115,W,N,D,-,Y,NA,NA,18,NA,NA,NA,NA,NA,NA,Y,1,1,0,1,A,-,08,22107,NA,N,E,I,A,A,H,-,D,D,0,NA,NA,NA,NA,Y,NA,A,01,0,0,0,0,0,0,0,0,0,-,-,34.50688171386719,-117.47789764404295,SAN BERNARDINO,UNINCORPORATED,-117.47789764404295,34.50685501098633
91574573,2021,2021-09-20,9855,2021-08-22,1320,018335,NA,7,1,6,3616,0,1,1,NA,2,152,I-15 N/B (ONTARIO FWY),SIXTH STREET,1230,N,N,A,-,Y,NA,NA,15,NA,NA,NA,NA,NA,N,Y,4,0,2,2,A,-,03,22350,NA,N,C,C,A,A,H,-,A,D,0,NA,NA,NA,NA,Y,NA,A,07,0,0,2,0,0,0,0,0,0,-,-,34.0921516418457,-117.54371643066406,SAN BERNARDINO,RANCHO CUCAMONGA,-117.54373931884766,34.09215545654297
91574784,2021,2021-09-20,9850,2021-09-11,2055,022386,NA,6,2,9,3600,0,1,3,NA,2,060,SR-138,ACORN RD,300,E,N,A,-,Y,NA,NA,138,NA,NA,NA,NA,NA,NA,Y,4,0,3,3,A,-,03,22350,NA,N,C,C,A,A,H,-,D,D,0,NA,NA,NA,NA,Y,NA,A,01,0,0,3,0,0,0,0,0,0,-,-,34.4321403503418,-117.6298370361328,SAN BERNARDINO,UNINCORPORATED,-117.62984466552734,34.432132720947266
91574990,2021,2021-09-21,9860,2021-09-09,1925,022103,NA,4,2,6,3610,0,1,1,NA,2,214,I-215 S/B,ORANGE SHOW RD,528,S,N,A,-,Y,NA,NA,215,NA,NA,NA,NA,NA,S,N,4,0,2,2,A,-,03,22350,NA,F,C,C,A,A,D,-,B,D,0,NA,NA,NA,NA,Y,NA,A,01,0,0,2,0,0,0,0,0,0,-,-,34.07624053955078,-117.29591369628906,SAN BERNARDINO,SAN BERNARDINO,-117.29589080810548,34.07624435424805
91575746,2021,2021-09-21,9850,2021-09-12,2315,022386,NA,7,3,9,3600,0,1,3,NA,2,060,SR-138,GARMERCY RD,1264,W,N,A,-,Y,NA,NA,138,NA,NA,NA,NA,NA,NA,Y,2,0,1,2,A,-,08,22107,NA,N,C,C,A,A,H,-,D,D,0,NA,NA,NA,Y,Y,Y,D,22,1,0,0,0,0,0,0,0,0,-,-,34.37874984741211,-117.56067657470705,SAN BERNARDINO,UNINCORPORATED,-117.56071472167967,34.3786735534668
91576423,2021,2021-09-22,9860,2021-09-14,1300,019429,NA,2,1,4,3603,0,1,1,NA,2,214,I-215 S/B,IOWA AVE,1056,S,N,A,-,Y,NA,NA,215,NA,NA,NA,NA,NA,S,N,4,0,1,2,A,-,03,22350,NA,N,C,C,A,A,H,-,A,D,0,NA,NA,NA,NA,Y,NA,D,22,0,0,1,0,0,0,0,0,0,-,-,34.02143096923828,-117.33792114257813,SAN BERNARDINO,COLTON,-117.33792877197266,34.02144241333008
91579776,2021,2021-10-18,9860,2021-09-17,1732,022248,NA,5,2,9,3600,0,3,5,NA,2,002,MESA STREET,MACY STREET,0,NA,Y,A,-,N,NA,NA,NA,NA,NA,NA,NA,NA,NA,N,2,0,2,2,A,-,12,22450,A,N,D,C,A,A,H,-,A,A,0,NA,NA,NA,NA,Y,NA,A,01,1,0,1,0,0,0,0,0,0,-,-,34.13970947265625,-117.3398666381836,SAN BERNARDINO,UNINCORPORATED,-117.33985137939452,34.13968276977539
9158084,2020,2020-10-27,3602,2020-08-17,2104,3639,NA,1,5,5,3602,0,0,0,NA,0,003,BETHANY AV,WABASH ST,0,NA,Y,A,-,N,NA,NA,NA,NA,NA,NA,NA,NA,NA,N,2,0,1,2,A,-,08,22100,B,N,G,B,E,A,H,-,C,D,0,Y,NA,Y,NA,Y,NA,C,02,1,0,0,0,1,0,0,0,0,-,-,34.02799987792969,-117.68699645996094,SAN BERNARDINO,CHINO,-117.65946197509766,33.993228912353516
91581566,2021,2021-09-28,9850,2021-09-19,1830,022386,NA,7,2,9,3600,0,2,4,NA,2,066,PHELAN RD,JOHNSON ROAD,1056,W,N,A,-,N,NA,NA,NA,NA,NA,NA,NA,NA,NA,N,4,0,1,2,A,-,03,22350,NA,N,C,C,A,A,H,-,B,D,0,NA,NA,NA,NA,Y,NA,A,07,0,0,1,0,0,0,0,0,0,-,-,34.42641830444336,-117.55860137939452,SAN BERNARDINO,UNINCORPORATED,-117.5584716796875,34.4263916015625
9158161,2020,2020-10-29,3600,2020-06-22,0110,H8234,NA,1,5,5,3612,0,0,0,NA,0,NA,MARIPOSA RD,BEAR VALLEY RD,0,NA,N,A,-,N,NA,NA,NA,NA,NA,NA,NA,NA,NA,N,4,0,1,1,A,-,03,22350,NA,N,F,A,A,A,H,-,C,D,0,NA,NA,Y,NA,Y,NA,C,02,0,0,1,0,0,0,0,0,1,-,-,NA,NA,SAN BERNARDINO,VICTORVILLE,-117.34287261962892,34.47045135498047
91582588,2021,2021-09-29,9855,2021-09-17,0404,021233,NA,5,3,6,3616,0,1,1,NA,2,152,I-15 S/B (ONTARIO FWY),FOOTHILL BLVD,1000,N,N,A,-,Y,NA,NA,15,NA,NA,NA,NA,NA,S,Y,3,0,1,2,A,-,07,21658,A,N,B,C,A,A,H,-,D,D,0,NA,NA,Y,NA,Y,NA,A,01,0,1,0,0,0,0,0,0,1,-,-,34.108158111572266,-117.53012847900392,SAN BERNARDINO,RANCHO CUCAMONGA,-117.53016662597656,34.10820388793945
91582829,2021,2021-09-29,9835,2021-09-20,1400,020109,NA,1,2,9,3600,0,1,1,NA,2,047,I-40 W/B,KELBAKER ROAD,11986,W,N,A,-,Y,NA,NA,40,NA,NA,NA,NA,NA,W,Y,4,0,1,1,A,-,08,22107,NA,N,F,A,A,A,H,-,A,D,0,NA,NA,NA,Y,Y,NA,F,26,0,0,1,0,0,0,0,0,0,-,-,34.71820831298828,-115.72206878662108,SAN BERNARDINO,UNINCORPORATED,-115.72206878662108,34.718162536621094
9158329,2020,2020-12-05,3600,2020-09-05,0349,G5398,HE420,6,5,5,3619,0,0,0,NA,0,HE4,RANCHERO RD,SANTA FE AV,0,NA,Y,A,-,N,NA,NA,NA,NA,NA,NA,NA,NA,NA,Y,3,0,2,2,A,-,12,21453,A,N,D,C,A,A,H,-,D,A,0,NA,NA,NA,NA,Y,NA,-,NA,0,1,1,0,0,0,0,0,0,-,-,NA,NA,SAN BERNARDINO,HESPERIA,-117.31175994873048,34.383270263671875
9158330,2020,2020-12-05,3600,2020-09-04,1130,G8526,HE203,5,5,5,3619,0,0,0,NA,0,HE2,PEACH AV,TALISMAN ST,0,NA,Y,A,-,N,NA,NA,NA,NA,NA,NA,NA,NA,NA,Y,4,0,1,2,A,-,03,22350,NA,N,C,C,A,A,H,-,A,D,0,NA,NA,NA,NA,Y,NA,A,01,0,0,1,0,0,0,0,0,0,-,-,NA,NA,SAN BERNARDINO,HESPERIA,-117.26780700683594,34.449588775634766
91583640,2021,2021-09-30,9850,2021-09-23,0720,017377,NA,4,1,9,3600,0,1,3,NA,2,062,STATE ROUTE 2,HORSE CANYON ROAD,300,E,N,A,-,Y,NA,NA,2,NA,NA,NA,NA,NA,NA,Y,4,0,2,2,A,-,05,21460,A,N,B,C,A,A,H,-,A,D,0,NA,NA,NA,NA,Y,NA,A,07,0,0,2,0,0,0,0,0,0,-,-,34.37990188598633,-117.59767150878906,SAN BERNARDINO,UNINCORPORATED,-117.59768676757813,34.37992858886719
9158773,2020,2020-10-19,3600,2020-08-25,1027,D4301,HE304,2,5,5,3619,0,0,0,NA,0,HE3,MAIN ST,ESCONDIDO AV,93,E,N,A,-,N,NA,NA,NA,NA,NA,NA,NA,NA,NA,Y,4,0,3,4,A,-,03,22350,NA,N,C,C,A,A,H,-,A,A,0,NA,NA,NA,NA,Y,NA,A,07,0,0,3,0,0,0,0,0,0,-,-,NA,NA,SAN BERNARDINO,HESPERIA,-117.3726806640625,34.42665100097656
9158837,2020,2020-10-15,3609,2020-08-15,2144,0456,RI078,6,5,5,3609,0,0,0,NA,0,002,RIVERSIDE AV,EASTON AV,365,N,N,A,-,N,NA,NA,NA,NA,NA,NA,NA,NA,NA,N,3,0,1,2,A,-,03,22350,NA,F,D,C,A,A,H,-,C,A,0,NA,NA,NA,NA,Y,NA,A,01,0,1,0,0,0,0,0,0,0,-,-,34.10020065307617,-117.36920166015624,SAN BERNARDINO,RIALTO,-117.37045288085938,34.13502883911133
9158937,2020,2020-11-30,3600,2020-09-21,1219,D7727,YC303,1,5,4,3640,0,0,0,NA,0,0TC,YUCAIPA BL,CALIFORNIA ST,130,W,N,A,-,N,NA,NA,NA,NA,NA,NA,NA,NA,NA,N,4,0,1,2,A,-,04,21703,A,N,C,C,A,A,H,-,A,A,0,NA,NA,NA,NA,Y,NA,D,22,0,0,1,0,0,0,0,0,0,-,-,34.220401763916016,-117.22530364990234,SAN BERNARDINO,YUCAIPA,-117.039228,34.033879
91591646,2021,2021-10-08,9860,2021-09-29,1328,020774,NA,3,1,6,3610,0,1,1,NA,2,216,I-215 S/B,LITTLE LEAGUE DR.,1109,S,N,A,-,Y,NA,NA,215,NA,NA,NA,NA,NA,S,Y,3,0,1,3,A,-,07,21658,A,N,B,2,A,A,H,-,A,D,0,NA,NA,NA,Y,Y,NA,A,01,0,1,0,0,0,0,0,0,0,-,-,34.19683074951172,-117.36933135986328,SAN BERNARDINO,SAN BERNARDINO,-117.36930084228516,34.19686508178711
91592339,2021,2021-10-11,9860,2021-10-02,0910,019495,NA,6,1,5,3608,0,1,1,NA,2,104,I-10 W/B,ALABAMA ST,2112,W,N,A,-,Y,NA,NA,10,NA,NA,NA,NA,NA,W,Y,3,0,1,2,A,-,03,22350,NA,N,C,2,A,A,H,-,A,D,0,NA,NA,Y,NA,Y,NA,C,02,0,1,0,0,0,0,0,0,1,-,-,34.06681823730469,-117.2160415649414,SAN BERNARDINO,REDLANDS,-117.2160415649414,34.06675338745117
9159313,2020,2020-12-04,3600,2020-09-05,0713,F6913,RC014,6,5,6,3616,0,0,0,NA,0,003,BASE LINE RD,VIRGINIA PL,17,W,N,A,-,N,NA,NA,NA,NA,NA,NA,NA,NA,NA,Y,4,0,1,1,A,-,03,22350,NA,N,E,I,A,A,H,-,A,D,0,NA,NA,NA,NA,Y,NA,A,01,0,0,1,0,0,0,0,0,0,-,-,NA,NA,SAN BERNARDINO,RANCHO CUCAMONGA,-117.54345703125,34.121551513671875
91596235,2021,2021-10-14,9835,2021-09-27,0500,022612,NA,1,3,9,3600,0,1,1,NA,2,073,I-15 NB,HARVARD RD,4752,N,N,A,-,Y,NA,NA,NA,NA,NA,NA,NA,NA,NA,N,3,0,1,3,A,-,03,22350,NA,N,G,C,E,A,H,-,D,D,0,Y,NA,NA,NA,Y,NA,A,01,0,1,0,0,1,0,0,0,0,-,-,34.58116912841797,-116.37477111816406,SAN BERNARDINO,UNINCORPORATED,-116.6423568725586,34.964561462402344
91596939,2021,2021-10-15,9855,2021-10-03,0043,021978,NA,7,3,6,3604,0,1,1,NA,2,101,I-10 W/B (SAN BERNARDINO FWY),SIERRA AVENUE,60,W,N,A,-,Y,NA,NA,10,NA,NA,NA,NA,NA,W,Y,4,0,2,2,A,-,03,22350,NA,N,B,C,A,A,H,-,D,D,0,NA,NA,NA,NA,Y,NA,A,01,0,0,2,0,0,0,0,0,0,-,-,34.067378997802734,-117.43614196777344,SAN BERNARDINO,FONTANA,-117.43614196777344,34.06743240356445
91596972,2021,2021-10-15,9855,2021-10-01,2117,019183,NA,5,2,6,3607,0,1,1,NA,2,101,I-10 W/B (SAN BERNARDINO FWY),I-15,55,E,N,A,-,Y,NA,NA,10,NA,NA,NA,NA,NA,W,Y,2,0,2,2,A,-,07,21658,A,N,B,C,A,A,D,-,D,D,0,NA,NA,NA,Y,Y,NA,G,25,1,0,1,0,0,0,0,0,0,-,-,34.06747817993164,-117.54425811767578,SAN BERNARDINO,ONTARIO,-117.54425811767578,34.067501068115234