CASE_ID,ACCIDENT_YEAR,PROC_DATE,JURIS,COLLISION_DATE,COLLISION_TIME,OFFICER_ID,REPORTING_DISTRICT,DAY_OF_WEEK,CHP_SHIFT,POPULATION,CNTY_CITY_LOC,SPECIAL_COND,BEAT_TYPE,CHP_BEAT_TYPE,CITY_DIVISION_LAPD,CHP_BEAT_CLASS,BEAT_NUMBER,PRIMARY_RD,SECONDARY_RD,DISTANCE,DIRECTION,INTERSECTION,WEATHER_1,WEATHER_2,STATE_HWY_IND,CALTRANS_COUNTY,CALTRANS_DISTRICT,STATE_ROUTE,ROUTE_SUFFIX,POSTMILE_PREFIX,POSTMILE,LOCATION_TYPE,RAMP_INTERSECTION,SIDE_OF_HWY,TOW_AWAY,COLLISION_SEVERITY,NUMBER_KILLED,NUMBER_INJURED,PARTY_COUNT,PRIMARY_COLL_FACTOR,PCF_CODE_OF_VIOL,PCF_VIOL_CATEGORY,PCF_VIOLATION,PCF_VIOL_SUBSECTION,HIT_AND_RUN,TYPE_OF_COLLISION,MVIW,PED_ACTION,ROAD_SURFACE,ROAD_COND_1,ROAD_COND_2,LIGHTING,CONTROL_DEVICE,CHP_ROAD_TYPE,PEDESTRIAN_ACCIDENT,BICYCLE_ACCIDENT,MOTORCYCLE_ACCIDENT,TRUCK_ACCIDENT,NOT_PRIVATE_PROPERTY,ALCOHOL_INVOLVED,STWD_VEHTYPE_AT_FAULT,CHP_VEHTYPE_AT_FAULT,COUNT_SEVERE_INJ,COUNT_VISIBLE_INJ,COUNT_COMPLAINT_PAIN,COUNT_PED_KILLED,COUNT_PED_INJURED,COUNT_BICYCLIST_KILLED,COUNT_BICYCLIST_INJURED,COUNT_MC_KILLED,COUNT_MC_INJURED,PRIMARY_RAMP,SECONDARY_RAMP,LATITUDE,LONGITUDE,COUNTY,CITY,POINT_X,POINT_Y
92305492,2024,2024-02-05,9855,2024-01-28,1558,023010,NA,7,2,9,3600,0,3,5,NA,2,004,RIVERSIDE DR.,TOWNE AVE.,0,NA,Y,A,-,N,NA,NA,NA,NA,NA,NA,NA,NA,NA,Y,3,0,2,2,A,-,09,21453,C,N,D,C,A,A,H,-,A,A,0,NA,NA,NA,NA,Y,NA,A,01,0,1,1,0,0,0,0,0,0,-,-,34.01911926269531,-117.73999786376952,SAN BERNARDINO,UNINCORPORATED,-117.74010467529295,34.01902770996094
92306107,2024,2024-02-06,9860,2024-02-01,918,019009,NA,4,1,6,3610,0,1,1,NA,2,151,I-15 N/B,GLEN HELEN PKY,1126,S,N,B,C,Y,SBD,NA,15,NA,NA,14.13,H,NA,R,Y,4,0,1,1,A,-,03,22350,NA,N,E,I,A,B,H,-,A,D,0,NA,NA,NA,NA,Y,NA,A,01,0,0,1,0,0,0,0,0,0,-,-,34.19417953491211,-117.42050170898438,SAN BERNARDINO,SAN BERNARDINO,-117.42042541503906,34.19412612915039
92306822,2024,2024-02-06,9860,2024-01-18,1415,019495,NA,4,2,3,3690,0,1,1,NA,2,214,I-215 S/B,BARTON RD,264,N,N,A,-,Y,SBD,NA,215,NA,NA,1.377,H,NA,L,N,3,0,1,4,A,-,03,22350,NA,N,C,C,A,A,H,-,A,D,0,NA,NA,NA,NA,Y,NA,A,01,0,1,0,0,0,0,0,0,0,-,-,34.03456115722656,-117.32428741455078,SAN BERNARDINO,GRAND TERRACE,-117.32431793212892,34.03458023071289
92307138,2024,2024-02-06,9855,2024-02-03,1545,021006,NA,6,2,4,3605,0,1,1,NA,2,103,I-10 W/B (SAN BERNARDINO FWY),MONTE VISTA AVE.,1750,E,N,B,-,Y,SBD,NA,10,NA,NA,0.901,H,NA,L,Y,4,0,3,3,A,-,03,22350,NA,N,C,C,A,A,D,-,A,D,0,NA,NA,NA,NA,Y,NA,A,07,0,0,3,0,0,0,0,0,0,-,-,34.083290100097656,-117.69483947753906,SAN BERNARDINO,MONTCLAIR,-117.69486236572266,34.08332824707031
92307213,2024,2024-02-06,9865,2024-02-04,2020,021722,NA,7,2,9,3600,0,3,5,NA,2,001,LAKE GREGORY DRIVE,BERNARD DRIVE,100,N,N,C,-,N,NA,NA,NA,NA,NA,NA,NA,NA,NA,Y,4,0,1,1,A,-,03,22350,NA,N,E,I,A,B,H,-,D,D,0,NA,NA,NA,NA,Y,NA,A,01,0,0,1,0,0,0,0,0,0,-,-,34.23487854003906,-117.26690673828124,SAN BERNARDINO,UNINCORPORATED,-117.26085662841795,34.23064422607422
92307736,2024,2024-02-07,9860,2024-02-06,935,016590,NA,2,1,6,3610,0,1,1,NA,2,202,SR-210 W/B,GOLDEN AVE.,200,E,N,B,C,Y,SBD,NA,210,NA,R,25.268,H,NA,L,Y,4,0,2,1,A,-,03,22350,NA,N,E,I,A,B,H,-,A,D,0,NA,NA,NA,NA,Y,NA,A,01,0,0,2,0,0,0,0,0,0,-,-,34.14393997192383,-117.26038360595705,SAN BERNARDINO,SAN BERNARDINO,-117.2603759765625,34.14398193359375
92308738,2024,2024-02-08,9855,2024-01-30,155,017351,NA,2,3,6,3607,0,1,1,NA,2,152,I-15 S/B (ONTARIO FWY),JURUPA STREET,167,S,N,A,-,Y,SBD,NA,15,NA,NA,0.97,H,NA,L,Y,2,0,2,1,A,-,08,22107,NA,N,E,I,A,A,H,-,D,D,0,NA,NA,NA,NA,Y,NA,A,01,2,0,0,0,0,0,0,0,0,-,-,34.04750061035156,-117.55046844482422,SAN BERNARDINO,ONTARIO,-117.55023956298828,34.0474739074707
92308778,2024,2024-02-08,9855,2024-01-25,625,017323,NA,4,1,5,3602,0,1,3,NA,2,603,SR-60 W/B TO MOUNTAIN AVE.,MOUNTAIN AVE.,60,E,N,B,-,Y,NA,NA,NA,NA,NA,NA,NA,NA,NA,N,4,0,2,3,A,-,03,22350,NA,N,C,C,A,B,H,-,A,D,0,NA,NA,NA,NA,Y,NA,A,01,0,0,2,0,0,0,0,0,0,-,-,34.03097915649414,-117.66726684570313,SAN BERNARDINO,CHINO,-117.66726684570313,34.03097915649414
92310565,2024,2024-02-09,9855,2024-02-09,725,017323,NA,5,1,6,3607,0,1,3,NA,2,601,SR-60 W/B (POMONA FWY),GROVE AVE.,100,E,N,B,C,Y,SBD,NA,60,NA,R,5.889,H,NA,L,N,4,0,1,2,A,-,03,22350,NA,N,C,C,A,B,H,-,A,D,0,NA,NA,NA,NA,Y,NA,-,-,0,0,1,0,0,0,0,0,0,-,-,34.03057098388672,-117.62802124023438,SAN BERNARDINO,ONTARIO,-117.62802124023438,34.03059768676758
92311778,2024,2024-02-12,9850,2024-02-03,1618,021639,NA,6,2,5,3612,0,1,1,NA,2,082,I-15 N/B,BEAR VALLEY RD,3000,S,N,A,-,Y,SBD,NA,15,NA,NA,37.018,H,NA,R,Y,2,0,1,2,A,-,03,22350,NA,N,C,C,A,A,H,-,A,D,0,NA,NA,NA,Y,Y,NA,G,25,1,0,0,0,0,0,0,0,0,-,-,34.463409423828125,-117.35144805908205,SAN BERNARDINO,VICTORVILLE,-117.3515167236328,34.46344757080078
92312699,2024,2024-02-13,9850,2024-02-05,1415,021342,NA,1,2,5,3612,0,1,1,NA,2,083,I-15,MOJAVE DR,3168,N,N,C,-,Y,SBD,NA,15,NA,NA,42.636,H,NA,R,N,4,0,1,1,A,-,03,22350,NA,N,E,I,A,B,H,-,A,D,0,NA,NA,NA,NA,Y,NA,A,01,0,0,1,0,0,0,0,0,0,-,-,34.537200927734375,-117.31156158447266,SAN BERNARDINO,VICTORVILLE,-117.31139373779295,34.537139892578125
92313920,2024,2024-02-14,9860,2024-02-13,751,017098,NA,2,1,9,3600,0,1,1,NA,2,152,I-15 N/B TO SR-138,SR-138,2112,S,N,A,-,Y,SBD,NA,15,NA,R,21.119,H,NA,R,Y,4,0,1,2,A,-,08,22107,NA,N,B,C,A,A,H,-,A,D,0,NA,NA,NA,Y,Y,NA,G,25,0,0,1,0,0,0,0,0,0,-,-,34.30936813354492,-117.47147369384766,SAN BERNARDINO,UNINCORPORATED,-117.47156524658205,34.309288024902344
92314217,2024,2024-02-14,9855,2024-01-17,1715,023529,NA,3,2,6,3607,0,1,1,NA,2,152,I-15 S/B (ONTARIO FWY),JURUPA STREET,2098,N,N,A,-,Y,SBD,NA,15,NA,NA,1.422,H,NA,L,Y,2,0,1,4,A,-,07,21658,A,F,B,C,A,A,H,-,B,D,0,NA,NA,Y,NA,Y,Y,-,99,1,0,0,0,0,0,0,0,1,-,-,34.05366897583008,-117.54773712158205,SAN BERNARDINO,ONTARIO,-117.54779052734376,34.05368423461914
92316051,2024,2024-02-16,9855,2024-02-12,658,021156,NA,1,1,6,3607,0,1,1,NA,2,103,I-10 E/B (SAN BERNARDINO FWY),EUCLID AVE.,50,E,N,A,-,Y,SBD,NA,10,NA,NA,3.492,H,NA,R,N,4,0,1,3,A,-,03,22350,NA,N,C,C,A,A,D,-,A,D,0,NA,NA,NA,NA,Y,NA,A,01,0,0,1,0,0,0,0,0,0,-,-,34.08729934692383,-117.65071868896484,SAN BERNARDINO,ONTARIO,-117.65071868896484,34.0872917175293
92316977,2024,2024-02-19,9860,2024-02-15,2149,023001,NA,4,2,9,3600,0,3,5,NA,2,002,BASELINE ST,YATES ST,20,E,N,A,-,N,NA,NA,NA,NA,NA,NA,NA,NA,NA,N,3,0,1,1,A,-,08,22107,NA,N,F,A,A,A,H,-,C,D,0,NA,NA,NA,NA,Y,NA,M,96,0,1,0,0,0,0,0,0,0,-,-,34.12139129638672,-117.25321197509766,SAN BERNARDINO,UNINCORPORATED,-117.25345611572266,34.12131118774414
92317842,2023,2024-02-20,9835,2023-12-09,908,022078,NA,6,1,3,3601,0,1,1,NA,2,071,I-15 S/B,L STREET,5280,N,N,A,-,Y,SBD,NA,15,NA,NA,72.881,H,NA,L,Y,2,0,1,2,A,-,03,22350,NA,N,C,C,A,A,H,-,A,D,0,NA,NA,NA,Y,Y,NA,D,22,1,0,0,0,0,0,0,0,0,-,-,34.886260986328125,-117.03457641601563,SAN BERNARDINO,BARSTOW,-117.03458404541016,34.88623809814453
92318358,2024,2024-02-20,9855,2024-02-19,1305,021873,NA,1,1,6,3616,0,1,1,NA,2,152,I-15 S/B (ONTARIO FWY),4TH ST.,5000,N,N,B,C,Y,SBD,NA,15,NA,NA,4.064,H,NA,L,N,3,0,1,2,A,-,03,22350,NA,N,C,C,A,B,H,-,A,D,0,NA,NA,NA,Y,Y,NA,F,26,0,1,0,0,0,0,0,0,0,-,-,34.091678619384766,-117.5443115234375,SAN BERNARDINO,RANCHO CUCAMONGA,-117.54421997070313,34.0916633605957
92319165,2024,2024-02-21,9834,2024-02-12,325,017400,NA,1,3,9,3600,0,3,5,NA,2,002,KELBAKER ROAD,INTERSTATE 40,26400,S,N,A,-,N,NA,NA,NA,NA,NA,NA,NA,NA,NA,Y,4,0,1,1,A,-,01,23152,A,N,E,I,A,A,H,-,D,D,0,NA,NA,NA,NA,Y,Y,A,07,0,0,1,0,0,0,0,0,0,-,-,34.64122009277344,-115.67437744140624,SAN BERNARDINO,UNINCORPORATED,-115.6784210205078,34.7200813293457
92320325,2024,2024-02-22,9860,2024-02-21,2225,022630,NA,3,3,9,3600,0,1,1,NA,2,151,I-15 S/B,MATHEWS RANCH RD,3696,N,N,A,-,Y,SBD,NA,15,NA,R,16.619,H,NA,L,Y,4,0,1,2,A,-,08,22107,NA,N,B,2,A,A,D,E,D,D,0,NA,NA,NA,Y,Y,NA,A,01,0,0,1,0,0,0,0,0,0,-,-,34.2517204284668,-117.44683837890624,SAN BERNARDINO,UNINCORPORATED,-117.4468231201172,34.251739501953125
92320844,2024,2024-02-22,9855,2024-02-19,1710,023007,NA,1,2,5,3611,0,1,1,NA,2,103,I-10 E/B (SAN BERNARDINO FWY),MOUNTAIN AVENUE,1405,E,N,C,-,Y,SBD,NA,10,NA,NA,2.661,H,NA,R,N,4,0,2,2,D,-,00,NA,NA,N,B,C,A,B,D,-,D,D,0,NA,NA,NA,NA,Y,NA,-,-,0,0,2,0,0,0,0,0,0,-,-,34.087120056152344,-117.66526794433594,SAN BERNARDINO,UPLAND,-117.66527557373048,34.08721923828125
92322362,2024,2024-02-26,9860,2024-02-22,750,021149,NA,4,1,3,3690,0,1,1,NA,2,218,I-215 S/B,NEWPORT AVE,270,S,N,A,-,Y,SBD,NA,215,NA,NA,1.725,H,NA,L,Y,4,0,2,3,A,-,03,22350,NA,N,C,C,A,A,H,-,A,D,0,NA,NA,NA,NA,Y,NA,A,01,0,0,2,0,0,0,0,0,0,-,-,34.03824996948242,-117.32003784179688,SAN BERNARDINO,GRAND TERRACE,-117.32010650634766,34.03830337524414
92322427,2024,2024-02-26,9860,2024-02-22,740,020654,NA,4,1,5,3608,0,1,1,NA,2,104,I-10 W/B FROM CALIFORNIA ST.,CALIFORNIA ST.,1250,W,N,A,-,Y,SBD,NA,10,NA,NA,28.066,H,NA,L,Y,3,0,1,2,A,-,06,21750,A,N,B,2,A,A,H,-,A,D,0,NA,NA,NA,Y,Y,NA,D,22,0,1,0,0,0,0,0,0,0,-,-,34.06690979003906,-117.2305908203125,SAN BERNARDINO,REDLANDS,-117.2305908203125,34.06673049926758
92322879,2024,2024-02-26,9860,2024-02-23,1710,022944,NA,5,2,6,3610,0,1,1,NA,2,201,SR 210 E/B,N STATE STREET,62,E,N,A,-,Y,SBD,NA,210,NA,NA,20.727,H,NA,R,Y,4,0,1,2,A,-,07,21658,A,N,B,C,A,A,H,-,C,D,0,NA,NA,NA,NA,Y,NA,-,-,0,0,1,0,0,0,0,0,0,-,-,34.1343994140625,-117.33515167236328,SAN BERNARDINO,SAN BERNARDINO,-117.33515167236328,34.13444519042969
92323017,2024,2024-02-26,9865,2024-02-22,755,018881,NA,4,1,9,3600,0,1,3,NA,2,021,SR-330,LIVE OAK DRIVE,4224,S,N,A,-,Y,SBD,NA,330,NA,NA,40.911,H,NA,R,Y,4,0,2,2,A,-,08,22107,NA,N,A,C,A,C,H,-,A,D,0,NA,NA,NA,NA,Y,NA,A,01,0,0,2,0,0,0,0,0,0,-,-,34.20787811279297,-117.15039825439452,SAN BERNARDINO,UNINCORPORATED,-117.15035247802734,34.20787048339844
92323529,2024,2024-02-26,9855,2024-02-25,1450,021873,NA,7,2,6,3607,0,1,1,NA,2,101,I-10 W/B (SAN BERNARDINO FWY),HAVEN AVE.,3000,E,N,A,-,Y,SBD,NA,10,NA,NA,8.785,H,NA,L,N,3,0,1,2,A,-,01,23152,A,N,C,C,A,A,D,-,A,D,0,NA,NA,NA,NA,Y,Y,A,01,0,1,0,0,0,0,0,0,0,-,-,34.06761169433594,-117.56501770019533,SAN BERNARDINO,ONTARIO,-117.56501770019533,34.0676155090332
92324200,2024,2024-02-27,9835,2024-02-26,1115,017111,NA,1,1,9,3600,0,1,1,NA,2,043,W/B I-40,A ST.,10560,E,N,A,-,Y,SBD,NA,40,NA,R,9.132,H,NA,L,Y,3,0,1,1,A,-,08,22107,NA,N,E,I,A,A,H,-,A,D,0,NA,NA,NA,NA,Y,NA,A,01,0,1,0,0,0,0,0,0,0,-,-,34.84830856323242,-116.85665130615234,SAN BERNARDINO,UNINCORPORATED,-116.85665893554688,34.84829330444336
9232499,2020,2021-03-17,3600,2020-12-06,1848,H6849,RC029,7,5,6,3616,0,0,0,NA,0,RC04,FOOTHILL BL,SAN BERNARDINO RD,430,W,N,A,-,N,NA,NA,NA,NA,NA,NA,NA,NA,NA,Y,4,0,1,2,A,-,09,21801,A,N,B,C,A,A,-,-,C,A,0,NA,NA,NA,NA,Y,NA,-,NA,0,0,1,0,0,0,0,0,0,-,-,34.10578155517578,-117.6259536743164,SAN BERNARDINO,RANCHO CUCAMONGA,-117.62493133544922,34.10546112060547
92325162,2024,2025-03-28,9860,2024-02-22,209,023503,NA,4,3,3,3690,0,1,1,NA,2,214,I-215 N/B,BARTON RD,1056,S,N,A,-,Y,SBD,NA,215,NA,NA,0.84,H,NA,R,Y,3,0,1,1,A,-,08,22107,NA,N,E,8,A,A,H,-,D,D,0,NA,NA,NA,NA,Y,NA,D,22,0,1,0,0,0,0,0,0,0,-,-,34.02888107299805,-117.33051300048828,SAN BERNARDINO,GRAND TERRACE,-117.33049774169922,34.02886962890625
92325199,2024,2024-02-28,9855,2024-02-15,1530,019732,NA,4,2,6,3604,0,1,1,NA,2,101,I-10 W/B (SAN BERNARDINO FWY),ETIWANDA AVE.,2345,E,N,B,-,Y,SBD,NA,10,NA,NA,11.589,H,NA,L,N,4,0,1,3,A,-,08,22107,NA,N,B,C,A,A,H,-,A,D,0,NA,NA,NA,Y,Y,NA,A,01,0,0,1,0,0,0,0,0,0,-,-,34.06772994995117,-117.51619720458984,SAN BERNARDINO,FONTANA,-117.51618957519533,34.06779098510742
92325315,2024,2024-02-28,9855,2024-02-22,1518,023027,NA,4,2,6,3607,0,1,1,NA,2,101,I-10 E/B (SAN BERNARDINO FWY),HAVEN AVE.,2600,E,N,A,-,Y,SBD,NA,10,NA,NA,8.678,H,NA,R,Y,3,0,1,2,A,-,03,22350,NA,N,C,C,A,A,D,-,A,D,0,NA,NA,NA,NA,Y,NA,A,07,0,1,0,0,0,0,0,0,0,-,-,34.06727981567383,-117.56688690185548,SAN BERNARDINO,ONTARIO,-117.56688690185548,34.06740951538086
92325428,2024,2024-02-28,9870,2024-02-26,805,021650,NA,1,1,9,3600,0,3,5,NA,2,003,INDIAN TRAIL,MORONGO ROAD,0,NA,Y,A,-,N,NA,NA,NA,NA,NA,NA,NA,NA,NA,Y,4,0,2,3,A,-,09,21801,A,N,D,C,A,A,H,-,A,D,0,NA,NA,NA,NA,Y,NA,D,22,0,0,2,0,0,0,0,0,0,-,-,34.18621063232422,-116.0894012451172,SAN BERNARDINO,UNINCORPORATED,-116.08938598632813,34.18617630004883
92327883,2024,2024-03-01,9855,2024-02-20,520,021006,NA,2,3,9,3600,0,3,5,NA,2,001,ARROW RTE. (15600 BLOCK),LIME AVENUE,30,W,N,B,C,N,NA,NA,NA,NA,NA,NA,NA,NA,NA,Y,3,0,1,1,A,-,03,22350,NA,N,E,I,A,B,H,-,B,D,0,NA,NA,NA,NA,Y,NA,A,01,0,1,0,0,0,0,0,0,0,-,-,34.09920883178711,-117.4647979736328,SAN BERNARDINO,UNINCORPORATED,-117.46475219726563,34.09926986694336
92328441,2024,2024-03-04,9860,2024-03-01,743,020654,NA,5,1,9,3600,0,3,5,NA,2,003,10364 BERYL AVE,MOSS ST,0,NA,Y,A,-,N,NA,NA,NA,NA,NA,NA,NA,NA,NA,Y,4,0,1,3,A,-,03,22350,NA,N,C,4,F,A,H,-,B,D,0,Y,NA,NA,NA,Y,NA,A,01,0,0,1,0,1,0,0,0,0,-,-,34.065120697021484,-117.12991333007813,SAN BERNARDINO,UNINCORPORATED,-117.12978363037108,34.06505584716797
9232994,2021,2021-03-08,3604,2021-01-28,1835,1302,FONTA,4,5,6,3604,0,0,0,NA,0,004,SLOVER AV,POPLAR AV,159,W,N,B,-,N,NA,NA,NA,NA,NA,NA,NA,NA,NA,Y,4,0,1,3,A,-,08,22107,NA,N,B,C,A,A,H,-,C,D,0,NA,NA,NA,NA,Y,NA,-,NA,0,0,1,0,0,0,0,0,0,-,-,NA,NA,SAN BERNARDINO,FONTANA,-117.46302032470705,34.06298065185547
92330343,2024,2024-03-05,9835,2024-03-02,1008,022428,NA,6,1,9,3600,0,1,1,NA,2,075,I-15 S/B,HALLORAN SUMMIT RD,16738,S,N,A,-,Y,SBD,NA,15,NA,NA,152.39,H,NA,L,Y,3,0,1,2,A,-,01,23152,A,N,C,C,A,A,H,-,A,D,0,NA,NA,NA,Y,Y,Y,A,01,0,1,0,0,0,0,0,0,0,-,-,35.38883972167969,-115.84504699707033,SAN BERNARDINO,UNINCORPORATED,-115.84504699707033,35.38882827758789
92330347,2024,2024-03-05,9850,2024-02-26,1800,018211,NA,1,2,9,3600,0,2,4,NA,2,066,PHELAN RD,SHEEP CREEK RD,150,W,N,C,-,N,NA,NA,NA,NA,NA,NA,NA,NA,NA,Y,4,0,1,3,A,-,03,22350,NA,N,C,C,A,B,H,-,C,A,0,NA,NA,NA,NA,Y,NA,A,01,0,0,1,0,0,0,0,0,0,-,-,34.4262809753418,-117.57317352294922,SAN BERNARDINO,UNINCORPORATED,-117.57305908203124,34.42631149291992
92330546,2023,2024-04-24,9835,2023-11-22,2300,022899,NA,3,3,9,3600,0,1,1,NA,2,073,I-15,AFTON ROAD,18480,S,N,A,-,Y,SBD,NA,15,NA,R,108.392,H,NA,R,N,4,0,1,2,A,-,03,22350,NA,N,C,C,A,A,H,-,D,D,0,NA,NA,NA,NA,Y,NA,A,01,0,0,1,0,0,0,0,0,0,-,-,35.04185104370117,-116.45648956298828,SAN BERNARDINO,UNINCORPORATED,-116.45650482177734,35.04186248779297
92332254,2024,2024-03-07,9865,2024-03-02,836,020872,NA,6,1,9,3600,0,1,3,NA,1,010,SR-18,OLD WATERMAN CANYON RD,4752,N,N,C,E,Y,SBD,NA,18,NA,R,14.174,H,NA,R,Y,3,0,1,1,A,-,03,22350,NA,N,E,I,A,B,H,-,A,D,0,NA,NA,NA,NA,Y,NA,A,01,0,1,0,0,0,0,0,0,0,-,-,34.22113037109375,-117.28986358642578,SAN BERNARDINO,UNINCORPORATED,-117.2898178100586,34.221214294433594
92332585,2024,2024-03-07,9855,2024-03-01,1650,023010,NA,5,2,5,3602,0,1,3,NA,2,071,SR-71 S/B (CHINO FWY),PINE AVE.,250,N,N,A,-,Y,SBD,NA,71,NA,R,6.471,H,NA,L,Y,4,0,2,2,A,-,03,22350,NA,N,C,C,A,A,H,-,A,D,0,NA,NA,NA,NA,Y,NA,A,01,0,0,2,0,0,0,0,0,0,-,-,33.948341369628906,-117.67504119873048,SAN BERNARDINO,CHINO,-117.67485809326172,33.948421478271484
92334905,2024,2024-03-11,9850,2024-03-01,730,021639,NA,5,1,5,3612,0,1,1,NA,2,082,I-15 N/B,BEAR VALLEY RD,10560,S,N,A,-,Y,SBD,NA,15,NA,NA,35.577,H,NA,R,Y,4,0,1,3,A,-,03,22350,NA,N,C,C,A,A,H,-,A,D,0,NA,NA,NA,NA,Y,NA,A,01,0,0,1,0,0,0,0,0,0,-,-,34.445838928222656,-117.36524200439452,SAN BERNARDINO,VICTORVILLE,-117.3652801513672,34.44586181640625
92337256,2024,2024-03-13,9855,2024-03-07,925,017323,NA,4,1,6,3607,0,1,3,NA,2,603,SR-60 W/B (POMONA FWY),MOUNTAIN AVE.,528,E,N,B,-,Y,SBD,NA,60,NA,R,3.734,H,NA,L,N,4,0,1,3,A,-,03,22350,NA,N,C,C,A,A,H,-,A,D,0,NA,NA,NA,NA,Y,NA,-,-,0,0,1,0,0,0,0,0,0,-,-,34.03044891357422,-117.66558837890624,SAN BERNARDINO,ONTARIO,-117.66558837890624,34.03046798706055
92337989,2024,2024-03-14,9855,2024-03-05,1026,019732,NA,2,1,6,3607,0,1,1,NA,2,152,I-15 N/B (ONTARIO FWY),JURUPA ST.,2237,S,N,B,-,Y,SBD,NA,15,NA,NA,0.577,H,NA,R,N,4,0,1,2,A,-,03,22350,NA,N,C,D,A,A,H,-,A,D,0,NA,NA,NA,Y,Y,NA,G,27,0,0,1,0,0,0,0,0,0,-,-,34.04180145263672,-117.55003356933594,SAN BERNARDINO,ONTARIO,-117.55014038085938,34.04179763793945
9234140,2020,2021-03-04,3611,2020-12-30,0334,3076,3611,3,5,5,3611,0,0,0,NA,0,004,SAN BERNARDINO RD,11TH AV,433,W,N,A,-,N,NA,NA,NA,NA,NA,NA,NA,NA,NA,Y,3,0,1,1,A,-,08,22107,NA,N,E,I,A,A,H,-,C,D,0,NA,NA,NA,NA,Y,NA,A,01,0,1,0,0,0,0,0,0,0,-,-,NA,NA,SAN BERNARDINO,UPLAND,-117.63803100585938,34.10054397583008
92342014,2024,2024-03-19,9835,2024-03-16,730,022428,NA,6,1,9,3600,0,1,1,NA,2,045,I-40 W/B,CRUCERO RD,19536,W,N,B,-,Y,SBD,NA,40,NA,R,46.332,H,NA,L,Y,4,0,2,1,A,-,08,22107,NA,N,E,I,A,A,H,-,A,D,0,NA,NA,NA,NA,Y,NA,D,22,0,0,2,0,0,0,0,0,0,-,-,34.72576904296875,-116.2274169921875,SAN BERNARDINO,UNINCORPORATED,-116.2274169921875,34.72581481933594
92342891,2024,2024-03-20,9850,2024-03-07,1638,021639,NA,4,2,9,3600,0,1,1,NA,2,084,I-15 N/B,STODDARD WELLS RD,7920,N,N,A,-,Y,SBD,NA,15,NA,NA,45.886,H,NA,R,Y,4,0,1,3,A,-,08,22107,NA,N,B,C,F,A,H,-,A,D,0,Y,NA,NA,Y,Y,NA,G,25,0,0,1,0,0,0,0,0,0,-,-,34.572479248046875,-117.27570343017578,SAN BERNARDINO,UNINCORPORATED,-117.2757568359375,34.572513580322266
92344640,2024,2024-03-22,9865,2024-03-21,1700,021892,NA,4,2,9,3600,0,2,4,NA,2,013,LAKE DR,LEAFY LN,50,E,N,A,-,N,NA,NA,NA,NA,NA,NA,NA,NA,NA,N,4,0,1,2,A,-,03,22350,NA,N,C,C,A,A,H,-,A,D,0,NA,NA,NA,NA,Y,NA,D,22,0,0,1,0,0,0,0,0,0,-,-,34.24306106567383,-117.28333282470705,SAN BERNARDINO,UNINCORPORATED,-117.28350830078124,34.2430305480957
9234641,2021,2021-03-24,3600,2021-02-11,1031,G8526,HE322,4,5,5,3619,0,0,0,NA,0,HE5,RANCHERO RD,11TH AV,0,NA,Y,A,-,N,NA,NA,NA,NA,NA,NA,NA,NA,NA,Y,4,0,1,2,A,-,09,21802,A,N,D,C,A,A,H,-,A,D,0,NA,NA,NA,NA,Y,NA,A,07,0,0,1,0,0,0,0,0,0,-,-,NA,NA,SAN BERNARDINO,HESPERIA,-117.32862091064452,34.383304595947266
9234649,2021,2021-03-25,3602,2021-02-12,1509,3051,NA,5,5,5,3602,0,0,0,NA,0,001,RIVERSIDE DR,YORBA AV,0,NA,Y,A,-,N,NA,NA,NA,NA,NA,NA,NA,NA,NA,Y,3,0,2,2,A,-,12,21453,A,N,D,C,A,A,H,-,A,A,0,NA,NA,NA,NA,Y,NA,A,01,0,2,0,0,0,0,0,0,0,-,-,34.18996047973633,-117.7023696899414,SAN BERNARDINO,CHINO,-117.70237731933594,34.01898193359375
92348146,2024,2024-03-27,9855,2024-03-20,1650,015919,NA,3,2,5,3602,0,1,3,NA,2,603,SR-60 E/B (POMONA FWY),PIPELINE AVENUE,1100,W,N,A,-,Y,SBD,NA,60,NA,R,0.646,H,NA,R,N,4,0,1,2,A,-,03,22350,NA,N,C,C,A,A,H,-,A,D,0,NA,NA,NA,NA,Y,NA,A,07,0,0,1,0,0,0,0,0,0,-,-,34.02756881713867,-117.7187728881836,SAN BERNARDINO,CHINO,-117.71884918212892,34.02769088745117