CASE_ID,ACCIDENT_YEAR,PROC_DATE,JURIS,COLLISION_DATE,COLLISION_TIME,OFFICER_ID,REPORTING_DISTRICT,DAY_OF_WEEK,CHP_SHIFT,POPULATION,CNTY_CITY_LOC,SPECIAL_COND,BEAT_TYPE,CHP_BEAT_TYPE,CITY_DIVISION_LAPD,CHP_BEAT_CLASS,BEAT_NUMBER,PRIMARY_RD,SECONDARY_RD,DISTANCE,DIRECTION,INTERSECTION,WEATHER_1,WEATHER_2,STATE_HWY_IND,CALTRANS_COUNTY,CALTRANS_DISTRICT,STATE_ROUTE,ROUTE_SUFFIX,POSTMILE_PREFIX,POSTMILE,LOCATION_TYPE,RAMP_INTERSECTION,SIDE_OF_HWY,TOW_AWAY,COLLISION_SEVERITY,NUMBER_KILLED,NUMBER_INJURED,PARTY_COUNT,PRIMARY_COLL_FACTOR,PCF_CODE_OF_VIOL,PCF_VIOL_CATEGORY,PCF_VIOLATION,PCF_VIOL_SUBSECTION,HIT_AND_RUN,TYPE_OF_COLLISION,MVIW,PED_ACTION,ROAD_SURFACE,ROAD_COND_1,ROAD_COND_2,LIGHTING,CONTROL_DEVICE,CHP_ROAD_TYPE,PEDESTRIAN_ACCIDENT,BICYCLE_ACCIDENT,MOTORCYCLE_ACCIDENT,TRUCK_ACCIDENT,NOT_PRIVATE_PROPERTY,ALCOHOL_INVOLVED,STWD_VEHTYPE_AT_FAULT,CHP_VEHTYPE_AT_FAULT,COUNT_SEVERE_INJ,COUNT_VISIBLE_INJ,COUNT_COMPLAINT_PAIN,COUNT_PED_KILLED,COUNT_PED_INJURED,COUNT_BICYCLIST_KILLED,COUNT_BICYCLIST_INJURED,COUNT_MC_KILLED,COUNT_MC_INJURED,PRIMARY_RAMP,SECONDARY_RAMP,LATITUDE,LONGITUDE,COUNTY,CITY,POINT_X,POINT_Y
92418351,2024,2024-06-19,9860,2024-04-15,628,017098,NA,1,1,9,3600,0,1,3,NA,1,010,STATE ROUTE 138,SUMMIT POST OFFICE ROAD,1350,E,N,A,-,Y,SBD,NA,138,NA,NA,19.759,H,NA,R,Y,1,1,0,1,A,-,01,23152,A,N,F,0,A,A,H,-,A,D,0,NA,NA,NA,NA,Y,Y,A,07,0,0,0,0,0,0,0,0,0,-,-,34.32514190673828,-117.41661834716795,SAN BERNARDINO,UNINCORPORATED,-117.41661834716795,34.32512283325195
9241932,2021,2021-04-15,3603,2021-03-17,1358,4915,CPD,3,5,4,3603,0,0,0,NA,0,004,WASHINGTON ST,RV CENTER DR,1500,W,N,A,-,N,NA,NA,NA,NA,NA,NA,NA,NA,NA,Y,4,0,1,1,A,-,01,23152,A,N,F,I,A,A,H,-,A,D,0,NA,NA,NA,NA,Y,Y,A,01,0,0,1,0,0,0,0,0,0,-,-,34.0448112487793,-117.32067108154295,SAN BERNARDINO,COLTON,-117.321533203125,34.04438018798828
92419349,2024,2024-06-20,9870,2024-06-09,20,022913,NA,7,3,9,3600,0,3,5,NA,2,001,PIONEERTOWN ROAD,SHORT ROAD,389,N,N,A,-,Y,NA,NA,NA,NA,NA,NA,NA,NA,NA,Y,3,0,1,1,A,-,03,22350,NA,N,E,I,A,A,H,-,D,D,0,NA,NA,NA,NA,Y,NA,J,48,0,1,0,0,0,0,0,0,0,-,-,34.17808151245117,-116.53221130371094,SAN BERNARDINO,UNINCORPORATED,-116.53201293945313,34.17816162109375
92419823,2024,2024-06-21,9860,2024-06-19,1743,022539,NA,3,2,9,3600,0,1,3,NA,1,010,SR-138,SUMMIT VALLEY RD,0,NA,Y,A,-,Y,SBD,NA,138,NA,NA,20.882,H,NA,R,Y,4,0,4,2,A,-,09,21801,A,N,D,C,A,A,H,-,A,A,0,NA,NA,NA,NA,Y,NA,A,01,0,0,4,0,0,0,0,0,0,-,-,34.32278823852539,-117.3984375,SAN BERNARDINO,UNINCORPORATED,-117.39844512939452,34.32276916503906
92421461,2024,2024-06-24,9860,2024-06-01,2300,022944,NA,6,3,9,3600,0,3,5,NA,2,002,BRONSON ST,OGDEN ST,0,NA,Y,B,-,N,NA,NA,NA,NA,NA,NA,NA,NA,NA,Y,3,0,2,2,A,-,01,23152,A,N,D,C,A,A,H,-,C,A,0,NA,NA,NA,NA,Y,Y,A,01,0,1,1,0,0,0,0,0,0,-,-,34.15790939331055,-117.35729217529295,SAN BERNARDINO,UNINCORPORATED,-117.3572998046875,34.15786361694336
92423308,2024,2024-06-25,9855,2024-06-01,1540,021978,NA,6,2,9,3600,0,3,5,NA,2,001,SAN BERNARDINO AVENUE (14000 BLOCK),REDWOOD AVENUE,330,E,N,A,-,N,NA,NA,NA,NA,NA,NA,NA,NA,NA,Y,3,0,1,5,A,-,01,23152,A,N,B,C,A,A,H,-,A,D,0,NA,NA,NA,Y,Y,Y,A,01,0,1,0,0,0,0,0,0,0,-,-,34.07740020751953,-117.48313903808594,SAN BERNARDINO,UNINCORPORATED,-117.48318481445313,34.07743835449219
9242372,2021,2021-04-06,3604,2021-03-05,1354,925,NA,5,5,6,3604,0,0,0,NA,0,NA,SLOVER AV,ETIWANDA AV,774,E,N,A,-,N,NA,NA,NA,NA,NA,NA,NA,NA,NA,Y,4,0,1,2,A,-,09,21804,A,N,D,C,A,A,H,-,A,A,0,NA,NA,NA,NA,Y,NA,A,01,0,0,1,0,0,0,0,0,0,-,-,NA,NA,SAN BERNARDINO,FONTANA,-117.52167510986328,34.06264877319336
9242424,2020,2021-04-05,3600,2020-10-16,1526,C8643,RC052,5,5,6,3616,0,0,0,NA,0,RC4,FOOTHILL BL,VINEYARD AV,0,NA,Y,A,-,N,NA,NA,NA,NA,NA,NA,NA,NA,NA,Y,4,0,1,2,A,-,03,22350,A,N,C,C,A,A,H,-,A,A,0,NA,NA,NA,NA,Y,NA,A,01,0,0,1,0,0,0,0,0,0,-,-,NA,NA,SAN BERNARDINO,RANCHO CUCAMONGA,-117.61106872558594,34.10673904418945
92424698,2024,2024-06-27,9860,2024-06-25,1250,016536,NA,2,1,4,3618,0,1,1,NA,2,202,SR-210 WESTBOUND,PALM AVE.,1320,E,N,A,-,Y,SBD,NA,210,NA,R,28.669,H,NA,L,Y,4,0,1,2,A,-,03,22350,NA,N,C,C,A,A,H,-,A,D,0,NA,NA,NA,Y,Y,NA,A,07,0,0,1,0,0,0,0,0,0,-,-,34.12992858886719,-117.20477294921876,SAN BERNARDINO,HIGHLAND,-117.20476531982422,34.12993240356445
92424912,2024,2024-06-27,9870,2024-06-20,1550,023314,NA,4,2,9,3600,0,1,3,NA,1,031,STATE ROUTE 62 (TWENTYNINE PALMS HIGHWAY),YUCCA MESA ROAD,0,NA,Y,A,-,Y,SBD,NA,62,NA,NA,15.151,H,NA,R,N,4,0,2,2,A,-,09,21801,A,N,D,C,A,A,H,-,A,A,0,NA,NA,NA,NA,Y,NA,A,01,0,0,2,0,0,0,0,0,0,-,-,34.13492965698242,-116.36963653564452,SAN BERNARDINO,UNINCORPORATED,-116.36963653564452,34.13487243652344
92425109,2024,2024-06-27,9835,2024-06-15,40,022649,NA,6,3,9,3600,0,1,1,NA,2,077,I-15 NB,YATES WELL RD,5174,S,N,A,-,Y,SBD,NA,15,NA,NA,180.414,H,NA,R,Y,2,0,4,4,A,-,01,23152,A,N,B,C,A,A,H,-,D,B,0,NA,NA,NA,Y,Y,Y,A,01,2,1,1,0,0,0,0,0,0,-,-,35.527381896972656,-115.42520141601563,SAN BERNARDINO,UNINCORPORATED,-115.42526245117188,35.52739715576172
92425865,2024,2024-06-28,9855,2024-06-19,30,023007,NA,3,3,6,3607,0,1,1,NA,2,103,I-10 E/B (SAN BERNARDINO FWY),ARCHIBALD AVE,2270,E,N,A,-,Y,SBD,NA,10,NA,NA,7.612,H,NA,R,N,4,0,1,2,A,-,03,22350,NA,N,C,C,A,A,D,E,D,D,0,NA,NA,NA,Y,Y,NA,G,27,0,0,1,0,0,0,0,0,0,-,-,34.06748962402344,-117.5854721069336,SAN BERNARDINO,ONTARIO,-117.5854721069336,34.0675048828125
9242699,2021,2021-04-13,3604,2021-03-18,0644,925,NA,4,5,6,3604,0,0,0,NA,0,NA,CYPRESS AV,SAN BERNARDINO AV,0,NA,Y,A,-,N,NA,NA,NA,NA,NA,NA,NA,NA,NA,Y,3,0,1,2,A,-,12,21453,A,F,D,C,A,A,H,-,A,A,0,NA,NA,NA,NA,Y,NA,D,22,0,1,0,0,0,0,0,0,0,-,-,NA,NA,SAN BERNARDINO,FONTANA,-117.44440460205078,34.0775260925293
92427198,2024,2024-07-01,9865,2024-06-29,1028,020872,NA,6,1,9,3600,0,1,3,NA,1,034,SR-18,SMARTS RANCH ROAD,2376,N,N,A,-,Y,SBD,NA,18,NA,NA,61.73,H,NA,R,Y,3,0,2,1,A,-,08,22107,NA,N,F,A,A,A,H,-,A,A,0,NA,NA,Y,NA,Y,NA,C,02,0,2,0,0,0,0,0,0,2,-,-,34.31795120239258,-116.81665802001952,SAN BERNARDINO,UNINCORPORATED,-116.81663513183594,34.31797790527344
92427724,2024,2024-07-01,9835,2024-06-22,655,023107,NA,6,1,9,3600,0,1,3,NA,1,020,STATE ROUTE 127,POWERLINE ROAD,29040,N,N,A,-,Y,SBD,NA,127,NA,NA,14.904,H,NA,R,Y,3,0,1,1,A,-,08,22107,NA,N,F,A,A,A,H,-,B,D,0,NA,NA,Y,NA,Y,NA,C,02,0,1,0,0,0,0,0,0,1,-,-,35.45869064331055,-116.1646728515625,SAN BERNARDINO,UNINCORPORATED,-116.16463470458984,35.458702087402344
92428761,2024,2024-07-03,9835,2024-07-02,1000,017111,NA,2,1,9,3600,0,1,1,NA,2,047,I-40 W/B,CRUCERO RD,5280,E,N,A,-,Y,SBD,NA,40,NA,R,50.644,H,NA,L,Y,1,1,0,1,A,-,08,22107,NA,N,F,A,A,A,H,-,A,D,0,NA,NA,NA,NA,Y,NA,A,07,0,0,0,0,0,0,0,0,0,-,-,34.72610855102539,-116.1518096923828,SAN BERNARDINO,UNINCORPORATED,-116.15181732177734,34.726173400878906
92430331,2024,2024-07-03,9835,2024-04-30,1240,021824,NA,2,1,9,3600,0,3,5,NA,2,039,MORNING STAR MINE ROAD,CIMA ROAD,22176,N,N,A,-,N,NA,NA,NA,NA,NA,NA,NA,NA,NA,Y,1,1,0,1,A,-,08,22107,NA,N,F,A,A,A,H,-,A,D,0,NA,NA,Y,NA,Y,NA,C,02,0,0,0,0,0,0,0,1,0,-,-,35.294681549072266,-115.49185943603516,SAN BERNARDINO,UNINCORPORATED,-115.49891662597656,35.23771667480469
92430421,2024,2024-07-09,9835,2024-06-18,2300,023479,NA,2,3,9,3600,0,1,1,NA,2,077,I-15,BAILEY RD,2640,N,N,A,-,Y,SBD,NA,15,NA,NA,172.385,H,NA,R,N,4,0,1,3,A,-,08,22107,NA,N,B,C,A,A,H,-,D,D,0,NA,NA,NA,Y,Y,NA,A,01,0,0,1,0,0,0,0,0,0,-,-,35.46828842163086,-115.51252746582033,SAN BERNARDINO,UNINCORPORATED,-115.51251983642578,35.4682502746582
9243090,2021,2021-04-26,3604,2021-03-25,1818,769,NA,4,5,6,3604,0,0,0,NA,0,003,MERRILL AV,FONTANA AV,0,NA,Y,B,-,N,NA,NA,NA,NA,NA,NA,NA,NA,NA,N,4,0,1,2,A,-,12,21453,A,F,D,D,A,A,H,-,A,A,0,NA,NA,NA,NA,Y,NA,D,22,0,0,1,0,0,0,0,0,0,-,-,NA,NA,SAN BERNARDINO,FONTANA,-117.44882202148438,34.09209060668945
92431304,2024,2024-07-05,9855,2024-06-28,1350,021978,NA,5,1,6,3607,0,1,1,NA,2,152,I-15 N/B (ONTARIO FWY),AIRPORT DRIVE,315,S,N,A,-,Y,SBD,NA,15,NA,NA,2.005,H,NA,R,Y,4,0,4,3,A,-,03,22350,NA,N,C,C,A,A,H,-,A,D,0,NA,NA,NA,NA,Y,NA,D,22,0,0,4,0,0,0,0,0,0,-,-,34.06180953979492,-117.54489135742188,SAN BERNARDINO,ONTARIO,-117.54477691650392,34.06180953979492
92431371,2024,2024-07-05,9850,2024-06-26,1955,022386,NA,3,2,9,3600,0,3,5,NA,2,006,JOSHUA LN,NEILSON RD,0,NA,Y,A,-,N,NA,NA,NA,NA,NA,NA,NA,NA,NA,Y,2,0,1,1,A,-,01,23152,A,N,E,I,A,A,H,-,B,D,0,NA,NA,NA,NA,Y,Y,A,01,1,0,0,0,0,0,0,0,0,-,-,34.419281005859375,-117.43869018554688,SAN BERNARDINO,UNINCORPORATED,-117.54280090332033,34.419212341308594
92431413,2024,2024-07-05,9855,2024-06-28,1925,022900,NA,5,2,6,3607,0,1,3,NA,2,601,SR-60 W/B (POMONA FWY),VINEYARD AVENUE,1570,E,N,A,-,Y,SBD,NA,60,NA,R,7.173,H,NA,L,Y,3,0,1,2,A,-,07,21658,A,N,C,C,A,A,H,-,A,D,0,NA,NA,NA,Y,Y,NA,A,01,0,1,0,0,0,0,0,0,0,-,-,34.03071975708008,-117.60572052001952,SAN BERNARDINO,ONTARIO,-117.60572052001952,34.030670166015625
9243200,2021,2021-04-19,3603,2021-03-29,1926,4973,CPD,1,5,4,3603,0,0,0,NA,0,002,N MT VERNON AV,LAUREL,300,N,N,A,-,N,NA,NA,NA,NA,NA,NA,NA,NA,NA,N,3,0,1,2,A,-,09,21804,A,N,D,C,A,A,H,-,C,D,0,NA,NA,NA,NA,Y,NA,A,01,0,1,0,0,0,0,0,0,0,-,-,NA,NA,SAN BERNARDINO,COLTON,-117.31385040283205,34.08108139038086
92434192,2024,2024-07-09,9855,2024-07-02,1145,019183,NA,2,1,6,3607,0,1,3,NA,2,601,SR-60 W/B (POMONA FWY),GROVE AVENUE,2165,E,N,A,-,Y,SBD,NA,60,NA,R,6.285,H,NA,L,Y,4,0,2,2,A,-,03,22350,NA,N,C,C,A,A,H,-,A,D,0,NA,NA,NA,NA,Y,NA,A,01,0,0,2,0,0,0,0,0,0,-,-,34.030609130859375,-117.62117004394533,SAN BERNARDINO,ONTARIO,-117.62117004394533,34.03059768676758
92434819,2024,2024-07-10,9855,2024-07-03,1350,020564,NA,3,1,6,3607,0,1,1,NA,2,101,I-10 W/B (SAN BERNARDINO FWY),HAVEN AVE,500,E,N,A,-,Y,SBD,NA,10,NA,NA,8.258,H,NA,L,N,4,0,2,2,A,-,03,22350,NA,N,C,C,A,A,H,-,A,D,0,NA,NA,NA,NA,Y,NA,D,22,0,0,2,0,0,0,0,0,0,-,-,34.067649841308594,-117.57421875,SAN BERNARDINO,ONTARIO,-117.57421875,34.06761932373047
92439594,2024,2024-07-15,9860,2024-07-13,1515,022843,NA,6,2,9,3600,0,1,3,NA,1,010,SR-138,I-15,1056,E,N,A,-,Y,SBD,NA,138,NA,M,15.396,H,NA,R,N,3,0,1,2,A,-,11,21954,A,N,G,B,D,A,H,-,A,D,0,Y,NA,NA,NA,Y,NA,N,60,0,1,0,0,1,0,0,0,0,-,-,34.31209182739258,-117.47135925292967,SAN BERNARDINO,UNINCORPORATED,-117.47135162353516,34.31198501586914
92440598,2024,2024-07-16,9855,2024-05-31,431,022840,NA,5,3,5,3611,0,1,1,NA,2,103,I-10 W/B (SAN BERNARDINO FREEWAY),CAMPUS AVE.,200,E,N,A,-,Y,SBD,NA,10,NA,NA,4.054,H,NA,L,N,3,0,1,1,A,-,01,23152,A,N,E,I,A,A,H,-,D,D,0,NA,NA,NA,NA,Y,Y,A,07,0,1,0,0,0,0,0,0,0,-,-,34.086910247802734,-117.64093017578124,SAN BERNARDINO,UPLAND,-117.64090728759766,34.086978912353516
92442678,2024,2024-07-18,9870,2024-07-17,930,016935,NA,3,1,9,3600,0,1,3,NA,1,031,STATE ROUTE 62 (TWENTYNINE PALMS HIGHWAY),BONAIR ROAD,575,E,N,A,-,Y,SBD,NA,62,NA,NA,18.817,H,NA,R,Y,3,0,2,2,A,-,09,21804,A,N,D,C,A,A,H,-,A,D,0,NA,NA,NA,NA,Y,NA,D,22,0,2,0,0,0,0,0,0,0,-,-,34.134971618652344,-116.30561065673828,SAN BERNARDINO,UNINCORPORATED,-116.30561065673828,34.134944915771484
92443029,2024,2024-07-19,9860,2024-07-17,1910,022347,NA,3,2,6,3610,0,1,1,NA,2,218,I-215 S/B,INLAND CENTER DRIVE,2165,N,N,A,-,Y,SBD,NA,215,NA,NA,6.007,H,NA,L,N,4,0,1,2,A,-,03,22350,NA,N,C,C,A,A,H,-,A,D,0,NA,NA,NA,NA,Y,NA,A,01,0,0,1,0,0,0,0,0,0,-,-,34.09138107299805,-117.30194854736328,SAN BERNARDINO,SAN BERNARDINO,-117.302001953125,34.09138107299805
9244330,2021,2021-04-05,3600,2021-02-09,1935,F5121,AP010,2,5,5,3621,0,0,0,NA,0,003,BEAR VALLEY RD,DEEP CREEK RD,50,E,N,A,-,N,NA,NA,NA,NA,NA,NA,NA,NA,NA,Y,3,0,2,2,D,-,00,NA,NA,F,B,C,A,-,H,-,D,D,0,NA,NA,NA,NA,Y,NA,-,-,0,1,1,0,0,0,0,0,0,-,-,NA,NA,SAN BERNARDINO,APPLE VALLEY,-117.22510528564452,34.471351623535156
92443451,2024,2024-07-19,9855,2024-07-16,2050,021978,NA,2,2,5,3611,0,1,1,NA,2,203,SR-210 E/B (FOOTHILL FWY),BASELINE RD.,2975,E,N,A,-,Y,SBD,NA,210,NA,NA,0.366,H,NA,R,Y,4,0,2,2,A,-,03,22350,NA,N,C,C,A,A,H,-,D,D,0,NA,NA,NA,NA,Y,NA,A,08,0,0,2,0,0,0,0,0,0,-,-,34.127681732177734,-117.6876220703125,SAN BERNARDINO,UPLAND,-117.6876220703125,34.127681732177734
92444537,2024,2024-07-22,9855,2024-07-14,855,021156,NA,7,1,6,3604,0,1,1,NA,2,201,SR-210 E/B (FOOTHILL FWY),CITRUS AVE.,2200,W,N,A,-,Y,SBD,NA,210,NA,NA,13.499,H,NA,R,N,4,0,3,3,A,-,07,21658,A,N,B,C,A,A,H,-,A,D,0,NA,NA,NA,NA,Y,NA,A,01,0,0,3,0,0,0,0,0,0,-,-,34.13637161254883,-117.46103668212892,SAN BERNARDINO,FONTANA,-117.46104431152344,34.13632583618164
9246606,2021,2021-04-14,3604,2021-03-16,1222,769,NA,2,5,6,3604,0,0,0,NA,0,004,JURUPA AV,CITRUS AV,14,W,N,A,-,N,NA,NA,NA,NA,NA,NA,NA,NA,NA,N,3,0,1,2,A,-,08,22107,NA,F,B,C,A,A,H,-,A,A,0,NA,NA,NA,NA,Y,NA,A,01,0,1,0,0,0,0,0,0,0,-,-,NA,NA,SAN BERNARDINO,FONTANA,-117.4539794921875,34.048118591308594
9247146,2021,2021-04-19,3608,2021-03-18,0405,4523,3608,4,5,5,3608,0,0,0,NA,0,NA,LUGONIA AV,ALABAMA ST,0,NA,Y,A,-,N,NA,NA,NA,NA,NA,NA,NA,NA,NA,Y,4,0,1,2,A,-,12,21453,A,N,D,C,A,A,H,-,C,A,0,NA,NA,NA,NA,Y,NA,A,07,0,0,1,0,0,0,0,0,0,-,-,NA,NA,SAN BERNARDINO,REDLANDS,-117.20877075195313,34.070308685302734
9248081,2021,2021-04-20,3600,2021-03-20,2009,G5408,AP023,6,5,5,3621,0,0,0,NA,0,AP1,RANCHERIAS RD,TOMAHAWK RD,484,N,N,A,-,N,NA,NA,NA,NA,NA,NA,NA,NA,NA,Y,4,0,2,2,A,-,01,23152,B,N,A,C,A,A,H,-,D,D,0,NA,NA,NA,NA,Y,Y,D,22,0,0,2,0,0,0,0,0,0,-,-,NA,NA,SAN BERNARDINO,APPLE VALLEY,-117.22874450683594,34.523841857910156
9248565,2021,2021-04-19,3600,2021-03-27,1330,G6919,VC047,6,5,5,3612,0,0,0,NA,0,VC6,DESERT POPPY LN,DESERT WILLOW ST,232,S,N,A,-,N,NA,NA,NA,NA,NA,NA,NA,NA,NA,N,3,0,1,1,A,-,03,22350,NA,N,E,I,A,A,H,-,A,D,0,NA,NA,Y,NA,Y,NA,C,02,0,1,0,0,0,0,0,0,1,-,-,NA,NA,SAN BERNARDINO,VICTORVILLE,-117.32122802734376,34.55025100708008
9248995,2021,2021-05-14,3600,2021-01-04,2041,12289,AD107,1,5,3,3613,0,0,0,NA,0,AD2,RT 395,AIR EXPWY,0,NA,N,A,-,Y,SBD,8,395,-,-,15.707,I,5,N,N,2,0,2,2,A,-,12,21453,A,N,-,C,A,A,H,-,C,A,0,NA,NA,NA,NA,Y,NA,-,NA,2,0,0,0,0,0,0,0,0,-,-,NA,NA,SAN BERNARDINO,ADELANTO,-117.40963745117188,34.57209014892578
9249341,2021,2021-04-27,3603,2021-03-16,1711,4726,CPD,2,5,4,3603,0,0,0,NA,0,003,AGUA MANSA RD,RANCHO AV,0,NA,Y,A,-,N,NA,NA,NA,NA,NA,NA,NA,NA,NA,N,4,0,1,3,A,-,05,21460,A,N,A,C,A,A,H,-,A,D,0,NA,NA,NA,NA,Y,NA,D,22,0,0,1,0,0,0,0,0,0,-,-,NA,NA,SAN BERNARDINO,COLTON,-117.33477020263672,34.05409240722656
9249995,2021,2021-04-27,3600,2021-03-23,1104,G9483,HE134,2,5,5,3619,0,0,0,NA,0,HE3,MAIN ST,CATABA RD,0,NA,Y,A,-,N,NA,NA,NA,NA,NA,NA,NA,NA,NA,Y,4,0,2,2,A,-,08,22107,NA,F,D,C,A,A,H,-,A,D,0,NA,NA,NA,NA,Y,NA,A,01,0,0,2,0,0,0,0,0,0,-,-,NA,NA,SAN BERNARDINO,HESPERIA,-117.38613128662108,34.426673889160156
9250125,2021,2021-05-05,3600,2021-04-01,0711,G5366,VC066,4,5,5,3612,0,0,0,NA,0,VC4,MESA LINDA ST,DOMINGO ST,0,NA,Y,A,-,N,NA,NA,NA,NA,NA,NA,NA,NA,NA,Y,4,0,2,5,A,-,09,21802,A,N,D,C,A,A,H,-,A,A,0,NA,NA,NA,NA,Y,NA,A,01,0,0,2,0,0,0,0,0,0,-,-,NA,NA,SAN BERNARDINO,VICTORVILLE,-117.39077758789063,34.44998550415039
9250318,2021,2021-04-29,3611,2021-02-26,1207,3025,3611,5,5,5,3611,0,0,0,NA,0,002,BENSON AV,11TH AV,0,NA,Y,A,-,N,NA,NA,NA,NA,NA,NA,NA,NA,NA,Y,4,0,1,2,A,-,09,21801,A,N,D,C,A,A,H,-,A,A,0,NA,NA,NA,NA,Y,NA,D,22,0,0,1,0,0,0,0,0,0,-,-,NA,NA,SAN BERNARDINO,UPLAND,-117.68089294433594,34.103267669677734
9251407,2021,2021-04-19,3600,2021-03-27,1826,H8978,HE422,6,5,5,3619,0,0,0,NA,0,HE4,ARROWHEAD LAKE RD,CALPELLA AV,2000,S,N,A,-,N,NA,NA,NA,NA,NA,NA,NA,NA,NA,Y,3,0,1,1,A,-,01,23152,A,N,F,J,A,A,H,-,A,D,0,NA,NA,Y,NA,Y,Y,C,02,0,1,0,0,0,0,0,0,1,-,-,NA,NA,SAN BERNARDINO,HESPERIA,-117.25174713134766,34.38280487060547
9252276,2021,2021-04-27,3602,2021-03-14,1700,3862,NA,7,5,5,3602,0,0,0,NA,0,003,KIMBALL AV,EL PRADO RD,0,NA,Y,A,-,N,NA,NA,NA,NA,NA,NA,NA,NA,NA,Y,3,0,2,2,A,-,01,23152,NA,N,C,C,A,A,H,-,A,A,0,NA,NA,NA,NA,Y,Y,D,22,0,1,1,0,0,0,0,0,0,-,-,33.396820068359375,-117.6801986694336,SAN BERNARDINO,CHINO,-117.68036651611328,33.96813201904297
9253195,2021,2021-05-03,3600,2021-04-12,0535,F8247,HE307,1,5,5,3619,0,0,0,NA,0,HE5,MAIN ST,OAKWOOD AV,490,W,N,A,-,N,NA,NA,NA,NA,NA,NA,NA,NA,NA,Y,4,0,1,2,A,-,08,22107,NA,N,D,C,A,A,H,-,C,D,0,NA,NA,NA,Y,Y,NA,F,26,0,0,1,0,0,0,0,0,0,-,-,NA,NA,SAN BERNARDINO,HESPERIA,-117.34426879882813,34.426815032958984
9253897,2021,2021-04-27,3600,2021-03-19,1259,D8573,HE402,5,5,5,3619,0,0,0,NA,0,002,OLIVE ST,E AV,0,NA,Y,A,-,N,NA,NA,NA,NA,NA,NA,NA,NA,NA,N,3,0,1,2,A,-,05,21650,NA,N,D,G,A,A,H,-,A,D,0,NA,Y,NA,NA,Y,NA,L,04,0,1,0,0,0,0,1,0,0,-,-,NA,NA,SAN BERNARDINO,HESPERIA,-117.29328918457033,34.41669464111328
9254373,2021,2021-05-04,3600,2021-04-19,1358,G9467,NA,1,5,5,3621,0,0,0,NA,0,NA,BEAR VALLEY RD,SAVAGE LN,35,E,N,A,-,N,NA,NA,NA,NA,NA,NA,NA,NA,NA,N,4,0,1,2,A,-,06,21755,A,N,B,C,A,A,H,-,A,D,0,NA,NA,Y,NA,Y,NA,C,02,0,0,1,0,0,0,0,0,1,-,-,NA,NA,SAN BERNARDINO,APPLE VALLEY,-117.2208251953125,34.47138977050781
9254784,2021,2021-04-29,3611,2021-01-06,2056,3258,3611,3,5,5,3611,0,0,0,NA,0,002,ARROW RTE,BENSON AV,381,E,N,A,-,NA,NA,NA,NA,NA,NA,NA,NA,NA,NA,Y,3,0,2,2,A,-,09,21801,A,N,D,C,A,A,H,-,C,D,0,NA,NA,NA,NA,Y,NA,A,01,0,1,1,0,0,0,0,0,0,-,-,NA,NA,SAN BERNARDINO,UPLAND,-117.68092346191406,34.09962844848633
9255765,2021,2021-05-10,3600,2021-01-25,1616,D3381,VC067,1,5,5,3612,0,0,0,NA,0,VC6,AIR EXPWY,GEORGE BL,150,E,N,A,-,N,NA,NA,NA,NA,NA,NA,NA,NA,NA,Y,4,0,1,1,A,-,03,22350,NA,N,F,J,A,A,H,-,A,A,0,NA,NA,NA,NA,Y,NA,A,01,0,0,1,0,0,0,0,0,0,-,-,NA,NA,SAN BERNARDINO,VICTORVILLE,-117.36003112792967,34.57220458984375
9256123,2021,2021-05-13,3600,2021-03-08,0546,G6919,VC016,1,5,5,3612,0,0,0,NA,0,VC2,7TH ST,E SAND ST,0,NA,Y,B,-,N,NA,NA,NA,NA,NA,NA,NA,NA,NA,N,1,1,0,2,A,-,11,21954,A,F,G,B,E,A,H,-,B,A,0,Y,NA,NA,NA,Y,NA,N,60,0,0,0,1,0,0,0,0,0,-,-,NA,NA,SAN BERNARDINO,VICTORVILLE,-117.31713104248048,34.512535095214844
9256475,2021,2023-07-18,3608,2021-05-30,0214,3675,NA,7,5,5,3608,0,0,0,NA,0,NA,COLTON AV,TRI CITY CTR,177,W,N,A,-,N,NA,NA,NA,NA,NA,NA,NA,NA,NA,Y,1,1,1,1,A,-,01,23153,A,N,E,I,A,A,H,-,C,A,0,NA,NA,NA,NA,Y,Y,A,01,1,0,0,0,0,0,0,0,0,-,-,NA,NA,SAN BERNARDINO,REDLANDS,-117.20589447021484,34.0626106262207
9256492,2021,2023-07-18,3600,2021-04-29,2337,G6919,VC018,4,5,5,3612,0,0,0,NA,0,VC1,LA PAZ DR,REDONDO DR,861,W,N,A,-,N,NA,NA,NA,NA,NA,NA,NA,NA,NA,Y,1,1,0,1,A,-,01,23152,A,N,E,I,A,A,H,-,C,D,0,NA,NA,NA,NA,Y,Y,A,01,0,0,0,0,0,0,0,0,0,-,-,NA,NA,SAN BERNARDINO,VICTORVILLE,-117.31581878662108,34.52595138549805