CASE_ID,ACCIDENT_YEAR,PROC_DATE,JURIS,COLLISION_DATE,COLLISION_TIME,OFFICER_ID,REPORTING_DISTRICT,DAY_OF_WEEK,CHP_SHIFT,POPULATION,CNTY_CITY_LOC,SPECIAL_COND,BEAT_TYPE,CHP_BEAT_TYPE,CITY_DIVISION_LAPD,CHP_BEAT_CLASS,BEAT_NUMBER,PRIMARY_RD,SECONDARY_RD,DISTANCE,DIRECTION,INTERSECTION,WEATHER_1,WEATHER_2,STATE_HWY_IND,CALTRANS_COUNTY,CALTRANS_DISTRICT,STATE_ROUTE,ROUTE_SUFFIX,POSTMILE_PREFIX,POSTMILE,LOCATION_TYPE,RAMP_INTERSECTION,SIDE_OF_HWY,TOW_AWAY,COLLISION_SEVERITY,NUMBER_KILLED,NUMBER_INJURED,PARTY_COUNT,PRIMARY_COLL_FACTOR,PCF_CODE_OF_VIOL,PCF_VIOL_CATEGORY,PCF_VIOLATION,PCF_VIOL_SUBSECTION,HIT_AND_RUN,TYPE_OF_COLLISION,MVIW,PED_ACTION,ROAD_SURFACE,ROAD_COND_1,ROAD_COND_2,LIGHTING,CONTROL_DEVICE,CHP_ROAD_TYPE,PEDESTRIAN_ACCIDENT,BICYCLE_ACCIDENT,MOTORCYCLE_ACCIDENT,TRUCK_ACCIDENT,NOT_PRIVATE_PROPERTY,ALCOHOL_INVOLVED,STWD_VEHTYPE_AT_FAULT,CHP_VEHTYPE_AT_FAULT,COUNT_SEVERE_INJ,COUNT_VISIBLE_INJ,COUNT_COMPLAINT_PAIN,COUNT_PED_KILLED,COUNT_PED_INJURED,COUNT_BICYCLIST_KILLED,COUNT_BICYCLIST_INJURED,COUNT_MC_KILLED,COUNT_MC_INJURED,PRIMARY_RAMP,SECONDARY_RAMP,LATITUDE,LONGITUDE,COUNTY,CITY,POINT_X,POINT_Y
9534774,2022,2023-01-23,3600,2022-11-14,1234,D3381,VC021,1,5,5,3612,0,0,0,NA,0,VC3,INDUSTRIAL BL,BEAR VALLY RD,0,NA,Y,A,-,N,NA,NA,NA,NA,NA,NA,NA,NA,NA,Y,4,0,2,2,A,-,00,21881,A,N,D,C,A,A,H,-,A,A,0,NA,NA,NA,NA,Y,NA,A,01,0,0,2,0,0,0,0,0,0,-,-,34.471160888671875,-117.2828369140625,SAN BERNARDINO,VICTORVILLE,-117.28289031982422,34.471099853515625
9535210,2023,2023-02-17,3603,2023-01-06,1847,4916,CPD,5,5,4,3603,0,0,0,NA,0,003,LA CADENA DR,O ST,0,NA,Y,A,-,N,NA,NA,NA,NA,NA,NA,NA,NA,NA,N,3,0,1,1,A,-,05,21650,NA,M,E,I,A,A,H,-,D,D,0,NA,NA,NA,NA,Y,NA,A,07,0,1,0,0,0,0,0,0,0,-,-,34.06003189086914,-117.32604217529295,SAN BERNARDINO,COLTON,-117.32605743408205,34.06001281738281
9535914,2023,2023-03-07,3604,2023-01-10,815,1450,NA,2,5,6,3604,0,0,0,NA,0,003,SAN BERNARDINO AV,LEMON CT,220,W,N,C,-,N,NA,NA,NA,NA,NA,NA,NA,NA,NA,Y,3,0,1,2,A,-,09,21804,A,N,D,C,A,B,H,-,-,A,0,NA,NA,NA,NA,Y,NA,A,08,0,1,0,0,0,0,0,0,0,-,-,NA,NA,SAN BERNARDINO,FONTANA,-117.45218658447266,34.0775260925293
9535930,2023,2023-03-09,3603,2023-01-23,1541,4916,CPD,1,5,4,3603,0,0,0,NA,0,003,RIVERSIDE AV,KEY ST,1700,N,N,A,-,N,NA,NA,NA,NA,NA,NA,NA,NA,NA,N,4,0,2,2,A,-,05,21650,NA,N,A,C,A,A,H,-,A,D,0,NA,NA,NA,NA,Y,NA,A,01,0,0,2,0,0,0,0,0,0,-,-,34.03364944458008,-117.36580657958984,SAN BERNARDINO,COLTON,-117.36349487304688,34.02571105957031
9536084,2022,2023-01-03,3600,2022-10-08,1138,I9594,BL1,6,5,2,3680,0,0,0,NA,0,BL2,BIG BEAR BL,LAKEVIEW CTR,2,N,N,A,-,Y,SBD,8,18,-,-,51.22,H,-,N,N,3,0,1,2,A,-,05,21650,NA,N,B,G,A,A,H,-,A,D,0,NA,Y,NA,NA,Y,NA,A,07,0,1,0,0,0,0,1,0,0,-,-,34.251651763916016,-116.88410186767578,SAN BERNARDINO,BIG BEAR LAKE,-116.884033203125,34.25162887573242
9536300,2022,2023-01-12,3610,2022-11-19,1800,51272,NA,6,5,6,3610,0,0,0,NA,0,POLICE,N MT VERNON AV,W BASELINE ST,139,E,N,A,-,N,NA,NA,NA,NA,NA,NA,NA,NA,NA,N,4,0,1,2,A,-,11,21954,A,N,G,B,D,A,H,-,C,D,0,Y,NA,NA,NA,Y,Y,N,60,0,0,1,0,1,0,0,0,0,-,-,NA,NA,SAN BERNARDINO,SAN BERNARDINO,-117.3138427734375,34.12133026123047
9537195,2022,2022-12-30,3604,2022-11-01,2212,680,NA,2,5,6,3604,0,0,0,NA,0,NA,SIERRA LAKE PKWY,TIBURON WY,365,E,N,A,-,N,NA,NA,NA,NA,NA,NA,NA,NA,NA,Y,3,0,1,1,A,-,01,23152,A,N,E,I,A,A,H,-,C,D,0,NA,NA,NA,NA,Y,Y,A,07,0,1,0,0,0,0,0,0,0,-,-,NA,NA,SAN BERNARDINO,FONTANA,-117.44123077392578,34.138771057128906
9538981,2022,2023-01-31,3600,2022-12-17,1958,H6129,LL008,6,5,3,3615,0,0,0,NA,0,0LL,CAMPUS AV,STEWART STREET,31,N,N,A,-,N,NA,NA,NA,NA,NA,NA,NA,NA,NA,Y,4,0,2,1,A,-,01,23153,A,N,E,I,A,A,H,-,C,D,0,NA,NA,NA,NA,Y,Y,A,01,0,0,2,0,0,0,0,0,0,-,-,34.05387878417969,-117.26569366455078,SAN BERNARDINO,LOMA LINDA,-117.26569366455078,34.05397415161133
9539251,2022,2023-01-31,3604,2022-12-28,1000,1451,NA,3,5,6,3604,0,0,0,NA,0,NA,JURUPA AV,CITRUS AV,67,E,N,B,-,N,NA,NA,NA,NA,NA,NA,NA,NA,NA,N,3,0,1,2,A,-,12,21453,A,N,B,C,A,B,H,-,A,A,0,NA,NA,NA,NA,Y,NA,A,01,0,1,0,0,0,0,0,0,0,-,-,NA,NA,SAN BERNARDINO,FONTANA,-117.45371246337892,34.04812240600586
9539366,2022,2023-01-20,3604,2022-11-24,1610,1139,NA,4,5,6,3604,0,0,0,NA,0,NA,DATE AV,ATHOL ST,0,NA,Y,A,-,N,NA,NA,NA,NA,NA,NA,NA,NA,NA,Y,4,0,2,2,A,-,09,21802,A,N,D,C,A,A,H,-,A,A,0,NA,NA,NA,NA,Y,NA,A,07,0,0,2,0,0,0,0,0,0,-,-,NA,NA,SAN BERNARDINO,FONTANA,-117.44663238525392,34.08851623535156
9540611,2022,2023-02-06,3600,2022-12-30,1316,H5258,HE206,5,5,5,3619,0,0,0,NA,0,002,ORCHID AV,VERANO ST,0,NA,Y,A,-,N,NA,NA,NA,NA,NA,NA,NA,NA,NA,Y,3,0,2,2,A,-,09,21802,A,N,D,C,A,A,H,-,A,A,0,NA,NA,Y,NA,Y,NA,A,01,0,2,0,0,0,0,0,0,1,-,-,NA,NA,SAN BERNARDINO,HESPERIA,-117.2595672607422,34.44932556152344
9541743,2022,2023-01-13,3600,2022-11-05,2344,G6918,VC020,6,5,5,3612,0,0,0,NA,0,VC3,BEAR VALLEY RD,LOCUST AV,385,W,N,A,-,N,NA,NA,NA,NA,NA,NA,NA,NA,NA,N,3,0,1,2,A,-,00,21954,NA,N,G,B,D,A,H,-,C,D,0,Y,NA,NA,NA,Y,Y,N,60,0,1,0,0,1,0,0,0,0,-,-,34.47053146362305,-117.33869171142578,SAN BERNARDINO,VICTORVILLE,-117.33560943603516,34.47052001953125
9543709,2022,2023-01-18,3600,2022-11-20,1141,J1624,JC071,7,5,5,3612,0,0,0,NA,0,VC5,PETALUMA RD,LA MESA RD,126,N,N,A,-,N,NA,NA,NA,NA,NA,NA,NA,NA,NA,N,4,0,1,2,A,-,08,22107,NA,N,A,C,A,A,H,-,A,A,0,NA,NA,NA,NA,Y,NA,A,01,0,0,1,0,0,0,0,0,0,-,-,34.484920501708984,-117.35553741455078,SAN BERNARDINO,VICTORVILLE,-117.35199737548828,34.484928131103516
9544005,2023,2023-01-30,3600,2023-01-06,1632,G6721,AP014,5,5,5,3621,0,0,0,NA,0,AP2,RT 18,CENTRAL RD,0,NA,Y,A,-,Y,SBD,8,18,-,-,57.89,H,-,S,Y,4,0,2,3,A,-,03,22350,NA,N,C,C,A,A,H,-,A,A,0,NA,NA,NA,NA,Y,NA,D,22,0,0,2,0,0,0,0,0,0,-,-,34.500640869140625,-117.17273712158205,SAN BERNARDINO,APPLE VALLEY,-116.81836700439452,34.29278564453125
9545769,2022,2023-02-15,3610,2022-12-28,0528,51167,NA,3,5,6,3610,0,0,0,NA,0,NA,N GOLDEN AV,E MONTROSE AV,96,S,N,A,-,N,NA,NA,NA,NA,NA,NA,NA,NA,NA,Y,4,0,1,3,A,-,08,22107,NA,N,A,C,A,B,H,-,C,D,0,NA,NA,NA,NA,Y,NA,A,01,0,0,1,0,0,0,0,0,0,-,-,NA,NA,SAN BERNARDINO,SAN BERNARDINO,-117.26171875,34.15707778930664
9546241,2022,2023-02-07,3610,2022-12-14,1912,51385,NA,3,5,6,3610,0,0,0,NA,0,POLICE,S MT VERNON AV,W HUFF ST,0,NA,Y,A,-,N,NA,NA,NA,NA,NA,NA,NA,NA,NA,N,4,0,1,2,A,-,09,21802,A,N,D,C,A,-,H,-,C,D,0,NA,NA,NA,NA,Y,NA,A,01,0,0,1,0,0,0,0,0,0,-,-,34.09109115600586,-117.31382751464844,SAN BERNARDINO,SAN BERNARDINO,-117.31382751464844,34.09109115600586
9546376,2023,2023-03-03,3600,2023-01-31,2041,F8172,HE218,2,5,5,3619,0,0,0,NA,0,HE2,MAIN ST,G AV,0,NA,Y,A,-,N,NA,NA,NA,NA,NA,NA,NA,NA,NA,N,4,0,1,2,A,-,10,21950,A,N,G,B,B,A,H,-,C,A,0,Y,NA,NA,NA,Y,NA,A,01,0,0,1,0,1,0,0,0,0,-,-,NA,NA,SAN BERNARDINO,HESPERIA,-117.28781127929688,34.419517517089844
9546697,2023,2023-02-24,3600,2023-01-21,2245,I3868,AP013,6,5,5,3621,0,0,0,NA,0,AP2,RT 18,PAWNEE RD,0,NA,Y,A,-,N,NA,NA,NA,NA,NA,NA,NA,NA,NA,N,3,0,1,2,A,-,09,21801,A,N,D,-,A,A,H,-,D,A,0,NA,NA,Y,NA,Y,Y,C,06,0,1,0,0,0,0,0,0,1,-,-,NA,NA,SAN BERNARDINO,APPLE VALLEY,-117.1859893798828,34.500484466552734
9546781,2023,2023-03-01,3600,2023-01-14,1026,H7577,AP021,6,5,5,3621,0,0,0,NA,0,AP4,KIOWA RD,DEL ORO RD,0,NA,Y,A,-,N,NA,NA,NA,NA,NA,NA,NA,NA,NA,Y,3,0,1,2,A,-,12,22450,NA,N,D,C,A,A,H,-,A,A,0,NA,NA,NA,NA,Y,NA,A,01,0,1,0,0,0,0,0,0,0,-,-,NA,NA,SAN BERNARDINO,APPLE VALLEY,-117.20768737792967,34.45698547363281
9546792,2023,2023-03-08,3600,2023-01-16,302,H7542,SBCSD,1,5,4,3640,0,0,0,NA,0,YC3,5TH ST,YUCAIPA BL,1393,S,N,B,C,N,NA,NA,NA,NA,NA,NA,NA,NA,NA,Y,3,0,2,2,A,-,04,21703,NA,N,D,C,A,B,H,-,D,D,0,NA,NA,NA,NA,Y,Y,A,01,0,1,1,0,0,0,0,0,0,-,-,NA,NA,SAN BERNARDINO,YUCAIPA,-117.05625152587892,34.03006362915039
9547534,2023,2023-04-14,3600,2023-02-08,1925,G3827,GT008,3,5,3,3690,0,0,0,NA,0,GT1,MOUNT VERNON AV,GREENBRIER LN,280,N,N,A,-,N,NA,NA,NA,NA,NA,NA,NA,NA,NA,Y,4,0,1,5,A,-,03,22350,NA,N,A,E,A,A,H,-,C,D,0,NA,NA,NA,NA,Y,NA,A,01,0,0,1,0,0,0,0,0,0,-,-,NA,NA,SAN BERNARDINO,GRAND TERRACE,-117.31385040283205,34.038414001464844
9547795,2023,2023-03-06,3600,2023-02-16,1420,F8172,HE21,4,5,5,3619,0,0,0,NA,0,HE2,ROCK SPRINGS RD,GLENDALE AV,0,NA,Y,A,-,N,NA,NA,NA,NA,NA,NA,NA,NA,NA,N,4,0,1,2,A,-,09,21802,A,N,D,C,A,A,H,-,A,A,0,NA,NA,NA,NA,Y,NA,A,01,0,0,1,0,0,0,0,0,0,-,-,34.41360092163086,-117.21916961669922,SAN BERNARDINO,HESPERIA,-117.24185943603516,34.41312789916992
9548344,2023,2023-04-11,3600,2023-02-16,1418,A9526,HE125,4,5,5,3619,0,0,0,NA,0,HE1,HERCULES ST,3RD AV,0,NA,Y,A,-,N,NA,NA,NA,NA,NA,NA,NA,NA,NA,Y,4,0,1,2,A,-,12,22450,A,N,D,C,A,A,H,-,A,A,0,NA,NA,NA,NA,Y,NA,A,08,0,0,1,0,0,0,0,0,0,-,-,34.43431091308594,-117.30419158935548,SAN BERNARDINO,HESPERIA,-117.3041534423828,34.43411636352539
9548453,2022,2023-03-22,3602,2022-12-18,0018,4148,NA,7,5,5,3602,0,0,0,NA,0,003,MERRILL AV,HELLMAN AV,0,NA,Y,A,-,N,NA,NA,NA,NA,NA,NA,NA,NA,NA,Y,4,0,2,2,A,-,12,22450,A,N,D,C,A,A,D,-,C,D,0,NA,NA,NA,Y,Y,NA,A,01,0,0,2,0,0,0,0,0,0,-,-,33.99060821533203,-117.66797637939452,SAN BERNARDINO,CHINO,-117.61055755615234,33.983280181884766
9548962,2023,2023-04-11,3604,2023-02-11,1107,1420,NA,6,5,6,3604,0,0,0,NA,0,003,JUNIPER AV,ATHOL ST,406,N,N,A,-,N,NA,NA,NA,NA,NA,NA,NA,NA,NA,Y,3,0,1,2,A,-,09,21804,A,N,A,C,A,A,H,-,A,A,0,NA,NA,NA,NA,Y,NA,A,01,0,1,0,0,0,0,0,0,0,-,-,NA,NA,SAN BERNARDINO,FONTANA,-117.44010162353516,34.08958435058594
9549057,2023,2023-03-06,3608,2023-02-17,1740,4766,NA,5,5,5,3608,0,0,0,NA,0,NA,W COLTON AV,ORANGE ST,120,W,N,A,-,N,NA,NA,NA,NA,NA,NA,NA,NA,NA,N,3,0,1,2,A,-,08,22107,NA,N,D,G,A,A,H,-,B,D,0,NA,Y,NA,NA,Y,NA,A,01,0,1,0,0,0,0,1,0,0,-,-,NA,NA,SAN BERNARDINO,REDLANDS,-117.18291473388672,34.062835693359375
9549926,2023,2023-03-04,3604,2023-01-10,832,802,NA,2,5,6,3604,0,0,0,NA,0,NA,RANDALL AV,ALDER AV,0,NA,Y,B,C,N,NA,NA,NA,NA,NA,NA,NA,NA,NA,Y,4,0,1,3,A,-,12,21453,A,N,D,C,A,B,H,-,A,A,0,NA,NA,NA,NA,Y,NA,A,01,0,0,1,0,0,0,0,0,0,-,-,NA,NA,SAN BERNARDINO,FONTANA,-117.41828918457033,34.08490753173828
9550196,2023,2023-08-25,3604,2023-02-17,1520,1302,NA,5,5,6,3604,0,0,0,NA,0,NA,ARROW BL,CITRUS AV,171,E,N,A,-,N,NA,NA,NA,NA,NA,NA,NA,NA,NA,N,4,0,1,2,A,-,09,21801,A,N,D,C,A,A,H,-,A,D,0,NA,NA,NA,NA,Y,NA,A,01,0,0,1,0,0,0,0,0,0,-,-,NA,NA,SAN BERNARDINO,FONTANA,-117.45308685302734,34.099300384521484
9550757,2023,2023-04-13,3600,2023-02-23,1320,A9526,HE102,4,5,5,3619,0,0,0,NA,0,HE1,COTTONWOOD AV,EUCALYPTUS ST,0,NA,Y,D,-,N,NA,NA,NA,NA,NA,NA,NA,NA,NA,Y,3,0,1,2,A,-,12,22450,A,N,D,C,A,C,H,-,A,A,0,NA,NA,NA,NA,Y,NA,A,01,0,1,0,0,0,0,0,0,0,-,-,34.45595932006836,-117.33856201171876,SAN BERNARDINO,HESPERIA,-117.33856964111328,34.455997467041016
9551033,2023,2023-03-03,3600,2023-01-01,421,I6867,YV016,7,5,3,3631,0,0,0,NA,0,YV1,OLD WOMAN SPRINGS RD,SAN JUAN RD,0,NA,Y,C,F,Y,SBD,8,247,-,-,1.51,H,-,N,Y,4,0,1,1,A,-,03,22350,NA,N,F,A,A,B,F,-,D,D,0,NA,NA,NA,NA,Y,NA,A,01,0,0,1,0,0,0,0,0,0,-,-,34.14439010620117,-116.41551208496094,SAN BERNARDINO,YUCCA VALLEY,-116.41546630859376,34.144439697265625
9551190,2023,2023-03-08,3604,2023-02-10,1037,802,NA,5,5,6,3604,0,0,0,NA,0,NA,FOOTHILL BL,JUNIPER AV,0,NA,Y,A,-,N,NA,NA,NA,NA,NA,NA,NA,NA,NA,Y,4,0,1,3,A,-,12,21453,A,N,D,C,A,A,H,-,A,A,0,NA,NA,NA,NA,Y,NA,A,07,0,0,1,0,0,0,0,0,0,-,-,NA,NA,SAN BERNARDINO,FONTANA,-117.44019317626952,34.106605529785156
9552661,2022,2023-03-15,3603,2022-07-03,0157,4817,CPD,7,5,4,3603,0,0,0,NA,0,003,W AGUA MANSA RD,MIGUEL BUSTAMANTE PKWY,4293,E,N,A,-,N,NA,NA,NA,NA,NA,NA,NA,NA,NA,Y,2,0,1,2,A,-,01,23152,A,N,C,E,A,A,H,-,C,A,0,NA,NA,NA,NA,Y,Y,A,01,1,0,0,0,0,0,0,0,0,-,-,34.04216003417969,-117.36296081542967,SAN BERNARDINO,COLTON,-117.35321044921876,34.0505256652832
9552779,2023,2023-03-07,3604,2023-02-05,1740,680,NA,7,5,6,3604,0,0,0,NA,0,NA,CITRUS AV,ARROW BL,281,N,N,B,-,N,NA,NA,NA,NA,NA,NA,NA,NA,NA,N,4,0,1,2,A,-,05,21650,1,F,D,G,A,A,H,-,B,D,0,NA,Y,NA,NA,Y,NA,L,04,0,0,1,0,0,0,1,0,0,-,-,NA,NA,SAN BERNARDINO,FONTANA,-117.45365142822266,34.10007095336914
9553044,2023,2023-04-07,3600,2023-02-08,1153,G8023,AP008,3,5,5,3621,0,0,0,NA,0,AP3,KIOWA RD,SITTING BULL RD,22,N,N,A,-,N,NA,NA,NA,NA,NA,NA,NA,NA,NA,N,4,0,2,2,A,-,03,22350,NA,N,C,C,A,A,H,-,A,A,0,NA,NA,NA,NA,Y,NA,A,01,0,0,2,0,0,0,0,0,0,-,-,NA,NA,SAN BERNARDINO,APPLE VALLEY,-117.2077178955078,34.48542022705078
9554395,2023,2023-03-20,3605,2023-02-11,1913,472,NA,6,5,4,3605,0,0,0,NA,0,NA,MORENO AV,BENSON AV,250,W,N,A,-,N,NA,NA,NA,NA,NA,NA,NA,NA,NA,N,2,0,1,2,A,-,11,21954,A,F,G,B,D,A,H,-,C,A,0,Y,NA,NA,NA,Y,NA,N,60,1,0,0,0,1,0,0,0,0,-,-,34.088741302490234,-117.68097686767578,SAN BERNARDINO,MONTCLAIR,-117.68169403076172,34.08872985839844
9554643,2023,2023-03-15,3600,2023-02-20,1240,H5258,HE134,1,5,5,3619,0,0,0,NA,0,003,RT 395,SMOKE TREE RD,24,N,N,A,-,Y,SBD,8,395,-,-,6.69,H,-,N,Y,4,0,3,2,A,-,09,21802,A,N,C,C,A,A,H,-,A,A,0,NA,NA,NA,NA,Y,NA,A,01,0,0,3,0,0,0,0,0,0,-,-,NA,NA,SAN BERNARDINO,HESPERIA,-117.39952850341795,34.441471099853516
9554925,2023,2023-03-23,3600,2023-02-25,1007,I3306,TW01,6,5,3,3617,0,0,0,NA,0,0TW,TWENTYNINE PALMS HWY,PINON DR,0,NA,Y,C,D,N,NA,NA,NA,NA,NA,NA,NA,NA,NA,Y,3,0,1,1,C,-,18,NA,NA,N,A,I,A,C,H,-,A,A,0,NA,NA,NA,NA,Y,NA,-,-,0,1,0,0,0,0,0,0,0,-,-,34.1126708984375,-116.47149658203124,SAN BERNARDINO,TWENTYNINE PALMS,-116.470947265625,34.11288070678711
9556594,2023,2023-03-30,3604,2023-02-21,1430,680,NA,2,5,6,3604,0,0,0,NA,0,NA,JUNIPER AV,ATHOL ST,30,N,N,B,-,N,NA,NA,NA,NA,NA,NA,NA,NA,NA,Y,4,0,1,2,A,-,09,21804,A,N,B,C,A,A,H,-,A,D,0,NA,NA,NA,NA,Y,NA,A,01,0,0,1,0,0,0,0,0,0,-,-,NA,NA,SAN BERNARDINO,FONTANA,-117.44010162353516,34.08855056762695
9557856,2022,2023-04-03,3608,2022-02-23,1236,5160,3608,3,5,5,3608,0,0,0,NA,0,NA,GARDEN ST,CANYON ST,313,N,N,B,C,N,NA,NA,NA,NA,NA,NA,NA,NA,NA,Y,3,0,1,1,A,-,03,22350,NA,N,E,I,A,B,H,-,A,A,0,NA,NA,NA,NA,Y,NA,D,22,0,1,0,0,0,0,0,0,0,-,-,NA,NA,SAN BERNARDINO,REDLANDS,-117.15283203125,34.025970458984375
9558223,2022,2023-03-14,3602,2022-01-25,0748,3573,NA,2,5,5,3602,0,0,0,NA,0,NA,RIVERSIDE DR,TELEPHONE AV,0,NA,Y,A,-,N,NA,NA,NA,NA,NA,NA,NA,NA,NA,N,4,0,2,2,A,-,09,21801,B,N,A,C,A,A,H,-,A,D,0,NA,NA,NA,NA,Y,NA,A,01,0,0,2,0,0,0,0,0,0,-,-,34.02608871459961,-117.69371032714844,SAN BERNARDINO,CHINO,-117.69368743896484,34.019046783447266
9558544,2023,2023-03-17,3610,2023-01-28,1647,51363,NA,6,5,6,3610,0,0,0,NA,0,NA,W 6TH ST,N MT VERNON AV,0,NA,Y,A,-,N,NA,NA,NA,NA,NA,NA,NA,NA,NA,Y,3,0,1,2,A,-,09,21801,B,N,D,C,A,A,H,-,B,A,0,NA,NA,Y,NA,Y,NA,O,05,0,1,0,0,0,0,0,0,1,-,-,34.110198974609375,-117.31382751464844,SAN BERNARDINO,SAN BERNARDINO,-117.3138427734375,34.110206604003906
9558686,2023,2023-03-20,3610,2023-02-05,1838,51304,NA,7,5,6,3610,0,0,0,NA,0,NA,WEST HIGHLAND AV,N MOUNTAIN VIEW AV,0,NA,Y,A,-,N,NA,NA,NA,NA,NA,NA,NA,NA,NA,N,4,0,1,2,A,-,09,21801,A,N,A,C,A,A,H,-,C,A,0,NA,NA,NA,NA,Y,NA,A,07,0,0,1,0,0,0,0,0,0,-,-,34.135948181152344,-117.28733825683594,SAN BERNARDINO,SAN BERNARDINO,-117.287353515625,34.135955810546875
9558687,2023,2023-03-20,3610,2023-02-06,756,51440,NA,1,5,6,3610,0,0,0,NA,0,NA,N F ST,W 5TH ST,0,NA,Y,A,-,N,NA,NA,NA,NA,NA,NA,NA,NA,NA,Y,4,0,1,2,A,-,12,21453,A,N,D,C,A,A,H,-,A,A,0,NA,NA,NA,NA,Y,NA,A,01,0,0,1,0,0,0,0,0,0,-,-,NA,NA,SAN BERNARDINO,SAN BERNARDINO,-117.29640197753906,34.108306884765625
9560158,2023,2023-03-23,3600,2023-02-27,754,F6913,RC033,1,5,6,3616,0,0,0,NA,0,005,ARROW RT,FIR DR,0,NA,Y,A,-,N,NA,NA,NA,NA,NA,NA,NA,NA,NA,N,4,0,1,2,A,-,10,21950,A,N,D,G,A,A,H,-,-,A,0,NA,Y,NA,NA,Y,NA,A,07,0,0,1,0,0,0,1,0,0,-,-,NA,NA,SAN BERNARDINO,RANCHO CUCAMONGA,-117.58788299560548,34.09928894042969
9560700,2023,2023-04-10,3600,2023-02-27,1244,H8224,RC029,1,5,6,3616,0,0,0,NA,0,RC5,CHURCH ST,HAVEN AV,0,NA,Y,B,C,N,NA,NA,NA,NA,NA,NA,NA,NA,NA,Y,3,0,2,2,A,-,12,21453,A,N,D,C,A,B,H,-,A,A,0,NA,NA,NA,NA,Y,NA,-,-,0,2,0,0,0,0,0,0,0,-,-,NA,NA,SAN BERNARDINO,RANCHO CUCAMONGA,-117.57598876953124,34.114078521728516
9562911,2023,2023-04-20,3604,2023-03-11,1117,1367,NA,6,5,6,3604,0,0,0,NA,0,NA,FOOTHILL,LIVE OAK,15,W,N,B,C,N,NA,NA,NA,NA,NA,NA,NA,NA,NA,N,3,0,1,1,A,-,03,22350,NA,N,H,A,A,B,G,-,A,D,0,NA,NA,Y,NA,Y,NA,C,02,0,1,0,0,0,0,0,0,1,-,-,NA,NA,SAN BERNARDINO,FONTANA,-117.47998046875,34.10647201538086
9562943,2023,2023-05-08,3604,2023-03-06,17,769,NA,1,5,6,3604,0,0,0,NA,0,004,ETIWANDA AV,SLOVER AV,377,N,N,A,-,N,NA,NA,NA,NA,NA,NA,NA,NA,NA,Y,3,0,1,1,A,-,01,23152,A,N,E,I,A,A,H,-,C,A,0,NA,NA,NA,NA,Y,Y,A,07,0,1,0,0,0,0,0,0,0,-,-,NA,NA,SAN BERNARDINO,FONTANA,-117.52413177490234,34.06322479248047
9568378,2023,2023-03-30,3600,2023-01-30,1719,I2283,AP021,1,5,5,3621,0,0,0,NA,0,AP4,TUSSING RANCH RD,EDISON POLE 4200306E,10,W,N,A,-,N,NA,NA,NA,NA,NA,NA,NA,NA,NA,N,2,0,2,1,A,-,03,38305,NA,N,F,A,A,A,H,-,D,D,0,NA,NA,Y,NA,Y,NA,C,06,1,1,0,0,0,0,0,0,2,-,-,NA,NA,SAN BERNARDINO,APPLE VALLEY,NA,NA
9568441,2023,2023-04-28,3604,2023-03-09,1950,1163,NA,4,5,6,3604,0,0,0,NA,0,NA,FOOTHILL BL,OLEANDER AV,360,W,N,A,-,N,NA,NA,NA,NA,NA,NA,NA,NA,NA,N,3,0,1,2,A,-,21,22106,NA,N,G,B,F,A,H,-,C,D,0,Y,NA,NA,NA,Y,NA,A,01,0,1,0,0,1,0,0,0,0,-,-,NA,NA,SAN BERNARDINO,FONTANA,-117.45005798339844,34.106571197509766
9569983,2023,2023-04-12,3600,2023-03-28,759,G3817,CH039,2,5,5,3630,0,0,0,NA,0,CH2,CHINO HILLS PKWY,MARKET PL,0,NA,Y,A,-,Y,SBD,8,142,-,-,5.536,I,5,E,N,4,0,1,2,A,-,12,21453,A,N,D,C,A,A,H,-,A,A,0,NA,NA,NA,NA,Y,NA,D,22,0,0,1,0,0,0,0,0,0,-,-,NA,NA,SAN BERNARDINO,CHINO HILLS,-117.71317291259766,33.982635498046875
9570602,2023,2023-04-25,3608,2023-03-24,1105,3540,NA,5,5,5,3608,0,0,0,NA,0,NA,ALABAMA ST,LUGONIA AV,0,NA,Y,A,-,N,NA,NA,NA,NA,NA,NA,NA,NA,NA,N,4,0,1,2,A,-,03,22350,NA,F,C,C,A,A,H,-,A,A,0,NA,NA,NA,NA,Y,NA,A,01,0,0,1,0,0,0,0,0,0,-,-,NA,NA,SAN BERNARDINO,REDLANDS,-117.20877075195313,34.070308685302734
9571287,2023,2023-04-29,3600,2023-03-21,1639,C9389,RC052,2,5,6,3616,0,0,0,NA,0,RC4,VINEYARD AV,FOOTHILL BL,0,NA,Y,C,-,N,NA,NA,NA,NA,NA,NA,NA,NA,NA,Y,4,0,1,3,A,-,09,21804,A,N,D,C,A,B,H,-,A,D,0,NA,NA,NA,NA,Y,NA,A,01,0,0,1,0,0,0,0,0,0,-,-,NA,NA,SAN BERNARDINO,RANCHO CUCAMONGA,-117.61106872558594,34.106571197509766
9571531,2023,2023-05-08,3604,2023-04-02,130,1339,NA,7,5,6,3604,0,0,0,NA,0,NA,LIBERTY PKWY,MEYER CANYON DR,588,S,N,A,-,N,NA,NA,NA,NA,NA,NA,NA,NA,NA,Y,4,0,1,1,A,-,03,22350,NA,N,E,I,A,A,H,-,C,D,0,NA,NA,NA,NA,Y,NA,A,01,0,0,1,0,0,0,0,0,0,-,-,NA,NA,SAN BERNARDINO,FONTANA,-117.4912109375,34.10893249511719