CASE_ID,ACCIDENT_YEAR,PROC_DATE,JURIS,COLLISION_DATE,COLLISION_TIME,OFFICER_ID,REPORTING_DISTRICT,DAY_OF_WEEK,CHP_SHIFT,POPULATION,CNTY_CITY_LOC,SPECIAL_COND,BEAT_TYPE,CHP_BEAT_TYPE,CITY_DIVISION_LAPD,CHP_BEAT_CLASS,BEAT_NUMBER,PRIMARY_RD,SECONDARY_RD,DISTANCE,DIRECTION,INTERSECTION,WEATHER_1,WEATHER_2,STATE_HWY_IND,CALTRANS_COUNTY,CALTRANS_DISTRICT,STATE_ROUTE,ROUTE_SUFFIX,POSTMILE_PREFIX,POSTMILE,LOCATION_TYPE,RAMP_INTERSECTION,SIDE_OF_HWY,TOW_AWAY,COLLISION_SEVERITY,NUMBER_KILLED,NUMBER_INJURED,PARTY_COUNT,PRIMARY_COLL_FACTOR,PCF_CODE_OF_VIOL,PCF_VIOL_CATEGORY,PCF_VIOLATION,PCF_VIOL_SUBSECTION,HIT_AND_RUN,TYPE_OF_COLLISION,MVIW,PED_ACTION,ROAD_SURFACE,ROAD_COND_1,ROAD_COND_2,LIGHTING,CONTROL_DEVICE,CHP_ROAD_TYPE,PEDESTRIAN_ACCIDENT,BICYCLE_ACCIDENT,MOTORCYCLE_ACCIDENT,TRUCK_ACCIDENT,NOT_PRIVATE_PROPERTY,ALCOHOL_INVOLVED,STWD_VEHTYPE_AT_FAULT,CHP_VEHTYPE_AT_FAULT,COUNT_SEVERE_INJ,COUNT_VISIBLE_INJ,COUNT_COMPLAINT_PAIN,COUNT_PED_KILLED,COUNT_PED_INJURED,COUNT_BICYCLIST_KILLED,COUNT_BICYCLIST_INJURED,COUNT_MC_KILLED,COUNT_MC_INJURED,PRIMARY_RAMP,SECONDARY_RAMP,LATITUDE,LONGITUDE,COUNTY,CITY,POINT_X,POINT_Y
9659277,2023,2024-02-09,3600,2023-12-23,1709,12571,NA,6,5,6,3616,0,0,0,NA,0,006,CHURCH ST,IRON HORSE PL,9,E,N,A,-,N,NA,NA,NA,NA,NA,NA,NA,NA,NA,N,3,0,1,2,A,-,09,21804,A,N,D,C,A,A,H,-,C,A,0,NA,NA,NA,NA,Y,NA,A,01,0,1,0,0,0,0,0,0,0,-,-,NA,NA,SAN BERNARDINO,RANCHO CUCAMONGA,-117.52611541748048,34.113800048828125
9659413,2023,2024-02-12,3600,2023-12-11,1122,J2804,RC032,1,5,6,3616,0,0,0,NA,0,005,ARCHIBALD AV,FOOTHILL BL,24,N,N,A,-,N,NA,NA,NA,NA,NA,NA,NA,NA,NA,N,4,0,1,1,A,-,03,22350,NA,N,-,A,A,A,H,-,A,A,0,NA,NA,Y,NA,Y,NA,C,02,0,0,1,0,0,0,0,0,1,-,-,NA,NA,SAN BERNARDINO,RANCHO CUCAMONGA,-117.59349060058594,34.10657501220703
9660043,2024,2024-02-21,3604,2024-01-12,1653,768,NA,5,5,6,3604,0,0,0,NA,0,NA,DUNCAN CANYON RD,CITRUS AV,0,NA,Y,A,-,N,NA,NA,NA,NA,NA,NA,NA,NA,NA,Y,3,0,2,2,A,-,12,22450,A,N,D,C,A,A,H,-,B,A,0,NA,NA,NA,NA,Y,NA,-,-,0,2,0,0,0,0,0,0,0,-,-,34.165138244628906,-117.45372772216795,SAN BERNARDINO,FONTANA,-117.45375061035156,34.165016174316406
9660148,2024,2024-03-01,3608,2024-01-24,900,5071,3608,3,5,5,3608,0,0,0,NA,0,901,LALANIA AV,ROSE ARBOR CT,0,NA,Y,B,-,N,NA,NA,NA,NA,NA,NA,NA,NA,NA,Y,4,0,2,1,C,-,18,NA,NA,N,E,I,A,A,H,-,A,A,0,NA,NA,NA,NA,Y,NA,-,-,0,0,2,0,0,0,0,0,0,-,-,NA,NA,SAN BERNARDINO,REDLANDS,-117.169189453125,34.074485778808594
9660280,2024,2024-03-01,3608,2024-01-25,1507,5143,NA,4,5,5,3608,0,0,0,NA,0,NA,CRESCENT AV,MONTEREY ST,0,NA,Y,A,-,N,NA,NA,NA,NA,NA,NA,NA,NA,NA,N,3,0,1,2,A,-,09,21801,NA,N,H,A,A,A,H,-,A,A,0,NA,NA,Y,NA,Y,NA,A,01,0,1,0,0,0,0,0,0,0,-,-,NA,NA,SAN BERNARDINO,REDLANDS,-117.18096923828124,34.03330993652344
9660300,2024,2024-05-02,3608,2024-02-02,1434,4345,SANBE,5,5,5,3608,0,0,0,NA,0,NA,SAN TIMOTEO CANYON RD,BERMUDEZ ST,78,N,N,A,-,N,NA,NA,NA,NA,NA,NA,NA,NA,NA,Y,4,0,2,1,A,-,03,22350,NA,N,E,I,A,A,H,-,A,A,0,NA,NA,NA,NA,Y,NA,A,07,0,0,2,0,0,0,0,0,0,-,-,NA,NA,SAN BERNARDINO,REDLANDS,-117.21759796142578,34.046119689941406
9660865,2024,2024-03-26,3600,2024-01-15,1114,G6918,VC021,1,5,5,3612,0,0,0,NA,0,VC3,BEAR VALLEY RD,APATITE AV,2621,W,N,A,-,N,NA,NA,NA,NA,NA,NA,NA,NA,NA,N,4,0,1,2,B,-,22,NA,NA,N,D,G,A,A,H,-,A,A,0,NA,Y,NA,NA,Y,NA,L,04,0,0,1,0,0,0,1,0,0,-,-,34.471099853515625,-117.2871322631836,SAN BERNARDINO,VICTORVILLE,-117.29471588134766,34.47092056274414
9661822,2024,2024-04-18,3610,2024-03-06,1113,51119,NA,3,5,6,3610,0,0,0,NA,0,NA,HIGHLAND AV,WATERMAN AV,253,N,N,A,-,N,NA,NA,NA,NA,NA,NA,NA,NA,NA,Y,4,0,1,3,A,-,03,22350,NA,N,C,C,A,A,H,-,A,A,0,NA,NA,NA,NA,Y,NA,A,01,0,0,1,0,0,0,0,0,0,-,-,NA,NA,SAN BERNARDINO,SAN BERNARDINO,-117.2787628173828,34.135929107666016
9664281,2024,2024-03-09,3600,2024-01-08,1240,F5717,HE107,1,5,5,3619,0,0,0,NA,0,HE1,11TH AV,SYCAMORE ST,0,NA,Y,A,-,N,NA,NA,NA,NA,NA,NA,NA,NA,NA,Y,3,0,2,2,A,-,09,21801,A,N,A,C,A,A,H,-,A,A,0,NA,NA,NA,NA,Y,NA,A,01,0,2,0,0,0,0,0,0,0,-,-,34.46332931518555,-117.32105255126952,SAN BERNARDINO,HESPERIA,-117.3210906982422,34.46345520019531
9664329,2024,2024-06-24,3600,2024-01-30,2229,I4860,AP,2,5,5,3621,0,0,0,NA,0,AP2,WAALEW RD,DALE EVANS PKWY,0,NA,Y,B,-,N,NA,NA,NA,NA,NA,NA,NA,NA,NA,Y,3,0,2,2,A,-,09,21800,A,N,D,C,A,A,H,-,C,D,0,NA,NA,NA,NA,Y,NA,A,01,0,1,1,0,0,0,0,0,0,-,-,NA,NA,SAN BERNARDINO,APPLE VALLEY,-117.20836639404295,34.556922912597656
9664358,2024,2024-03-15,3604,2024-01-24,803,1483,NA,3,5,6,3604,0,0,0,NA,0,003,MERRILL AVE,DATE ST,52,E,N,A,-,N,NA,NA,NA,NA,NA,NA,NA,NA,NA,N,3,0,1,2,A,-,09,21801,A,N,D,C,A,A,H,-,A,D,0,NA,NA,Y,NA,Y,NA,A,01,0,1,0,0,0,0,0,0,1,-,-,NA,NA,SAN BERNARDINO,FONTANA,-117.44647216796876,34.092098236083984
9665219,2024,2024-04-30,3600,2024-02-02,1534,J1624,VC019,5,5,5,3612,0,0,0,NA,0,VC2,7TH ST,CIRCLE DR,0,NA,Y,A,-,N,NA,NA,NA,NA,NA,NA,NA,NA,NA,N,4,0,1,2,A,-,11,21954,A,N,G,B,D,A,H,-,A,A,0,Y,NA,NA,NA,Y,NA,N,60,0,0,1,0,1,0,0,0,0,-,-,34.524600982666016,-117.30419158935548,SAN BERNARDINO,VICTORVILLE,-117.30442810058594,34.524539947509766
9665771,2024,2024-06-10,3600,2024-03-13,1755,J3215,VC016,3,5,5,3612,0,0,0,NA,0,VC2,7TH ST,GREEN TREE BL,0,NA,Y,A,-,N,NA,NA,NA,NA,NA,NA,NA,NA,NA,Y,3,0,3,2,A,-,12,21453,A,N,D,C,A,A,H,-,A,A,0,NA,NA,Y,NA,Y,Y,C,02,0,1,2,0,0,0,0,0,1,-,-,34.50904083251953,-117.32012939453124,SAN BERNARDINO,VICTORVILLE,-117.32015991210938,34.50904083251953
9665808,2024,2024-04-16,3600,2024-02-21,827,F3800,YC108,3,5,4,3640,0,0,0,NA,0,YC3,AVENUE E,5TH ST,0,NA,Y,B,-,N,NA,NA,NA,NA,NA,NA,NA,NA,NA,N,4,0,5,2,A,-,03,22350,NA,N,C,C,A,A,H,-,A,A,0,NA,NA,NA,NA,Y,NA,A,07,0,0,5,0,0,0,0,0,0,-,-,NA,NA,SAN BERNARDINO,YUCAIPA,-117.05625152587892,34.026588439941406
9666187,2024,2024-06-07,3600,2024-03-09,1341,G6192,AP008,6,5,5,3621,0,0,0,NA,0,AP3,BEAR VALLEY RD,KIOWA RD,488,W,N,A,-,N,NA,NA,NA,NA,NA,NA,NA,NA,NA,Y,3,0,2,2,A,-,06,21755,NA,N,D,C,A,A,H,-,A,A,0,NA,NA,NA,NA,Y,NA,A,08,0,1,1,0,0,0,0,0,0,-,-,NA,NA,SAN BERNARDINO,APPLE VALLEY,-117.20934295654295,34.471431732177734
9666284,2023,2024-07-09,3600,2023-12-05,1547,J5492,AD207,2,5,3,3613,0,0,0,NA,0,AD2,BELLFLOWER ST,MOJAVE DR,20,S,N,A,-,N,NA,NA,NA,NA,NA,NA,NA,NA,NA,N,3,0,1,2,A,-,11,21954,A,M,G,B,D,A,H,-,A,A,0,Y,NA,NA,NA,Y,NA,N,60,0,1,0,0,1,0,0,0,0,-,-,34.58290100097656,-117.41959381103516,SAN BERNARDINO,ADELANTO,-117.41697692871094,34.528385162353516
9666541,2024,2024-03-14,3604,2024-01-03,1537,1470,NA,3,5,6,3604,0,0,0,NA,0,002,CITRUS AV,BARBEE ST,0,NA,Y,B,-,N,NA,NA,NA,NA,NA,NA,NA,NA,NA,Y,4,0,1,2,A,-,09,21801,A,N,D,C,A,A,H,-,A,A,0,NA,NA,NA,NA,Y,NA,A,01,0,0,1,0,0,0,0,0,0,-,-,NA,NA,SAN BERNARDINO,FONTANA,-117.45362091064452,34.1086311340332
9666551,2023,2024-03-14,3603,2023-01-03,2156,4689,CPD,2,5,4,3603,0,0,0,NA,0,003,S RANCHO AV,AGUA MANSA RD,574,N,N,A,C,N,NA,NA,NA,NA,NA,NA,NA,NA,NA,N,3,0,1,1,A,-,03,22350,NA,N,E,I,A,B,H,-,C,D,0,NA,NA,NA,NA,Y,NA,A,01,0,1,0,0,0,0,0,0,0,-,-,34.0555305480957,-117.33450317382813,SAN BERNARDINO,COLTON,-117.33480072021484,34.055660247802734
9668888,2024,2024-07-02,3600,2024-02-02,923,H8998,BL208,5,5,2,3680,0,0,0,NA,0,BL2,CHINA GARDEN RD,BIG BEAR BL,0,NA,Y,A,-,N,NA,NA,NA,NA,NA,NA,NA,NA,NA,Y,4,0,1,3,C,-,18,NA,NA,N,C,C,A,C,E,-,A,D,0,NA,NA,NA,NA,Y,NA,-,-,0,0,1,0,0,0,0,0,0,-,-,34.243370056152344,-116.88601684570313,SAN BERNARDINO,BIG BEAR LAKE,-116.88607025146484,34.24352264404297
9669208,2024,2024-04-17,3610,2024-02-23,1728,51326,NA,5,5,6,3610,0,0,0,NA,0,NA,N G ST,W 16TH ST,0,NA,Y,A,-,N,NA,NA,NA,NA,NA,NA,NA,NA,NA,N,4,0,1,2,A,-,12,22450,A,N,D,C,A,A,H,-,B,A,0,NA,NA,NA,NA,Y,NA,A,01,0,0,1,0,0,0,0,0,0,-,-,NA,NA,SAN BERNARDINO,SAN BERNARDINO,-117.29865264892578,34.12853240966797
9669214,2024,2024-07-02,3610,2024-02-24,1614,51326,NA,6,5,6,3610,0,0,0,NA,0,NA,N LITTLE MOUNTAIN DR,BOND ST,1056,N,N,A,-,N,NA,NA,NA,NA,NA,NA,NA,NA,NA,Y,4,0,2,2,A,-,08,22107,NA,N,D,C,A,A,H,-,A,D,0,NA,NA,NA,NA,Y,NA,A,08,0,0,2,0,0,0,0,0,0,-,-,NA,NA,SAN BERNARDINO,SAN BERNARDINO,-117.32171630859376,34.15647888183594
9669503,2024,2024-04-24,3608,2024-02-10,1443,5137,3608,6,5,5,3608,0,0,0,NA,0,NA,ALABAMA ST,COULSTON AV,0,NA,Y,A,-,N,NA,NA,NA,NA,NA,NA,NA,NA,NA,N,4,0,1,3,A,-,03,22350,NA,N,C,C,A,-,A,H,A,A,0,NA,NA,NA,NA,Y,NA,D,22,0,0,1,0,0,0,0,0,0,-,-,NA,NA,SAN BERNARDINO,REDLANDS,-117.20874786376952,34.068904876708984
9669878,2024,2024-03-19,3605,2024-01-25,834,462,NA,4,5,4,3605,0,0,0,NA,0,NA,BENSON AV,BENITO ST,0,NA,Y,B,C,N,NA,NA,NA,NA,NA,NA,NA,NA,NA,Y,4,0,1,2,A,-,03,22350,NA,N,C,C,A,B,H,-,A,D,0,NA,NA,NA,NA,Y,NA,A,01,0,0,1,0,0,0,0,0,0,-,-,34.074058532714844,-117.68096160888672,SAN BERNARDINO,MONTCLAIR,-117.68080902099608,34.07414245605469
9670725,2023,2024-03-05,3600,2023-11-30,1917,H7582,RC010,4,5,6,3616,0,0,0,NA,0,RC5,MILLIKEN AV,BASE LINE RD,0,NA,Y,A,-,N,NA,NA,NA,NA,NA,NA,NA,NA,NA,Y,3,0,2,3,A,-,09,21801,A,N,D,C,A,A,H,-,C,A,0,NA,NA,NA,NA,Y,NA,A,07,0,2,0,0,0,0,0,0,0,-,-,NA,NA,SAN BERNARDINO,RANCHO CUCAMONGA,-117.55864715576172,34.121395111083984
9670815,2023,2024-02-28,3600,2023-10-29,911,F8556,RC014,7,5,6,3616,0,0,0,NA,0,003,BASE LINE RD,ELLENA WY WEST,0,NA,Y,A,-,N,NA,NA,NA,NA,NA,NA,NA,NA,NA,Y,4,0,3,3,A,-,01,23152,A,N,D,C,A,A,H,-,A,D,0,NA,NA,NA,NA,Y,Y,A,01,0,0,3,0,0,0,0,0,0,-,-,NA,NA,SAN BERNARDINO,RANCHO CUCAMONGA,-117.55522918701172,34.121421813964844
9671737,2024,2024-05-02,3605,2024-02-17,1135,502,NA,6,5,4,3605,0,0,0,NA,0,NA,CENTRAL AV,E MONTCLAIR PLAZA LN,15,N,N,A,-,N,NA,NA,NA,NA,NA,NA,NA,NA,NA,N,4,0,1,2,A,-,03,22350,NA,N,C,C,A,A,H,-,A,A,0,NA,NA,NA,NA,Y,NA,A,07,0,0,1,0,0,0,0,0,0,-,-,NA,NA,SAN BERNARDINO,MONTCLAIR,NA,NA
9673669,2024,2024-04-29,3610,2024-02-06,2500,51374,NA,2,5,6,3610,0,0,0,NA,0,NA,N LITTLE MOUNTAIN DR,BOND ST,4752,N,N,B,C,N,NA,NA,NA,NA,NA,NA,NA,NA,NA,Y,3,0,1,1,A,-,03,22350,NA,N,H,J,A,B,H,-,D,D,0,NA,NA,NA,NA,Y,NA,A,01,0,1,0,0,0,0,0,0,0,-,-,NA,NA,SAN BERNARDINO,SAN BERNARDINO,-117.31731414794922,34.164039611816406
9673690,2024,2024-04-25,3610,2024-02-09,812,51465,NA,5,5,6,3610,0,0,0,NA,0,NA,N DEL ROSA AVE,E MARSHALL BL,0,NA,Y,A,-,N,NA,NA,NA,NA,NA,NA,NA,NA,NA,Y,3,0,2,2,A,-,12,22450,A,M,D,C,A,A,H,-,A,A,0,NA,NA,NA,NA,Y,NA,A,07,0,1,1,0,0,0,0,0,0,-,-,34.14945983886719,-117.25241088867188,SAN BERNARDINO,SAN BERNARDINO,-117.25244140625,34.14944839477539
9673941,2024,2024-04-24,3605,2024-02-02,932,437,NA,5,5,4,3605,0,0,0,NA,0,NA,SAN BERNARDINO ST,MONTE VISTA AV,0,NA,Y,A,-,N,NA,NA,NA,NA,NA,NA,NA,NA,NA,NA,4,0,1,2,A,-,09,21801,A,N,D,C,A,A,H,-,A,A,0,NA,NA,NA,NA,Y,NA,A,01,0,0,1,0,0,0,0,0,0,-,-,34.077598571777344,-117.68949127197266,SAN BERNARDINO,MONTCLAIR,-117.6982192993164,34.07766342163086
9673957,2024,2024-04-30,3600,2024-02-24,2202,D6899,HE113,6,5,5,3619,0,0,0,NA,0,HE1,BALSAM AV,MESA ST,0,NA,Y,A,-,N,NA,NA,NA,NA,NA,NA,NA,NA,NA,Y,4,0,1,2,A,-,12,22450,A,N,D,C,A,A,H,-,D,A,0,NA,NA,NA,NA,Y,NA,A,07,0,0,1,0,0,0,0,0,0,-,-,NA,NA,SAN BERNARDINO,HESPERIA,-117.32968139648438,34.448734283447266
9673962,2024,2024-04-30,3600,2024-02-20,2101,H8985,HE105,2,5,5,3619,0,0,0,NA,0,001,SEQUOIA ST,HESPERIA RD,0,NA,Y,A,-,N,NA,NA,NA,NA,NA,NA,NA,NA,NA,Y,2,0,2,2,A,-,01,23152,A,N,D,C,A,A,H,-,C,A,0,NA,NA,NA,NA,Y,Y,A,01,1,0,1,0,0,0,0,0,0,-,-,NA,NA,SAN BERNARDINO,HESPERIA,-117.29232788085938,34.46907424926758
9675163,2024,2024-04-11,3604,2024-02-29,803,925,NA,4,5,6,3604,0,0,0,NA,0,NA,JURUPA AV,MULBERRY AV,51,E,N,B,-,N,NA,NA,NA,NA,NA,NA,NA,NA,NA,NA,4,0,1,2,A,-,03,22350,NA,N,C,C,A,A,H,-,A,A,0,NA,NA,NA,Y,Y,NA,E,22,0,0,1,0,0,0,0,0,0,-,-,34.04811096191406,-117.50694274902344,SAN BERNARDINO,FONTANA,-117.50682067871094,34.048091888427734
9675306,2023,2024-03-05,3600,2023-11-21,1241,H7582,RC203,2,5,6,3616,0,0,0,NA,0,RC6,FOOTHILL BL,DAY CREEK BL,0,NA,Y,A,-,N,NA,NA,NA,NA,NA,NA,NA,NA,NA,Y,3,0,2,2,A,-,03,22350,NA,N,C,C,A,A,H,-,A,A,0,NA,NA,NA,NA,Y,NA,A,01,0,2,0,0,0,0,0,0,0,-,-,NA,NA,SAN BERNARDINO,RANCHO CUCAMONGA,-117.53724670410156,34.10622787475586
9676273,2024,2024-04-24,3604,2024-02-06,759,1395,NA,2,5,6,3604,0,0,0,NA,0,NA,ARROW BL,CITRUS AV,0,NA,Y,C,-,N,NA,NA,NA,NA,NA,NA,NA,NA,NA,Y,3,0,3,3,A,-,12,21453,A,N,D,C,A,B,H,-,A,A,0,NA,NA,NA,NA,Y,NA,I,11,0,1,2,0,0,0,0,0,0,-,-,34.099571228027344,-117.45382690429688,SAN BERNARDINO,FONTANA,-117.45365142822266,34.099300384521484
9676583,2024,2024-06-13,3610,2024-04-14,2050,51512,NA,7,5,6,3610,0,0,0,NA,0,NA,N SIERRA WAY,E 40TH ST,0,NA,Y,A,-,N,NA,NA,NA,NA,NA,NA,NA,NA,NA,N,4,0,1,2,A,-,10,21950,A,F,G,B,B,B,H,-,C,A,0,Y,NA,NA,NA,Y,NA,D,22,0,0,1,0,1,0,0,0,0,-,-,34.16328811645508,-117.28385925292967,SAN BERNARDINO,SAN BERNARDINO,-117.28502655029295,34.16490173339844
9676902,2024,2024-06-05,3610,2024-04-20,758,51407,NA,6,5,6,3610,0,0,0,NA,0,NA,W MILL ST,S PEPPER AV,230,E,N,A,-,N,NA,NA,NA,NA,NA,NA,NA,NA,NA,Y,4,0,1,2,A,-,08,22107,NA,N,D,C,A,A,H,-,A,A,0,NA,NA,Y,NA,Y,NA,C,06,0,0,1,0,0,0,0,0,0,-,-,34.09231948852539,-117.35130310058594,SAN BERNARDINO,SAN BERNARDINO,-117.35213470458984,34.09231948852539
9677424,2024,2024-08-22,3600,2024-05-02,1806,I2285,CH015,4,5,5,3630,0,0,0,NA,0,CH4,RAMONA AV,RT 71,0,NA,Y,A,-,Y,SBD,8,71,-,R,3.754,R,4,N,Y,3,0,2,2,A,-,12,21453,A,N,A,C,A,A,H,-,A,A,0,NA,NA,NA,NA,Y,NA,-,-,0,1,1,0,0,0,0,0,0,-,-,33.9813117980957,-117.7063217163086,SAN BERNARDINO,CHINO HILLS,-117.7036590576172,33.97908401489258
9677893,2024,2024-07-22,3600,2024-05-04,157,I5435,HE326,6,5,5,3619,0,0,0,NA,0,HE3,MARIPOSA RD,RANCHERO RD,1056,S,N,A,-,N,NA,NA,NA,NA,NA,NA,NA,NA,NA,Y,3,0,4,2,A,-,01,23152,A,N,A,C,A,A,H,-,D,A,0,NA,NA,NA,NA,Y,Y,A,01,0,2,2,0,0,0,0,0,0,-,-,NA,NA,SAN BERNARDINO,HESPERIA,-117.41271209716795,34.38052749633789
9677894,2024,2024-07-22,3600,2024-05-01,536,J5483,HE2,3,5,5,3619,0,0,0,NA,0,HE402,SANTA FE AV EAST,WALNUT ST,90,S,N,A,-,N,NA,NA,NA,NA,NA,NA,NA,NA,NA,Y,2,0,2,2,A,-,03,22350,NA,N,C,C,A,A,H,-,A,D,0,NA,NA,NA,NA,Y,NA,A,01,1,0,1,0,0,0,0,0,0,-,-,NA,NA,SAN BERNARDINO,HESPERIA,-117.30161285400392,34.42023849487305
9678367,2024,2024-04-10,3600,2024-02-27,547,17914,VC025,2,5,5,3612,0,0,0,NA,0,VC4,MARIPOSA RD,TALPA ST,634,S,N,A,-,N,NA,NA,NA,NA,NA,NA,NA,NA,NA,Y,3,0,2,2,A,-,09,21802,A,N,D,C,A,A,H,-,A,D,0,NA,NA,NA,NA,Y,NA,A,01,0,1,1,0,0,0,0,0,0,-,-,34.49441909790039,-117.32919311523438,SAN BERNARDINO,VICTORVILLE,-117.32919311523438,34.49453353881836
9678376,2024,2024-04-10,3600,2024-02-23,1308,J2651,VC064,5,5,5,3612,0,0,0,NA,0,VC05,LE MESA RD,AMARGOSA RD,0,NA,Y,A,-,N,NA,NA,NA,NA,NA,NA,NA,NA,NA,Y,4,0,2,2,A,-,09,21801,A,N,D,C,A,A,H,-,A,A,0,NA,NA,NA,NA,Y,NA,A,01,0,0,2,0,0,0,0,0,0,-,-,34.48537826538086,-117.33712768554688,SAN BERNARDINO,VICTORVILLE,-117.3637237548828,34.44868087768555
9678567,2023,2024-03-25,3605,2023-12-21,540,457,NA,4,5,4,3605,0,0,0,NA,0,NA,HOLT BL,BENSON AV,7,W,N,B,-,N,NA,NA,NA,NA,NA,NA,NA,NA,NA,N,3,0,1,2,A,-,10,21950,C,F,G,B,B,B,H,-,C,A,0,Y,NA,NA,NA,Y,NA,-,99,0,1,0,0,1,0,0,0,0,-,-,34.06327819824219,-117.68092346191406,SAN BERNARDINO,MONTCLAIR,-117.68083953857422,34.06329345703125
9679235,2024,2024-03-29,3610,2024-02-05,1851,51349,NA,1,5,6,3610,0,0,0,NA,0,NA,RT 215,5TH ST,0,NA,Y,C,-,Y,SBD,8,215,-,-,7.4,R,1,S,Y,4,0,1,2,A,-,11,21453,D,N,G,B,B,B,H,-,C,A,0,Y,NA,NA,NA,Y,NA,N,60,0,0,1,0,1,0,0,0,0,SF,-,NA,NA,SAN BERNARDINO,SAN BERNARDINO,-117.30281066894533,34.111385345458984
9681027,2024,2024-04-26,3608,2024-02-17,529,4345,SANBE,6,5,5,3608,0,0,0,NA,0,NA,ALABAMA ST,RT 10,25,S,N,B,-,Y,SBD,8,10,-,-,29.204,R,4,E,Y,2,0,5,2,A,-,03,22350,NA,F,D,C,A,A,H,-,C,A,0,NA,NA,NA,NA,Y,NA,A,01,2,2,1,0,0,0,0,0,0,-,EF,NA,NA,SAN BERNARDINO,REDLANDS,-117.21066284179688,34.066490173339844
9685254,2024,2024-05-09,3604,2024-03-21,1528,802,NA,4,5,6,3604,0,0,0,NA,0,NA,SIERRA AV,ORANGE WY,12,S,N,A,-,N,NA,NA,NA,NA,NA,NA,NA,NA,NA,N,4,0,1,2,A,-,10,21950,A,N,G,B,B,A,H,-,A,A,0,Y,NA,NA,NA,Y,NA,D,22,0,0,1,0,1,0,0,0,0,-,-,34.095829010009766,-117.43573760986328,SAN BERNARDINO,FONTANA,-117.43572998046876,34.095829010009766
9686433,2024,2024-08-14,3610,2024-05-11,750,51465,NA,6,5,6,3610,0,0,0,NA,0,NA,E FOOTHILL BL,PEPPER ST,0,NA,Y,A,-,N,NA,NA,NA,NA,NA,NA,NA,NA,NA,Y,3,0,2,2,A,-,12,21453,A,N,D,C,A,A,H,-,A,A,0,NA,NA,NA,NA,Y,NA,A,07,0,2,0,0,0,0,0,0,0,-,-,34.10676956176758,-117.35289764404295,SAN BERNARDINO,SAN BERNARDINO,-117.3529052734375,34.10676956176758
9686743,2024,2024-08-06,3604,2024-06-10,1700,1139,NA,1,5,6,3604,0,0,0,NA,0,NA,JUNIPER AV,SAN BERNARDINO AV,200,N,N,A,-,N,NA,NA,NA,NA,NA,NA,NA,NA,NA,Y,4,0,1,3,A,-,03,22350,NA,N,C,C,A,A,H,-,A,D,0,NA,NA,NA,NA,Y,NA,D,22,0,0,1,0,0,0,0,0,0,-,-,34.077598571777344,-117.44010925292967,SAN BERNARDINO,FONTANA,-117.44005584716795,34.07809829711914
9687654,2024,2024-05-16,3600,2024-03-09,1614,J2823,RC016,6,5,6,3616,0,0,0,NA,0,RC6,6TH ST,ROCHESTER AV,0,NA,Y,A,-,N,NA,NA,NA,NA,NA,NA,NA,NA,NA,Y,3,0,2,2,A,-,09,21801,NA,N,D,C,A,A,H,-,A,A,0,NA,NA,NA,NA,Y,NA,A,01,0,2,0,0,0,0,0,0,0,-,-,NA,NA,SAN BERNARDINO,RANCHO CUCAMONGA,-117.54766845703124,34.088218688964844
9687689,2024,2024-05-03,3600,2024-03-07,725,H9747,VC055,4,5,5,3612,0,0,0,NA,0,VC5,HOOK BL,AMARGOSA RD,230,W,N,A,-,N,NA,NA,NA,NA,NA,NA,NA,NA,NA,Y,4,0,2,2,A,-,09,21804,A,N,D,C,A,A,H,-,A,D,0,NA,NA,NA,NA,Y,NA,A,07,0,0,2,0,0,0,0,0,0,-,-,NA,NA,SAN BERNARDINO,VICTORVILLE,-117.3310546875,34.52143096923828
9688228,2024,2024-08-05,3600,2024-02-25,1826,G4514,RC013,7,5,6,3616,0,0,0,NA,0,RC3,MATERA PL,LARK DR,0,NA,Y,A,-,N,NA,NA,NA,NA,NA,NA,NA,NA,NA,Y,4,0,1,1,A,-,01,23152,A,N,E,I,A,A,H,-,C,D,0,NA,NA,NA,NA,Y,Y,A,01,0,0,1,0,0,0,0,0,0,-,-,NA,NA,SAN BERNARDINO,RANCHO CUCAMONGA,NA,NA
9688813,2024,2024-05-04,3600,2024-03-05,723,F5130,RC014,2,5,6,3616,0,0,0,NA,0,RC6,CHURCH ST,MALAGA DR,0,NA,Y,B,-,N,NA,NA,NA,NA,NA,NA,NA,NA,NA,Y,4,0,1,3,A,-,03,22350,NA,N,C,C,A,A,H,-,A,A,0,NA,NA,NA,NA,Y,NA,D,22,0,0,1,0,0,0,0,0,0,-,-,NA,NA,SAN BERNARDINO,RANCHO CUCAMONGA,-117.55059051513672,34.111610412597656
9689566,2024,2024-05-31,3600,2024-04-08,1826,B9547,HE404,1,5,5,3619,0,0,0,NA,0,HE4,C AV,MUSCATEL ST,12,S,N,A,-,N,NA,NA,NA,NA,NA,NA,NA,NA,NA,Y,4,0,1,2,A,-,09,21801,A,N,E,I,A,A,H,-,A,A,0,NA,NA,NA,NA,Y,NA,A,01,0,0,1,0,0,0,0,0,0,-,-,NA,NA,SAN BERNARDINO,HESPERIA,-117.29924774169922,34.409488677978516