CASE_ID,ACCIDENT_YEAR,PROC_DATE,JURIS,COLLISION_DATE,COLLISION_TIME,OFFICER_ID,REPORTING_DISTRICT,DAY_OF_WEEK,CHP_SHIFT,POPULATION,CNTY_CITY_LOC,SPECIAL_COND,BEAT_TYPE,CHP_BEAT_TYPE,CITY_DIVISION_LAPD,CHP_BEAT_CLASS,BEAT_NUMBER,PRIMARY_RD,SECONDARY_RD,DISTANCE,DIRECTION,INTERSECTION,WEATHER_1,WEATHER_2,STATE_HWY_IND,CALTRANS_COUNTY,CALTRANS_DISTRICT,STATE_ROUTE,ROUTE_SUFFIX,POSTMILE_PREFIX,POSTMILE,LOCATION_TYPE,RAMP_INTERSECTION,SIDE_OF_HWY,TOW_AWAY,COLLISION_SEVERITY,NUMBER_KILLED,NUMBER_INJURED,PARTY_COUNT,PRIMARY_COLL_FACTOR,PCF_CODE_OF_VIOL,PCF_VIOL_CATEGORY,PCF_VIOLATION,PCF_VIOL_SUBSECTION,HIT_AND_RUN,TYPE_OF_COLLISION,MVIW,PED_ACTION,ROAD_SURFACE,ROAD_COND_1,ROAD_COND_2,LIGHTING,CONTROL_DEVICE,CHP_ROAD_TYPE,PEDESTRIAN_ACCIDENT,BICYCLE_ACCIDENT,MOTORCYCLE_ACCIDENT,TRUCK_ACCIDENT,NOT_PRIVATE_PROPERTY,ALCOHOL_INVOLVED,STWD_VEHTYPE_AT_FAULT,CHP_VEHTYPE_AT_FAULT,COUNT_SEVERE_INJ,COUNT_VISIBLE_INJ,COUNT_COMPLAINT_PAIN,COUNT_PED_KILLED,COUNT_PED_INJURED,COUNT_BICYCLIST_KILLED,COUNT_BICYCLIST_INJURED,COUNT_MC_KILLED,COUNT_MC_INJURED,PRIMARY_RAMP,SECONDARY_RAMP,LATITUDE,LONGITUDE,COUNTY,CITY,POINT_X,POINT_Y
9770455,2024,2024-12-31,3604,2024-10-13,1452,1416,NA,7,5,6,3604,0,0,0,NA,0,NA,ARROW BL,LAUREL AV,0,NA,Y,A,-,N,NA,NA,NA,NA,NA,NA,NA,NA,NA,Y,4,0,3,2,A,-,09,21801,A,N,D,C,A,A,H,-,A,D,0,NA,NA,NA,NA,Y,NA,A,01,0,0,3,0,0,0,0,0,0,-,-,NA,NA,SAN BERNARDINO,FONTANA,-117.41395568847656,34.09946060180664
9770547,2024,2025-02-27,3600,2024-12-13,1801,J3215,VC070,5,5,5,3612,0,0,0,NA,0,VC6,PALMDALE RD,RT 395,0,NA,Y,A,-,Y,SBD,8,18,-,-,100.93,H,-,N,Y,4,0,1,3,A,-,03,22350,NA,F,C,C,A,A,H,-,C,A,0,NA,NA,NA,NA,Y,NA,A,07,0,0,1,0,0,0,0,0,0,-,-,34.506771087646484,-117.3993911743164,SAN BERNARDINO,VICTORVILLE,-117.39910125732422,34.506683349609375
9770570,2024,2025-01-02,3600,2024-11-08,1759,I9590,CH049,5,5,5,3630,0,0,0,NA,0,CH3,CHINO HILLS PKWY,CARBON CANYON RD,0,NA,Y,A,-,N,NA,NA,NA,NA,NA,NA,NA,NA,NA,Y,3,0,1,2,A,-,08,22107,NA,N,A,C,A,A,H,-,C,A,0,NA,NA,Y,NA,Y,NA,A,01,0,1,0,0,0,0,0,0,1,-,-,33.98106002807617,-117.74111175537108,SAN BERNARDINO,CHINO HILLS,-117.7410888671875,33.981101989746094
9770620,2024,2024-12-31,3605,2024-08-25,2201,439,NA,7,5,4,3605,0,0,0,NA,0,NA,MISSION BL,RAMONA AV,0,NA,Y,A,-,N,NA,NA,NA,NA,NA,NA,NA,NA,NA,Y,4,0,1,2,A,-,09,21801,A,N,D,C,A,A,H,-,C,A,0,NA,NA,NA,NA,Y,NA,A,01,0,0,1,0,0,0,0,0,0,-,-,34.05596923828125,-117.70690155029295,SAN BERNARDINO,MONTCLAIR,-117.7069091796875,34.05584716796875
9770892,2024,2025-01-28,3603,2024-12-10,1707,4902,CPD,2,5,4,3603,0,0,0,NA,0,004,E WASHINGTON ST,RECHE CANYON DR,823,W,N,A,-,N,NA,NA,NA,NA,NA,NA,NA,NA,NA,N,3,0,1,2,A,-,02,21654,NA,N,B,C,A,A,H,-,C,A,0,NA,NA,NA,NA,Y,NA,A,07,0,1,0,0,0,0,0,0,0,-,-,34.04901123046875,-117.28772735595705,SAN BERNARDINO,COLTON,-117.29209899902344,34.04884338378906
9770923,2024,2025-01-08,3610,2024-10-16,837,24925,NA,3,5,6,3610,0,0,0,NA,0,DAVID,WATERMAN,COMMERICAL E,0,NA,Y,B,-,N,NA,NA,NA,NA,NA,NA,NA,NA,NA,Y,4,0,1,2,A,-,09,21801,A,N,D,C,A,A,H,-,A,A,0,NA,NA,NA,NA,Y,NA,A,01,0,0,1,0,0,0,0,0,0,-,-,NA,NA,SAN BERNARDINO,SAN BERNARDINO,-117.27872467041016,34.05583953857422
9771268,2024,2025-01-10,3605,2024-10-01,2029,443,NA,2,5,4,3605,0,0,0,NA,0,NA,RICHTON ST,CENTRAL AV,0,NA,Y,A,-,N,NA,NA,NA,NA,NA,NA,NA,NA,NA,N,3,0,1,2,A,-,08,22100,B,N,G,B,B,A,H,-,C,A,0,Y,NA,NA,NA,Y,NA,A,07,0,1,0,0,1,0,0,0,0,-,-,34.09526824951172,-117.68965911865234,SAN BERNARDINO,MONTCLAIR,-117.68971252441406,34.09521484375
9771281,2024,2025-01-10,3605,2024-10-06,336,439,NA,7,5,4,3605,0,0,0,NA,0,NA,ARROW HWY,MONTE VISTA AV,0,NA,Y,A,-,N,NA,NA,NA,NA,NA,NA,NA,NA,NA,N,4,0,2,2,A,-,12,21453,A,M,D,C,A,A,H,-,C,A,0,NA,NA,NA,NA,Y,NA,A,01,0,0,2,0,0,0,0,0,0,-,-,34.0924186706543,-117.69828033447266,SAN BERNARDINO,MONTCLAIR,-117.69827270507813,34.0923957824707
9771355,2024,2025-01-13,3605,2024-09-08,1748,476,NA,7,5,4,3605,0,0,0,NA,0,NA,PALO VERDE ST,CENTRAL AV,20,W,N,A,-,N,NA,NA,NA,NA,NA,NA,NA,NA,NA,N,3,0,4,2,A,-,12,21453,A,N,D,C,A,A,H,-,A,A,0,NA,NA,NA,NA,Y,NA,A,01,0,2,2,0,0,0,0,0,0,-,-,34.081298828125,-117.68077087402344,SAN BERNARDINO,MONTCLAIR,-117.68970489501952,34.081390380859375
9773098,2024,2025-01-07,3600,2024-09-23,1520,I8688,VC046,1,5,5,3612,0,0,0,NA,0,VC8,NATIONAL TRAILS HWY,WILDERNESS CT,2594,N,N,A,-,N,NA,NA,NA,NA,NA,NA,NA,NA,NA,Y,2,0,4,2,A,-,03,22350,NA,N,A,C,A,A,H,-,A,D,0,NA,NA,NA,NA,Y,NA,A,01,2,2,0,0,0,0,0,0,0,-,-,34.58974838256836,-117.33148956298828,SAN BERNARDINO,VICTORVILLE,NA,NA
9773182,2024,2025-01-07,3604,2024-10-09,550,539,3604,3,5,6,3604,0,0,0,NA,0,003,VALLEY BL,SIERRA AV,136,E,N,A,-,N,NA,NA,NA,NA,NA,NA,NA,NA,NA,N,4,0,1,2,A,-,05,21650,1,N,D,G,A,A,H,-,C,D,0,NA,Y,NA,NA,Y,NA,L,04,0,0,1,0,0,0,1,0,0,-,-,34.0706901550293,-117.43569946289063,SAN BERNARDINO,FONTANA,-117.43523406982422,34.070369720458984
9773428,2024,2025-01-10,3610,2024-10-19,1740,51338,NA,6,5,6,3610,0,0,0,NA,0,CHARLI,N VICTORIA AVE,EAST HIGHLAND AV,0,NA,Y,A,-,N,NA,NA,NA,NA,NA,NA,NA,NA,NA,N,4,0,1,2,A,-,10,21950,A,F,G,B,B,A,H,-,C,A,0,Y,NA,NA,NA,Y,NA,A,01,0,0,1,0,1,0,0,0,0,-,-,34.1349983215332,-117.27642059326172,SAN BERNARDINO,SAN BERNARDINO,-117.22620391845705,34.13582992553711
9773530,2024,2025-01-17,3610,2024-10-20,1650,51349,NA,7,5,6,3610,0,0,0,NA,0,NA,N G,BASELINE,0,NA,Y,A,-,N,NA,NA,NA,NA,NA,NA,NA,NA,NA,Y,4,0,1,2,A,-,12,21453,A,F,D,C,A,A,H,-,A,A,0,NA,NA,NA,NA,Y,NA,A,01,0,0,1,0,0,0,0,0,0,-,-,34.121341705322266,-117.29866027832033,SAN BERNARDINO,SAN BERNARDINO,-117.29866790771484,34.121341705322266
9773531,2024,2025-01-17,3610,2024-10-21,1012,24925,NA,1,5,6,3610,0,0,0,NA,0,NA,21ST ST,ARROWHEAD N,0,NA,Y,A,-,N,NA,NA,NA,NA,NA,NA,NA,NA,NA,N,3,0,1,2,A,-,09,21804,A,N,D,J,-,A,H,-,A,A,0,Y,NA,NA,NA,Y,NA,N,60,0,1,0,0,1,0,0,0,0,-,-,34.13407897949219,-117.28964996337892,SAN BERNARDINO,SAN BERNARDINO,-117.28965759277344,34.13408279418945
9775365,2025,2025-02-12,3608,2025-01-05,59,5351,3608,7,5,5,3608,0,0,0,NA,0,NA,PALM AV,EASTWOOD ST,20,E,N,A,-,N,NA,NA,NA,NA,NA,NA,NA,NA,NA,Y,3,0,1,1,A,-,03,22350,NA,N,B,I,A,A,H,-,C,A,0,NA,NA,NA,NA,Y,Y,A,01,0,1,0,0,0,0,0,0,0,-,-,NA,NA,SAN BERNARDINO,REDLANDS,-117.1586685180664,34.052791595458984
9776016,2024,2025-01-29,3604,2024-11-01,1659,1276,3604,5,5,6,3604,0,0,0,NA,0,002,FOOTHILL BL,CHERRY AV,490,E,N,A,-,N,NA,NA,NA,NA,NA,NA,NA,NA,NA,Y,4,0,1,2,A,-,17,22109,NA,M,C,C,A,A,H,-,A,D,0,NA,NA,NA,NA,Y,NA,A,07,0,0,1,0,0,0,0,0,0,-,-,NA,NA,SAN BERNARDINO,FONTANA,-117.48715209960938,34.10649108886719
9776689,2024,2025-01-27,3600,2024-12-15,1813,B9547,HE413,7,5,5,3619,0,0,0,NA,0,HE4,I AV,DANBURY AV,0,NA,Y,A,-,N,NA,NA,NA,NA,NA,NA,NA,NA,NA,N,4,0,1,2,A,-,10,21950,A,M,G,B,B,A,H,-,D,A,0,Y,NA,NA,NA,Y,NA,-,99,0,0,1,0,1,0,0,0,0,-,-,NA,NA,SAN BERNARDINO,HESPERIA,-117.28123474121094,34.40016174316406
9777181,2025,2025-02-19,3600,2025-01-09,1734,J2651,VC070,4,5,5,3612,0,0,0,NA,0,VC06,LUNA RD,MESA LINDA AV,0,NA,Y,A,-,N,NA,NA,NA,NA,NA,NA,NA,NA,NA,Y,4,0,1,2,A,-,12,22450,A,N,A,C,A,A,H,-,C,A,0,NA,NA,NA,NA,Y,NA,A,08,0,0,1,0,0,0,0,0,0,-,-,34.492191314697266,-117.39066314697266,SAN BERNARDINO,VICTORVILLE,-117.3906707763672,34.49216842651367
9778641,2024,2025-02-28,3602,2024-11-02,1210,4256,NA,6,5,5,3602,0,0,0,NA,0,001,CENTRAL AV,RT 60,20,E,N,B,-,Y,SBD,8,60,-,R,2.173,R,1,E,N,3,0,1,2,A,-,05,21650,1,N,D,G,A,A,H,-,A,A,0,NA,Y,NA,NA,Y,NA,L,04,0,1,0,0,0,0,1,0,0,-,EF,34.02927017211914,-117.63944244384766,SAN BERNARDINO,CHINO,-117.6928253173828,34.0301513671875
9780143,2025,2025-03-19,3600,2025-02-22,1229,H8975,HE108,6,5,5,3619,0,0,0,NA,0,HE1,6TH AV,SEQUOIA ST,195,S,N,A,-,N,NA,NA,NA,NA,NA,NA,NA,NA,NA,N,3,0,2,2,A,-,09,21804,A,N,D,C,A,A,H,-,A,D,0,NA,NA,NA,NA,Y,NA,A,01,0,2,0,0,0,0,0,0,0,-,-,NA,NA,SAN BERNARDINO,HESPERIA,-117.31016540527344,34.46843719482422
9781475,2025,2025-03-07,3600,2025-01-25,2134,I8688,VC047,6,5,5,3612,0,0,0,NA,0,VC8,D ST,RT 58,0,NA,Y,C,-,Y,SBD,8,15,-,-,43.046,R,4,S,Y,3,0,2,2,A,-,12,21453,A,N,D,C,A,B,H,-,C,A,0,NA,NA,NA,NA,Y,NA,A,01,0,1,1,0,0,0,0,0,0,-,SO,34.545841217041016,-117.30117797851563,SAN BERNARDINO,VICTORVILLE,-117.30704498291016,34.541656494140625
9782063,2024,2025-02-18,3605,2024-12-29,1422,504,NA,7,5,4,3605,0,0,0,NA,0,NA,MILLS AV,PALO VERDE ST,0,NA,Y,A,-,N,NA,NA,NA,NA,NA,NA,NA,NA,NA,NA,4,0,1,2,A,-,12,22450,A,N,D,C,A,A,H,-,A,D,0,NA,NA,Y,NA,Y,NA,C,03,0,0,1,0,0,0,0,0,1,-,-,34.081581115722656,-117.7101821899414,SAN BERNARDINO,MONTCLAIR,-117.7101593017578,34.08155059814453
9782068,2024,2025-02-18,3610,2024-12-07,1758,51349,NA,6,5,6,3610,0,0,0,NA,0,ADAM,WEST 5TH,W 5TH ST 1472,0,NA,-,A,-,N,NA,NA,NA,NA,NA,NA,NA,NA,NA,N,4,0,1,2,A,-,11,21954,A,N,G,B,D,A,H,-,C,D,0,Y,NA,NA,NA,Y,NA,N,60,0,0,1,0,1,0,0,0,0,-,-,34.108619689941406,-117.31790161132813,SAN BERNARDINO,SAN BERNARDINO,-117.30245971679688,34.10835266113281
9782156,2024,2025-02-13,3605,2024-12-07,1612,401,NA,6,5,4,3605,0,0,0,NA,0,NA,MONTE VISTA AV,KINGSLEY ST,10,S,N,A,-,N,NA,NA,NA,NA,NA,NA,NA,NA,NA,N,3,0,1,2,A,-,10,21950,A,N,G,B,B,A,H,-,B,A,0,Y,NA,NA,NA,Y,NA,A,01,0,1,0,0,1,0,0,0,0,-,-,34.066619873046875,-117.69831085205078,SAN BERNARDINO,MONTCLAIR,-117.6982879638672,34.06669235229492
9782626,2024,2025-02-13,3610,2024-11-27,2500,51527,NA,3,5,6,3610,0,0,0,NA,0,BAKER,W 40TH ST,N H ST N,0,NA,Y,A,-,N,NA,NA,NA,NA,NA,NA,NA,NA,NA,Y,4,0,1,1,A,-,09,21801,A,N,B,C,A,A,H,-,C,A,0,NA,NA,NA,NA,Y,NA,A,01,0,0,1,0,0,0,0,0,0,-,-,34.16461181640625,-117.30046081542967,SAN BERNARDINO,SAN BERNARDINO,-117.3004913330078,34.16461181640625
9783048,2024,2025-02-24,3605,2024-12-05,1441,501,NA,4,5,4,3605,0,0,0,NA,0,NA,BENSON AV,SAN JOSE ST,0,NA,Y,A,-,N,NA,NA,NA,NA,NA,NA,NA,NA,NA,Y,4,0,1,2,A,-,12,22450,NA,N,D,C,A,A,H,-,A,A,0,NA,NA,NA,NA,Y,NA,A,01,0,0,1,0,0,0,0,0,0,-,-,34.08509826660156,-117.68093872070313,SAN BERNARDINO,MONTCLAIR,-117.6808624267578,34.085105895996094
9784290,2024,2025-02-19,3602,2024-10-05,1953,4385,NA,6,5,5,3602,0,0,0,NA,0,001,RIVERSIDE DR,4TH ST,49,E,N,A,-,N,NA,NA,NA,NA,NA,NA,NA,NA,NA,Y,3,0,1,2,A,-,11,21954,A,F,G,B,D,A,H,-,C,B,0,Y,NA,NA,NA,Y,Y,N,60,0,1,0,0,1,0,0,0,0,-,-,NA,NA,SAN BERNARDINO,CHINO,-117.69419860839844,34.01904296875
9784453,2025,2025-02-25,3600,2025-02-07,1336,D6899,HE204,5,5,5,3619,0,0,0,NA,0,HE2,ORCHID AV,BIRCH ST,196,S,N,A,-,N,NA,NA,NA,NA,NA,NA,NA,NA,NA,N,2,0,2,1,A,-,08,22107,NA,N,F,A,A,A,H,-,A,D,0,NA,NA,Y,NA,Y,NA,C,06,1,0,1,0,0,0,0,0,2,-,-,34.273799896240234,-117.15200042724608,SAN BERNARDINO,HESPERIA,-117.25975799560548,34.46042251586914
9784485,2025,2025-02-26,3600,2025-01-20,2125,J2822,HE218,1,5,5,3619,0,0,0,NA,0,HE2,MAIN ST,AVENUE I,363,E,N,A,-,N,NA,NA,NA,NA,NA,NA,NA,NA,NA,N,3,0,1,2,A,-,10,21954,B,F,G,B,D,A,H,-,D,D,0,Y,NA,NA,NA,Y,Y,A,07,0,1,0,0,1,0,0,0,0,-,-,NA,NA,SAN BERNARDINO,HESPERIA,-117.03348541259766,34.89777755737305
9784742,2024,2025-02-28,3610,2024-12-17,848,51561,NA,2,5,6,3610,0,0,0,NA,0,DAVID,GOULD ST,TIPPECANOE AV,0,NA,Y,A,-,N,NA,NA,NA,NA,NA,NA,NA,NA,NA,Y,3,0,1,2,A,-,09,21801,A,N,D,C,A,A,H,-,A,A,0,NA,NA,NA,NA,Y,NA,A,01,0,1,0,0,0,0,0,0,0,-,-,34.07080078125,-117.2450714111328,SAN BERNARDINO,SAN BERNARDINO,-117.26113128662108,34.071102142333984
9784767,2024,2025-02-27,3610,2024-12-22,1711,51553,NA,7,5,6,3610,0,0,0,NA,0,BAKER,N UNIVERSITY PKWY,COLLEGE AV,0,NA,Y,A,-,N,NA,NA,NA,NA,NA,NA,NA,NA,NA,Y,4,0,3,2,A,-,09,21801,A,N,B,C,A,A,H,-,C,A,0,NA,NA,NA,NA,Y,NA,A,01,0,0,3,0,0,0,0,0,0,-,-,NA,NA,SAN BERNARDINO,SAN BERNARDINO,-117.33367919921876,34.170982360839844
9785289,2025,2025-02-24,3600,2025-01-28,1535,F9935,HI005,2,5,4,3618,0,0,0,NA,0,HI1,BASELINE ST,MCKINLEY ST,68,W,N,A,-,N,NA,NA,NA,NA,NA,NA,NA,NA,NA,Y,4,0,1,2,A,-,09,21801,NA,N,D,D,A,A,H,-,A,D,0,NA,NA,NA,Y,Y,NA,A,01,0,0,1,0,0,0,0,0,0,-,-,34.121360778808594,-117.23773956298828,SAN BERNARDINO,HIGHLAND,-117.23768615722656,34.121299743652344
9785734,2025,2025-03-03,3603,2025-02-11,1102,5361,CPD,2,5,4,3603,0,0,0,NA,0,003,W MILL ST,PENNSYLVANIA AV,0,NA,Y,B,-,N,NA,NA,NA,NA,NA,NA,NA,NA,NA,Y,3,0,4,2,A,-,12,21453,A,N,D,C,A,A,H,-,A,A,0,NA,NA,NA,NA,Y,NA,A,07,0,4,0,0,0,0,0,0,0,-,-,34.0921516418457,-117.32917022705078,SAN BERNARDINO,COLTON,-117.3291473388672,34.0921516418457
9785736,2025,2025-03-04,3603,2025-02-04,1925,4861,CPD,2,5,4,3603,0,0,0,NA,0,001,VALLEY BL,PEPPER AV,0,NA,Y,A,-,N,NA,NA,NA,NA,NA,NA,NA,NA,NA,Y,3,0,2,2,A,-,01,23152,G,N,D,C,A,A,H,-,C,A,0,NA,NA,NA,NA,Y,Y,A,01,0,1,1,0,0,0,0,0,0,-,-,34.07081985473633,-117.35302734375,SAN BERNARDINO,COLTON,-117.35311126708984,34.07039260864258
9785957,2024,2025-03-04,3602,2024-08-26,1519,2798,NA,1,5,5,3602,0,0,0,NA,0,003,KIMBALL AV,MAIN ST,346,W,N,A,-,N,NA,NA,NA,NA,NA,NA,NA,NA,NA,Y,4,0,1,3,A,-,03,22350,NA,N,C,C,A,A,D,E,A,D,0,NA,NA,NA,NA,Y,NA,A,01,0,0,1,0,0,0,0,0,0,-,-,33.06877136230469,-117.6239013671875,SAN BERNARDINO,CHINO,-117.62465667724608,33.96862030029297
9786309,2024,2025-07-10,3610,2024-12-29,945,50469,NA,7,5,6,3610,0,0,0,NA,0,NA,N WATERMAN,27TH ST,256,S,N,A,-,N,NA,NA,NA,NA,NA,NA,NA,NA,NA,Y,1,1,4,4,A,-,01,23152,F,N,D,C,A,A,H,-,A,D,0,NA,NA,NA,NA,Y,NA,A,01,2,1,1,0,0,0,0,0,0,-,-,NA,NA,SAN BERNARDINO,SAN BERNARDINO,-117.27873992919922,34.13991928100586
9786382,2024,2025-07-14,3600,2024-01-05,2035,F9714,TW005,5,5,3,3617,0,0,0,NA,0,TW1,AMBOY RD,SUNMORE PKWY,683,E,N,A,-,N,NA,NA,NA,NA,NA,NA,NA,NA,NA,N,1,1,0,2,A,-,00,21954,NA,F,G,B,E,A,H,-,D,D,0,Y,NA,NA,NA,Y,Y,N,60,0,0,0,1,0,0,0,0,0,-,-,34.16508865356445,-116.02364349365234,SAN BERNARDINO,TWENTYNINE PALMS,-116.02408599853516,34.16505813598633
9787232,2025,2025-04-17,3604,2025-03-10,1113,D228,M18G1,1,5,6,3604,0,0,0,NA,0,NA,PALMETTO AV,MILLER AV,0,NA,Y,A,-,N,NA,NA,NA,NA,NA,NA,NA,NA,NA,N,3,0,1,2,D,-,00,NA,NA,M,H,G,A,A,H,-,A,D,0,NA,Y,NA,NA,Y,NA,-,-,0,1,0,0,0,0,1,0,0,-,-,NA,NA,SAN BERNARDINO,FONTANA,-117.42710876464844,34.11395263671875
9787242,2025,2025-04-15,3600,2025-01-03,1753,J9146,AD107,5,5,3,3613,0,0,0,NA,0,AD2,MOJAVE DR,RT 395,10,W,N,A,-,N,NA,NA,NA,NA,NA,NA,NA,NA,NA,N,4,0,1,2,A,-,03,22350,NA,N,C,C,A,A,H,-,B,A,0,NA,NA,NA,NA,Y,NA,A,01,0,0,1,0,0,0,0,0,0,-,-,NA,NA,SAN BERNARDINO,ADELANTO,NA,NA
9787251,2025,2025-04-15,3604,2025-01-07,1954,1415,NA,2,5,6,3604,0,0,0,NA,0,NA,SIERRA AV,JURUPA AV,837,S,N,A,-,N,NA,NA,NA,NA,NA,NA,NA,NA,NA,Y,3,0,1,1,A,-,08,22107,NA,N,E,I,A,A,H,-,C,D,0,NA,NA,NA,NA,Y,NA,A,01,0,1,0,0,0,0,0,0,0,-,-,NA,NA,SAN BERNARDINO,FONTANA,-117.43551635742188,34.04600524902344
9787259,2025,2025-04-16,3604,2025-01-14,2108,680,NA,2,5,6,3604,0,0,0,NA,0,NA,MANGO AV,MANZANITA DR,325,S,N,A,-,N,NA,NA,NA,NA,NA,NA,NA,NA,NA,N,2,0,1,2,A,-,11,21954,A,N,G,B,D,A,H,-,C,D,0,Y,NA,NA,NA,Y,Y,N,60,1,0,0,0,1,0,0,0,0,-,-,NA,NA,SAN BERNARDINO,FONTANA,-117.43132781982422,34.0788688659668
9788044,2025,2025-04-28,3604,2025-02-05,312,882,NA,3,5,6,3604,0,0,0,NA,0,003,SIERRA AV,VALLEY BL,0,NA,Y,A,-,N,NA,NA,NA,NA,NA,NA,NA,NA,NA,N,4,0,1,2,A,-,12,21453,A,N,A,C,A,B,H,-,C,D,0,NA,NA,NA,NA,Y,NA,A,08,0,0,1,0,0,0,0,0,0,-,-,NA,NA,SAN BERNARDINO,FONTANA,-117.43568420410156,34.07037353515625
9788133,2025,2025-05-01,3600,2025-04-04,1658,G3844,RC037,5,5,6,3616,0,0,0,NA,0,RC4,FOOTHILL BL,ARCHIBALD AV,0,NA,Y,A,-,N,NA,NA,NA,NA,NA,NA,NA,NA,NA,N,4,0,1,3,A,-,12,21453,A,N,D,C,A,A,H,-,A,A,0,NA,Y,NA,NA,Y,Y,L,04,0,0,1,0,0,0,1,0,0,-,-,NA,NA,SAN BERNARDINO,RANCHO CUCAMONGA,-117.59349060058594,34.10650634765625
9788178,2024,2025-04-30,3600,2024-12-10,758,C8620,RC013,2,5,6,3616,0,0,0,NA,0,RC3,ROCHESTER AV,PALMI DR,0,NA,Y,A,-,N,NA,NA,NA,NA,NA,NA,NA,NA,NA,N,3,0,1,2,A,-,09,21804,A,N,D,C,A,A,H,-,A,A,0,NA,NA,Y,NA,Y,NA,C,02,0,1,0,0,0,0,0,0,1,-,-,NA,NA,SAN BERNARDINO,RANCHO CUCAMONGA,-117.54552459716795,34.12664031982422
9788375,2025,2025-05-23,3600,2025-03-11,338,I4866,YV04,2,5,3,3631,0,0,0,NA,0,YV1,OLD WOMAN SPRINGS RD,MESA DR,0,NA,Y,A,-,Y,SBD,8,247,-,-,4.02,H,-,N,Y,2,0,1,2,A,-,05,21651,B,F,A,C,A,A,H,-,C,A,0,NA,NA,NA,NA,Y,Y,D,22,1,0,0,0,0,0,0,0,0,-,-,34.178680419921875,-116.42772674560548,SAN BERNARDINO,YUCCA VALLEY,-116.42772674560548,34.17877197265625
9788480,2025,2025-05-02,3600,2025-03-23,953,G6922,RC005,7,5,6,3616,0,0,0,NA,0,RC6,VICTORIA GARDENS LN,HERMOSA AV,0,NA,Y,A,F,N,NA,NA,NA,NA,NA,NA,NA,NA,NA,N,3,0,1,2,A,-,10,21950,A,N,H,J,A,A,G,H,A,D,0,NA,NA,NA,NA,Y,NA,A,01,0,1,0,0,0,0,0,0,0,-,-,NA,NA,SAN BERNARDINO,RANCHO CUCAMONGA,-117.58472442626952,34.128910064697266
9788483,2025,2025-05-06,3600,2025-03-01,1232,G6922,RC067,6,5,6,3616,0,0,0,NA,0,RC5,SPRUCE AV,TERRA VISTA PKWY,0,NA,Y,A,-,N,NA,NA,NA,NA,NA,NA,NA,NA,NA,Y,4,0,1,2,A,-,12,22450,A,N,D,C,A,A,H,-,D,A,0,NA,NA,NA,NA,Y,NA,-,-,0,0,1,0,0,0,0,0,0,-,-,NA,NA,SAN BERNARDINO,RANCHO CUCAMONGA,-117.56777191162108,34.11772155761719
9790149,2025,2025-08-07,3600,2025-01-17,622,H9745,RC030,5,5,6,3616,0,0,0,NA,0,RC4,MIGNONETTE ST,AMBER CT,20,S,N,A,-,N,NA,NA,NA,NA,NA,NA,NA,NA,NA,Y,4,0,1,2,A,-,21,22106,NA,N,C,C,A,A,H,-,A,D,0,NA,NA,NA,NA,Y,NA,D,22,0,0,1,0,0,0,0,0,0,-,-,NA,NA,SAN BERNARDINO,RANCHO CUCAMONGA,-117.6140365600586,34.13002014160156
9790373,2025,2025-05-12,3600,2025-04-04,1133,J1624,VC026,5,5,5,3612,0,0,0,NA,0,VC4,PALMDALE RD,MARIPOSA RD,0,NA,Y,A,-,N,NA,NA,NA,NA,NA,NA,NA,NA,NA,Y,4,0,2,2,A,-,12,21453,A,N,D,C,A,A,H,-,A,A,0,NA,NA,NA,NA,Y,NA,A,07,0,0,2,0,0,0,0,0,0,-,-,34.50822830200195,-117.32131958007813,SAN BERNARDINO,VICTORVILLE,NA,NA
9790497,2025,2025-03-20,3600,2025-02-25,1647,D6899,HE134,2,5,5,3619,0,0,0,NA,0,HE3,RT 395,MAIN ST,0,NA,Y,A,-,Y,SBD,8,395,-,R,5.613,I,5,S,Y,4,0,1,2,A,-,06,21755,A,M,B,C,A,A,H,-,A,A,0,NA,NA,NA,NA,Y,NA,A,01,0,0,1,0,0,0,0,0,0,-,-,NA,NA,SAN BERNARDINO,HESPERIA,-117.40003967285156,34.426761627197266
9790770,2025,2025-04-11,3610,2025-01-31,1239,51552,NA,5,5,6,3610,0,0,0,NA,0,BAKER,WATERMAN AV,RT 210,0,NA,Y,A,-,Y,SBD,8,18,-,T,6.15,I,5,S,N,4,0,1,2,A,-,12,21453,A,N,B,C,A,A,H,-,B,A,0,NA,NA,NA,NA,Y,Y,A,01,0,0,1,0,0,0,0,0,0,-,-,NA,NA,SAN BERNARDINO,SAN BERNARDINO,-117.27873229980467,34.14463424682617
9791023,2025,2025-03-05,3610,2025-01-21,1115,51595,NA,2,5,6,3610,0,0,0,NA,0,DAVID,WATERMAN AV,RIALTO AV,0,NA,Y,A,-,N,NA,NA,NA,NA,NA,NA,NA,NA,NA,Y,4,0,2,3,A,-,12,21453,A,N,D,C,A,A,H,-,A,A,0,NA,NA,NA,NA,Y,NA,A,01,0,0,2,0,0,0,0,0,0,-,-,NA,NA,SAN BERNARDINO,SAN BERNARDINO,-117.2787628173828,34.10085678100586