CASE_ID,ACCIDENT_YEAR,PROC_DATE,JURIS,COLLISION_DATE,COLLISION_TIME,OFFICER_ID,REPORTING_DISTRICT,DAY_OF_WEEK,CHP_SHIFT,POPULATION,CNTY_CITY_LOC,SPECIAL_COND,BEAT_TYPE,CHP_BEAT_TYPE,CITY_DIVISION_LAPD,CHP_BEAT_CLASS,BEAT_NUMBER,PRIMARY_RD,SECONDARY_RD,DISTANCE,DIRECTION,INTERSECTION,WEATHER_1,WEATHER_2,STATE_HWY_IND,CALTRANS_COUNTY,CALTRANS_DISTRICT,STATE_ROUTE,ROUTE_SUFFIX,POSTMILE_PREFIX,POSTMILE,LOCATION_TYPE,RAMP_INTERSECTION,SIDE_OF_HWY,TOW_AWAY,COLLISION_SEVERITY,NUMBER_KILLED,NUMBER_INJURED,PARTY_COUNT,PRIMARY_COLL_FACTOR,PCF_CODE_OF_VIOL,PCF_VIOL_CATEGORY,PCF_VIOLATION,PCF_VIOL_SUBSECTION,HIT_AND_RUN,TYPE_OF_COLLISION,MVIW,PED_ACTION,ROAD_SURFACE,ROAD_COND_1,ROAD_COND_2,LIGHTING,CONTROL_DEVICE,CHP_ROAD_TYPE,PEDESTRIAN_ACCIDENT,BICYCLE_ACCIDENT,MOTORCYCLE_ACCIDENT,TRUCK_ACCIDENT,NOT_PRIVATE_PROPERTY,ALCOHOL_INVOLVED,STWD_VEHTYPE_AT_FAULT,CHP_VEHTYPE_AT_FAULT,COUNT_SEVERE_INJ,COUNT_VISIBLE_INJ,COUNT_COMPLAINT_PAIN,COUNT_PED_KILLED,COUNT_PED_INJURED,COUNT_BICYCLIST_KILLED,COUNT_BICYCLIST_INJURED,COUNT_MC_KILLED,COUNT_MC_INJURED,PRIMARY_RAMP,SECONDARY_RAMP,LATITUDE,LONGITUDE,COUNTY,CITY,POINT_X,POINT_Y
9902671,2025,2026-01-20,3610,2025-11-16,1600,51625,NA,7,5,6,3610,0,0,0,NA,0,ADAM,N UNIVERSITY PKWY,INTERCHANGE DR,135,S,N,C,-,N,NA,NA,NA,NA,NA,NA,NA,NA,NA,Y,2,0,4,2,A,-,08,22107,NA,N,C,C,A,B,H,-,B,D,0,NA,NA,NA,NA,Y,NA,A,01,3,0,1,0,0,0,0,0,0,-,-,34.15911865234375,-117.33502197265624,SAN BERNARDINO,SAN BERNARDINO,-117.3349151611328,34.15879440307617
9902685,2025,2026-01-20,3610,2025-11-03,1806,51382,NA,1,5,6,3610,0,0,0,NA,0,BAKER,N LITTLE MOUNTAIN DR,W KENDALL DR,0,NA,Y,A,-,N,NA,NA,NA,NA,NA,NA,NA,NA,NA,Y,3,0,3,3,A,-,09,21800,A,N,D,C,A,A,H,-,C,A,0,NA,NA,NA,NA,Y,NA,A,07,0,1,2,0,0,0,0,0,0,-,-,34.16931915283203,-117.31627655029295,SAN BERNARDINO,SAN BERNARDINO,-117.3164291381836,34.16913986206055
9902692,2025,2026-01-21,3600,2025-11-28,720,G9963,VC070,5,5,5,3612,0,0,0,NA,0,VC5,DANDELION WY,MESA LINDA AV,851,W,N,A,-,N,NA,NA,NA,NA,NA,NA,NA,NA,NA,Y,3,0,1,4,A,-,05,21650,NA,N,A,B,D,A,H,-,A,D,0,Y,NA,NA,NA,Y,NA,A,08,0,1,0,0,1,0,0,0,0,-,-,34.498138427734375,-117.3935775756836,SAN BERNARDINO,VICTORVILLE,-117.39345550537108,34.49810791015625
9902701,2025,2026-01-20,3610,2025-11-04,1324,51465,NA,2,5,6,3610,0,0,0,NA,0,CHARLI,STERLING AV,HIGHLAND AV,403,S,N,A,-,N,NA,NA,NA,NA,NA,NA,NA,NA,NA,Y,4,0,1,2,A,-,09,21804,A,N,D,C,A,A,H,-,A,D,0,NA,NA,NA,NA,Y,NA,A,01,0,0,1,0,0,0,0,0,0,-,-,34.13584899902344,-117.24365997314452,SAN BERNARDINO,SAN BERNARDINO,-117.24365997314452,34.13471603393555
9902829,2025,2026-01-22,3610,2025-10-25,1000,51537,NA,6,5,6,3610,0,0,0,NA,0,CHARLI,N VALENCIA AVE,E HIGHLAND AVE,0,NA,Y,A,-,N,NA,NA,NA,NA,NA,NA,NA,NA,NA,Y,4,0,3,3,A,-,08,22107,NA,N,B,C,A,A,H,-,A,A,0,NA,NA,NA,NA,Y,Y,A,01,0,0,3,0,0,0,0,0,0,-,-,34.13700866699219,-117.27249908447266,SAN BERNARDINO,SAN BERNARDINO,-117.27252197265624,34.135902404785156
9902831,2025,2026-01-22,3610,2025-10-29,1329,51546,NA,3,5,6,3610,0,0,0,NA,0,DAVID,W 3RD ST,N MOUNTAIN VIEW AVE,0,NA,Y,A,-,N,NA,NA,NA,NA,NA,NA,NA,NA,NA,N,4,0,2,2,A,-,09,21801,A,N,D,C,A,A,H,-,A,A,0,NA,NA,NA,NA,Y,NA,A,01,0,0,2,0,0,0,0,0,0,-,-,34.10457992553711,-117.2873764038086,SAN BERNARDINO,SAN BERNARDINO,-117.2873992919922,34.10457229614258
9902989,2025,2026-02-02,3600,2025-12-02,1919,J4397,AP003,2,5,5,3621,0,0,0,NA,0,AP1,RT 18,CORWIN RD,383,E,N,A,-,Y,SBD,8,18,-,-,93.723,I,6,N,N,4,0,2,2,A,-,03,22350,NA,N,C,C,A,A,-,-,C,D,0,NA,NA,NA,NA,Y,NA,A,01,0,0,2,0,0,0,0,0,0,-,-,NA,NA,SAN BERNARDINO,APPLE VALLEY,-117.26084136962892,34.539485931396484
9903521,2025,2026-01-26,3610,2025-12-06,2338,51562,NA,6,5,6,3610,0,0,0,NA,0,BAKER,W KENDALL DR,KENDALL DR,100,S,N,A,-,N,NA,NA,NA,NA,NA,NA,NA,NA,NA,Y,4,0,2,2,A,-,01,23153,A,N,A,C,A,A,H,-,C,A,0,NA,NA,NA,NA,Y,Y,A,01,0,0,2,0,0,0,0,0,0,-,-,34.1762809753418,-117.33109283447266,SAN BERNARDINO,SAN BERNARDINO,-117.31560516357422,34.16876220703125
9903563,2025,2026-01-22,3610,2025-11-25,840,51465,NA,2,5,6,3610,0,0,0,NA,0,DAVID,W 5TH ST,N D ST,0,NA,Y,A,-,N,NA,NA,NA,NA,NA,NA,NA,NA,NA,N,4,0,1,2,A,-,12,21453,A,N,D,C,A,-,H,-,-,A,0,NA,NA,NA,NA,Y,NA,A,01,0,0,1,0,0,0,0,0,0,-,-,34.10831069946289,-117.29189300537108,SAN BERNARDINO,SAN BERNARDINO,-117.29188537597656,34.108306884765625
9904736,2025,2026-02-05,3610,2025-10-25,1930,51609,NA,6,5,6,3610,0,0,0,NA,0,BAKER,KENDALL DR,KENDALL DR 02,0,NA,N,A,-,N,NA,NA,NA,NA,NA,NA,NA,NA,NA,Y,3,0,1,1,A,-,16,29004,A,N,E,I,A,-,H,-,D,D,0,NA,NA,NA,NA,Y,NA,E,23,0,1,0,0,0,0,0,0,0,-,-,NA,NA,SAN BERNARDINO,SAN BERNARDINO,-117.31552886962892,34.168975830078125
9904778,2025,2026-01-30,3600,2025-11-22,1010,J1624,VC052,6,5,5,3612,0,0,0,NA,0,VC8,DIAMOND RD,MOJAVE DR,0,NA,Y,A,-,N,NA,NA,NA,NA,NA,NA,NA,NA,NA,Y,3,0,3,2,A,-,12,22450,A,N,D,C,A,A,H,-,A,A,0,NA,NA,NA,NA,Y,NA,A,07,0,3,0,0,0,0,0,0,0,-,-,34.52845001220703,-117.37740325927734,SAN BERNARDINO,VICTORVILLE,-117.37744140625,34.52842712402344
9905080,2025,2026-01-29,3600,2025-12-23,1729,J7223,VC013,2,5,5,3612,0,0,0,NA,0,VC4,AMARGOSA RD,KING CANYON RD,883,S,N,A,-,N,NA,NA,NA,NA,NA,NA,NA,NA,NA,Y,3,0,1,2,A,-,09,21804,A,N,D,C,A,A,H,-,C,D,0,NA,NA,NA,NA,Y,NA,A,01,0,1,0,0,0,0,0,0,0,-,-,34.476409912109375,-117.34197235107422,SAN BERNARDINO,VICTORVILLE,NA,NA
9906264,2025,2026-02-03,3603,2025-12-14,2355,5111,CPD,7,5,4,3603,0,0,0,NA,0,004,WASHINGTON ST,BARTON RD,0,NA,Y,A,-,N,NA,NA,NA,NA,NA,NA,NA,NA,NA,N,4,0,2,2,A,-,12,21453,A,N,D,C,A,A,H,-,A,A,0,NA,NA,NA,NA,Y,NA,A,01,0,0,2,0,0,0,0,0,0,-,-,NA,NA,SAN BERNARDINO,COLTON,-117.27872467041016,34.05191421508789
9908974,2025,2026-02-26,3608,2025-12-08,1736,4943,NA,1,5,5,3608,0,0,0,NA,0,NA,GARDEN HILL DR,GARDEN ST,511,N,N,A,-,N,NA,NA,NA,NA,NA,NA,NA,NA,NA,N,3,0,1,2,A,-,07,21658,A,N,G,B,E,A,H,-,B,A,0,Y,NA,NA,NA,Y,NA,A,01,0,1,0,0,1,0,0,0,0,-,-,NA,NA,SAN BERNARDINO,REDLANDS,-117.15699768066406,34.028812408447266
6290181,2014,2015-12-21,9865,2014-01-16,2225,17673,NA,4,3,9,3600,0,1,3,NA,1,010,RT 18,OLD WATERMAN CANYON RD,97,N,N,A,-,Y,SBD,8,18,-,R,13.32,H,-,S,Y,1,1,0,1,A,-,08,22107,NA,N,E,I,A,A,H,-,D,D,0,NA,NA,Y,NA,Y,Y,C,02,0,0,0,0,0,0,0,1,0,-,-,34.21743,-117.29104,SAN BERNARDINO,UNINCORPORATED,-117.2910025,34.21736838
6290254,2014,2014-04-08,9835,2014-03-07,0655,16883,NA,5,1,9,3600,0,1,1,NA,2,075,RT 15,HALLORAN SPRINGS RD,13781,N,N,A,F,Y,SBD,8,15,-,-,152.22,H,-,N,Y,1,1,1,2,A,-,08,22107,NA,N,C,C,A,A,H,-,A,D,1,NA,NA,NA,Y,Y,Y,A,01,0,1,0,0,0,0,0,0,0,-,-,35.38779,-115.84731,SAN BERNARDINO,UNINCORPORATED,-115.84769975,35.38769236
6291441,2014,2015-12-30,9835,2014-08-05,0645,17652,NA,2,1,9,3600,0,1,1,NA,2,043,RT 40,HIDDEN SPRINGS RD,14362,E,N,A,-,Y,SBD,8,40,-,R,14.92,H,-,E,Y,1,1,1,2,A,-,08,22107,NA,N,E,I,A,A,H,-,A,D,1,NA,NA,NA,Y,Y,NA,G,25,1,0,0,0,0,0,0,0,0,-,-,34.8354,-116.75457,SAN BERNARDINO,UNINCORPORATED,-116.75625122,34.83517571
6291458,2014,2014-10-27,9835,2014-06-17,1505,15842,NA,2,2,9,3600,0,1,1,NA,2,077,RT 15,NIPTON RD,3854,N,N,A,-,Y,SBD,8,15,-,-,177.16,H,-,N,Y,1,1,0,1,A,-,08,22107,NA,N,E,J,A,A,H,-,A,D,1,NA,NA,NA,NA,Y,NA,A,07,0,0,0,0,0,0,0,0,0,-,-,35.48324,-115.44407,SAN BERNARDINO,UNINCORPORATED,-115.44435647,35.48277797
6292242,2015,2017-05-09,3610,2015-04-16,2000,50584,NA,4,5,6,3610,0,0,0,NA,0,NA,E PACIFIC ST,W COLWYN AV,225,W,N,A,-,N,NA,NA,NA,NA,NA,NA,NA,NA,NA,Y,1,1,0,1,A,-,08,22107,NA,N,E,I,A,A,H,-,C,A,0,NA,NA,NA,NA,Y,NA,A,07,0,0,0,0,0,0,0,0,0,-,-,NA,NA,SAN BERNARDINO,SAN BERNARDINO,-117.22017115,34.12855
6292413,2015,2017-04-21,3600,2015-02-18,0019,E3900,VC019,3,5,5,3612,0,0,0,NA,0,002,7TH ST,TATUM RD,293,S,N,A,-,N,NA,NA,NA,NA,NA,NA,NA,NA,NA,N,1,1,0,2,A,-,11,21954,A,F,-,B,E,A,H,-,C,D,0,Y,NA,NA,NA,Y,NA,N,60,0,0,0,1,0,0,0,0,0,-,-,NA,NA,SAN BERNARDINO,VICTORVILLE,-117.30558197,34.52372312
6292596,2015,2015-09-09,3610,2015-07-15,2150,50829,NA,3,5,6,3610,0,0,0,NA,0,NA,N BLACKSTONE AV,W BASELINE ST,300,N,N,A,-,N,NA,NA,NA,NA,NA,NA,NA,NA,NA,Y,1,1,3,1,A,-,08,22107,NA,F,E,I,A,A,H,-,C,A,0,NA,NA,NA,NA,Y,NA,A,07,2,1,0,0,0,0,0,0,0,-,-,NA,NA,SAN BERNARDINO,SAN BERNARDINO,-117.31771928,34.12215184
6292693,2015,2015-09-29,3609,2015-07-10,0739,1041,133,5,5,5,3609,0,0,0,NA,0,003,CEDAR AV,2ND ST,185,S,N,B,-,N,NA,NA,NA,NA,NA,NA,NA,NA,NA,N,1,1,0,2,A,-,12,21453,A,N,G,B,C,A,H,-,A,A,0,Y,NA,NA,NA,Y,NA,A,01,0,0,0,1,0,0,0,0,0,-,-,NA,NA,SAN BERNARDINO,RIALTO,-117.39655006,34.10187319
6292695,2015,2017-05-09,3600,2015-07-24,2109,H3191,CH010,5,5,5,3630,0,0,0,NA,0,CH3,RT 142,TERRACE DR,0,NA,Y,A,-,Y,SBD,8,142,-,-,4.95,H,-,E,N,1,1,0,2,A,-,11,21954,A,N,G,B,D,A,H,-,C,A,0,Y,NA,NA,NA,Y,NA,N,60,0,0,0,1,0,0,0,0,0,-,-,NA,NA,SAN BERNARDINO,CHINO HILLS,-117.72315809,33.98337788
6292901,2017,2019-04-05,3604,2017-05-18,2044,718,NA,4,5,6,3604,0,0,0,NA,0,NA,SLOVER AV,ALMOND AV,74,E,N,A,-,N,NA,NA,NA,NA,NA,NA,NA,NA,NA,N,1,1,0,2,A,-,11,21956,A,N,G,B,E,A,H,-,D,D,0,Y,NA,NA,NA,Y,Y,N,60,0,0,0,1,0,0,0,0,0,-,-,NA,NA,SAN BERNARDINO,FONTANA,-117.49297636,34.06286
6332063,2014,2014-06-18,3600,2014-01-03,1745,E2055,VC063,5,5,5,3612,0,0,0,NA,0,VC3,7TH AV,BURWOOD AV,13,N,N,A,-,N,NA,NA,NA,NA,NA,NA,NA,NA,NA,Y,4,0,1,2,A,-,09,21802,A,N,D,C,A,A,H,-,C,A,0,NA,NA,NA,NA,Y,NA,D,22,0,0,1,0,0,0,0,0,0,-,-,NA,NA,SAN BERNARDINO,VICTORVILLE,-117.31235094,34.47988561
6343262,2014,2014-06-11,9850,2014-01-20,1020,018219,NA,1,1,9,3600,0,2,4,NA,2,057,SHEEP CREEK RD,SIERRA RD,300,N,N,A,-,N,NA,NA,NA,NA,NA,NA,NA,NA,NA,N,4,0,2,2,A,-,06,21750,NA,N,C,C,A,A,H,-,A,D,0,NA,NA,NA,NA,Y,NA,A,08,0,0,2,0,0,0,0,0,0,-,-,34.46713,-117.57286,SAN BERNARDINO,UNINCORPORATED,-117.57859,34.66761
6360251,2014,2014-06-13,3600,2014-01-17,1728,B6727,HE322,5,5,5,3619,0,0,0,NA,0,003,11TH AV,MISSION ST,0,NA,Y,A,-,N,NA,NA,NA,NA,NA,NA,NA,NA,NA,N,4,0,1,2,A,-,09,21802,A,N,D,C,A,A,H,-,D,A,0,NA,NA,NA,NA,Y,NA,D,22,0,0,1,0,0,0,0,0,0,-,-,NA,NA,SAN BERNARDINO,HESPERIA,-117.3293201,34.39420005
6362651,2014,2014-06-10,3604,2014-01-16,1714,907,NA,4,5,6,3604,0,0,0,NA,0,NA,CATAWBA AV,DIANTHUS CT,34,S,N,A,-,N,NA,NA,NA,NA,NA,NA,NA,NA,NA,Y,4,0,1,3,A,-,09,21801,A,N,D,C,A,A,H,-,A,D,0,NA,NA,NA,NA,Y,Y,D,22,0,0,1,0,0,0,0,0,0,-,-,NA,NA,SAN BERNARDINO,FONTANA,-117.45807163,34.08572685
6371074,2014,2014-06-11,3600,2014-01-11,1221,C8645,VC070,6,5,5,3612,0,0,0,NA,0,VC5,LUNA RD,CANTINA DR,51,W,N,A,-,N,NA,NA,NA,NA,NA,NA,NA,NA,NA,Y,3,0,1,1,A,-,08,22107,NA,N,E,I,A,A,H,-,A,A,0,NA,NA,NA,NA,Y,NA,A,01,0,1,0,0,0,0,0,0,0,-,-,NA,NA,SAN BERNARDINO,VICTORVILLE,-117.3973783,34.49221034
6371496,2014,2014-06-04,3600,2014-01-13,1644,B6731,YC107,1,5,4,3640,0,0,0,NA,0,002,AVENUE E,3RD ST,7,E,N,A,-,N,NA,NA,NA,NA,NA,NA,NA,NA,NA,Y,4,0,1,2,A,-,03,22350,NA,N,C,C,A,A,H,-,A,A,0,NA,NA,NA,NA,Y,NA,A,81,0,0,1,0,0,0,0,0,0,-,-,NA,NA,SAN BERNARDINO,YUCAIPA,-117.04752697,34.02659009
6379026,2014,2016-02-22,9865,2014-02-10,1454,016179,NA,1,2,9,3600,0,1,3,NA,1,022,RT 18,GREEN VALLEY LAKE RD,7920,N,N,A,-,Y,SBD,8,18,-,-,36.11,H,-,N,Y,2,0,4,2,A,-,05,21460,A,N,A,C,A,A,H,-,A,D,0,NA,NA,NA,NA,Y,NA,A,07,1,1,2,0,0,0,0,0,0,-,-,34.22021,-117.05715,SAN BERNARDINO,UNINCORPORATED,-117.057176,34.22054394
6380245,2014,2014-06-17,9850,2014-02-04,1830,014481,NA,2,2,9,3600,0,2,4,NA,2,067,SHEEP CREEK RD,BRAWLEY RD,65,S,N,A,-,N,NA,NA,NA,NA,NA,NA,NA,NA,NA,N,4,0,1,1,A,-,01,23152,NA,N,E,I,A,A,H,-,C,D,0,NA,NA,NA,NA,Y,NA,D,22,0,0,1,0,0,0,0,0,0,-,-,34.42424,-117.57255,SAN BERNARDINO,UNINCORPORATED,-117.57251143,34.42423816
6381738,2014,2014-06-07,3603,2014-01-13,1802,CL4012,COLTO,1,5,4,3603,0,0,0,NA,0,001,VALLEY BL,4TH ST,0,NA,Y,A,-,N,NA,NA,NA,NA,NA,NA,NA,NA,NA,Y,4,0,1,2,A,-,09,21802,A,N,D,C,A,A,H,-,C,A,0,NA,NA,NA,NA,Y,NA,A,01,0,0,1,0,0,0,0,0,0,-,-,NA,NA,SAN BERNARDINO,COLTON,-117.33058014,34.06785001
6384705,2014,2014-06-20,3600,2014-02-20,1016,B7125,VC057,4,5,5,3612,0,0,0,NA,0,17X53,EL EVADO RD,SENECA RD,0,NA,Y,A,-,N,NA,NA,NA,NA,NA,NA,NA,NA,NA,NA,4,0,1,2,A,-,12,21453,A,N,D,C,A,A,H,-,A,A,0,NA,NA,NA,NA,Y,NA,A,01,0,0,1,0,0,0,0,0,0,-,-,NA,NA,SAN BERNARDINO,VICTORVILLE,-117.34674003,34.51402004
6385012,2014,2016-03-15,9855,2014-01-13,1905,19146,NA,1,2,6,3607,0,1,1,NA,2,103,RT 10,MILLIKEN AV,800,W,N,A,-,Y,SBD,8,10,-,-,9.03,H,-,W,N,4,0,1,3,A,-,07,21658,A,F,C,C,A,A,H,-,C,D,1,NA,NA,NA,NA,Y,NA,-,99,0,0,1,0,0,0,0,0,0,-,-,34.06752,-117.56461,SAN BERNARDINO,ONTARIO,-117.56074184,34.06758416
6385804,2014,2016-01-19,9855,2014-01-07,2100,016801,NA,2,2,6,3616,0,1,1,NA,2,201,RT 210,RT 15,79200,W,N,A,-,Y,SBD,8,15,-,-,7.757,R,2,S,Y,2,0,2,1,A,-,01,23152,A,N,E,J,A,A,H,-,D,D,1,NA,NA,NA,NA,Y,Y,A,01,1,0,1,0,0,0,0,0,0,TO,-,34.133,-117.50168,SAN BERNARDINO,RANCHO CUCAMONGA,-117.50067014,34.13266703
6387144,2014,2014-06-11,9860,2014-01-15,0910,013969,NA,3,1,4,3603,0,1,1,NA,2,103,RT 10,9TH ST,300,W,N,A,-,Y,NA,NA,NA,NA,NA,NA,NA,NA,NA,Y,4,0,1,2,A,-,03,22350,NA,N,C,C,A,A,D,E,A,D,0,NA,NA,NA,NA,Y,NA,A,01,0,0,1,0,0,0,0,0,0,-,-,NA,NA,SAN BERNARDINO,COLTON,NA,NA
6387215,2014,2014-06-03,3600,2014-01-29,1412,B7126,VC070,3,5,5,3612,0,0,0,NA,0,VC5,LA MESA RD,DILLON LN,0,NA,Y,A,-,N,NA,NA,NA,NA,NA,NA,NA,NA,NA,N,4,0,1,2,D,-,00,NA,NA,F,G,B,D,A,H,-,A,A,0,Y,NA,NA,NA,Y,NA,-,-,0,0,1,0,1,0,0,0,0,-,-,NA,NA,SAN BERNARDINO,VICTORVILLE,-117.36600012,34.48490011
6388926,2014,2016-03-15,9860,2014-01-30,1650,17446,NA,4,2,6,3610,0,1,1,NA,2,201,RT 210,STATE ST,1300,W,N,A,-,Y,SBD,8,210,-,-,20.44,H,-,W,Y,4,0,1,1,A,-,01,23152,A,N,F,A,A,A,H,-,A,D,1,NA,NA,NA,NA,Y,Y,A,07,0,0,1,0,0,0,0,0,0,-,-,34.13505,-117.34056,SAN BERNARDINO,SAN BERNARDINO,-117.34023542,34.13489952
6389984,2014,2014-06-17,3608,2014-02-11,1507,4298,NA,2,5,5,3608,0,0,0,NA,0,NA,LUGONIA AV,CALIFORNIA ST,156,E,N,A,-,N,NA,NA,NA,NA,NA,NA,NA,NA,NA,Y,4,0,1,2,A,-,03,22350,NA,N,C,C,A,A,H,-,A,A,0,NA,NA,NA,NA,Y,NA,D,22,0,0,1,0,0,0,0,0,0,-,-,NA,NA,SAN BERNARDINO,REDLANDS,-117.22563649,34.07033001
6390632,2014,2016-02-22,9850,2014-02-25,1430,10917,NA,2,2,9,3600,0,1,3,NA,2,034,RT 18,PIONEER RD,792,E,N,A,-,Y,SBD,8,18,-,-,81.08,H,-,S,N,3,0,1,1,C,-,18,NA,NA,N,H,A,A,A,H,-,A,D,0,NA,NA,NA,NA,Y,NA,-,-,0,1,0,0,0,0,0,0,0,-,-,34.45874,-117.07616,SAN BERNARDINO,UNINCORPORATED,-117.07421671,34.45761706
6393362,2014,2014-06-11,3607,2014-01-14,1616,15198,86,2,5,6,3607,0,0,0,NA,0,011,MOUNTAIN AV,H ST,40,N,N,A,-,N,NA,NA,NA,NA,NA,NA,NA,NA,NA,Y,3,0,1,2,A,-,09,21801,A,N,D,C,A,A,H,-,A,D,0,NA,NA,NA,NA,Y,NA,-,NA,0,1,0,0,0,0,0,0,0,-,-,NA,NA,SAN BERNARDINO,ONTARIO,-117.67009,34.07248963
6396343,2014,2014-06-05,3607,2014-01-21,2004,80251,136,2,5,6,3607,0,0,0,NA,0,032,HOLT BL,IMPERIAL AV,0,NA,Y,A,-,N,NA,NA,NA,NA,NA,NA,NA,NA,NA,NA,3,0,1,2,A,-,11,21954,A,N,G,B,D,A,H,-,D,-,0,Y,NA,NA,NA,Y,NA,N,60,0,1,0,0,1,0,0,0,0,-,-,NA,NA,SAN BERNARDINO,ONTARIO,-117.62285008,34.06345008
6399079,2014,2014-06-19,3600,2014-02-19,1437,C2706,H1010,3,5,4,3618,0,0,0,NA,0,002,VICTORIA AV,HIGHLAND AV,322,N,N,A,-,N,NA,NA,NA,NA,NA,NA,NA,NA,NA,Y,4,0,1,2,A,-,03,22350,NA,N,C,C,A,A,H,-,A,D,0,NA,NA,NA,NA,Y,NA,A,08,0,0,1,0,0,0,0,0,0,-,-,NA,NA,SAN BERNARDINO,HIGHLAND,-117.2262,34.13671206
6399174,2014,2014-06-20,9850,2014-02-28,1425,017730,NA,5,2,9,3600,0,3,5,NA,2,002,RANCHERO RD,YOSEMITE AV,100,W,N,B,C,N,NA,NA,NA,NA,NA,NA,NA,NA,NA,N,4,0,1,2,A,-,03,22350,NA,N,C,C,A,B,H,-,A,D,0,NA,NA,NA,NA,Y,NA,A,07,0,0,1,0,0,0,0,0,0,-,-,34.3832,-117.36233,SAN BERNARDINO,UNINCORPORATED,-117.36127046,34.38313
6400239,2014,2014-04-19,3609,2014-02-16,1510,7770,3609,7,5,5,3609,0,0,0,NA,0,002,WILLOW AV,HOLLY ST,0,NA,Y,A,-,N,NA,NA,NA,NA,NA,NA,NA,NA,NA,Y,3,0,5,2,A,-,08,22107,NA,N,A,C,A,A,H,-,A,A,0,NA,NA,NA,NA,Y,NA,D,22,0,3,2,0,0,0,0,0,0,-,-,NA,NA,SAN BERNARDINO,RIALTO,-117.37477001,34.11679005
6402357,2014,2015-02-12,3600,2014-02-09,2105,C4462,VC013,7,5,5,3612,0,0,0,NA,0,VC4,BEAR VALLEY RD,DUNIA RD,0,NA,Y,A,-,N,NA,NA,NA,NA,NA,NA,NA,NA,NA,Y,4,0,1,2,A,-,12,21453,A,N,D,C,A,A,H,-,C,A,0,NA,NA,NA,NA,Y,NA,A,08,0,0,1,0,0,0,0,0,0,-,-,NA,NA,SAN BERNARDINO,VICTORVILLE,-117.35367005,34.47041005
6402835,2014,2016-03-14,9865,2014-02-28,0340,15271,NA,5,3,9,3600,0,1,3,NA,2,021,RT 330,LIVE OAK DR,18480,S,N,C,-,Y,SBD,8,330,-,-,38.32,H,-,S,Y,3,0,1,1,A,-,03,22350,NA,N,E,I,A,B,H,-,D,D,0,NA,NA,NA,NA,Y,NA,D,22,0,1,0,0,0,0,0,0,0,-,-,34.18994,-117.1521,SAN BERNARDINO,UNINCORPORATED,-117.15200634,34.19005331
6403701,2014,2014-06-28,3600,2014-02-05,1647,F7969,H1004,3,5,4,3618,0,0,0,NA,0,NA,STERLING AV,BYRON ST,0,NA,Y,A,-,N,NA,NA,NA,NA,NA,NA,NA,NA,NA,N,4,0,1,2,A,-,05,21650,1,N,H,G,A,A,H,-,A,D,0,NA,Y,NA,NA,Y,NA,L,04,0,0,1,0,0,0,1,0,0,-,-,NA,NA,SAN BERNARDINO,HIGHLAND,-117.24366002,34.12736006
6405685,2014,2014-06-24,9850,2014-03-03,1010,017354,NA,1,1,5,3619,1,4,S,NA,2,901,MESQUITE ST,MAPLE AV,200,W,N,A,-,N,NA,NA,NA,NA,NA,NA,NA,NA,NA,N,4,0,1,1,C,-,18,NA,NA,N,E,J,A,A,B,-,-,D,0,NA,NA,NA,NA,Y,NA,-,-,0,0,1,0,0,0,0,0,0,-,-,34.39782,-117.35513,SAN BERNARDINO,HESPERIA,-117.34695033,34.39764498
6408577,2014,2016-03-15,9860,2014-02-21,1005,019269,NA,5,1,4,3640,0,1,1,NA,2,106,RT 10,WABASH AV,2112,E,N,A,-,Y,SBD,8,10,-,-,34.69,H,-,E,Y,3,0,1,2,A,-,03,22350,NA,F,C,C,A,A,H,-,A,D,1,NA,NA,Y,Y,Y,NA,C,02,0,1,0,0,0,0,0,0,1,-,-,34.03049,-117.13272,SAN BERNARDINO,YUCAIPA,-117.13255773,34.03046138
6408598,2014,2016-03-14,9860,2014-03-03,2345,17190,NA,1,3,6,3610,0,1,1,NA,2,151,RT 15,OAKIE FLAT RD,2640,S,N,A,-,Y,SBD,8,15,-,R,16.55,H,-,N,Y,4,0,3,2,A,-,03,22350,NA,N,C,C,A,A,H,-,D,D,1,NA,NA,NA,Y,Y,NA,G,25,0,0,3,0,0,0,0,0,0,-,-,34.2562,-117.44948,SAN BERNARDINO,SAN BERNARDINO,-117.44562445,34.25126893
6408644,2014,2014-06-11,3600,2014-01-27,1238,D6683,RC030,1,5,6,3616,0,0,0,NA,0,003,FOOTHILL BL,HERMOSA AV,0,NA,Y,A,-,N,NA,NA,NA,NA,NA,NA,NA,NA,NA,Y,4,0,1,2,A,-,09,21801,A,N,A,C,A,A,H,-,A,A,0,NA,NA,NA,NA,Y,NA,A,07,0,0,1,0,0,0,0,0,0,-,-,NA,NA,SAN BERNARDINO,RANCHO CUCAMONGA,-117.58468004,34.1067101
6409525,2014,2014-06-07,3604,2014-02-23,1711,680,NA,7,5,6,3604,0,0,0,NA,0,NA,MANGO,RANDALL,0,NA,Y,A,-,N,NA,NA,NA,NA,NA,NA,NA,NA,NA,Y,3,0,2,2,A,-,01,23152,A,N,D,C,A,A,H,-,A,A,0,NA,NA,NA,NA,Y,Y,A,01,0,1,1,0,0,0,0,0,0,-,-,NA,NA,SAN BERNARDINO,FONTANA,-117.43136007,34.08486002
6409543,2014,2014-06-10,3600,2014-02-20,1018,E3910,LL011,4,5,3,3615,0,0,0,NA,0,LL1,ANDERSON ST,THE W PARKING LOT CURBLINE,59,E,N,A,-,N,NA,NA,NA,NA,NA,NA,NA,NA,NA,N,4,0,2,4,A,-,-,NA,NA,N,B,D,A,A,H,-,A,D,0,NA,NA,NA,NA,Y,NA,A,07,0,0,2,0,0,0,0,0,0,-,-,NA,NA,SAN BERNARDINO,LOMA LINDA,NA,NA