CASE_ID,ACCIDENT_YEAR,PROC_DATE,JURIS,COLLISION_DATE,COLLISION_TIME,OFFICER_ID,REPORTING_DISTRICT,DAY_OF_WEEK,CHP_SHIFT,POPULATION,CNTY_CITY_LOC,SPECIAL_COND,BEAT_TYPE,CHP_BEAT_TYPE,CITY_DIVISION_LAPD,CHP_BEAT_CLASS,BEAT_NUMBER,PRIMARY_RD,SECONDARY_RD,DISTANCE,DIRECTION,INTERSECTION,WEATHER_1,WEATHER_2,STATE_HWY_IND,CALTRANS_COUNTY,CALTRANS_DISTRICT,STATE_ROUTE,ROUTE_SUFFIX,POSTMILE_PREFIX,POSTMILE,LOCATION_TYPE,RAMP_INTERSECTION,SIDE_OF_HWY,TOW_AWAY,COLLISION_SEVERITY,NUMBER_KILLED,NUMBER_INJURED,PARTY_COUNT,PRIMARY_COLL_FACTOR,PCF_CODE_OF_VIOL,PCF_VIOL_CATEGORY,PCF_VIOLATION,PCF_VIOL_SUBSECTION,HIT_AND_RUN,TYPE_OF_COLLISION,MVIW,PED_ACTION,ROAD_SURFACE,ROAD_COND_1,ROAD_COND_2,LIGHTING,CONTROL_DEVICE,CHP_ROAD_TYPE,PEDESTRIAN_ACCIDENT,BICYCLE_ACCIDENT,MOTORCYCLE_ACCIDENT,TRUCK_ACCIDENT,NOT_PRIVATE_PROPERTY,ALCOHOL_INVOLVED,STWD_VEHTYPE_AT_FAULT,CHP_VEHTYPE_AT_FAULT,COUNT_SEVERE_INJ,COUNT_VISIBLE_INJ,COUNT_COMPLAINT_PAIN,COUNT_PED_KILLED,COUNT_PED_INJURED,COUNT_BICYCLIST_KILLED,COUNT_BICYCLIST_INJURED,COUNT_MC_KILLED,COUNT_MC_INJURED,PRIMARY_RAMP,SECONDARY_RAMP,LATITUDE,LONGITUDE,COUNTY,CITY,POINT_X,POINT_Y
6536790,2014,2014-07-30,3607,2014-05-26,1350,80256,288,1,5,6,3607,0,0,0,NA,0,022,HOLT BL,PLUM ST,100,E,N,A,-,N,NA,NA,NA,NA,NA,NA,NA,NA,NA,Y,4,0,1,2,A,-,03,22350,NA,N,C,C,A,A,H,-,A,D,0,NA,NA,NA,NA,Y,NA,-,NA,0,0,1,0,0,0,0,0,0,-,-,NA,NA,SAN BERNARDINO,ONTARIO,-117.64807069,34.06337
6536794,2014,2014-07-30,3607,2014-05-25,1832,80217,130,7,5,6,3607,0,0,0,NA,0,022,D ST,HOLMES AV,0,NA,Y,A,-,N,NA,NA,NA,NA,NA,NA,NA,NA,NA,N,3,0,1,1,A,-,-,NA,NA,N,E,I,A,A,H,-,A,D,0,NA,NA,NA,NA,Y,NA,-,NA,0,1,0,0,0,0,0,0,0,-,-,NA,NA,SAN BERNARDINO,ONTARIO,-117.6337801,34.06705005
6537046,2014,2014-08-20,3605,2014-06-02,1152,131,NA,1,5,4,3605,0,0,0,NA,0,NA,VERNON AV,VERNON CT,0,NA,Y,A,-,N,NA,NA,NA,NA,NA,NA,NA,NA,NA,N,3,0,1,1,C,-,18,NA,NA,N,H,J,A,A,H,-,A,D,0,NA,Y,NA,NA,Y,NA,-,-,0,1,0,0,0,0,1,0,0,-,-,NA,NA,SAN BERNARDINO,MONTCLAIR,-117.68519002,34.06445002
6537066,2014,2016-04-16,3605,2014-06-11,1553,325,NA,3,5,4,3605,0,0,0,NA,0,NA,MONTE VISTA AV,RT 10,0,NA,Y,A,-,Y,SBD,8,10,-,-,0.578,R,4,W,N,3,0,1,2,A,-,09,21801,A,N,D,C,A,A,H,-,A,A,0,NA,NA,NA,NA,Y,NA,A,01,0,1,0,0,0,0,0,0,0,-,WO,NA,NA,SAN BERNARDINO,MONTCLAIR,-117.70038482,34.08197163
6537567,2014,2014-06-30,3610,2014-03-25,2147,50700,NA,2,5,6,3610,0,0,0,NA,0,NA,NORTH MOUNT VERNON,WEST HIGHLAND AV,0,NA,Y,A,-,N,NA,NA,NA,NA,NA,NA,NA,NA,NA,Y,4,0,2,2,A,-,12,21453,A,F,D,C,A,A,H,-,C,A,0,NA,NA,NA,NA,Y,NA,A,07,0,0,2,0,0,0,0,0,0,-,-,NA,NA,SAN BERNARDINO,SAN BERNARDINO,-117.31638004,34.13608002
6537591,2014,2014-06-30,3610,2014-03-07,1104,50732,NA,5,5,6,3610,0,0,0,NA,0,NA,WEST BASELINE ST,NORTH HANCOCK AV,0,NA,Y,A,G,N,NA,NA,NA,NA,NA,NA,NA,NA,NA,N,2,0,1,2,A,-,10,21950,A,N,G,B,D,A,H,-,A,A,0,Y,NA,NA,NA,Y,Y,A,08,1,0,0,0,1,0,0,0,0,-,-,NA,NA,SAN BERNARDINO,SAN BERNARDINO,-117.3235101,34.12132005
6538331,2014,2014-08-13,3603,2014-06-11,1758,CL4615,COLTO,3,5,4,3603,0,0,0,NA,0,004,MT VERNON AV,MISSION ST,700,S,N,A,-,N,NA,NA,NA,NA,NA,NA,NA,NA,NA,Y,4,0,1,2,A,-,03,22350,NA,N,C,C,A,A,H,-,A,D,0,NA,NA,Y,NA,Y,NA,C,02,0,0,1,0,0,0,0,0,1,-,-,NA,NA,SAN BERNARDINO,COLTON,-117.30998,34.06305
6538771,2014,2016-01-22,3602,2014-02-02,1947,3411,147,7,5,5,3602,0,0,0,NA,0,005,KIMBALL AV,EUCLID AV,0,NA,Y,A,-,Y,SBD,8,83,-,-,2.919,I,5,N,Y,3,0,4,3,A,-,01,23152,A,N,D,C,A,B,H,-,C,A,0,NA,NA,NA,NA,Y,Y,A,01,0,1,3,0,0,0,0,0,0,-,-,NA,NA,SAN BERNARDINO,CHINO,-117.6505714,33.96851653
6538797,2014,2014-06-27,3610,2014-02-21,1903,50803,NA,5,5,6,3610,0,0,0,NA,0,NA,N PERRIS,W BASELINE ST,0,NA,Y,A,-,N,NA,NA,NA,NA,NA,NA,NA,NA,NA,Y,4,0,2,3,A,-,08,22107,NA,N,D,C,A,A,H,-,C,A,0,NA,NA,NA,NA,Y,NA,A,01,0,0,2,0,0,0,0,0,0,-,-,NA,NA,SAN BERNARDINO,SAN BERNARDINO,-117.30641004,34.12133008
6539722,2014,2014-07-31,3602,2014-05-09,1416,3531,NA,5,5,5,3602,0,0,0,NA,0,NA,PINE AV,JOHNSON AV,1000,E,N,A,-,N,NA,NA,NA,NA,NA,NA,NA,NA,NA,Y,4,0,2,3,A,-,01,23152,A,N,C,C,A,A,H,-,A,A,0,NA,NA,NA,NA,Y,Y,D,22,0,0,2,0,0,0,0,0,0,-,-,NA,NA,SAN BERNARDINO,CHINO,-117.64285063,33.95535316
6542324,2014,2015-02-05,9860,2014-06-25,2058,10000,NA,3,2,9,3600,0,1,1,NA,2,152,RT 15,OAK HILL RD,2640,S,N,A,-,Y,SBD,8,15,-,R,26.28,H,-,N,N,4,0,1,2,A,-,03,22350,NA,N,C,C,A,A,H,-,D,D,1,NA,NA,NA,Y,Y,NA,G,25,0,0,1,0,0,0,0,0,0,-,-,34.3575,-117.4366,SAN BERNARDINO,UNINCORPORATED,-117.43768119,34.35541534
6542507,2014,2014-07-24,3610,2014-04-02,1720,50294,NA,3,5,6,3610,0,0,0,NA,0,NA,COLLEGE AV,UNIVERSITY PKWY,0,NA,Y,B,-,N,NA,NA,NA,NA,NA,NA,NA,NA,NA,Y,4,0,1,2,A,-,08,22107,NA,N,A,C,A,A,H,-,A,A,0,NA,NA,NA,NA,Y,NA,A,01,0,0,1,0,0,0,0,0,0,-,-,NA,NA,SAN BERNARDINO,SAN BERNARDINO,-117.33368013,34.17098008
6542703,2014,2014-08-11,3600,2014-06-18,1719,B9547,NA,3,5,5,3612,0,0,0,NA,0,VC1,VICTORVILLE QUARY RD,STODDARD WELLS RD,164,N,N,A,-,N,NA,NA,NA,NA,NA,NA,NA,NA,NA,Y,3,0,3,1,A,-,08,22107,NA,N,F,A,A,A,H,-,A,D,0,NA,NA,NA,NA,Y,NA,A,07,0,1,2,0,0,0,0,0,0,-,-,NA,NA,SAN BERNARDINO,VICTORVILLE,-117.26058048,34.59103896
6544549,2014,2016-04-16,9835,2014-06-24,1400,017180,NA,2,2,9,3600,0,1,1,NA,2,073,RT 15,MINNEOLA RD,2693,N,N,A,-,Y,SBD,8,15,-,R,89,H,-,S,Y,4,0,1,2,A,-,03,22350,NA,N,C,C,A,A,H,-,A,D,1,NA,NA,NA,NA,Y,NA,A,01,0,0,1,0,0,0,0,0,0,-,-,NA,NA,SAN BERNARDINO,UNINCORPORATED,-116.76291866,34.92000604
6546468,2014,2016-04-16,9855,2014-04-27,0010,17213,NA,7,3,6,3616,0,1,1,NA,2,152,RT 15,FOOTHILL BL,1056,N,N,A,-,Y,SBD,8,15,-,-,5.517,R,2,S,Y,3,0,1,1,A,-,01,23152,A,N,F,A,A,A,H,-,D,D,1,NA,NA,NA,NA,Y,Y,D,22,0,1,0,0,0,0,0,0,0,-,-,34.10931,-117.52875,SAN BERNARDINO,RANCHO CUCAMONGA,-117.52967176,34.10861377
6546479,2014,2016-04-14,9855,2014-04-23,0855,11364,NA,3,1,5,3611,0,1,1,NA,2,203,RT 210,BASELINE RD,2575,E,N,A,-,Y,SBD,8,210,-,R,29.81,H,-,W,Y,2,0,1,2,A,-,07,21658,A,N,B,C,A,A,H,-,A,D,0,NA,NA,NA,Y,Y,NA,A,01,1,0,0,0,0,0,0,0,0,-,-,NA,NA,SAN BERNARDINO,UPLAND,-117.19982416,34.11425766
6546514,2014,2016-04-16,9855,2014-05-03,1030,17112,NA,6,1,6,3607,0,1,1,NA,2,103,RT 10,4TH ST,400,W,N,A,-,Y,SBD,8,10,-,-,5.16,H,-,W,Y,4,0,1,4,A,-,07,21658,A,N,B,C,A,A,H,-,A,D,1,NA,NA,NA,Y,Y,NA,A,07,0,0,1,0,0,0,0,0,0,-,-,NA,NA,SAN BERNARDINO,ONTARIO,-117.62464501,34.07854325
6546612,2014,2016-04-14,9860,2014-05-07,0813,12988,NA,3,1,9,3600,0,1,3,NA,1,380,RT 38,CRAFTON AV,1103,E,N,B,-,Y,SBD,8,38,-,-,4.28,H,-,E,Y,3,0,2,1,A,-,08,22107,NA,N,C,E,A,A,H,-,A,D,0,NA,NA,NA,NA,Y,NA,A,01,0,1,1,0,0,0,0,0,0,-,-,34.06977,-117.11784,SAN BERNARDINO,UNINCORPORATED,-117.11777358,34.06981509
6546819,2014,2016-04-30,9850,2014-07-03,1950,019278,NA,4,2,9,3600,0,1,3,NA,2,052,RT 18,SHEEP CREEK RD,0,NA,Y,A,-,Y,SBD,8,18,-,-,110.84,I,5,S,Y,3,0,2,2,A,-,01,23152,A,N,D,C,A,A,H,-,A,A,0,NA,NA,NA,NA,Y,Y,D,22,0,2,0,0,0,0,0,0,0,-,-,34.5059,-117.5725,SAN BERNARDINO,UNINCORPORATED,-117.5728985,34.50630184
6547371,2014,2014-08-18,3602,2014-06-04,2351,3489,NA,3,5,5,3602,0,0,0,NA,0,003,CHINO AV,SERENITY TRL,15840,E,N,A,-,N,NA,NA,NA,NA,NA,NA,NA,NA,NA,Y,4,0,1,1,A,-,01,23152,A,N,E,I,A,A,H,-,C,D,0,NA,NA,NA,NA,Y,Y,-,NA,0,0,1,0,0,0,0,0,0,-,-,NA,NA,SAN BERNARDINO,CHINO,-117.68040248,34.01187227
6549112,2014,2014-08-20,3600,2014-06-14,1456,E4997,HE304,6,5,5,3619,0,0,0,NA,0,NA,GENTIAN AV,MAYAPPLE ST,331,N,N,A,-,N,NA,NA,NA,NA,NA,NA,NA,NA,NA,N,4,0,1,2,B,-,22,NA,NA,N,G,B,E,A,H,-,A,D,0,Y,NA,NA,NA,Y,NA,A,01,0,0,1,0,1,0,0,0,0,-,-,NA,NA,SAN BERNARDINO,HESPERIA,-117.36356813,34.41358682
6549741,2014,2016-04-16,9855,2014-05-09,1640,13860,NA,5,2,6,3604,0,1,1,NA,2,201,RT 210,BEECH AV,1400,W,N,A,-,Y,SBD,8,210,-,-,12.65,H,-,E,Y,4,0,1,3,A,-,03,22350,NA,N,C,C,A,A,H,-,A,D,1,NA,NA,NA,NA,Y,NA,A,07,0,0,1,0,0,0,0,0,0,-,-,34.53204,-117.26617,SAN BERNARDINO,FONTANA,-117.47587077,34.13626206
6549774,2014,2016-04-19,9855,2014-05-27,2305,016215,NA,2,3,5,3602,0,1,3,NA,2,603,RT 60,PIPELINE AV,554,E,N,A,-,Y,SBD,8,60,-,R,0.96,H,-,E,Y,4,0,1,1,A,-,08,22107,NA,N,E,I,A,A,H,-,D,D,1,NA,NA,NA,NA,Y,NA,A,01,0,0,1,0,0,0,0,0,0,-,-,34.02946,-117.71364,SAN BERNARDINO,CHINO,-117.71388026,34.02951012
6550779,2014,2014-08-13,9865,2014-06-25,0520,018336,NA,3,3,9,3600,0,3,5,NA,2,001,GOLF COURSE RD,GRASS VALLEY RD,583,N,N,A,-,N,NA,NA,NA,NA,NA,NA,NA,NA,NA,Y,3,0,1,2,A,-,09,21801,A,N,A,C,A,A,H,-,B,D,0,NA,NA,Y,NA,Y,NA,D,22,0,1,0,0,0,0,0,0,1,-,-,34.25497,-117.21529,SAN BERNARDINO,UNINCORPORATED,-117.21602582,34.26528238
6550809,2014,2014-08-20,9835,2014-07-03,1815,017323,NA,4,2,9,3600,0,3,5,NA,2,032,OLD HWY 58,SOAPMINE RD,528,E,N,A,-,N,NA,NA,NA,NA,NA,NA,NA,NA,NA,Y,4,0,1,1,A,-,08,22107,NA,N,E,I,A,A,H,-,A,D,0,NA,NA,NA,NA,Y,NA,A,01,0,0,1,0,0,0,0,0,0,-,-,NA,NA,SAN BERNARDINO,UNINCORPORATED,-116.98686274,34.91361903
6553872,2014,2016-04-16,9860,2014-05-15,1535,012530,NA,4,2,5,3609,0,1,1,NA,2,201,RT 210,AYALA DR,460,W,N,A,-,Y,SBD,8,210,-,-,17.704,R,2,W,N,3,0,1,1,A,-,08,22107,NA,N,F,A,A,A,H,-,A,D,1,NA,NA,Y,NA,Y,NA,C,02,0,1,0,0,0,0,0,0,1,TO,-,34.13492,-117.39417,SAN BERNARDINO,RIALTO,-117.38765081,34.13595693
6553875,2014,2014-08-05,9860,2014-05-15,0550,15686,NA,4,3,9,3600,0,3,5,NA,2,003,5TH AV,KING ST,50,W,N,A,-,N,NA,NA,NA,NA,NA,NA,NA,NA,NA,Y,4,0,1,1,A,-,08,22107,NA,N,E,I,A,A,H,-,B,D,0,NA,NA,NA,NA,Y,NA,A,01,0,0,1,0,0,0,0,0,0,-,-,34.04832,-117.12609,SAN BERNARDINO,UNINCORPORATED,-117.12590452,34.04828123
6553900,2014,2016-04-16,9860,2014-05-10,2158,19674,NA,6,2,5,3608,0,1,1,NA,2,203,RT 210,SAN BERNARDINO AV,1056,E,N,A,-,Y,SBD,8,210,-,R,32.57,H,-,W,Y,4,0,1,1,A,-,08,22107,NA,N,E,I,A,A,G,H,D,D,0,NA,NA,NA,NA,Y,NA,A,01,0,0,1,0,0,0,0,0,0,-,-,34.07322,-117.20073,SAN BERNARDINO,REDLANDS,-117.20054805,34.07429411
6553928,2014,2016-04-14,9860,2014-05-18,0530,012530,NA,7,3,6,3610,0,1,1,NA,2,214,RT 215,ORANGE SHOW RD,563,N,N,A,-,Y,SBD,8,215,-,-,5.14,H,-,S,Y,4,0,1,1,A,-,01,23152,A,N,E,I,A,A,H,-,B,D,1,NA,NA,NA,NA,Y,Y,A,01,0,0,1,0,0,0,0,0,0,-,-,34.07947,-117.2976,SAN BERNARDINO,SAN BERNARDINO,-117.29746966,34.07951372
6558523,2014,2014-08-14,3600,2014-06-26,1154,D3559,RC071,4,5,6,3616,0,0,0,NA,0,005,BASELINE RD,DAY CREEK BL,62,E,N,A,-,N,NA,NA,NA,NA,NA,NA,NA,NA,NA,Y,4,0,1,3,A,-,03,22350,NA,N,D,C,A,A,H,-,A,A,0,NA,NA,Y,NA,Y,NA,A,07,0,0,1,0,0,0,0,0,0,-,-,NA,NA,SAN BERNARDINO,RANCHO CUCAMONGA,-117.53680605,34.12161971
6558535,2014,2014-08-14,3600,2014-06-26,1825,S3852,RC072,4,5,6,3616,0,0,0,NA,0,006,EAST AV,HIGHFIELD DR,0,NA,Y,A,-,N,NA,NA,NA,NA,NA,NA,NA,NA,NA,Y,2,0,3,2,A,-,09,21801,A,N,D,C,A,A,H,-,A,D,0,NA,NA,NA,NA,Y,NA,A,01,1,0,2,0,0,0,0,0,0,-,-,NA,NA,SAN BERNARDINO,RANCHO CUCAMONGA,-117.5145901,34.11598007
6559475,2014,2016-04-14,9860,2014-06-21,1155,15686,NA,6,1,9,3600,0,1,3,NA,1,382,RT 38,BRYANT ST,1005,E,N,A,-,Y,SBD,8,38,-,-,8.72,H,-,W,Y,2,0,4,2,A,-,05,21460,A,N,A,C,A,A,H,-,A,D,0,NA,NA,NA,NA,Y,NA,A,01,1,0,3,0,0,0,0,0,0,-,-,34.08039,-117.04651,SAN BERNARDINO,UNINCORPORATED,-117.04639184,34.08047037
6560407,2014,2016-04-16,9860,2014-06-26,0525,012530,NA,4,3,6,3610,0,1,1,NA,2,201,RT 210,STATE ST,1308,W,N,B,-,Y,SBD,8,210,-,-,20.44,H,-,E,Y,4,0,1,1,A,-,08,22107,NA,N,E,I,A,A,H,-,B,D,1,NA,NA,NA,NA,Y,NA,A,01,0,0,1,0,0,0,0,0,0,-,-,34.13473,-117.34028,SAN BERNARDINO,SAN BERNARDINO,-117.34026821,34.13464404
6560443,2014,2016-04-16,9860,2014-06-16,0744,16651,NA,1,1,9,3600,0,1,1,NA,2,151,RT 15,KENWOOD AV,14784,N,N,A,-,Y,SBD,8,15,-,R,17.79,H,-,S,Y,4,0,1,1,A,-,08,22107,NA,N,F,A,A,A,D,-,A,D,1,NA,NA,NA,NA,Y,NA,A,07,0,0,1,0,0,0,0,0,0,-,-,34.26156,-117.44977,SAN BERNARDINO,UNINCORPORATED,-117.44975065,34.26833632
6560451,2014,2016-04-16,9860,2014-06-14,1738,019599,NA,6,2,5,3608,0,1,1,NA,2,105,RT 10,UNIVERSITY ST,2112,W,N,A,-,Y,SBD,8,10,-,-,31.47,H,-,E,Y,4,0,1,2,A,-,07,21658,A,N,B,C,A,A,H,-,A,D,1,NA,NA,NA,NA,Y,NA,A,01,0,0,1,0,0,0,0,0,0,-,-,34.0574,-117.16909,SAN BERNARDINO,REDLANDS,-117.17364359,34.05973829
6560455,2014,2016-04-14,9860,2014-06-14,1614,017892,NA,6,2,9,3600,0,1,3,NA,1,380,RT 38,GARNET AV,0,NA,Y,A,-,Y,SBD,8,38,-,-,5.379,I,5,W,N,3,0,1,2,A,-,09,21802,A,N,B,G,A,A,H,-,A,D,0,NA,Y,NA,NA,Y,NA,A,01,0,1,0,0,0,0,1,0,0,-,-,34.07135,-117.09941,SAN BERNARDINO,UNINCORPORATED,-117.0992662,34.07145967
6560464,2014,2016-04-14,9860,2014-06-11,1201,016575,NA,3,1,4,3603,0,1,1,NA,2,214,RT 215,WASHINGTON ST,300,N,N,A,-,Y,SBD,8,215,-,-,2.75,H,-,S,Y,4,0,1,3,A,-,03,22350,NA,N,C,C,A,A,D,-,A,A,1,NA,NA,NA,NA,Y,NA,A,01,0,0,1,0,0,0,0,0,0,-,-,34.04838,-117.30654,SAN BERNARDINO,COLTON,-117.30688303,34.04821191
6560475,2014,2016-04-16,9860,2014-06-06,1540,017892,NA,5,2,9,3600,0,1,1,NA,2,214,RT 215,LA CADENA DR,1056,N,N,A,-,Y,SBD,8,215,-,-,0.6,H,-,N,N,3,0,1,2,A,-,03,22350,NA,F,C,C,A,A,D,-,A,D,1,NA,NA,Y,NA,Y,NA,A,01,0,1,0,0,0,0,0,0,1,-,-,34.02683,-117.33256,SAN BERNARDINO,UNINCORPORATED,-117.33334383,34.02616127
6561808,2014,2016-04-30,9850,2014-07-14,0540,014476,NA,1,3,9,3600,0,1,3,NA,2,042,RT 18,CAMP ROCK RD,7392,N,N,A,-,Y,SBD,8,18,-,-,68.52,H,-,S,Y,4,0,1,2,A,-,08,22107,NA,N,F,A,A,A,H,-,B,D,0,NA,NA,NA,Y,Y,NA,G,25,0,0,1,0,0,0,0,0,0,-,-,34.38754,-116.87924,SAN BERNARDINO,UNINCORPORATED,-116.88023351,34.38813895
6567885,2014,2014-08-25,9850,2014-07-03,2345,018275,NA,4,3,5,3612,0,2,4,NA,2,056,JOHNSON RD,NYACK RD,0,NA,Y,A,-,N,NA,NA,NA,NA,NA,NA,NA,NA,NA,Y,2,0,1,2,A,-,11,21950,B,N,G,B,B,A,H,-,C,D,0,Y,NA,NA,NA,Y,Y,N,60,1,0,0,0,1,0,0,0,0,-,-,34.48089,-117.55523,SAN BERNARDINO,VICTORVILLE,-117.55518973,34.4808306
6572593,2014,2016-04-30,9835,2014-07-28,1505,15842,NA,1,2,9,3600,0,1,1,NA,2,077,RT 15,NIPTON RD,612,N,N,B,C,Y,SBD,8,15,-,-,176.58,H,-,N,Y,4,0,1,2,A,-,08,22107,NA,N,B,C,A,B,H,-,A,D,1,NA,NA,NA,Y,Y,NA,A,01,0,0,1,0,0,0,0,0,0,-,-,35.47683,-115.44701,SAN BERNARDINO,UNINCORPORATED,-115.44780929,35.47483896
6573474,2014,2014-08-23,3604,2014-06-26,1038,948,NA,4,5,6,3604,0,0,0,NA,0,NA,CHERRY AV,SANTA ANA AV,0,NA,Y,A,-,N,NA,NA,NA,NA,NA,NA,NA,NA,NA,Y,2,0,2,2,A,-,12,21453,A,N,D,C,A,A,H,-,A,A,0,NA,NA,NA,NA,Y,NA,A,01,1,0,1,0,0,0,0,0,0,-,-,NA,NA,SAN BERNARDINO,FONTANA,-117.48902007,34.05562005
6573952,2014,2014-08-28,3609,2014-07-21,1941,8510,103,1,5,5,3609,0,0,0,NA,0,002,BASELINE RD,PEPPER AV,0,NA,Y,A,-,N,NA,NA,NA,NA,NA,NA,NA,NA,NA,N,4,0,1,2,A,-,12,21453,A,N,D,C,A,A,H,-,A,A,0,NA,NA,NA,NA,Y,NA,A,01,0,0,1,0,0,0,0,0,0,-,-,NA,NA,SAN BERNARDINO,RIALTO,-117.35296012,34.12137008
6575049,2014,2014-08-29,9850,2014-07-20,0945,014476,NA,7,1,9,3600,0,3,5,NA,2,005,EL EVADO RD,BONANZA RD,0,NA,Y,B,-,N,NA,NA,NA,NA,NA,NA,NA,NA,NA,N,4,0,1,2,A,-,06,21755,NA,N,B,C,A,A,H,-,A,D,0,NA,NA,NA,NA,Y,NA,A,01,0,0,1,0,0,0,0,0,0,-,-,34.40509,-117.397,SAN BERNARDINO,UNINCORPORATED,-117.34675005,34.50312005
6575230,2014,2014-08-07,3600,2014-05-31,1411,D6904,AP008,6,5,5,3621,0,0,0,NA,0,AP3,KIOWA RD,SEQUOIA RD,0,NA,N,A,-,N,NA,NA,NA,NA,NA,NA,NA,NA,NA,Y,3,0,1,2,A,-,03,22350,NA,N,C,C,A,-,H,-,A,A,0,NA,NA,Y,NA,Y,NA,C,02,0,1,0,0,0,0,0,0,1,-,-,NA,NA,SAN BERNARDINO,APPLE VALLEY,-117.20777003,34.46968009
6575280,2014,2015-12-21,3604,2014-06-17,1419,509,NA,2,5,6,3604,0,0,0,NA,0,NA,RT 66,TAMARIND AV,100,W,N,A,-,N,NA,NA,NA,NA,NA,NA,NA,NA,NA,N,4,0,2,3,A,-,03,22350,NA,N,C,C,A,A,H,-,A,A,0,NA,NA,NA,NA,Y,NA,A,01,0,0,2,0,0,0,0,0,0,-,-,NA,NA,SAN BERNARDINO,FONTANA,-117.42307216,34.10667898
6576803,2014,2014-08-14,3605,2014-07-29,1709,310,NA,2,5,4,3605,0,0,0,NA,0,NA,ORCHARD ST,RAMONA AV,293,W,N,A,-,N,NA,NA,NA,NA,NA,NA,NA,NA,NA,N,4,0,1,3,A,-,01,23152,A,N,D,E,A,A,H,-,A,D,0,NA,NA,NA,NA,Y,Y,A,01,0,0,1,0,0,0,0,0,0,-,-,NA,NA,SAN BERNARDINO,MONTCLAIR,-117.70798496,34.07048894
6577978,2014,2014-08-19,3600,2014-06-15,0915,E3901,CH009,7,5,5,3630,0,0,0,NA,0,003,PEYTON DR,GLEN RIDGE DR,300,S,N,A,-,N,NA,NA,NA,NA,NA,NA,NA,NA,NA,Y,2,0,1,1,A,-,03,22350,NA,N,E,I,A,A,H,-,A,D,0,NA,NA,Y,NA,Y,NA,C,02,1,0,0,0,0,0,0,0,1,-,-,NA,NA,SAN BERNARDINO,CHINO HILLS,-117.72962156,33.97409352
6578574,2014,2014-08-19,3600,2014-07-17,1345,D4301,HE103,4,5,5,3619,0,0,0,NA,0,001,BEAR VALLEY RD,BALSAM AV,37,E,N,A,-,N,NA,NA,NA,NA,NA,NA,NA,NA,NA,Y,4,0,3,3,A,-,03,22350,NA,F,A,C,A,A,H,-,A,A,0,NA,NA,NA,NA,Y,NA,D,22,0,0,3,0,0,0,0,0,0,-,-,NA,NA,SAN BERNARDINO,HESPERIA,-117.32982763,34.47057207
6578775,2014,2016-06-04,3607,2014-07-11,2115,80429,254,5,5,6,3607,0,0,0,NA,0,052,EUCLID AV,WALNUT ST,0,NA,Y,A,-,Y,SBD,8,83,-,-,6.9,H,-,N,Y,3,0,1,3,A,-,01,23153,A,N,C,C,A,A,H,-,C,A,0,NA,NA,NA,NA,Y,Y,-,NA,0,1,0,0,0,0,0,0,0,-,-,NA,NA,SAN BERNARDINO,ONTARIO,-117.65068577,34.02637785
6578789,2014,2014-08-14,3609,2014-07-22,2156,3156,155,2,5,5,3609,0,0,0,NA,0,003,MERRILL AV,LINDEN AV,0,NA,Y,A,-,N,NA,NA,NA,NA,NA,NA,NA,NA,NA,Y,4,0,1,2,A,-,09,21802,A,N,D,C,A,A,H,-,C,A,0,NA,NA,NA,NA,Y,NA,A,01,0,0,1,0,0,0,0,0,0,-,-,NA,NA,SAN BERNARDINO,RIALTO,-117.40087011,34.09224007
6578982,2014,2014-08-19,3607,2014-06-13,0908,80160,136,5,5,6,3607,0,0,0,NA,0,032,HOLT BL,VINEYARD AV,0,NA,Y,A,-,N,NA,NA,NA,NA,NA,NA,NA,NA,NA,Y,4,0,1,2,A,-,07,21658,A,N,D,C,A,A,H,-,A,D,0,NA,NA,NA,NA,Y,NA,-,NA,0,0,1,0,0,0,0,0,0,-,-,NA,NA,SAN BERNARDINO,ONTARIO,-117.61099002,34.06361006
6580977,2014,2014-09-03,3600,2014-07-19,1809,D3311,RC200,6,5,6,3616,0,0,0,NA,0,RCM,NORTH MAIN ST,KEW AV,184,W,N,A,-,N,NA,NA,NA,NA,NA,NA,NA,NA,NA,N,3,0,1,3,A,-,10,21950,A,N,G,B,C,A,H,-,A,A,0,Y,NA,NA,NA,Y,NA,A,01,0,1,0,0,1,0,0,0,0,-,-,NA,NA,SAN BERNARDINO,RANCHO CUCAMONGA,-117.53172666,34.11210805
6582829,2014,2014-08-21,3601,2014-05-28,2230,P75,3601,3,5,3,3601,0,0,0,NA,0,PATROL,W MT VIEW ST,EDISON POLE 329152,36,E,N,A,-,N,NA,NA,NA,NA,NA,NA,NA,NA,NA,Y,4,0,1,1,A,-,01,23152,A,N,E,I,A,A,H,-,C,D,0,NA,NA,NA,NA,Y,Y,A,01,0,0,1,0,0,0,0,0,0,-,-,NA,NA,SAN BERNARDINO,BARSTOW,NA,NA
6583409,2014,2016-04-30,3600,2014-07-14,0746,F3065,AD207,1,5,3,3613,0,0,0,NA,0,001,RT 395,BARLETT AV,0,NA,Y,A,-,Y,SBD,8,395,-,-,16.225,I,5,N,Y,2,0,2,3,A,-,09,21801,A,N,A,C,A,A,-,-,A,A,0,NA,NA,NA,NA,Y,NA,A,07,1,0,1,0,0,0,0,0,0,-,-,NA,NA,SAN BERNARDINO,ADELANTO,-117.41209857,34.57929931
6587755,2014,2014-09-04,9835,2014-08-08,0810,017726,NA,5,1,9,3600,0,3,5,NA,2,032,JASPER RD,LENWOOD RD,296,E,N,A,-,N,NA,NA,NA,NA,NA,NA,NA,NA,NA,N,4,0,1,2,A,-,06,21750,NA,N,D,C,A,A,H,-,A,D,0,NA,NA,Y,NA,Y,NA,C,02,0,0,1,0,0,0,0,0,1,-,-,NA,NA,SAN BERNARDINO,UNINCORPORATED,-117.11709633,34.87833054
6588307,2014,2016-04-16,9855,2014-06-09,0940,12480,NA,1,1,6,3607,0,1,1,NA,2,103,RT 10,ARCHIBALD AV,300,W,N,A,-,Y,SBD,8,10,-,-,7.1,H,-,W,Y,4,0,1,4,A,-,03,22350,NA,N,C,C,A,A,H,-,A,D,1,NA,NA,NA,NA,Y,NA,A,01,0,0,1,0,0,0,0,0,0,-,-,34.0678,-117.5947,SAN BERNARDINO,ONTARIO,-117.5943526,34.06772123