CASE_ID,ACCIDENT_YEAR,PROC_DATE,JURIS,COLLISION_DATE,COLLISION_TIME,OFFICER_ID,REPORTING_DISTRICT,DAY_OF_WEEK,CHP_SHIFT,POPULATION,CNTY_CITY_LOC,SPECIAL_COND,BEAT_TYPE,CHP_BEAT_TYPE,CITY_DIVISION_LAPD,CHP_BEAT_CLASS,BEAT_NUMBER,PRIMARY_RD,SECONDARY_RD,DISTANCE,DIRECTION,INTERSECTION,WEATHER_1,WEATHER_2,STATE_HWY_IND,CALTRANS_COUNTY,CALTRANS_DISTRICT,STATE_ROUTE,ROUTE_SUFFIX,POSTMILE_PREFIX,POSTMILE,LOCATION_TYPE,RAMP_INTERSECTION,SIDE_OF_HWY,TOW_AWAY,COLLISION_SEVERITY,NUMBER_KILLED,NUMBER_INJURED,PARTY_COUNT,PRIMARY_COLL_FACTOR,PCF_CODE_OF_VIOL,PCF_VIOL_CATEGORY,PCF_VIOLATION,PCF_VIOL_SUBSECTION,HIT_AND_RUN,TYPE_OF_COLLISION,MVIW,PED_ACTION,ROAD_SURFACE,ROAD_COND_1,ROAD_COND_2,LIGHTING,CONTROL_DEVICE,CHP_ROAD_TYPE,PEDESTRIAN_ACCIDENT,BICYCLE_ACCIDENT,MOTORCYCLE_ACCIDENT,TRUCK_ACCIDENT,NOT_PRIVATE_PROPERTY,ALCOHOL_INVOLVED,STWD_VEHTYPE_AT_FAULT,CHP_VEHTYPE_AT_FAULT,COUNT_SEVERE_INJ,COUNT_VISIBLE_INJ,COUNT_COMPLAINT_PAIN,COUNT_PED_KILLED,COUNT_PED_INJURED,COUNT_BICYCLIST_KILLED,COUNT_BICYCLIST_INJURED,COUNT_MC_KILLED,COUNT_MC_INJURED,PRIMARY_RAMP,SECONDARY_RAMP,LATITUDE,LONGITUDE,COUNTY,CITY,POINT_X,POINT_Y
6588544,2014,2014-08-21,3604,2014-04-07,1951,680,NA,1,5,6,3604,0,0,0,NA,0,NA,LOCUST,MERRILL,0,NA,Y,A,-,N,NA,NA,NA,NA,NA,NA,NA,NA,NA,N,4,0,2,2,A,-,09,21801,A,N,D,C,A,A,H,-,C,A,0,NA,NA,NA,NA,Y,NA,A,01,0,0,2,0,0,0,0,0,0,-,-,NA,NA,SAN BERNARDINO,FONTANA,-117.4096401,34.09222011
6589862,2014,2016-04-16,3607,2014-06-01,1157,80363,25,7,5,6,3607,0,0,0,NA,0,021,EUCLID AV,LA DENEY DR,0,NA,Y,A,-,Y,SBD,8,83,-,-,10.894,I,5,N,N,4,0,1,3,A,-,03,22350,NA,N,C,D,A,A,H,-,A,D,0,NA,NA,NA,NA,Y,NA,-,NA,0,0,1,0,0,0,0,0,0,-,-,NA,NA,SAN BERNARDINO,ONTARIO,-117.65091913,34.08417688
6591283,2014,2016-05-06,9855,2014-07-02,0745,012923,NA,3,1,6,3607,0,1,3,NA,2,601,RT 60,GROVE AV,365,E,N,A,-,Y,SBD,8,60,-,R,5.95,H,-,W,N,4,0,1,3,A,-,03,22350,NA,N,C,C,A,A,B,-,A,D,1,NA,NA,NA,Y,Y,NA,A,01,0,0,1,0,0,0,0,0,0,-,-,34.03074,-117.62571,SAN BERNARDINO,ONTARIO,-117.6269904,34.03060066
6591343,2014,2016-04-30,9855,2014-07-07,2050,018313,NA,1,2,5,3611,0,1,1,NA,2,203,RT 210,MOUNTAIN AV,800,W,N,A,-,Y,SBD,8,210,-,-,1.35,H,-,E,Y,3,0,1,1,A,-,08,22107,NA,N,F,A,A,A,H,-,C,D,1,NA,NA,NA,NA,Y,NA,D,22,0,1,0,0,0,0,0,0,0,-,-,34.13299,-117.64606,SAN BERNARDINO,UPLAND,-117.67293092,34.13450595
6595531,2014,2014-08-29,3607,2014-07-24,1245,80248,26,4,5,6,3607,0,0,0,NA,0,021,CAMPUS AV,6TH ST,200,S,N,A,-,N,NA,NA,NA,NA,NA,NA,NA,NA,NA,Y,4,0,1,2,A,-,03,22350,NA,N,C,E,A,A,H,-,A,D,0,NA,NA,NA,NA,Y,NA,-,NA,0,0,1,0,0,0,0,0,0,-,-,NA,NA,SAN BERNARDINO,ONTARIO,-117.641407,34.08466187
6595956,2014,2016-04-16,9860,2014-07-29,1050,020758,NA,2,1,5,3608,0,1,1,NA,2,105,RT 10,WABASH AV,1582,W,N,A,-,Y,SBD,8,10,-,-,33.96,H,-,E,Y,4,0,1,1,A,-,08,22107,NA,N,F,A,A,A,H,-,A,D,1,NA,NA,NA,Y,Y,NA,F,26,0,0,1,0,0,0,0,0,0,-,-,34.03443,-117.14284,SAN BERNARDINO,REDLANDS,-117.14415798,34.03468787
6596589,2014,2016-04-16,9860,2014-07-05,2000,019699,NA,6,2,4,3640,0,1,1,NA,2,106,RT 10,LIVE OAK CANYON RD,528,E,N,A,-,Y,SBD,8,10,-,R,37.13,H,-,E,Y,3,0,1,1,C,-,18,NA,NA,N,E,J,A,A,H,-,B,D,1,NA,NA,NA,NA,Y,NA,-,-,0,1,0,0,0,0,0,0,0,-,-,34.01551,-117.09381,SAN BERNARDINO,YUCAIPA,-117.09464305,34.01589019
6597135,2014,2016-04-16,9860,2014-07-08,1621,17875,NA,2,2,9,3600,0,1,1,NA,2,103,RT 10,CEDAR AV,60,E,N,A,-,Y,SBD,8,10,-,R,18.673,R,2,W,N,4,0,1,2,D,-,00,NA,NA,N,G,B,E,A,H,-,A,D,1,Y,NA,NA,NA,Y,NA,-,-,0,0,1,0,1,0,0,0,0,-,-,34.07012,-117.39663,SAN BERNARDINO,UNINCORPORATED,-117.39296081,34.06856527
6600257,2014,2014-09-12,9865,2014-08-21,0617,012073,NA,4,1,9,3600,0,3,5,NA,2,001,DEVILS CANYON RD,CREST FOREST DR,1848,S,N,A,-,N,NA,NA,NA,NA,NA,NA,NA,NA,NA,Y,3,0,3,1,A,-,08,22107,NA,N,F,A,A,A,H,-,A,D,0,NA,NA,NA,NA,Y,NA,A,07,0,3,0,0,0,0,0,0,0,-,-,34.25216,-117.33296,SAN BERNARDINO,UNINCORPORATED,-117.33295904,34.25222952
6601983,2014,2016-04-30,9860,2014-07-30,1135,013945,NA,3,1,6,3610,0,1,1,NA,2,201,RT 210,STATE ST,3960,W,N,A,-,Y,SBD,8,210,-,-,19.88,H,-,E,Y,4,0,1,1,A,-,08,22107,NA,N,E,I,A,A,H,-,A,D,1,NA,NA,NA,NA,Y,NA,A,01,0,0,1,0,0,0,0,0,0,-,-,34.13416,-117.35003,SAN BERNARDINO,SAN BERNARDINO,-117.3499658,34.13432086
6602033,2014,2016-04-16,9860,2014-06-29,1207,19599,NA,7,1,5,3609,0,1,1,NA,2,201,RT 210,LOCUST AV,528,W,N,A,-,Y,SBD,8,210,-,-,16.34,H,-,E,Y,3,0,1,1,C,-,18,NA,NA,N,F,A,A,A,H,-,A,D,1,NA,NA,Y,NA,Y,NA,-,-,0,1,0,0,0,0,0,0,1,-,-,34.13587,-117.41258,SAN BERNARDINO,RIALTO,-117.41146902,34.13622054
6602066,2014,2014-09-09,3602,2014-06-20,0921,1256,NA,5,5,5,3602,0,0,0,NA,0,003,RIVERSIDE DR,MONTE VISTA AV,0,NA,Y,A,-,N,NA,NA,NA,NA,NA,NA,NA,NA,NA,Y,4,0,1,3,A,-,12,21453,A,N,D,C,A,A,H,-,A,A,0,NA,NA,NA,NA,Y,NA,A,01,0,0,1,0,0,0,0,0,0,-,-,NA,NA,SAN BERNARDINO,CHINO,-117.69806006,34.0190001
6602385,2014,2015-05-06,3600,2014-08-04,1211,C9389,VC023,1,5,5,3612,0,0,0,NA,0,VC3,HESPERIA RD,COMANCHE ST,0,NA,Y,A,-,N,NA,NA,NA,NA,NA,NA,NA,NA,NA,N,4,0,1,2,A,-,03,22350,NA,N,C,C,A,A,H,-,A,D,0,NA,NA,NA,NA,Y,NA,A,01,0,0,1,0,0,0,0,0,0,-,-,NA,NA,SAN BERNARDINO,VICTORVILLE,-117.29060006,34.4818301
6603560,2014,2016-06-13,9850,2014-08-09,0800,020817,NA,6,1,9,3600,0,1,3,NA,2,060,RT 138,RT 2,15,E,N,A,-,Y,SBD,8,138,-,-,6.662,I,5,W,N,4,0,1,2,A,-,03,22350,NA,F,C,C,A,A,H,-,A,A,0,NA,NA,NA,NA,Y,NA,D,22,0,0,1,0,0,0,0,0,0,-,-,34.39072,-117.57604,SAN BERNARDINO,UNINCORPORATED,-117.5762711,34.39081193
6603689,2014,2014-09-06,9850,2014-08-15,1625,17354,NA,5,2,9,3600,0,3,5,NA,2,005,WILSON RANCH RD,LUNA RD,1000,N,N,A,-,N,NA,NA,NA,NA,NA,NA,NA,NA,NA,Y,3,0,1,1,A,-,08,38314,NA,N,E,I,A,A,H,-,A,D,0,NA,NA,Y,NA,Y,NA,C,06,0,1,0,0,0,0,0,0,1,-,-,34.49235,-117.52112,SAN BERNARDINO,UNINCORPORATED,-117.52124287,34.49498603
6606160,2014,2015-12-29,3600,2014-05-14,2247,B5040,YC106,3,5,4,3640,0,0,0,NA,0,YC1,YUCAIPA BL,4TH ST,168,W,N,A,-,N,NA,NA,NA,NA,NA,NA,NA,NA,NA,N,1,1,0,2,A,-,11,21954,A,N,G,B,D,A,H,-,C,A,0,Y,NA,NA,NA,Y,Y,N,60,0,0,0,1,0,0,0,0,0,-,-,NA,NA,SAN BERNARDINO,YUCAIPA,-117.05244266,34.03387027
6606232,2014,2014-10-06,3610,2014-05-01,0853,50732,NA,4,5,6,3610,0,0,0,NA,0,NA,E MILL ST,S GIFFORD BL,0,NA,Y,A,G,N,NA,NA,NA,NA,NA,NA,NA,NA,NA,Y,1,1,0,2,A,-,08,22100,A,N,E,I,A,A,B,-,A,A,0,NA,NA,Y,Y,Y,NA,F,25,0,0,0,0,0,0,0,1,0,-,-,NA,NA,SAN BERNARDINO,SAN BERNARDINO,-117.26935009,34.09213003
6578290,2014,2014-08-15,3604,2014-07-22,1340,678,FONTA,2,5,6,3604,0,0,0,NA,0,004,SLOVER AV,BEECH AV,104,W,N,A,-,N,NA,NA,NA,NA,NA,NA,NA,NA,NA,Y,4,0,1,3,A,-,03,22350,NA,N,C,C,A,A,H,-,A,A,0,NA,NA,NA,NA,Y,NA,D,22,0,0,1,0,0,0,0,0,0,-,-,NA,NA,SAN BERNARDINO,FONTANA,-117.47163239,34.06294717
6613485,2014,2016-04-29,3608,2014-08-10,2237,2938,NA,7,5,5,3608,0,0,0,NA,0,NA,RT 38,WABASH AV,345,W,N,A,-,Y,SBD,8,38,-,-,3,H,-,E,Y,4,0,1,2,A,-,09,21801,A,N,B,C,A,A,H,-,C,A,0,NA,NA,NA,NA,Y,NA,-,NA,0,0,1,0,0,0,0,0,0,-,-,NA,NA,SAN BERNARDINO,REDLANDS,-117.14009646,34.070136
6613690,2014,2014-09-11,3607,2014-07-30,0657,80154,218,3,5,6,3607,0,0,0,NA,0,042,PHILADELPHIA ST,VINTAGE AV,0,NA,Y,A,-,N,NA,NA,NA,NA,NA,NA,NA,NA,NA,Y,3,0,3,2,A,-,08,22107,NA,N,D,C,A,A,H,-,A,A,0,NA,NA,NA,NA,Y,NA,-,NA,0,1,2,0,0,0,0,0,0,-,-,NA,NA,SAN BERNARDINO,ONTARIO,-117.53304012,34.03344002
6613691,2014,2014-09-11,3600,2014-07-30,0926,A7108,CH072,3,5,5,3630,0,0,0,NA,0,004,CENTRAL AV,FAIRFIELD RANCH RD,0,NA,Y,A,-,N,NA,NA,NA,NA,NA,NA,NA,NA,NA,N,4,0,1,2,A,-,03,22350,NA,N,C,C,A,A,H,-,A,A,0,NA,NA,NA,NA,Y,NA,A,07,0,0,1,0,0,0,0,0,0,-,-,NA,NA,SAN BERNARDINO,CHINO HILLS,-117.68888001,33.97159011
6617336,2014,2014-09-15,3600,2014-06-13,0748,H1829,LL008,5,5,3,3615,0,0,0,NA,0,NA,UNIVERSITY AV,CAMPUS AV,0,NA,Y,A,-,N,NA,NA,NA,NA,NA,NA,NA,NA,NA,N,4,0,1,2,A,-,03,22350,NA,N,G,B,B,A,H,-,A,A,0,Y,NA,NA,NA,Y,NA,A,01,0,0,1,0,1,0,0,0,0,-,-,NA,NA,SAN BERNARDINO,LOMA LINDA,-117.26568014,34.05199001
6573723,2014,2014-08-05,3603,2014-06-09,2315,CL4062,COLTO,1,5,4,3603,0,0,0,NA,0,001,SAN BERNARDINO AV,EUCALYPTUS AV,0,NA,Y,A,-,N,NA,NA,NA,NA,NA,NA,NA,NA,NA,Y,4,0,1,3,A,-,14,24400,NA,N,B,C,A,A,H,-,C,A,0,NA,NA,NA,NA,Y,NA,A,01,0,0,1,0,0,0,0,0,0,-,-,NA,NA,SAN BERNARDINO,COLTON,-117.35722008,34.07776008
6619781,2014,2016-06-13,9860,2014-08-07,0524,019269,NA,4,3,9,3600,0,1,3,NA,1,012,RT 138,CAJON BL,0,NA,Y,A,-,Y,SBD,8,138,-,-,15.007,I,5,E,Y,4,0,1,2,A,-,09,21804,A,N,D,C,A,A,H,-,D,D,0,NA,NA,NA,NA,Y,NA,I,19,0,0,1,0,0,0,0,0,0,-,-,34.31122,-117.47817,SAN BERNARDINO,UNINCORPORATED,-117.478805,34.31158174
6619827,2014,2015-06-09,9860,2014-08-10,1145,13665,NA,7,1,9,3600,0,1,1,NA,2,152,RT 15,RT 138,2640,S,N,B,-,Y,SBD,8,15,-,R,20.87,H,-,S,N,4,0,1,3,A,-,03,22350,NA,N,C,C,A,A,D,-,A,D,1,NA,NA,NA,NA,Y,NA,-,-,0,0,1,0,0,0,0,0,0,-,-,NA,NA,SAN BERNARDINO,UNINCORPORATED,-117.46887643,34.30657559
6620565,2014,2014-11-05,3611,2014-04-15,0020,2114,3611,2,5,5,3611,0,0,0,NA,0,004,SULTANA AV,RICHLAND ST,0,NA,Y,A,-,N,NA,NA,NA,NA,NA,NA,NA,NA,NA,N,3,0,1,2,A,-,09,21801,A,N,D,G,A,A,H,-,C,D,0,NA,Y,NA,NA,Y,NA,-,NA,0,1,0,0,0,0,1,0,0,-,-,NA,NA,SAN BERNARDINO,UPLAND,-117.64614005,34.08778001
6620621,2014,2014-09-22,3611,2014-05-19,1506,2387,NA,1,5,5,3611,0,0,0,NA,0,003,CAMPUS AV,13TH ST,264,N,N,A,-,N,NA,NA,NA,NA,NA,NA,NA,NA,NA,N,4,0,1,2,A,-,03,22350,NA,N,C,C,A,A,H,-,A,D,0,NA,NA,NA,NA,Y,NA,A,01,0,0,1,0,0,0,0,0,0,-,-,NA,NA,SAN BERNARDINO,UPLAND,-117.64155,34.11139353
6621863,2014,2016-04-30,9835,2014-08-21,1425,015807,NA,4,2,9,3600,0,1,1,NA,2,077,RT 15,BAILEY RD,4963,N,N,C,-,Y,SBD,8,15,-,-,172.41,H,-,N,Y,3,0,3,3,A,-,07,21658,A,N,B,C,A,B,H,-,A,D,1,NA,NA,NA,Y,Y,NA,A,01,0,1,2,0,0,0,0,0,0,-,-,NA,NA,SAN BERNARDINO,UNINCORPORATED,-115.51227162,35.4682996
6622103,2014,2016-05-12,9865,2014-09-07,1320,019929,NA,7,1,9,3600,0,1,3,NA,2,017,RT 173,R LN,0,NA,Y,C,-,Y,SBD,8,173,-,-,20.567,I,5,W,Y,4,0,3,2,A,-,05,21460,A,N,A,C,A,B,H,-,A,D,0,NA,NA,NA,NA,Y,NA,D,22,0,0,3,0,0,0,0,0,0,-,-,34.25174,-117.18184,SAN BERNARDINO,UNINCORPORATED,-117.18186737,34.25188372
6622202,2014,2014-10-13,3602,2014-08-25,2157,3489,69,1,5,5,3602,0,0,0,NA,0,004,13TH ST,RIVERSIDE DR,215,S,N,A,-,N,NA,NA,NA,NA,NA,NA,NA,NA,NA,Y,3,0,1,3,A,-,01,23152,A,N,C,E,A,A,H,-,C,D,0,NA,NA,NA,NA,Y,Y,A,01,0,1,0,0,0,0,0,0,0,-,-,NA,NA,SAN BERNARDINO,CHINO,-117.68302345,34.01853075
6623135,2014,2014-09-23,3604,2014-08-31,2207,871,NA,7,5,6,3604,0,0,0,NA,0,004,CHERRY AV,WOODLAND DR,0,NA,Y,A,-,N,NA,NA,NA,NA,NA,NA,NA,NA,NA,Y,3,0,2,2,A,-,01,23152,A,N,D,C,A,A,H,-,C,A,0,NA,NA,NA,NA,Y,Y,A,01,0,2,0,0,0,0,0,0,0,-,-,NA,NA,SAN BERNARDINO,FONTANA,-117.48909004,34.04662009
6623229,2014,2014-09-24,3611,2014-06-11,1424,2387,NA,3,5,5,3611,0,0,0,NA,0,002,9TH ST,MOUNTAIN AV,493,W,N,A,-,N,NA,NA,NA,NA,NA,NA,NA,NA,NA,Y,4,0,3,2,A,-,03,22350,NA,N,C,C,A,A,H,-,A,D,0,NA,NA,NA,NA,Y,NA,A,01,0,0,3,0,0,0,0,0,0,-,-,NA,NA,SAN BERNARDINO,UPLAND,-117.67187415,34.09600469
6624414,2014,2014-09-23,3600,2014-08-28,1541,D3311,RC200,4,5,6,3616,0,0,0,NA,0,RCM,KEW AV,VERSAILLE ST,0,NA,Y,A,-,N,NA,NA,NA,NA,NA,NA,NA,NA,NA,N,3,0,2,1,A,-,03,22350,NA,N,F,I,A,A,H,-,A,A,0,NA,NA,NA,NA,Y,NA,A,01,0,2,0,0,0,0,0,0,0,-,-,NA,NA,SAN BERNARDINO,RANCHO CUCAMONGA,-117.53114013,34.10958003
6624603,2014,2016-06-04,9860,2014-08-21,0926,015207,NA,4,1,9,3600,0,1,1,NA,2,152,RT 15,OAK HILL RD,7920,S,N,A,-,Y,SBD,8,15,-,R,28.6,H,-,N,Y,3,0,1,2,A,-,03,22350,NA,N,C,C,A,A,D,-,A,D,1,NA,NA,NA,Y,Y,NA,A,01,0,1,0,0,0,0,0,0,0,-,-,34.36749,-117.4284,SAN BERNARDINO,UNINCORPORATED,-117.43326407,34.36218694
6625377,2014,2014-10-07,9850,2014-09-06,1445,10917,NA,6,2,9,3600,0,3,5,NA,2,004,CAMP ROCK RD,COMET RD,0,NA,Y,A,-,N,NA,NA,NA,NA,NA,NA,NA,NA,NA,Y,3,0,2,2,A,-,05,21752,D,N,C,C,A,A,H,-,A,D,0,NA,NA,NA,NA,Y,NA,A,01,0,2,0,0,0,0,0,0,0,-,-,34.48356,-116.65778,SAN BERNARDINO,UNINCORPORATED,-116.85793008,34.48346008
6626988,2014,2014-10-02,3607,2014-08-24,1451,14813,NA,7,5,6,3607,0,0,0,NA,0,WVSC,GROVE AV,5TH ST,120,N,N,A,-,N,NA,NA,NA,NA,NA,NA,NA,NA,NA,Y,4,0,1,3,A,-,08,22103,NA,N,D,C,A,A,H,-,A,D,0,NA,NA,NA,NA,Y,NA,-,NA,0,0,1,0,0,0,0,0,0,-,-,NA,NA,SAN BERNARDINO,ONTARIO,-117.62856692,34.08157662
6628092,2014,2014-09-24,3607,2014-07-03,1403,80205,82,4,5,6,3607,0,0,0,NA,0,041,4TH ST,ONTARIO MILLS DR,80,E,N,A,-,N,NA,NA,NA,NA,NA,NA,NA,NA,NA,N,4,0,1,3,A,-,03,22350,NA,M,C,C,A,A,-,-,A,A,0,NA,NA,NA,NA,Y,NA,-,NA,0,0,1,0,0,0,0,0,0,-,-,NA,NA,SAN BERNARDINO,ONTARIO,-117.54609694,34.07713
6628284,2014,2014-10-06,3610,2014-06-12,1323,50747,NA,4,5,6,3610,0,0,0,NA,0,NA,EAST 9TH,N DEL ROSA DR,0,NA,Y,A,-,N,NA,NA,NA,NA,NA,NA,NA,NA,NA,Y,3,0,4,3,A,-,01,23152,A,N,B,C,A,A,H,-,A,A,0,NA,NA,NA,Y,Y,Y,F,26,0,1,3,0,0,0,0,0,0,-,-,NA,NA,SAN BERNARDINO,SAN BERNARDINO,-117.25248005,34.11574001
6628522,2014,2015-12-07,3610,2014-04-08,0529,50569,NA,2,5,6,3610,0,0,0,NA,0,NA,SOUTH WATERMAN AV,E MILL ST,117,S,N,A,-,N,NA,NA,NA,NA,NA,NA,NA,NA,NA,N,4,0,1,2,A,-,11,21954,A,N,G,B,D,A,H,-,C,A,0,Y,NA,NA,NA,Y,NA,N,60,0,0,1,0,1,0,0,0,0,-,-,NA,NA,SAN BERNARDINO,SAN BERNARDINO,-117.27884,34.09181948
6628999,2014,2014-09-25,3607,2014-08-20,1025,80410,63,3,5,6,3607,0,0,0,NA,0,021,FOURTH ST,BERLYN AV,0,NA,Y,A,-,N,NA,NA,NA,NA,NA,NA,NA,NA,NA,N,3,0,1,2,A,-,05,21202,A,F,D,G,A,A,H,-,A,A,0,NA,Y,NA,NA,Y,NA,L,04,0,1,0,0,0,0,1,0,0,-,-,NA,NA,SAN BERNARDINO,ONTARIO,-117.63897013,34.07794007
6629003,2014,2014-09-25,3607,2014-08-19,1916,80217,510,2,5,6,3607,0,0,0,NA,0,081,GROVE AV,CHINO AV,0,NA,Y,A,-,N,NA,NA,NA,NA,NA,NA,NA,NA,NA,Y,4,0,2,2,A,-,12,22450,A,N,D,C,A,A,H,-,B,A,0,NA,NA,NA,NA,Y,NA,-,NA,0,0,2,0,0,0,0,0,0,-,-,NA,NA,SAN BERNARDINO,ONTARIO,-117.62826011,34.01216005
6629060,2014,2016-04-30,9850,2014-08-18,2353,020848,NA,1,3,5,3621,0,1,1,NA,2,084,RT 15,STODDARD WELLS RD,1056,S,N,A,-,Y,SBD,8,15,-,-,47.12,H,-,N,Y,3,0,2,2,A,-,01,23152,E,M,E,I,A,A,H,-,C,D,1,NA,NA,NA,NA,Y,NA,A,01,0,1,1,0,0,0,0,0,0,-,-,34.58699,-117.26241,SAN BERNARDINO,APPLE VALLEY,-117.26256077,34.58707777
6630047,2014,2014-09-24,3610,2014-05-01,1245,50912,NA,4,5,6,3610,0,0,0,NA,0,NA,W 2ND ST,N K ST,0,NA,Y,A,-,N,NA,NA,NA,NA,NA,NA,NA,NA,NA,N,2,0,1,2,A,-,09,21800,C,F,B,G,A,A,H,-,A,D,0,NA,Y,NA,NA,Y,NA,A,01,1,0,0,0,0,0,1,0,0,-,-,NA,NA,SAN BERNARDINO,SAN BERNARDINO,-117.30788009,34.10272005
6632129,2014,2014-09-25,3602,2014-07-21,1632,2798,50,1,5,5,3602,0,0,0,NA,0,004,BENSON AV,RIVERSIDE DR,0,NA,Y,A,-,N,NA,NA,NA,NA,NA,NA,NA,NA,NA,N,3,0,2,2,A,-,09,21801,A,N,D,C,A,A,H,-,A,A,0,NA,NA,NA,NA,Y,NA,A,01,0,1,1,0,0,0,0,0,0,-,-,NA,NA,SAN BERNARDINO,CHINO,-117.68060003,34.01913009
6632322,2014,2014-10-14,3607,2014-09-06,1956,80447,131,6,5,6,3607,0,0,0,NA,0,022,HOLT BL,GROVE AV,0,NA,Y,A,-,N,NA,NA,NA,NA,NA,NA,NA,NA,NA,Y,4,0,1,2,A,-,01,23153,A,F,A,C,A,A,H,-,C,A,0,NA,NA,NA,NA,Y,Y,-,NA,0,0,1,0,0,0,0,0,0,-,-,NA,NA,SAN BERNARDINO,ONTARIO,-117.62850009,34.06342003
6633120,2014,2014-10-07,3604,2014-08-18,1820,680,NA,1,5,6,3604,0,0,0,NA,0,NA,VALLEY,VINEYARD,0,NA,Y,A,-,N,NA,NA,NA,NA,NA,NA,NA,NA,NA,N,3,0,1,2,A,-,08,22107,NA,N,G,B,B,A,H,-,B,D,0,Y,NA,NA,NA,Y,NA,D,22,0,1,0,0,1,0,0,0,0,-,-,NA,NA,SAN BERNARDINO,FONTANA,-117.43295006,34.07038005
6633157,2014,2014-10-06,3604,2014-08-21,0916,925,NA,4,5,6,3604,0,0,0,NA,0,NA,SIERRA,VALLEY BL,58,N,N,A,-,N,NA,NA,NA,NA,NA,NA,NA,NA,NA,N,4,0,2,2,A,-,03,22350,NA,N,C,C,A,A,H,-,A,A,0,NA,NA,NA,NA,Y,NA,A,08,0,0,2,0,0,0,0,0,0,-,-,NA,NA,SAN BERNARDINO,FONTANA,-117.43568,34.07052892
6633370,2014,2016-05-05,9855,2014-08-25,0930,015461,NA,1,1,5,3602,0,1,3,NA,2,603,RT 60,MONTE VISTA AV,693,W,N,A,-,Y,SBD,8,60,-,R,1.74,H,-,W,Y,4,0,1,3,A,-,03,22350,NA,N,C,C,A,A,H,-,A,D,1,NA,NA,NA,NA,Y,NA,A,01,0,0,1,0,0,0,0,0,0,-,-,34.03018,-117.69898,SAN BERNARDINO,CHINO,-117.70033994,34.03028963
6634863,2014,2014-10-07,3610,2014-05-26,1810,50761,NA,1,5,6,3610,0,0,0,NA,0,NA,SOUTH WATERMAN AV,E ORANGE SHOW RD,0,NA,Y,A,-,N,NA,NA,NA,NA,NA,NA,NA,NA,NA,Y,4,0,2,3,A,-,12,21453,A,N,D,C,A,A,H,-,A,A,0,NA,NA,NA,Y,Y,NA,F,26,0,0,2,0,0,0,0,0,0,-,-,NA,NA,SAN BERNARDINO,SAN BERNARDINO,-117.27864002,34.07978003
6636813,2014,2016-05-12,9835,2014-09-14,0615,19989,NA,7,1,9,3600,0,1,1,NA,2,075,RT 15,HALLORAN SPRINGS RD,10560,N,N,A,-,Y,SBD,8,15,-,-,151.64,H,-,N,Y,3,0,2,1,A,-,08,22107,NA,N,F,A,A,A,H,-,A,D,1,NA,NA,NA,NA,Y,NA,A,01,0,2,0,0,0,0,0,0,0,-,-,NA,NA,SAN BERNARDINO,UNINCORPORATED,-115.85731243,35.38474006
6637179,2014,2016-05-09,9865,2014-09-13,1344,20007,NA,6,1,9,3600,0,1,3,NA,2,011,RT 18,CREST FOREST DR,2640,S,N,A,-,Y,SBD,8,18,-,-,20,H,-,N,Y,2,0,2,2,A,-,08,22107,NA,N,D,C,A,A,H,-,A,D,0,NA,NA,NA,NA,Y,NA,A,07,1,0,1,0,0,0,0,0,0,-,-,34.22696,-117.26149,SAN BERNARDINO,UNINCORPORATED,-117.2611511,34.22726519
6637285,2014,2016-04-30,9855,2014-08-21,1618,016051,NA,4,2,6,3607,0,1,1,NA,2,101,RT 10,MILLIKEN AV,1300,W,N,A,-,Y,SBD,8,10,-,-,8.81,H,-,E,N,4,0,2,2,A,-,03,22350,NA,N,C,C,A,A,H,-,A,D,1,NA,NA,NA,NA,Y,NA,A,01,0,0,2,0,0,0,0,0,0,-,-,NA,NA,SAN BERNARDINO,ONTARIO,-117.56458866,34.06739734
6638843,2014,2015-05-06,3600,2014-08-27,1457,F4507,HE203,3,5,5,3619,0,0,0,NA,0,HE2,JACARANDA AV,BEAR VALLEY RD,0,NA,N,A,-,N,NA,NA,NA,NA,NA,NA,NA,NA,NA,Y,4,0,1,2,A,-,03,22350,NA,N,C,C,A,A,H,-,A,A,0,NA,NA,Y,NA,Y,NA,C,02,0,0,1,0,0,0,0,0,1,-,-,NA,NA,SAN BERNARDINO,HESPERIA,-117.2633001,34.47106006
6638969,2014,2015-12-07,3610,2014-06-08,2000,50761,NA,7,5,6,3610,0,0,0,NA,0,NA,W 8TH ST,N D ST,26,E,N,A,-,N,NA,NA,NA,NA,NA,NA,NA,NA,NA,Y,4,0,1,2,A,-,08,22103,NA,N,D,E,A,A,H,-,C,D,0,NA,NA,NA,NA,Y,NA,A,01,0,0,1,0,0,0,0,0,0,-,-,NA,NA,SAN BERNARDINO,SAN BERNARDINO,-117.29181437,34.11391077
6640732,2014,2014-10-07,3610,2014-05-08,1631,50860,NA,4,5,6,3610,0,0,0,NA,0,NA,S HUNTS LN,S E ST,0,NA,Y,A,-,N,NA,NA,NA,NA,NA,NA,NA,NA,NA,N,4,0,1,2,A,-,12,21453,A,N,D,C,A,A,H,-,A,A,0,NA,NA,NA,NA,Y,Y,A,01,0,0,1,0,0,0,0,0,0,-,-,NA,NA,SAN BERNARDINO,SAN BERNARDINO,-117.28758002,34.06450008
6573502,2014,2014-08-28,3605,2014-07-08,1632,309,NA,2,5,4,3605,0,0,0,NA,0,NA,CENTRAL AV,HOWARD ST,8,N,N,A,-,N,NA,NA,NA,NA,NA,NA,NA,NA,NA,Y,4,0,1,2,A,-,04,21703,NA,N,C,C,A,A,H,-,A,A,0,NA,NA,NA,NA,Y,NA,D,22,0,0,1,0,0,0,0,0,0,-,-,NA,NA,SAN BERNARDINO,MONTCLAIR,-117.68947863,34.0522319
6570105,2014,2016-04-16,3600,2014-06-24,1604,F2750,YV007,2,5,3,3631,0,0,0,NA,0,YV1,FOX TRL,TWENTYNINE PALMS HWY,0,NA,Y,A,-,Y,SBD,8,62,-,-,10.354,I,5,W,Y,3,0,2,2,A,-,09,21804,A,N,D,C,A,A,H,-,A,A,0,NA,NA,NA,NA,Y,NA,-,NA,0,1,1,0,0,0,0,0,0,-,-,NA,NA,SAN BERNARDINO,YUCCA VALLEY,-116.44879695,34.11872587