CASE_ID,ACCIDENT_YEAR,PROC_DATE,JURIS,COLLISION_DATE,COLLISION_TIME,OFFICER_ID,REPORTING_DISTRICT,DAY_OF_WEEK,CHP_SHIFT,POPULATION,CNTY_CITY_LOC,SPECIAL_COND,BEAT_TYPE,CHP_BEAT_TYPE,CITY_DIVISION_LAPD,CHP_BEAT_CLASS,BEAT_NUMBER,PRIMARY_RD,SECONDARY_RD,DISTANCE,DIRECTION,INTERSECTION,WEATHER_1,WEATHER_2,STATE_HWY_IND,CALTRANS_COUNTY,CALTRANS_DISTRICT,STATE_ROUTE,ROUTE_SUFFIX,POSTMILE_PREFIX,POSTMILE,LOCATION_TYPE,RAMP_INTERSECTION,SIDE_OF_HWY,TOW_AWAY,COLLISION_SEVERITY,NUMBER_KILLED,NUMBER_INJURED,PARTY_COUNT,PRIMARY_COLL_FACTOR,PCF_CODE_OF_VIOL,PCF_VIOL_CATEGORY,PCF_VIOLATION,PCF_VIOL_SUBSECTION,HIT_AND_RUN,TYPE_OF_COLLISION,MVIW,PED_ACTION,ROAD_SURFACE,ROAD_COND_1,ROAD_COND_2,LIGHTING,CONTROL_DEVICE,CHP_ROAD_TYPE,PEDESTRIAN_ACCIDENT,BICYCLE_ACCIDENT,MOTORCYCLE_ACCIDENT,TRUCK_ACCIDENT,NOT_PRIVATE_PROPERTY,ALCOHOL_INVOLVED,STWD_VEHTYPE_AT_FAULT,CHP_VEHTYPE_AT_FAULT,COUNT_SEVERE_INJ,COUNT_VISIBLE_INJ,COUNT_COMPLAINT_PAIN,COUNT_PED_KILLED,COUNT_PED_INJURED,COUNT_BICYCLIST_KILLED,COUNT_BICYCLIST_INJURED,COUNT_MC_KILLED,COUNT_MC_INJURED,PRIMARY_RAMP,SECONDARY_RAMP,LATITUDE,LONGITUDE,COUNTY,CITY,POINT_X,POINT_Y
6917956,2015,2016-11-19,9834,2015-04-30,1450,015672,NA,4,2,9,3600,0,1,2,NA,1,091,RT 95,HAVASU LAKE RD,58080,S,N,A,-,Y,SBD,8,95,-,-,26.19,H,-,N,Y,2,0,1,1,C,-,18,NA,NA,N,E,I,A,A,H,-,A,D,0,NA,NA,NA,NA,Y,NA,-,-,1,0,0,0,0,0,0,0,0,-,-,34.39126,-114.65289,SAN BERNARDINO,UNINCORPORATED,-114.65288537,34.39314429
6919339,2015,2016-12-07,9855,2015-05-01,1450,17112,NA,5,2,6,3616,0,1,1,NA,2,201,RT 210,DAY CREEK BL,300,W,N,A,-,Y,SBD,8,210,-,-,9.08,H,-,E,Y,4,0,1,3,A,-,03,22350,NA,N,C,C,A,A,H,-,A,D,1,NA,NA,NA,NA,Y,NA,A,01,0,0,1,0,0,0,0,0,0,-,-,34.13657,-117.54089,SAN BERNARDINO,RANCHO CUCAMONGA,-117.53822347,34.13640322
6919340,2015,2016-12-15,9855,2015-05-05,1620,14366,NA,2,2,6,3604,0,1,1,NA,2,201,RT 210,CHERRY AV,2120,E,N,A,-,Y,SBD,8,210,-,-,12.34,H,-,E,Y,4,0,1,3,A,-,06,21750,NA,N,B,C,A,A,H,-,A,D,1,NA,NA,Y,NA,Y,NA,C,02,0,0,1,0,0,0,0,0,1,-,-,NA,NA,SAN BERNARDINO,FONTANA,-117.48127936,34.13627555
6919348,2015,2016-12-12,9855,2015-05-01,1535,17313,NA,5,2,6,3607,0,1,1,NA,2,101,RT 10,HAVEN AV,2640,E,N,A,-,Y,SBD,8,10,-,-,8.67,H,-,E,Y,4,0,3,2,A,-,03,22350,NA,N,C,C,A,A,H,-,A,D,1,NA,NA,NA,NA,Y,NA,A,01,0,0,3,0,0,0,0,0,0,-,-,34.06791,-117.58616,SAN BERNARDINO,ONTARIO,-117.56703188,34.06740904
6923211,2015,2017-01-11,9855,2015-08-10,0750,12923,NA,1,1,6,3604,0,1,1,NA,2,101,RT 10,RT 15,1250,E,N,A,-,Y,SBD,8,10,-,-,10.18,H,-,W,N,3,0,1,2,A,-,07,21658,A,F,E,I,A,A,H,-,A,D,1,NA,NA,Y,NA,Y,NA,A,01,0,1,0,0,0,0,0,0,1,-,-,34.06756,-117.53235,SAN BERNARDINO,FONTANA,-117.54068408,34.06747426
6924611,2015,2016-12-08,9860,2015-05-02,2155,20626,NA,6,2,4,3640,0,1,1,NA,2,106,RT 10,YUCAIPA BL,1900,E,N,A,-,Y,SBD,8,10,-,R,35.86,H,-,W,Y,3,0,1,1,A,-,08,22107,NA,N,F,A,A,A,C,-,C,D,1,NA,NA,NA,NA,Y,NA,A,01,0,1,0,0,0,0,0,0,0,-,-,34.02488,-117.11311,SAN BERNARDINO,YUCAIPA,-117.11349434,34.02493998
6924624,2015,2015-06-09,9860,2015-05-14,1014,17892,NA,4,1,9,3600,0,3,5,NA,2,002,DARBY ST,DUFFY ST,580,E,N,B,-,N,NA,NA,NA,NA,NA,NA,NA,NA,NA,Y,4,0,1,1,A,-,08,22107,NA,N,E,I,A,A,H,-,A,D,0,NA,NA,NA,NA,Y,NA,A,01,0,0,1,0,0,0,0,0,0,-,-,34.14694,-117.34301,SAN BERNARDINO,UNINCORPORATED,-117.34228889,34.1469334
6924663,2015,2016-12-08,9860,2015-05-06,1448,16575,NA,3,2,6,3610,0,1,1,NA,2,103,RT 10,WATERMAN AV,1900,W,N,A,-,Y,SBD,8,10,-,-,24.88,H,-,E,Y,4,0,1,2,A,-,08,22107,NA,N,B,C,A,A,H,-,A,D,1,NA,NA,NA,Y,Y,NA,A,01,0,0,1,0,0,0,0,0,0,-,-,34.06361,-117.28522,SAN BERNARDINO,SAN BERNARDINO,-117.28564373,34.06361971
6924675,2015,2016-12-08,9860,2015-04-18,1015,18223,NA,6,1,4,3640,0,1,1,NA,2,106,RT 10,WABASH AV,2000,E,N,A,-,Y,SBD,8,10,-,-,34.67,H,-,E,Y,3,0,2,2,A,-,03,22350,NA,N,C,C,A,A,H,-,A,D,1,NA,NA,NA,Y,Y,NA,A,07,0,1,1,0,0,0,0,0,0,-,-,34.02995,-117.13163,SAN BERNARDINO,YUCAIPA,-117.13287485,34.03058769
6924746,2015,2015-06-17,3604,2015-05-17,1034,1171,NA,7,5,6,3604,0,0,0,NA,0,NA,VALLEY BL,JUNIPER AV,0,NA,Y,A,-,N,NA,NA,NA,NA,NA,NA,NA,NA,NA,Y,4,0,1,3,A,-,12,21453,A,N,D,C,A,A,H,-,A,A,0,NA,NA,NA,NA,Y,NA,A,01,0,0,1,0,0,0,0,0,0,-,-,NA,NA,SAN BERNARDINO,FONTANA,-117.44002011,34.07037003
6925706,2015,2016-10-04,9855,2015-02-24,0445,19462,NA,2,3,4,3605,0,1,1,NA,2,103,RT 10,CENTRAL AV,1500,E,N,A,-,Y,SBD,8,10,-,-,1.63,H,-,E,Y,3,0,1,2,A,-,07,21658,A,N,B,C,A,A,H,-,D,D,1,NA,NA,NA,NA,Y,NA,D,22,0,1,0,0,0,0,0,0,0,-,-,34.08702,-117.68425,SAN BERNARDINO,MONTCLAIR,-117.683262,34.08712741
6925742,2015,2016-09-27,9855,2015-01-03,1650,16801,NA,6,2,6,3616,0,1,1,NA,2,201,RT 210,DAY CREEK BL,1800,W,N,A,-,Y,SBD,8,210,-,-,8.8,H,-,W,N,4,0,1,3,A,-,03,22350,NA,N,C,C,A,A,H,-,B,D,1,NA,NA,NA,NA,Y,NA,D,22,0,0,1,0,0,0,0,0,0,-,-,34.13678,-117.54321,SAN BERNARDINO,RANCHO CUCAMONGA,-117.54313358,34.13667947
6925806,2015,2015-06-09,9855,2015-01-17,1620,18313,NA,6,2,9,3600,0,3,5,NA,2,001,CERES AV,LIVE OAK AV,550,E,N,A,-,N,NA,NA,NA,NA,NA,NA,NA,NA,NA,N,3,0,1,2,A,-,11,21954,A,N,G,B,D,A,H,-,A,D,0,Y,NA,NA,NA,Y,NA,N,60,0,1,0,0,1,0,0,0,0,-,-,34.09296,-117.47801,SAN BERNARDINO,UNINCORPORATED,-117.47806857,34.09292245
6926299,2015,2016-10-13,9855,2015-01-16,1425,014688,NA,5,2,6,3607,0,1,1,NA,2,104,RT 10,HAVEN AV,1438,W,N,A,-,Y,SBD,8,10,-,-,8.01,H,-,E,Y,4,0,1,4,A,-,07,21658,A,N,B,C,A,A,H,-,A,D,1,NA,NA,Y,NA,Y,NA,A,01,0,0,1,0,0,0,0,0,1,-,-,NA,NA,SAN BERNARDINO,ONTARIO,-117.57854168,34.06747367
6926300,2015,2016-09-06,9855,2015-01-16,1135,016051,NA,5,1,5,3602,0,1,3,NA,2,603,RT 60,RT 83,1250,W,N,A,-,Y,SBD,8,60,-,R,4.32,H,-,E,Y,4,0,1,2,A,-,07,21658,A,N,E,I,A,A,H,-,A,D,1,NA,NA,NA,NA,Y,NA,A,01,0,0,1,0,0,0,0,0,0,-,-,NA,NA,SAN BERNARDINO,CHINO,-117.65540979,34.03031241
6927283,2015,2015-06-02,3604,2015-05-08,2015,534,NA,5,5,6,3604,0,0,0,NA,0,NA,CITRUS AV,BASELINE AV,215,N,N,B,-,N,NA,NA,NA,NA,NA,NA,NA,NA,NA,N,4,0,1,2,A,-,03,22350,NA,N,C,C,A,A,H,-,C,A,0,NA,NA,NA,NA,Y,NA,A,01,0,0,1,0,0,0,0,0,0,-,-,NA,NA,SAN BERNARDINO,FONTANA,-117.45363,34.12206905
6928087,2015,2015-06-08,3600,2015-05-15,2012,C9265,HE217,5,5,5,3619,0,0,0,NA,0,HE4,MAIN ST,E AV,227,W,N,A,-,N,NA,NA,NA,NA,NA,NA,NA,NA,NA,N,4,0,1,3,A,-,03,22350,NA,N,C,C,A,A,H,-,C,A,0,NA,NA,NA,NA,Y,NA,A,01,0,0,1,0,0,0,0,0,0,-,-,NA,NA,SAN BERNARDINO,HESPERIA,-117.29327835,34.42033095
6928669,2015,2015-06-16,3604,2015-05-08,1713,907,NA,5,5,6,3604,0,0,0,NA,0,NA,SIERRA LAKES PKWY,AUGUSTA DR,370,W,N,B,-,N,NA,NA,NA,NA,NA,NA,NA,NA,NA,N,4,0,1,2,A,-,09,21804,A,N,D,C,A,A,H,-,A,D,0,NA,NA,NA,NA,Y,NA,A,01,0,0,1,0,0,0,0,0,0,-,-,NA,NA,SAN BERNARDINO,FONTANA,-117.45227691,34.13912869
6928670,2015,2016-06-13,3604,2015-05-08,1204,925,NA,5,5,6,3604,0,0,0,NA,0,NA,FOOTHILL BL,OLEANDER,0,NA,Y,B,-,N,NA,NA,NA,NA,NA,NA,NA,NA,NA,Y,3,0,1,2,A,-,09,21802,A,N,F,C,A,A,H,-,A,A,0,NA,NA,NA,NA,Y,NA,A,01,0,1,0,0,0,0,0,0,0,-,-,NA,NA,SAN BERNARDINO,FONTANA,-117.44887002,34.10658009
6797538,2015,2016-09-15,3600,2015-01-25,1835,D3381,VC057,7,5,5,3612,0,0,0,NA,0,VC5,PALMDALE RD,CAHUENGA RD,0,NA,Y,A,-,Y,SBD,8,18,-,-,97.5,I,5,S,Y,3,0,2,1,A,-,01,23152,A,N,H,I,A,A,H,-,C,A,0,NA,NA,NA,NA,Y,Y,A,01,0,2,0,0,0,0,0,0,0,-,-,NA,NA,SAN BERNARDINO,VICTORVILLE,-117.33892182,34.50679673
6806096,2015,2016-09-20,9835,2015-01-26,1730,19189,NA,1,2,9,3600,0,1,1,NA,2,072,RT 15,FORT IRWIN RD,6864,N,N,C,-,Y,SBD,8,15,-,-,80.33,H,-,S,Y,4,0,2,1,A,-,03,22350,NA,N,E,I,A,B,H,-,D,D,1,NA,NA,NA,NA,Y,NA,A,07,0,0,2,0,0,0,0,0,0,-,-,34.90143,-116.9008,SAN BERNARDINO,UNINCORPORATED,-116.91314793,34.90143484
6809954,2015,2015-03-13,3603,2015-01-27,1740,CL4131,COLTO,2,5,4,3603,0,0,0,NA,0,001,MILL ST,PENNSYLVANIA AV,200,W,N,A,-,N,NA,NA,NA,NA,NA,NA,NA,NA,NA,Y,4,0,2,3,A,-,03,22350,NA,N,C,C,A,A,H,-,C,A,0,NA,NA,NA,NA,Y,NA,A,01,0,0,2,0,0,0,0,0,0,-,-,NA,NA,SAN BERNARDINO,COLTON,-117.3298086,34.09215
6809958,2015,2015-03-04,3603,2015-01-09,1700,CL4697,COLTO,5,5,4,3603,0,0,0,NA,0,003,LA CADENA DR,IOWA AV,0,NA,Y,B,-,N,NA,NA,NA,NA,NA,NA,NA,NA,NA,Y,4,0,1,2,A,-,07,21658,A,N,B,C,A,A,H,-,C,D,0,NA,NA,NA,NA,Y,NA,A,01,0,0,1,0,0,0,0,0,0,-,-,NA,NA,SAN BERNARDINO,COLTON,-117.33496,34.02264009
6811944,2015,2015-02-27,3600,2015-01-20,1002,G0803,RC011,2,5,6,3616,0,0,0,NA,0,005,S VICTORIA WINDROWS LOOP,LARKSPUR PL,54,E,N,B,-,N,NA,NA,NA,NA,NA,NA,NA,NA,NA,Y,4,0,2,2,A,-,01,23152,E,N,C,E,A,A,H,-,A,D,0,NA,NA,NA,NA,Y,NA,A,01,0,0,2,0,0,0,0,0,0,-,-,NA,NA,SAN BERNARDINO,RANCHO CUCAMONGA,-117.53143206,34.12606
6815925,2015,2015-03-06,3607,2015-02-04,0759,13712,249,3,5,6,3607,0,0,0,NA,0,071,PHILADELPHIA ST,PARCO AV,0,NA,Y,A,-,N,NA,NA,NA,NA,NA,NA,NA,NA,NA,N,4,0,1,2,A,-,12,22450,A,N,D,C,A,A,H,-,A,A,0,NA,NA,NA,NA,Y,NA,-,NA,0,0,1,0,0,0,0,0,0,-,-,NA,NA,SAN BERNARDINO,ONTARIO,-117.62412001,34.03399003
6825791,2015,2015-08-17,3600,2015-02-04,1607,E4794,HE218,3,5,5,3619,0,0,0,NA,0,HE2,MAIN ST,I AV,0,NA,Y,A,-,N,NA,NA,NA,NA,NA,NA,NA,NA,NA,Y,4,0,1,2,A,-,04,21703,NA,N,C,C,A,A,H,-,A,A,0,NA,NA,NA,NA,Y,NA,A,01,0,0,1,0,0,0,0,0,0,-,-,NA,NA,SAN BERNARDINO,HESPERIA,-117.2830801,34.41881006
6825826,2015,2015-08-15,3600,2015-02-11,0928,E4794,HE218,3,5,5,3619,0,0,0,NA,0,HE2,I AV,YUCCA ST,0,NA,Y,A,-,N,NA,NA,NA,NA,NA,NA,NA,NA,NA,N,4,0,1,2,D,-,00,NA,NA,N,D,C,A,A,H,-,A,A,0,NA,NA,NA,NA,Y,NA,-,-,0,0,1,0,0,0,0,0,0,-,-,NA,NA,SAN BERNARDINO,HESPERIA,-117.28282005,34.42013003
6844321,2015,2015-04-27,3600,2015-02-03,1342,S2984,YC304,2,5,4,3640,0,0,0,NA,0,YC1,OAK GLEN RD,WILDWOOD CANYON RD,1267,N,N,A,-,N,NA,NA,NA,NA,NA,NA,NA,NA,NA,Y,4,0,1,1,A,-,03,22350,NA,N,H,-,A,A,H,-,A,A,0,NA,NA,Y,NA,Y,NA,C,02,0,0,1,0,0,0,0,0,1,-,-,NA,NA,SAN BERNARDINO,YUCAIPA,-116.96626335,34.01062257
6845032,2015,2016-09-12,9865,2015-01-25,0135,14729,NA,7,3,9,3600,0,1,3,NA,2,020,RT 138,OLD MILL RD,2904,W,N,A,-,Y,SBD,8,138,-,-,33.05,H,-,E,Y,4,0,1,1,A,-,01,23152,A,N,E,I,A,A,H,-,D,D,0,NA,NA,NA,NA,Y,Y,A,01,0,0,1,0,0,0,0,0,0,-,-,34.2614,-117.2891,SAN BERNARDINO,UNINCORPORATED,-117.28898976,34.26179731
6847464,2015,2016-10-11,9834,2015-03-11,1515,11923,NA,3,2,9,3600,0,1,1,NA,2,044,RT 40,WATER RD,10560,E,N,B,-,Y,SBD,8,40,-,R,122.94,H,-,E,N,4,0,1,1,A,-,08,22107,NA,N,F,A,A,A,H,-,A,D,1,NA,NA,NA,NA,Y,NA,A,08,0,0,1,0,0,0,0,0,0,-,-,34.85797,-114.92113,SAN BERNARDINO,UNINCORPORATED,-114.92073806,34.85800125
6849007,2015,2015-03-23,3600,2015-03-05,0736,F3067,HE101,4,5,5,3619,0,0,0,NA,0,HE1,BEAR VALLEY RD,COTTONWOOD AV,35,W,N,A,-,N,NA,NA,NA,NA,NA,NA,NA,NA,NA,Y,4,0,1,2,A,-,07,21658,A,N,C,C,A,A,H,-,A,A,0,NA,NA,Y,NA,Y,NA,C,02,0,0,1,0,0,0,0,0,1,-,-,NA,NA,SAN BERNARDINO,HESPERIA,-117.33881578,34.47049
6856038,2015,2015-03-30,3609,2015-02-24,1544,5550,141,2,5,5,3609,0,0,0,NA,0,004,RIALTO AV,ACACIA AV,0,NA,Y,A,-,N,NA,NA,NA,NA,NA,NA,NA,NA,NA,N,4,0,2,2,D,-,00,NA,NA,N,D,C,A,A,H,-,A,D,0,NA,NA,NA,NA,Y,NA,-,-,0,0,2,0,0,0,0,0,0,-,-,NA,NA,SAN BERNARDINO,RIALTO,-117.36162012,34.09951003
6860076,2015,2015-09-10,3600,2015-03-21,1729,E5343,HE203,6,5,5,3619,0,0,0,NA,0,HE2,PEACH AV,WISTERIA ST,0,NA,Y,A,-,N,NA,NA,NA,NA,NA,NA,NA,NA,NA,Y,3,0,2,2,A,-,09,21802,A,N,D,C,A,A,H,-,A,A,0,NA,NA,NA,NA,Y,Y,D,22,0,2,0,0,0,0,0,0,0,-,-,NA,NA,SAN BERNARDINO,HESPERIA,-117.26492005,34.44393
6863232,2015,2015-04-09,9834,2015-03-07,0720,017038,NA,6,1,9,3600,0,3,5,NA,2,001,RIO VISTA DR,GUATAY RD,22,W,N,A,-,N,NA,NA,NA,NA,NA,NA,NA,NA,NA,Y,3,0,1,1,A,-,01,23152,A,N,E,I,A,A,H,-,A,D,0,NA,NA,NA,NA,Y,Y,D,22,0,1,0,0,0,0,0,0,0,-,-,34.15437,-114.30928,SAN BERNARDINO,UNINCORPORATED,-114.30951097,34.15407752
6901150,2015,2015-05-01,3604,2015-03-30,1437,1158,NA,1,5,6,3604,0,0,0,NA,0,NA,BANANA AV,JURUPA AV,0,NA,Y,A,-,N,NA,NA,NA,NA,NA,NA,NA,NA,NA,Y,4,0,5,2,A,-,09,21801,A,N,A,C,A,A,H,-,A,A,0,NA,NA,NA,NA,Y,NA,A,01,0,0,5,0,0,0,0,0,0,-,-,NA,NA,SAN BERNARDINO,FONTANA,-117.49776005,34.04817007
6908671,2015,2015-05-19,3609,2015-04-07,0705,6367,95,2,5,5,3609,0,0,0,NA,0,001,BASELINE RD,GLENWOOD AV,0,NA,Y,A,-,N,NA,NA,NA,NA,NA,NA,NA,NA,NA,N,4,0,1,2,A,-,09,21802,A,N,D,C,A,A,H,-,A,A,0,NA,NA,NA,NA,Y,NA,A,01,0,0,1,0,0,0,0,0,0,-,-,NA,NA,SAN BERNARDINO,RIALTO,-117.39168003,34.12131011
6908715,2015,2015-05-22,3600,2015-04-23,1756,E5343,HE404,4,5,5,3619,0,0,0,NA,0,HE4,C AV,SULTANA ST,0,NA,Y,A,-,N,NA,NA,NA,NA,NA,NA,NA,NA,NA,Y,2,0,1,2,A,-,09,21802,A,N,D,C,A,A,H,-,A,A,0,NA,NA,NA,NA,Y,NA,A,01,1,0,0,0,0,0,0,0,0,-,-,NA,NA,SAN BERNARDINO,HESPERIA,-117.29839001,34.41341004
6877670,2015,2016-03-08,3604,2015-02-22,0234,768,NA,7,5,6,3604,0,0,0,NA,0,NA,VALLEY BL,SIERRA AV,505,E,N,A,-,N,NA,NA,NA,NA,NA,NA,NA,NA,NA,Y,3,0,1,1,A,-,01,23152,A,N,E,I,A,A,H,-,C,D,0,NA,NA,NA,NA,Y,Y,A,01,0,1,0,0,0,0,0,0,0,-,-,NA,NA,SAN BERNARDINO,FONTANA,-117.43401753,34.0703788
6884289,2015,2015-10-13,3600,2015-04-02,0835,5717,HE130,4,5,5,3619,0,0,0,NA,0,NA,7TH AV,VINE ST,0,NA,Y,A,G,N,NA,NA,NA,NA,NA,NA,NA,NA,NA,Y,4,0,1,1,A,-,05,21650,NA,N,A,I,A,A,H,-,A,A,0,NA,NA,NA,NA,Y,NA,A,01,0,0,1,0,0,0,0,0,0,-,-,NA,NA,SAN BERNARDINO,HESPERIA,-117.31381013,34.43221011
6893202,2015,2015-05-01,9860,2015-03-04,0855,20596,NA,3,1,9,3600,0,3,5,NA,2,004,OLIVE ST,VALLEY BL,203,N,N,A,-,N,NA,NA,NA,NA,NA,NA,NA,NA,NA,N,3,0,1,2,A,-,21,22106,NA,N,D,C,A,A,H,-,A,D,0,NA,NA,NA,NA,Y,NA,A,01,0,1,0,0,0,0,0,0,0,-,-,NA,NA,SAN BERNARDINO,UNINCORPORATED,-117.39281691,34.07104619
6896715,2014,2015-05-14,9855,2014-10-30,1844,015498,NA,4,2,6,3607,0,1,1,NA,2,103,RT 10,4TH ST,1584,W,N,A,-,Y,NA,NA,10,NA,NA,NA,NA,NA,NA,Y,4,0,3,4,A,-,03,22350,NA,N,C,C,A,A,H,-,D,D,0,NA,NA,NA,NA,Y,NA,A,01,0,0,3,0,0,0,0,0,0,-,-,34.08104,-117.62975,SAN BERNARDINO,ONTARIO,-117.62968964,34.08114318
6896719,2014,2015-05-14,9855,2014-10-28,1220,11738,NA,2,1,5,3611,0,1,1,NA,2,203,RT 210,MOUNTAIN AV,1620,W,N,A,-,Y,NA,NA,210,NA,NA,NA,NA,NA,NA,Y,3,0,1,1,A,-,08,22107,NA,N,E,I,A,A,H,-,A,D,0,NA,NA,NA,NA,Y,NA,A,01,0,1,0,0,0,0,0,0,0,-,-,34.1336,-117.6772,SAN BERNARDINO,UPLAND,-117.67723282,34.13371048
6898833,2015,2015-05-08,3600,2015-03-30,1154,B6735,RC018,1,5,6,3616,0,0,0,NA,0,004,MILLIKEN AV,ARROW RTE,0,NA,Y,A,-,N,NA,NA,NA,NA,NA,NA,NA,NA,NA,N,4,0,1,2,A,-,21,22106,NA,N,C,C,A,A,H,-,A,A,0,NA,NA,NA,Y,Y,NA,F,25,0,0,1,0,0,0,0,0,0,-,-,NA,NA,SAN BERNARDINO,RANCHO CUCAMONGA,-117.55582003,34.0990401
6928682,2015,2016-06-13,3604,2015-05-06,0859,557,3604,3,5,6,3604,0,0,0,NA,0,NA,RT 66,BEECH,0,NA,Y,B,-,N,NA,NA,NA,NA,NA,NA,NA,NA,NA,N,3,0,1,2,A,-,05,21650,1,N,D,G,A,A,H,-,A,A,0,NA,Y,NA,NA,Y,NA,L,04,0,1,0,0,0,0,1,0,0,-,-,NA,NA,SAN BERNARDINO,FONTANA,-117.4712085,34.10649
6928851,2015,2016-11-28,9865,2015-05-01,2245,20243,NA,5,3,9,3600,0,1,3,NA,2,020,RT 330,HIGHLAND AV,29040,N,N,A,-,Y,SBD,8,330,-,-,35.54,H,-,N,Y,3,0,1,1,A,-,08,22107,NA,N,E,I,A,A,H,-,D,D,0,NA,NA,NA,NA,Y,NA,A,01,0,1,0,0,0,0,0,0,0,-,-,34.17892,-117.15996,SAN BERNARDINO,UNINCORPORATED,-117.15832821,34.17870325
6929380,2015,2016-11-19,9865,2015-04-25,0713,20872,NA,6,1,9,3600,0,1,3,NA,1,010,RT 18,FOREST RD 2 N 40,2112,N,N,E,-,Y,SBD,8,18,-,R,15.36,H,-,N,Y,4,0,1,2,A,-,03,22350,NA,N,D,C,A,B,H,-,A,D,0,NA,NA,NA,NA,Y,NA,A,01,0,0,1,0,0,0,0,0,0,-,-,34.22591,-117.30596,SAN BERNARDINO,UNINCORPORATED,-117.30597144,34.22616641
6931919,2015,2015-06-09,3611,2015-04-04,1502,2407,WVMC,6,5,5,3611,0,0,0,NA,0,004,9TH ST,14TH AV,0,NA,Y,A,-,N,NA,NA,NA,NA,NA,NA,NA,NA,NA,N,4,0,2,2,A,-,03,22350,NA,N,D,C,A,A,H,-,A,D,0,NA,NA,NA,NA,Y,NA,A,01,0,0,2,0,0,0,0,0,0,-,-,NA,NA,SAN BERNARDINO,UPLAND,-117.63091006,34.09612007
6932766,2015,2016-11-19,9860,2015-04-17,2145,19699,NA,5,2,6,3610,0,1,1,NA,2,103,RT 10,RT 210,528,N,N,A,-,Y,SBD,8,215,-,-,4.323,R,2,N,Y,4,0,1,1,A,-,08,22107,NA,N,E,I,A,A,H,-,D,D,1,NA,NA,NA,NA,Y,NA,A,01,0,0,1,0,0,0,0,0,0,TO,-,34.0672,-117.29536,SAN BERNARDINO,SAN BERNARDINO,-117.29576937,34.06805232
6933637,2015,2015-10-02,3607,2015-04-21,2124,80266,223,2,5,6,3607,0,0,0,NA,0,052,PHILADELPHIA ST,MOUNTAIN AV,200,W,N,A,-,N,NA,NA,NA,NA,NA,NA,NA,NA,NA,N,4,0,1,2,A,-,03,22350,NA,M,C,C,A,A,H,-,C,A,0,NA,NA,NA,NA,Y,NA,-,NA,0,0,1,0,0,0,0,0,0,-,-,NA,NA,SAN BERNARDINO,ONTARIO,-117.6697082,34.03370371
6934134,2015,2015-06-09,3607,2015-05-01,0840,80491,900,5,5,6,3607,0,0,0,NA,0,071,ARCHIBALD AV,OAK HILL DR,0,NA,Y,A,-,N,NA,NA,NA,NA,NA,NA,NA,NA,NA,N,4,0,1,2,A,-,12,21453,A,N,D,C,A,A,H,-,A,A,0,NA,NA,NA,NA,Y,NA,-,NA,0,0,1,0,0,0,0,0,0,-,-,NA,NA,SAN BERNARDINO,ONTARIO,-117.59331012,34.02824001
6935161,2015,2016-11-21,9835,2015-06-18,1415,20973,NA,4,2,9,3600,0,1,1,NA,2,075,RT 15,HALLORAN SPRINGS RD,1109,S,N,A,-,Y,SBD,8,15,-,-,149.43,H,-,N,Y,2,0,3,3,A,-,03,22350,NA,N,C,C,A,A,H,-,A,D,1,NA,NA,NA,NA,Y,NA,A,01,1,1,1,0,0,0,0,0,0,-,-,33.37336,-115.89435,SAN BERNARDINO,UNINCORPORATED,-115.89396835,35.37347106
6935935,2015,2015-06-02,3609,2015-05-01,1500,9632,106,5,5,5,3609,0,0,0,NA,0,001,CEDAR AV,ETIWANDA AV,0,NA,Y,A,-,N,NA,NA,NA,NA,NA,NA,NA,NA,NA,Y,4,0,1,2,A,-,09,21801,A,N,A,C,A,A,H,-,A,A,0,NA,NA,NA,NA,Y,NA,A,01,0,0,1,0,0,0,0,0,0,-,-,NA,NA,SAN BERNARDINO,RIALTO,-117.39660003,34.11404004
6935948,2015,2015-06-02,3600,2015-05-17,0102,B5040,RC200,7,5,6,3616,0,0,0,NA,0,RCM,EDEN AV,VERSAILLE ST,0,NA,Y,A,-,N,NA,NA,NA,NA,NA,NA,NA,NA,NA,Y,3,0,1,1,A,-,01,23152,A,N,E,I,A,A,H,-,C,A,0,NA,NA,NA,NA,Y,Y,A,01,0,1,0,0,0,0,0,0,0,-,-,NA,NA,SAN BERNARDINO,RANCHO CUCAMONGA,-117.52967012,34.10958005
6936527,2015,2016-11-28,9865,2015-05-12,0700,012581,NA,2,1,9,3600,0,1,3,NA,1,039,RT 38,GLASS RD,23232,E,N,A,-,Y,SBD,8,38,-,-,30.94,H,-,W,Y,4,0,1,1,A,-,08,22107,NA,N,E,I,A,A,-,-,A,D,0,NA,NA,NA,NA,Y,NA,D,22,0,0,1,0,0,0,0,0,0,-,-,34.17073,-116.82653,SAN BERNARDINO,UNINCORPORATED,-116.82656409,34.17068978
6936703,2015,2016-12-09,9870,2015-05-25,1322,013205,NA,1,1,9,3600,0,1,3,NA,1,041,RT 62,IRONAGE RD,19536,E,N,A,-,Y,SBD,8,62,-,-,58.5,H,-,W,Y,2,0,1,1,A,-,08,22107,NA,N,F,A,A,A,H,-,A,D,0,NA,NA,NA,NA,Y,NA,A,07,1,0,0,0,0,0,0,0,0,-,-,34.097410000000004,-115.62081,SAN BERNARDINO,UNINCORPORATED,-115.62603413,34.09794313
6938577,2015,2015-06-11,3607,2015-04-08,1149,80313,245,3,5,6,3607,0,0,0,NA,0,072,SEQUOIA AV,PHILADELPHIA ST,0,NA,Y,A,-,N,NA,NA,NA,NA,NA,NA,NA,NA,NA,Y,4,0,1,2,A,-,09,21802,A,N,D,C,A,A,H,-,A,A,0,NA,NA,NA,NA,Y,NA,-,NA,0,0,1,0,0,0,0,0,0,-,-,NA,NA,SAN BERNARDINO,ONTARIO,-117.57052005,34.03353001
6939552,2015,2016-11-18,3607,2015-04-23,1555,80313,204,4,5,6,3607,0,0,0,NA,0,061,EUCLID AV,FRANCIS ST,100,S,N,B,-,Y,SBD,8,83,-,-,7.9,H,-,N,N,4,0,2,3,A,-,03,22350,NA,N,C,-,A,A,H,-,A,A,0,NA,NA,NA,NA,Y,NA,-,NA,0,0,2,0,0,0,0,0,0,-,-,NA,NA,SAN BERNARDINO,ONTARIO,-117.65075422,34.04082852