CASE_ID,ACCIDENT_YEAR,PROC_DATE,JURIS,COLLISION_DATE,COLLISION_TIME,OFFICER_ID,REPORTING_DISTRICT,DAY_OF_WEEK,CHP_SHIFT,POPULATION,CNTY_CITY_LOC,SPECIAL_COND,BEAT_TYPE,CHP_BEAT_TYPE,CITY_DIVISION_LAPD,CHP_BEAT_CLASS,BEAT_NUMBER,PRIMARY_RD,SECONDARY_RD,DISTANCE,DIRECTION,INTERSECTION,WEATHER_1,WEATHER_2,STATE_HWY_IND,CALTRANS_COUNTY,CALTRANS_DISTRICT,STATE_ROUTE,ROUTE_SUFFIX,POSTMILE_PREFIX,POSTMILE,LOCATION_TYPE,RAMP_INTERSECTION,SIDE_OF_HWY,TOW_AWAY,COLLISION_SEVERITY,NUMBER_KILLED,NUMBER_INJURED,PARTY_COUNT,PRIMARY_COLL_FACTOR,PCF_CODE_OF_VIOL,PCF_VIOL_CATEGORY,PCF_VIOLATION,PCF_VIOL_SUBSECTION,HIT_AND_RUN,TYPE_OF_COLLISION,MVIW,PED_ACTION,ROAD_SURFACE,ROAD_COND_1,ROAD_COND_2,LIGHTING,CONTROL_DEVICE,CHP_ROAD_TYPE,PEDESTRIAN_ACCIDENT,BICYCLE_ACCIDENT,MOTORCYCLE_ACCIDENT,TRUCK_ACCIDENT,NOT_PRIVATE_PROPERTY,ALCOHOL_INVOLVED,STWD_VEHTYPE_AT_FAULT,CHP_VEHTYPE_AT_FAULT,COUNT_SEVERE_INJ,COUNT_VISIBLE_INJ,COUNT_COMPLAINT_PAIN,COUNT_PED_KILLED,COUNT_PED_INJURED,COUNT_BICYCLIST_KILLED,COUNT_BICYCLIST_INJURED,COUNT_MC_KILLED,COUNT_MC_INJURED,PRIMARY_RAMP,SECONDARY_RAMP,LATITUDE,LONGITUDE,COUNTY,CITY,POINT_X,POINT_Y
8161470,2016,2016-11-10,3610,2016-10-04,1403,50992,NA,2,5,6,3610,0,0,0,NA,0,NA,NORTH WATERMAN AV,9TH ST,123,S,N,A,-,N,NA,NA,NA,NA,NA,NA,NA,NA,NA,N,4,0,1,2,A,-,09,21804,NA,N,D,C,A,A,H,-,A,D,0,NA,NA,NA,NA,Y,NA,A,01,0,0,1,0,0,0,0,0,0,-,-,34.11579,-117.2788,SAN BERNARDINO,SAN BERNARDINO,-117.27879,34.11546304
81884586,2022,2022-10-07,3609,2022-08-29,0745,01720,73,1,5,5,3609,0,0,0,NA,0,001,AYALA DR,SCHOLL WAY,300,N,N,A,-,N,NA,NA,NA,NA,NA,NA,NA,NA,NA,Y,4,0,1,3,A,-,03,22350,NA,N,C,C,A,A,H,-,A,A,0,NA,NA,NA,NA,Y,NA,A,07,0,0,1,0,0,0,0,0,0,-,-,NA,NA,SAN BERNARDINO,RIALTO,-117.39241790771484,34.13188171386719
81889082,2022,2022-10-13,3607,2022-09-20,0601,80507,172,2,5,6,3607,0,0,0,NA,0,042,MILLIKEN AV,SANTA ANA ST,25,W,N,A,-,N,NA,NA,NA,NA,NA,NA,NA,NA,NA,N,4,0,2,2,D,-,00,NA,NA,N,D,C,A,A,H,-,C,A,0,NA,NA,NA,NA,Y,NA,-,-,0,0,2,0,0,0,0,0,0,-,-,NA,NA,SAN BERNARDINO,ONTARIO,-117.55829620361328,34.0554084777832
81890067,2022,2022-10-14,3609,2022-09-30,2311,02055,112,5,5,5,3609,0,0,0,NA,0,002,BASELINE RD,RIVERSIDE AVE,124,E,N,A,-,N,NA,NA,NA,NA,NA,NA,NA,NA,NA,Y,4,0,1,2,A,-,08,22107,NA,N,C,C,A,A,H,-,C,D,0,NA,NA,NA,NA,Y,NA,A,01,0,0,1,0,0,0,0,0,0,-,-,34.12152862548828,-117.37035369873048,SAN BERNARDINO,RIALTO,-117.37042236328124,34.1213493347168
8189217,2016,2016-12-27,3600,2016-11-26,1608,F9856,BL401,6,5,2,3680,0,0,0,NA,0,BL2,CLUB VIEW DR,BEAR VALLEY ELECTORIC POLE,75,S,N,D,-,N,NA,NA,NA,NA,NA,NA,NA,NA,NA,N,4,0,2,3,A,-,16,27459,NA,N,G,B,F,C,H,-,B,A,0,Y,NA,NA,NA,Y,NA,D,23,0,0,2,0,2,0,0,0,0,-,-,NA,NA,SAN BERNARDINO,BIG BEAR LAKE,NA,NA
81893537,2022,2022-10-19,3607,2022-09-17,0554,20729,214,6,5,6,3607,0,0,0,NA,0,071,HAVEN AV,JURUPA ST,0,NA,Y,A,-,N,NA,NA,NA,NA,NA,NA,NA,NA,NA,Y,4,0,1,2,A,-,12,21453,A,N,D,C,A,A,H,-,A,A,0,NA,NA,NA,NA,Y,NA,A,07,0,0,1,0,0,0,0,0,0,-,-,NA,NA,SAN BERNARDINO,ONTARIO,-117.57601928710938,34.048160552978516
81903609,2022,2022-10-28,3609,2022-09-30,1653,02306,155,5,5,5,3609,0,0,0,NA,0,003,MERRILL AVE,CEDAR AVE,0,NA,Y,A,-,N,NA,NA,NA,NA,NA,NA,NA,NA,NA,Y,3,0,1,2,A,-,09,21801,A,N,A,C,A,A,H,-,A,A,0,NA,NA,NA,NA,Y,NA,A,01,0,1,0,0,0,0,0,0,0,-,-,34.09225082397461,-117.39653778076172,SAN BERNARDINO,RIALTO,-117.39652252197266,34.09224319458008
81903628,2022,2022-10-28,3609,2022-10-10,1800,02306,73,1,5,5,3609,0,0,0,NA,0,001,RENAISSANCE PKWY,AYALA DR,77,E,N,A,-,N,NA,NA,NA,NA,NA,NA,NA,NA,NA,Y,4,0,1,2,A,-,08,22107,NA,N,B,C,A,A,H,-,B,A,0,NA,NA,NA,NA,Y,NA,A,01,0,0,1,0,0,0,0,0,0,-,-,34.13404846191406,-117.39214324951172,SAN BERNARDINO,RIALTO,-117.39194488525392,34.13346481323242
81621231,2021,2021-11-10,3607,2021-10-15,1850,20498,120,5,5,6,3607,0,0,0,NA,0,012,HOLT BL,BENSON AV,200,E,N,A,-,N,NA,NA,NA,NA,NA,NA,NA,NA,NA,N,2,0,1,2,A,-,11,21954,A,N,G,B,D,A,H,-,D,A,0,Y,NA,NA,NA,Y,Y,N,60,1,0,0,0,1,0,0,0,0,-,-,NA,NA,SAN BERNARDINO,ONTARIO,-117.68016052246094,34.06327819824219
81905114,2022,2022-10-31,3611,2022-09-09,1401,3207,3611,5,5,5,3611,0,0,0,NA,0,002,BENSON AVE,7TH ST,132,S,N,B,-,N,NA,NA,NA,NA,NA,NA,NA,NA,NA,Y,4,0,1,2,A,-,09,21800,A,N,D,C,A,A,H,-,A,D,0,NA,NA,NA,NA,Y,NA,A,01,0,0,1,0,0,0,0,0,0,-,-,NA,NA,SAN BERNARDINO,UPLAND,-117.68087005615234,34.08837890625
81909389,2022,2022-11-04,3611,2022-09-24,1624,3354,3611,6,5,5,3611,0,0,0,NA,0,002,FOOTHILL BLVD,REDDING WAY,359,W,N,A,-,N,NA,NA,NA,NA,NA,NA,NA,NA,NA,N,2,0,1,2,A,-,08,22107,NA,N,B,C,A,A,H,-,A,A,0,NA,NA,Y,NA,Y,NA,C,02,1,0,0,0,0,0,0,0,1,-,-,NA,NA,SAN BERNARDINO,UPLAND,-117.6572494506836,34.106998443603516
81911995,2022,2022-11-08,3607,2022-10-21,1404,20304,78,5,5,6,3607,0,0,0,NA,0,MILL,MILLIKEN AV,ONTARIO MILLS PW,0,NA,Y,A,-,N,NA,NA,NA,NA,NA,NA,NA,NA,NA,Y,4,0,1,2,A,-,17,21461,A,N,B,C,A,A,H,-,A,A,0,NA,NA,NA,NA,Y,Y,-,-,0,0,1,0,0,0,0,0,0,-,-,NA,NA,SAN BERNARDINO,ONTARIO,-117.55834197998048,34.068790435791016
8191302,2016,2016-12-21,3600,2016-12-06,0735,F1596,RC027,2,5,6,3616,0,0,0,NA,0,002,HAVEN AV,ALTA LOMA DR,90,S,N,A,-,N,NA,NA,NA,NA,NA,NA,NA,NA,NA,N,4,0,1,2,A,-,03,22350,NA,N,C,C,A,A,H,-,A,A,0,NA,NA,NA,NA,Y,NA,A,01,0,0,1,0,0,0,0,0,0,-,-,NA,NA,SAN BERNARDINO,RANCHO CUCAMONGA,-117.57598,34.13756336
81913372,2022,2022-11-09,3607,2022-11-02,0712,20729,128,3,5,6,3607,0,0,0,NA,0,022,HOLT BL,CAMPUS AV,0,NA,Y,B,C,N,NA,NA,NA,NA,NA,NA,NA,NA,NA,Y,4,0,1,2,A,-,12,21453,A,F,B,C,A,B,H,-,A,A,0,NA,NA,NA,NA,Y,NA,A,01,0,0,1,0,0,0,0,0,0,-,-,NA,NA,SAN BERNARDINO,ONTARIO,-117.6413116455078,34.06338119506836
8191495,2016,2016-12-22,3603,2016-10-18,2358,CL4012,COLTO,2,5,4,3603,0,0,0,NA,0,004,WASHINGTON ST,MOUNT VERNON AV,150,W,N,A,-,N,NA,NA,NA,NA,NA,NA,NA,NA,NA,Y,2,0,1,1,A,-,01,23153,A,N,E,I,A,A,H,-,C,D,0,NA,NA,NA,NA,Y,Y,A,01,1,0,0,0,0,0,0,0,0,-,-,NA,NA,SAN BERNARDINO,COLTON,-117.30726,34.04742667
8163883,2016,2016-11-07,3604,2016-10-18,1421,678,NA,2,5,6,3604,0,0,0,NA,0,NA,BASELINE AV,ALMERIA AV,0,NA,Y,A,-,N,NA,NA,NA,NA,NA,NA,NA,NA,NA,N,4,0,1,2,A,-,09,21801,A,N,D,G,A,A,H,-,A,A,0,NA,Y,NA,NA,Y,NA,A,07,0,0,1,0,0,0,1,0,0,-,-,NA,NA,SAN BERNARDINO,FONTANA,-117.46021003,34.12143005
81926318,2022,2022-11-25,3609,2022-10-26,1357,02306,204,3,5,5,3609,0,0,0,NA,0,004,RIVERSIDE AVE,SLOVER AVE,0,NA,Y,-,-,N,NA,NA,NA,NA,NA,NA,NA,NA,NA,Y,3,0,1,2,A,-,08,22107,NA,N,C,C,A,A,H,-,A,A,0,NA,NA,Y,NA,Y,NA,C,02,0,1,0,0,0,0,0,0,1,-,-,34.063289642333984,-117.37046813964844,SAN BERNARDINO,RIALTO,-117.3702392578125,34.06318283081055
8192937,2016,2017-01-03,3611,2016-11-23,1724,2520,3611,3,5,5,3611,0,0,0,NA,0,002,FOOTHILL BL,SAN ANTONIO AV,0,NA,Y,A,-,N,NA,NA,NA,NA,NA,NA,NA,NA,NA,Y,3,0,3,2,A,-,03,22350,NA,N,C,C,A,A,H,-,A,D,0,NA,NA,NA,NA,Y,NA,A,01,0,1,2,0,0,0,0,0,0,-,-,NA,NA,SAN BERNARDINO,UPLAND,-117.66079011,34.10697005
81929839,2022,2022-11-30,3607,2022-11-17,0920,20770,212,4,5,6,3607,0,0,0,NA,0,042,MISSION BL,ARCHIBALD AV,0,NA,Y,A,-,N,NA,NA,NA,NA,NA,NA,NA,NA,NA,Y,3,0,1,2,A,-,12,21453,A,N,D,C,A,A,H,-,A,A,0,NA,NA,NA,NA,Y,NA,A,01,0,1,0,0,0,0,0,0,0,-,-,NA,NA,SAN BERNARDINO,ONTARIO,-117.59335327148438,34.043975830078125
8193024,2016,2017-03-01,3611,2016-11-08,1659,2520,3611,2,5,5,3611,0,0,0,NA,0,002,ARROW HWY,CENTRAL AV,0,NA,Y,A,-,N,NA,NA,NA,NA,NA,NA,NA,NA,NA,Y,3,0,1,2,A,-,09,21801,A,N,D,C,A,A,H,-,A,A,0,NA,NA,NA,NA,Y,NA,A,07,0,1,0,0,0,0,0,0,0,-,-,NA,NA,SAN BERNARDINO,UPLAND,-117.6896601,34.09957009
81933264,2022,2022-12-05,3602,2022-11-17,1457,4122,NA,4,5,5,3602,0,0,0,NA,0,002,CHINO AVE,FERN AVE,0,NA,Y,A,-,N,NA,NA,NA,NA,NA,NA,NA,NA,NA,Y,3,0,2,2,A,-,12,21453,A,N,D,C,A,A,H,-,A,A,0,NA,NA,NA,NA,Y,NA,A,01,0,1,1,0,0,0,0,0,0,-,-,34.012081146240234,-117.65453338623048,SAN BERNARDINO,CHINO,-117.6544189453125,34.01200866699219
8165208,2016,2016-11-28,3604,2016-10-24,1420,1230,NA,1,5,6,3604,0,0,0,NA,0,NA,S HIGHLAND AV,KNOX AV,50,W,N,C,-,N,NA,NA,NA,NA,NA,NA,NA,NA,NA,Y,2,0,2,2,A,-,05,21650,NA,N,A,C,A,B,H,-,A,D,0,NA,NA,NA,Y,Y,NA,A,01,1,1,0,0,0,0,0,0,0,-,-,NA,NA,SAN BERNARDINO,FONTANA,-117.46207388,34.13441104
81941665,2022,2022-12-14,3607,2022-11-09,2046,20288,34,3,5,6,3607,0,0,0,NA,0,031,VINEYARD AV,YALE ST,0,NA,Y,A,-,N,NA,NA,NA,NA,NA,NA,NA,NA,NA,N,2,0,1,2,A,-,11,21954,A,N,G,B,E,A,H,-,C,A,0,Y,NA,NA,NA,Y,NA,N,60,1,0,0,0,1,0,0,0,0,-,-,NA,NA,SAN BERNARDINO,ONTARIO,-117.61109924316406,34.080291748046875
81952005,2022,2022-12-26,3602,2022-11-23,2036,4300,NA,3,5,5,3602,0,0,0,NA,0,001,EUCALYPTUS AVE,APPIAN WAY,0,NA,Y,A,-,N,NA,NA,NA,NA,NA,NA,NA,NA,NA,Y,4,0,2,2,A,-,12,21453,A,N,D,C,A,A,H,-,C,A,0,NA,NA,NA,NA,Y,NA,A,01,0,0,2,0,0,0,0,0,0,-,-,33.99020004272461,-117.71276092529295,SAN BERNARDINO,CHINO,-117.71278381347656,33.99019241333008
81960450,2022,2023-01-05,3607,2022-12-10,0859,20633,106,6,5,6,3607,0,0,0,NA,0,022,E ST,SULTANA AV,0,NA,Y,A,-,N,NA,NA,NA,NA,NA,NA,NA,NA,NA,Y,4,0,1,2,A,-,12,22450,A,F,B,C,A,A,H,-,A,A,0,NA,NA,NA,NA,Y,NA,A,01,0,0,1,0,0,0,0,0,0,-,-,NA,NA,SAN BERNARDINO,ONTARIO,-117.64603424072266,34.06822204589844
81962250,2022,2023-01-09,3609,2022-09-05,1936,02055,115,1,5,5,3609,0,0,0,NA,0,002,EUCALYPTUS AVE,SHAMROCK ST,112,S,N,A,-,N,NA,NA,NA,NA,NA,NA,NA,NA,NA,Y,2,0,1,2,A,-,09,21801,A,N,D,C,A,A,H,-,C,D,0,NA,NA,Y,NA,Y,Y,A,01,1,0,0,0,0,0,0,0,1,-,-,34.11914825439453,-117.35733032226563,SAN BERNARDINO,RIALTO,-117.35731506347656,34.11886215209961
81657175,2021,2021-12-21,3607,2021-12-13,1134,20745,10,1,5,6,3607,0,0,0,NA,0,021,EUCLID AV,SIXTH ST,50,S,N,A,-,Y,NA,NA,NA,NA,NA,NA,NA,NA,NA,N,4,0,2,2,A,-,03,22350,NA,N,C,C,A,A,H,-,A,A,0,NA,NA,NA,NA,Y,NA,A,01,0,0,2,0,0,0,0,0,0,-,-,NA,NA,SAN BERNARDINO,ONTARIO,-117.65093231201172,34.085052490234375
81965150,2022,2023-01-11,3609,2022-11-26,2107,02322,3609,6,5,5,3609,0,0,0,NA,0,004,VALLEY BLVD,RIVERSIDE AVE,55,S,N,A,-,N,NA,NA,NA,NA,NA,NA,NA,NA,NA,Y,4,0,1,3,A,-,01,23152,A,F,D,C,A,A,H,-,C,A,0,NA,NA,NA,NA,Y,Y,A,01,0,0,1,0,0,0,0,0,0,-,-,NA,NA,SAN BERNARDINO,RIALTO,-117.37039184570313,34.07051086425781
8196553,2016,2017-01-03,3605,2016-11-27,2157,378,3605,7,5,4,3605,0,0,0,NA,0,NA,MONTE VISTA AV,PALO VERDE ST,39,N,N,A,-,N,NA,NA,NA,NA,NA,NA,NA,NA,NA,Y,4,0,1,2,A,-,09,21801,A,N,D,C,A,A,H,-,C,A,0,NA,NA,NA,NA,Y,NA,A,01,0,0,1,0,0,0,0,0,0,-,-,NA,NA,SAN BERNARDINO,MONTCLAIR,-117.69826,34.08146689
81967354,2022,2023-01-13,3602,2022-11-19,1943,4170,30,6,5,5,3602,0,0,0,NA,0,001,CENTRAL AVE,W SR60 ONRP,32,S,N,A,-,N,NA,NA,NA,NA,NA,NA,NA,NA,NA,N,4,0,1,2,D,-,00,NA,NA,N,B,C,A,A,H,-,C,A,0,NA,NA,NA,NA,Y,NA,-,-,0,0,1,0,0,0,0,0,0,-,-,34.03120040893555,-117.68958282470705,SAN BERNARDINO,CHINO,-117.68944549560548,34.031036376953125
81677968,2021,2022-01-14,3609,2021-12-31,1500,01944,73,5,5,5,3609,0,0,0,NA,0,001,AYALA DR,SCHOLL WAY,0,NA,Y,A,-,N,NA,NA,NA,NA,NA,NA,NA,NA,NA,N,3,0,1,2,A,-,12,21453,A,N,D,C,A,A,H,-,A,A,0,NA,NA,NA,NA,Y,NA,A,01,0,1,0,0,0,0,0,0,0,-,-,34.13106918334961,-117.39243316650392,SAN BERNARDINO,RIALTO,-117.39241027832033,34.13106155395508
8198354,2016,2017-01-10,3600,2016-12-13,1636,B7127,HE104,2,5,5,3619,0,0,0,NA,0,001,BEAR VALLEY RD,7TH AV,665,E,N,A,-,N,NA,NA,NA,NA,NA,NA,NA,NA,NA,Y,3,0,1,2,A,-,03,22350,NA,N,C,C,A,A,H,-,B,D,0,NA,NA,NA,NA,Y,NA,A,01,0,1,0,0,0,0,0,0,0,-,-,NA,NA,SAN BERNARDINO,HESPERIA,-117.31017132,34.47077496
81679440,2021,2022-01-18,3609,2021-10-16,2137,02055,95,6,5,5,3609,0,0,0,NA,0,001,BASELINE RD,CACTUS AVE,185,E,N,A,-,N,NA,NA,NA,NA,NA,NA,NA,NA,NA,N,2,0,1,2,A,-,11,21954,A,N,G,B,D,A,H,-,C,D,0,Y,NA,NA,NA,Y,NA,N,60,1,0,0,0,1,0,0,0,0,-,-,34.121429443359375,-117.38347625732422,SAN BERNARDINO,RIALTO,-117.38294219970705,34.12139892578125
8198667,2016,2017-01-12,3602,2016-10-20,1230,3755,NA,4,5,5,3602,0,0,0,NA,0,NA,CHINO AV,3RD ST,47,W,N,A,-,N,NA,NA,NA,NA,NA,NA,NA,NA,NA,N,4,0,1,2,A,-,08,22107,NA,N,D,G,A,A,H,-,A,D,0,NA,Y,NA,Y,Y,NA,L,04,0,0,1,0,0,0,1,0,0,-,-,NA,NA,SAN BERNARDINO,CHINO,-117.69568469,34.01189
8199608,2016,2017-01-05,3610,2016-11-22,1341,50749,NA,2,5,6,3610,0,0,0,NA,0,CHARLI,40TH ST,LEROY ST,183,W,N,A,-,N,NA,NA,NA,NA,NA,NA,NA,NA,NA,N,3,0,1,2,A,-,09,21804,A,N,D,C,A,A,H,-,A,D,0,NA,NA,NA,NA,Y,NA,A,01,0,1,0,0,0,0,0,0,0,-,-,34.16523,-117.28119,SAN BERNARDINO,SAN BERNARDINO,-117.28137301,34.164941
8199675,2016,2017-01-05,3602,2016-09-29,1710,3172,NA,4,5,5,3602,0,0,0,NA,0,001,PHILADELPHIA ST,RAMONA AV,418,W,N,A,-,N,NA,NA,NA,NA,NA,NA,NA,NA,NA,Y,4,0,1,3,A,-,03,22350,NA,N,C,C,A,A,H,-,A,D,0,NA,NA,NA,NA,Y,NA,A,01,0,0,1,0,0,0,0,0,0,-,-,NA,NA,SAN BERNARDINO,CHINO,-117.70827599,34.03347
82000788,2023,2023-02-23,3607,2023-02-08,900,20469,149,3,5,6,3607,0,0,0,NA,0,012,LAUREL AV,TRANSIT ST,0,NA,Y,A,-,N,NA,NA,NA,NA,NA,NA,NA,NA,NA,N,4,0,1,2,A,-,08,22107,NA,N,G,B,D,A,H,-,A,D,0,Y,NA,NA,NA,Y,NA,A,01,0,0,1,0,1,0,0,0,0,-,-,NA,NA,SAN BERNARDINO,ONTARIO,-117.65238189697266,34.062652587890625
81482630,2021,2021-05-27,3607,2021-05-05,0747,20304,284,3,5,6,3607,0,0,0,NA,0,072,LYTLE CREEK LP,STONE CREEK WAY,0,E,Y,A,-,N,NA,NA,NA,NA,NA,NA,NA,NA,NA,N,4,0,1,2,A,-,09,21804,A,N,D,G,A,A,H,-,A,D,0,NA,Y,NA,NA,Y,NA,L,04,0,0,1,0,0,0,1,0,0,-,-,NA,NA,SAN BERNARDINO,ONTARIO,-117.56674194335938,34.02431106567383
82003597,2023,2023-02-27,3607,2023-02-14,920,80546,256,2,5,6,3607,0,0,0,NA,0,062,GROVE AV,SR-60 W/B OFFRAMP,0,NA,Y,A,-,Y,NA,NA,NA,NA,NA,NA,NA,NA,NA,N,2,0,1,2,A,-,12,21453,A,N,G,B,B,A,H,-,A,A,0,Y,NA,NA,NA,Y,NA,A,01,1,0,0,0,1,0,0,0,0,-,-,NA,NA,SAN BERNARDINO,ONTARIO,-117.6284637451172,34.030601501464844
8200411,2017,2017-03-14,3608,2017-02-19,2006,3677,3608,7,5,5,3608,0,0,0,NA,0,901,INDUSTRIAL PARK AV,ALABAMA,78,W,N,C,-,N,NA,NA,NA,NA,NA,NA,NA,NA,NA,Y,4,0,1,1,A,-,01,23152,A,N,A,I,A,B,H,-,C,D,0,NA,NA,NA,NA,Y,Y,-,NA,0,0,1,0,0,0,0,0,0,-,-,NA,NA,SAN BERNARDINO,REDLANDS,-117.20901648,34.0644295
8200617,2017,2017-03-14,3602,2017-01-06,0915,1256,NA,5,5,5,3602,0,0,0,NA,0,002,RIVERSIDE DR,EUCLID AV,0,NA,Y,A,-,N,NA,NA,NA,NA,NA,NA,NA,NA,NA,N,4,0,1,2,D,-,00,NA,NA,F,G,B,B,A,H,-,A,A,0,Y,NA,NA,NA,Y,NA,-,-,0,0,1,0,1,0,0,0,0,-,-,NA,NA,SAN BERNARDINO,CHINO,-117.65095002,34.01932011
8171327,2016,2016-11-23,3600,2016-10-31,1145,C9389,LL010,1,5,3,3615,0,0,0,NA,0,LL1,BARTON RD,BENTON ST,0,NA,Y,A,-,N,NA,NA,NA,NA,NA,NA,NA,NA,NA,Y,4,0,1,3,A,-,09,21453,C,N,D,C,A,A,H,-,A,A,0,NA,NA,NA,NA,Y,NA,A,07,0,0,1,0,0,0,0,0,0,-,-,NA,NA,SAN BERNARDINO,LOMA LINDA,-117.25240005,34.04844006
8200946,2017,2017-03-16,3600,2017-02-09,1151,F6901,CH025,4,5,5,3630,0,0,0,NA,0,CH1,GRAND AV,FOUNDERS RD,320,W,N,A,-,N,NA,NA,NA,NA,NA,NA,NA,NA,NA,Y,4,0,1,1,A,-,08,22107,NA,N,A,I,A,A,H,-,A,A,0,NA,NA,NA,NA,Y,NA,A,01,0,0,1,0,0,0,0,0,0,-,-,NA,NA,SAN BERNARDINO,CHINO HILLS,-117.76300126,33.99335865
82009585,2023,2023-03-06,3602,2023-02-03,2210,4148,NA,5,5,5,3602,0,0,0,NA,0,001,YORBA AVE,EDISON AVE,25,S,N,A,-,N,NA,NA,NA,NA,NA,NA,NA,NA,NA,N,3,0,1,2,A,-,11,21954,A,N,D,G,A,A,H,-,C,A,0,NA,Y,NA,NA,Y,NA,-,-,0,1,0,0,0,0,1,0,0,-,-,33.99720001220703,-117.70220184326172,SAN BERNARDINO,CHINO,-117.7021713256836,33.99714279174805
8200978,2017,2017-03-16,3610,2017-02-21,1002,50992,NA,2,5,6,3610,0,0,0,NA,0,NA,W BASELINE ST,HANCOCK ST,37,E,N,A,-,N,NA,NA,NA,NA,NA,NA,NA,NA,NA,Y,4,0,1,2,A,-,09,21801,B,N,D,C,A,A,H,-,A,D,0,NA,NA,NA,NA,Y,NA,A,01,0,0,1,0,0,0,0,0,0,-,-,34.12165,-117.32356,SAN BERNARDINO,SAN BERNARDINO,-117.32338812,34.12132
82012188,2023,2023-03-08,3607,2023-02-22,1452,80511,117,3,5,6,3607,0,0,0,NA,0,032,D ST,CORONA AV,0,NA,Y,C,-,N,NA,NA,NA,NA,NA,NA,NA,NA,NA,Y,4,0,3,2,A,-,09,21802,A,N,D,C,A,B,H,-,A,A,0,NA,NA,NA,NA,Y,NA,A,01,0,0,3,0,0,0,0,0,0,-,-,NA,NA,SAN BERNARDINO,ONTARIO,-117.61341857910156,34.067134857177734
82012216,2023,2023-03-08,3607,2023-02-28,630,19890,900,2,5,6,3607,0,0,0,NA,0,061,BON VIEW AV,ONTARIO BL,0,NA,Y,C,-,N,NA,NA,NA,NA,NA,NA,NA,NA,NA,N,4,0,1,2,A,-,09,21802,A,N,D,C,A,B,H,-,A,A,0,NA,NA,NA,NA,Y,NA,A,07,0,0,1,0,0,0,0,0,0,-,-,NA,NA,SAN BERNARDINO,ONTARIO,-117.63658905029295,34.05857467651367
8173045,2016,2016-11-21,3611,2016-10-02,1920,3088,361,7,5,5,3611,0,0,0,NA,0,004,7TH ST,BERLYN AV,40,W,N,A,-,N,NA,NA,NA,NA,NA,NA,NA,NA,NA,Y,4,0,1,3,A,-,08,22107,NA,N,C,E,A,A,H,-,C,D,0,NA,NA,NA,NA,Y,Y,A,01,0,0,1,0,0,0,0,0,0,-,-,NA,NA,SAN BERNARDINO,UPLAND,-117.63914176,34.08884
82015695,2023,2023-03-13,3607,2023-02-24,628,20839,136,5,5,6,3607,0,0,0,NA,0,032,AIRPORT DR,EXPRESS PRIVADO,100,W,N,B,C,N,NA,NA,NA,NA,NA,NA,NA,NA,NA,N,4,0,1,1,A,-,03,22350,NA,N,E,I,A,B,H,-,A,B,0,NA,NA,NA,NA,Y,NA,A,01,0,0,1,0,0,0,0,0,0,-,-,NA,NA,SAN BERNARDINO,ONTARIO,NA,NA
82015698,2023,2023-03-13,3607,2023-03-08,1758,20687,234,3,5,6,3607,0,0,0,NA,0,062,CAMPUS AV,CEDAR ST,0,NA,Y,A,-,N,NA,NA,NA,NA,NA,NA,NA,NA,NA,Y,4,0,1,2,A,-,09,21801,A,N,D,C,A,A,H,-,B,A,0,NA,NA,NA,NA,Y,NA,D,22,0,0,1,0,0,0,0,0,0,-,-,NA,NA,SAN BERNARDINO,ONTARIO,-117.64156341552734,34.03742218017578
8201780,2016,2017-02-09,3602,2016-10-25,0849,3343,151,2,5,5,3602,0,0,0,NA,0,005,PINE AV,JOHNSON AV,493,W,N,A,-,N,NA,NA,NA,NA,NA,NA,NA,NA,NA,Y,4,0,2,4,A,-,03,22350,NA,N,C,C,A,A,H,-,A,D,0,NA,NA,NA,NA,Y,NA,A,01,0,0,2,0,0,0,0,0,0,-,-,NA,NA,SAN BERNARDINO,CHINO,-117.64752232,33.95409316
8201846,2016,2016-12-30,3602,2016-11-24,1236,2798,NA,4,5,5,3602,0,0,0,NA,0,002,BENSON AV,FRANCIS AV,0,NA,Y,A,-,N,NA,NA,NA,NA,NA,NA,NA,NA,NA,N,4,0,2,2,A,-,12,22450,NA,N,D,C,A,A,H,-,A,D,0,NA,NA,NA,NA,Y,NA,A,01,0,0,2,0,0,0,0,0,0,-,-,NA,NA,SAN BERNARDINO,CHINO,-117.68085001,34.0408901
8202256,2016,2017-01-03,3602,2016-10-19,1707,3172,NA,3,5,5,3602,0,0,0,NA,0,005,RIVERSIDE DR,FERN AV,258,E,N,A,-,N,NA,NA,NA,NA,NA,NA,NA,NA,NA,Y,4,0,2,3,A,-,03,22350,NA,N,C,C,A,A,H,-,A,A,0,NA,NA,NA,NA,Y,NA,A,01,0,0,2,0,0,0,0,0,0,-,-,NA,NA,SAN BERNARDINO,CHINO,-117.65360092,34.01931
8203399,2016,2017-01-06,3600,2016-12-26,1327,F5137,VC013,1,5,5,3612,0,0,0,NA,0,VC4,BEAR VALLEY RD,AMARGOSA RD,0,NA,Y,A,-,N,NA,NA,NA,NA,NA,NA,NA,NA,NA,N,4,0,1,2,A,-,10,21950,A,F,G,B,B,A,H,-,A,A,0,Y,NA,NA,NA,Y,NA,A,01,0,0,1,0,1,0,0,0,0,-,-,NA,NA,SAN BERNARDINO,VICTORVILLE,-117.34843002,34.47041004
8150747,2016,2016-10-27,3609,2016-10-15,1415,5403,112,6,5,5,3609,0,0,0,NA,0,002,RIVERSIDE AV,ETIWANDA AV,20,N,N,A,-,N,NA,NA,NA,NA,NA,NA,NA,NA,NA,Y,3,0,3,2,A,-,12,21453,A,N,-,C,A,A,H,-,A,A,0,NA,NA,NA,NA,Y,NA,A,01,0,3,0,0,0,0,0,0,0,-,-,NA,NA,SAN BERNARDINO,RIALTO,-117.37038,34.1141148