CASE_ID,ACCIDENT_YEAR,PROC_DATE,JURIS,COLLISION_DATE,COLLISION_TIME,OFFICER_ID,REPORTING_DISTRICT,DAY_OF_WEEK,CHP_SHIFT,POPULATION,CNTY_CITY_LOC,SPECIAL_COND,BEAT_TYPE,CHP_BEAT_TYPE,CITY_DIVISION_LAPD,CHP_BEAT_CLASS,BEAT_NUMBER,PRIMARY_RD,SECONDARY_RD,DISTANCE,DIRECTION,INTERSECTION,WEATHER_1,WEATHER_2,STATE_HWY_IND,CALTRANS_COUNTY,CALTRANS_DISTRICT,STATE_ROUTE,ROUTE_SUFFIX,POSTMILE_PREFIX,POSTMILE,LOCATION_TYPE,RAMP_INTERSECTION,SIDE_OF_HWY,TOW_AWAY,COLLISION_SEVERITY,NUMBER_KILLED,NUMBER_INJURED,PARTY_COUNT,PRIMARY_COLL_FACTOR,PCF_CODE_OF_VIOL,PCF_VIOL_CATEGORY,PCF_VIOLATION,PCF_VIOL_SUBSECTION,HIT_AND_RUN,TYPE_OF_COLLISION,MVIW,PED_ACTION,ROAD_SURFACE,ROAD_COND_1,ROAD_COND_2,LIGHTING,CONTROL_DEVICE,CHP_ROAD_TYPE,PEDESTRIAN_ACCIDENT,BICYCLE_ACCIDENT,MOTORCYCLE_ACCIDENT,TRUCK_ACCIDENT,NOT_PRIVATE_PROPERTY,ALCOHOL_INVOLVED,STWD_VEHTYPE_AT_FAULT,CHP_VEHTYPE_AT_FAULT,COUNT_SEVERE_INJ,COUNT_VISIBLE_INJ,COUNT_COMPLAINT_PAIN,COUNT_PED_KILLED,COUNT_PED_INJURED,COUNT_BICYCLIST_KILLED,COUNT_BICYCLIST_INJURED,COUNT_MC_KILLED,COUNT_MC_INJURED,PRIMARY_RAMP,SECONDARY_RAMP,LATITUDE,LONGITUDE,COUNTY,CITY,POINT_X,POINT_Y
82190924,2023,2023-10-04,3611,2023-02-01,1736,3385,3611,3,5,5,3611,0,0,0,NA,0,004,2ND AVE,MESA CT,116,S,N,A,-,N,NA,NA,NA,NA,NA,NA,NA,NA,NA,N,3,0,1,2,A,-,09,21804,A,N,D,G,A,A,H,-,B,D,0,NA,Y,NA,NA,Y,NA,L,04,0,1,0,0,0,0,1,0,0,-,-,34.1059684753418,-117.6483917236328,SAN BERNARDINO,UPLAND,-117.6484375,34.1054801940918
82190998,2023,2023-10-04,3611,2023-03-30,2127,3467,3611,4,5,5,3611,0,0,0,NA,0,002,9TH AVE,MOUNTAIN AVE.,0,NA,Y,A,-,N,NA,NA,NA,NA,NA,NA,NA,NA,NA,N,4,0,1,2,A,-,12,21453,A,N,D,C,A,A,H,-,C,A,0,NA,NA,NA,NA,Y,NA,-,-,0,0,1,0,0,0,0,0,0,-,-,NA,NA,SAN BERNARDINO,UPLAND,-117.67024993896484,34.096012115478516
82191013,2023,2023-10-04,3611,2023-04-08,1431,3385,NA,6,5,5,3611,0,0,0,NA,0,NA,FOOTHILL BLVD,CAMPUS AVE,345,E,N,A,-,N,NA,NA,NA,NA,NA,NA,NA,NA,NA,Y,4,0,3,3,A,-,03,22350,NA,N,C,C,A,A,H,-,A,A,0,NA,NA,NA,NA,Y,NA,A,01,0,0,3,0,0,0,0,0,0,-,-,34.10702896118164,-117.64151000976563,SAN BERNARDINO,UPLAND,-117.640380859375,34.10704040527344
82191019,2023,2023-10-05,3611,2023-04-12,2151,3467,3611,3,5,5,3611,0,0,0,NA,0,002,11TH ST,MOUNTAIN AVE,0,NA,Y,A,-,N,NA,NA,NA,NA,NA,NA,NA,NA,NA,N,4,0,1,2,A,-,01,23152,F,N,D,C,A,A,H,-,C,A,0,NA,NA,NA,NA,Y,NA,A,07,0,0,1,0,0,0,0,0,0,-,-,34.103248596191406,-117.6701431274414,SAN BERNARDINO,UPLAND,-117.6701889038086,34.10330581665039
82191031,2023,2023-10-04,3611,2023-04-21,1551,3435,3611,5,5,5,3611,0,0,0,NA,0,002,8TH ST,MONTROSE AVE,115,W,N,A,-,N,NA,NA,NA,NA,NA,NA,NA,NA,NA,Y,3,0,1,2,A,-,09,21801,A,N,D,C,A,A,H,-,A,D,0,NA,NA,NA,NA,Y,NA,A,07,0,1,0,0,0,0,0,0,0,-,-,34.09246063232422,-117.6781005859375,SAN BERNARDINO,UPLAND,-117.67855072021484,34.092369079589844
82191061,2023,2023-10-04,3611,2023-05-05,1817,3362,3611,5,5,5,3611,0,0,0,NA,0,003,19TH ST,COLONIES PKWY,0,NA,Y,A,-,N,NA,NA,NA,NA,NA,NA,NA,NA,NA,Y,3,0,4,2,A,-,12,21453,A,N,D,C,A,A,H,-,A,A,0,NA,NA,NA,NA,Y,NA,A,07,0,4,0,0,0,0,0,0,0,-,-,34.1327018737793,-117.63105010986328,SAN BERNARDINO,UPLAND,-117.63097381591795,34.132625579833984
82191070,2023,2023-10-04,3611,2023-05-12,2046,3389,3611,5,5,5,3611,0,0,0,NA,0,001,16TH ST,ALBRIGHT AVE,0,NA,Y,A,-,N,NA,NA,NA,NA,NA,NA,NA,NA,NA,Y,3,0,2,2,A,-,01,23152,A,F,B,C,A,A,H,-,C,A,0,NA,NA,NA,NA,Y,Y,A,01,0,2,0,0,0,0,0,0,0,-,-,34.121490478515625,-117.66204071044922,SAN BERNARDINO,UPLAND,-117.66202545166016,34.12150955200195
82191107,2023,2023-10-04,3611,2023-06-10,1340,3272,3611,6,5,5,3611,0,0,0,NA,0,001,MOUNTAIN AVE,FOOTHILL BLVD,336,N,N,A,-,N,NA,NA,NA,NA,NA,NA,NA,NA,NA,Y,3,0,1,2,A,-,08,22107,NA,N,D,C,A,A,H,-,A,D,0,NA,NA,Y,NA,Y,NA,A,01,0,1,0,0,0,0,0,0,0,-,-,34.10689926147461,-117.6702117919922,SAN BERNARDINO,UPLAND,-117.67021942138672,34.107879638671875
82191112,2023,2023-10-04,3611,2023-06-13,1259,3385,3611,2,5,5,3611,0,0,0,NA,0,003,FOOTHILL BLVD,GROVE AVE,511,W,N,A,-,N,NA,NA,NA,NA,NA,NA,NA,NA,NA,Y,3,0,2,3,A,-,09,21801,A,N,D,C,A,A,H,-,A,A,0,NA,NA,NA,NA,Y,NA,A,01,0,1,1,0,0,0,0,0,0,-,-,34.10702133178711,-117.62847900390624,SAN BERNARDINO,UPLAND,-117.63019561767578,34.106868743896484
82191126,2023,2023-10-04,3611,2023-06-27,1551,3025,3611,2,5,5,3611,0,0,0,NA,0,004,EUCLID AVE,FOOTHILL BLVD,225,S,N,A,-,N,NA,NA,NA,NA,NA,NA,NA,NA,NA,N,4,0,2,2,A,-,21,22106,NA,N,C,C,A,A,H,-,A,A,0,NA,NA,NA,NA,Y,NA,A,07,0,0,2,0,0,0,0,0,0,-,-,NA,NA,SAN BERNARDINO,UPLAND,-117.6513671875,34.1063117980957
82191166,2023,2023-10-04,3611,2023-07-28,1546,3523,3611,5,5,5,3611,0,0,0,NA,0,002,MOUNTAIN AVE,MOUNTAIN GREEN CENTER DR,64,N,N,A,-,Y,NA,NA,NA,NA,NA,NA,NA,NA,NA,Y,3,0,1,3,A,-,03,22350,NA,N,C,C,A,A,H,-,A,A,0,NA,NA,NA,NA,Y,NA,A,01,0,1,0,0,0,0,0,0,0,-,-,NA,NA,SAN BERNARDINO,UPLAND,-117.67031097412108,34.15176010131836
82193592,2023,2023-10-09,3611,2023-06-14,1410,3025,3611,3,5,5,3611,0,0,0,NA,0,001,FOOTHILL BLVD,MOUNTAIN AVE,60,E,N,A,-,N,NA,NA,NA,NA,NA,NA,NA,NA,NA,Y,3,0,2,2,C,-,18,NA,NA,N,B,C,A,A,H,-,A,A,0,NA,NA,NA,NA,Y,NA,-,-,0,2,0,0,0,0,0,0,0,-,-,34.10689926147461,-117.6702117919922,SAN BERNARDINO,UPLAND,-117.67000579833984,34.10696029663086
82193866,2023,2023-10-09,3602,2023-09-20,1902,4171,CHINO,3,5,5,3602,0,0,0,NA,0,001,TELEPHONE AVENUE,ADAMS STREET,0,NA,Y,A,-,N,NA,NA,NA,NA,NA,NA,NA,NA,NA,Y,4,0,2,2,A,-,09,21801,A,N,D,C,A,A,H,-,A,A,0,NA,NA,NA,NA,Y,NA,D,82,0,0,2,0,0,0,0,0,0,-,-,34.0902214050293,-117.6938934326172,SAN BERNARDINO,CHINO,-117.69386291503906,34.03899002075195
82193870,2023,2023-10-09,3602,2023-09-22,843,4009,NA,5,5,5,3602,0,0,0,NA,0,001,CHINO AVENUE (4900 BLOCK),2ND STREET,0,NA,Y,-,-,N,NA,NA,NA,NA,NA,NA,NA,NA,NA,N,4,0,1,2,A,-,12,22450,A,N,D,G,A,A,H,-,A,A,0,NA,Y,NA,NA,Y,NA,A,01,0,0,1,0,0,0,1,0,0,-,-,34.01192092895508,-117.69687652587892,SAN BERNARDINO,CHINO,-117.6968002319336,34.011871337890625
82199397,2023,2023-10-16,3611,2023-08-18,907,3523,3611,5,5,5,3611,0,0,0,NA,0,004,ARROW HWY,2ND AVE,196,E,N,A,-,N,NA,NA,NA,NA,NA,NA,NA,NA,NA,Y,3,0,3,3,A,-,03,22350,NA,N,C,C,A,A,H,-,A,A,0,NA,NA,NA,NA,Y,NA,A,07,0,3,0,0,0,0,0,0,0,-,-,NA,NA,SAN BERNARDINO,UPLAND,-117.64776611328124,34.0997314453125
82201807,2023,2023-10-18,3607,2023-09-20,1917,20686,294,3,5,6,3607,0,0,0,NA,0,062,EUCLID AV,WALNUT ST,0,NA,Y,A,-,Y,NA,NA,NA,NA,NA,NA,NA,NA,NA,N,4,0,1,2,A,-,10,21950,A,F,G,B,B,A,H,-,C,A,0,Y,NA,NA,NA,Y,Y,I,11,0,0,1,0,1,0,0,0,0,-,-,NA,NA,SAN BERNARDINO,ONTARIO,-117.6506576538086,34.02659606933594
82205458,2023,2023-10-23,3611,2023-08-30,1031,3357,3611,3,5,5,3611,0,0,0,NA,0,002,CENTRAL AVE,ARROW RTE,460,N,N,A,-,N,NA,NA,NA,NA,NA,NA,NA,NA,NA,Y,3,0,2,2,A,-,21,22106,NA,N,B,C,A,A,H,-,A,D,0,NA,NA,NA,NA,Y,NA,A,07,0,1,1,0,0,0,0,0,0,-,-,34.09954071044922,-117.68953704833984,SAN BERNARDINO,UPLAND,-117.6896514892578,34.100830078125
82208904,2023,2023-10-26,3607,2023-10-19,1538,20072,211,4,5,6,3607,0,0,0,NA,0,071,FRANCIS ST,CARLOS AV,0,NA,Y,A,-,N,NA,NA,NA,NA,NA,NA,NA,NA,NA,Y,3,0,1,2,A,-,09,21801,A,N,D,C,A,A,H,-,A,D,0,NA,NA,NA,NA,Y,NA,A,01,0,1,0,0,0,0,0,0,0,-,-,NA,NA,SAN BERNARDINO,ONTARIO,-117.60658264160156,34.04118728637695
82227009,2023,2023-11-03,3602,2023-10-12,953,4084,NA,4,5,5,3602,0,0,0,NA,0,002,MOUNTAIN AVE,FILLMORE ST,805,N,N,A,-,N,NA,NA,NA,NA,NA,NA,NA,NA,NA,Y,4,0,1,1,A,-,08,22107,NA,N,E,I,A,A,H,-,A,A,0,NA,NA,NA,NA,Y,NA,D,22,0,0,1,0,0,0,0,0,0,-,-,34.02827835083008,-117.66763305664063,SAN BERNARDINO,CHINO,-117.66761779785156,34.03045654296875
8188270,2016,2016-12-13,3600,2016-11-14,1842,F5232,CH072,1,5,5,3630,0,0,0,NA,0,CH4,CENTRAL AV,FAIRFIELD RANCH RD,491,N,N,A,-,N,NA,NA,NA,NA,NA,NA,NA,NA,NA,Y,4,0,1,4,A,-,03,22350,NA,N,C,C,A,A,H,-,C,D,0,NA,NA,NA,NA,Y,NA,-,NA,0,0,1,0,0,0,0,0,0,-,-,NA,NA,SAN BERNARDINO,CHINO HILLS,-117.68887,33.97293564
81903749,2022,2022-10-28,3607,2022-10-26,0103,19890,223,3,5,6,3607,0,0,0,NA,0,052,PHILADELPHIA ST,CYPRESS AV,300,W,N,A,-,N,NA,NA,NA,NA,NA,NA,NA,NA,NA,Y,1,1,1,2,A,-,01,23152,G,N,C,E,A,A,H,-,C,D,0,NA,NA,NA,NA,Y,Y,A,01,0,0,1,0,0,0,0,0,0,-,-,NA,NA,SAN BERNARDINO,ONTARIO,-117.6642837524414,34.03373336791992
81923896,2022,2022-11-22,3607,2022-11-13,0646,21000,105,7,5,6,3607,0,0,0,NA,0,022,SULTANA AV,G ST,0,NA,Y,A,-,N,NA,NA,NA,NA,NA,NA,NA,NA,NA,Y,4,0,2,2,A,-,12,22450,A,N,D,C,A,A,H,-,A,D,0,NA,NA,NA,NA,Y,NA,-,-,0,0,2,0,0,0,0,0,0,-,-,NA,NA,SAN BERNARDINO,ONTARIO,-117.64605712890624,34.07065200805664
8193625,2016,2016-12-27,3607,2016-12-10,1831,80171,67,6,5,6,3607,0,0,0,NA,0,031,4TH ST,DEL RIO AV,2640,W,N,A,-,N,NA,NA,NA,NA,NA,NA,NA,NA,NA,Y,2,0,2,3,A,-,08,22107,NA,F,D,C,A,A,H,-,C,A,0,NA,NA,NA,NA,Y,NA,-,NA,1,0,1,0,0,0,0,0,0,-,-,NA,NA,SAN BERNARDINO,ONTARIO,-117.61235463,34.07759
8196273,2016,2016-12-28,3607,2016-10-13,0600,80310,128,4,5,6,3607,0,0,0,NA,0,022,CAMPUS AV,STATE ST,0,NA,Y,A,-,N,NA,NA,NA,NA,NA,NA,NA,NA,NA,N,4,0,1,2,A,-,00,22526,D,N,C,F,A,A,H,-,C,A,0,NA,NA,NA,NA,Y,NA,-,NA,0,0,1,0,0,0,0,0,0,-,-,NA,NA,SAN BERNARDINO,ONTARIO,-117.64132012,34.0601501
81981027,2023,2023-01-30,3607,2023-01-06,1336,80422,141,5,5,6,3607,0,0,0,NA,0,041,GUASTI RD,CENTRELAKE DR,300,E,N,A,-,N,NA,NA,NA,NA,NA,NA,NA,NA,NA,Y,3,0,3,3,A,-,09,21801,A,N,D,C,A,A,H,-,A,D,0,NA,NA,NA,NA,Y,NA,A,07,0,1,2,0,0,0,0,0,0,-,-,NA,NA,SAN BERNARDINO,ONTARIO,-117.57671356201172,34.06494903564453
8198366,2016,2017-01-10,3607,2016-12-11,0945,80418,327,7,5,6,3607,0,0,0,NA,0,041,HAVEN AV,INLAND EMPIRE BL,0,NA,Y,C,-,N,NA,NA,NA,NA,NA,NA,NA,NA,NA,Y,4,0,2,2,A,-,12,21453,A,N,D,C,A,B,H,-,A,A,0,NA,NA,NA,NA,Y,NA,-,NA,0,0,2,0,0,0,0,0,0,-,-,NA,NA,SAN BERNARDINO,ONTARIO,-117.57594007,34.07177007
8200299,2017,2017-03-22,3602,2017-01-12,0848,3299,NA,4,5,5,3602,0,0,0,NA,0,005,KIMBALL AV,EL PRADO RD,0,NA,Y,C,-,N,NA,NA,NA,NA,NA,NA,NA,NA,NA,Y,4,0,1,3,A,-,03,22350,NA,N,C,C,A,B,H,-,A,A,0,NA,NA,NA,Y,Y,NA,A,01,0,0,1,0,0,0,0,0,0,-,-,NA,NA,SAN BERNARDINO,CHINO,-117.68037001,33.9681301
8200817,2017,2017-03-16,3610,2017-02-18,1146,50115,NA,6,5,6,3610,0,0,0,NA,0,DAVID,W 5TH ST,E ST,45,W,N,B,-,N,NA,NA,NA,NA,NA,NA,NA,NA,NA,Y,4,0,1,2,A,-,03,22350,NA,N,C,C,A,B,H,-,A,A,0,NA,NA,NA,NA,Y,NA,A,01,0,0,1,0,0,0,0,0,0,-,-,NA,NA,SAN BERNARDINO,SAN BERNARDINO,-117.29428821,34.10831
8201362,2017,2018-07-20,3610,2017-02-23,1040,50601,NA,4,5,6,3610,0,0,0,NA,0,POLICE,NORTH WATERMAN AV,21ST ST,403,N,N,A,-,N,NA,NA,NA,NA,NA,NA,NA,NA,NA,Y,3,0,1,2,A,-,11,21955,NA,N,G,B,D,A,H,-,A,D,0,Y,NA,NA,NA,Y,NA,N,60,0,1,0,0,1,0,0,0,0,-,-,NA,NA,SAN BERNARDINO,SAN BERNARDINO,-117.27876,34.13516401
8203403,2016,2017-01-06,3600,2016-12-19,0902,F5137,VC052,1,5,5,3612,0,0,0,NA,0,VC5,MOJAVE DR,AMETHYST RD,0,NA,Y,A,-,N,NA,NA,NA,NA,NA,NA,NA,NA,NA,Y,3,0,6,2,A,-,09,21801,A,N,D,C,A,A,H,-,A,A,0,NA,NA,NA,NA,Y,NA,A,01,0,1,5,0,0,0,0,0,0,-,-,NA,NA,SAN BERNARDINO,VICTORVILLE,-117.36435001,34.52854012
8176494,2016,2016-12-01,3610,2016-11-05,1622,50911,NA,6,5,6,3610,0,0,0,NA,0,ADAM,W AUTO CENTER DR,S SHOW CASE DR,0,NA,Y,A,-,N,NA,NA,NA,NA,NA,NA,NA,NA,NA,Y,3,0,2,2,A,-,09,21802,A,N,D,C,A,A,H,-,A,A,0,NA,NA,NA,NA,Y,NA,A,01,0,2,0,0,0,0,0,0,0,-,-,34.07314,-117.29751,SAN BERNARDINO,SAN BERNARDINO,-117.29752011,34.07313003
8204250,2016,2017-05-03,3607,2016-12-13,1051,80248,232,2,5,6,3607,0,0,0,NA,0,062,RT 83,PHILADELPHIA ST,0,NA,Y,A,-,Y,SBD,8,83,-,-,7.413,I,5,S,Y,4,0,1,2,A,-,12,21453,A,N,D,C,A,A,H,-,A,-,0,NA,NA,NA,NA,Y,NA,-,-,0,0,1,0,0,0,0,0,0,-,-,NA,NA,SAN BERNARDINO,ONTARIO,-117.65105514,34.03378762
81772079,2022,2022-05-16,3607,2022-04-29,1047,20288,91,5,5,6,3607,0,0,0,NA,0,021,SULTANA AV,H ST,200,S,N,A,-,N,NA,NA,NA,NA,NA,NA,NA,NA,NA,N,4,0,1,2,A,-,11,21954,A,N,G,B,D,A,H,-,A,A,0,Y,NA,NA,NA,Y,NA,N,60,0,0,1,0,1,0,0,0,0,-,-,NA,NA,SAN BERNARDINO,ONTARIO,-117.64608001708984,34.071922302246094
8177715,2016,2016-12-05,3600,2016-11-23,1147,F5717,HE414,3,5,5,3619,0,0,0,NA,0,HE4,SEAFORTH AV,I AV,0,NA,Y,A,-,N,NA,NA,NA,NA,NA,NA,NA,NA,NA,Y,3,0,3,2,A,-,09,21802,A,N,D,C,A,A,H,-,A,A,0,NA,NA,NA,NA,Y,NA,A,01,0,1,2,0,0,0,0,0,0,-,-,NA,NA,SAN BERNARDINO,HESPERIA,-117.27829008,34.39245012
8178903,2016,2016-12-09,3600,2016-10-24,1716,B3501,RC030,1,5,6,3616,0,0,0,NA,0,RC5,FOOTHILL BL,SAN BERNARDINO RD,500,E,N,A,-,N,NA,NA,NA,NA,NA,NA,NA,NA,NA,N,4,0,1,2,A,-,03,22350,NA,N,C,C,A,A,H,-,A,A,0,NA,NA,NA,NA,Y,NA,A,01,0,0,1,0,0,0,0,0,0,-,-,NA,NA,SAN BERNARDINO,RANCHO CUCAMONGA,-117.62198621,34.10483241
81811780,2022,2022-07-07,3607,2022-06-24,1704,20100,43,5,5,6,3607,0,0,0,NA,0,011,SAN ANTONIO AV,FOURTH ST,0,NA,Y,A,-,N,NA,NA,NA,NA,NA,NA,NA,NA,NA,Y,4,0,2,2,A,-,12,22450,A,N,D,C,A,A,H,-,A,A,0,NA,NA,NA,NA,Y,NA,A,01,0,0,2,0,0,0,0,0,0,-,-,NA,NA,SAN BERNARDINO,ONTARIO,-117.66068267822266,34.07789611816406
81838626,2022,2022-08-12,3611,2022-04-02,1506,3352,3611,6,5,5,3611,0,0,0,NA,0,002,BENSON AVE,9TH ST,0,NA,Y,A,-,N,NA,NA,NA,NA,NA,NA,NA,NA,NA,Y,4,0,1,3,A,-,12,21453,A,N,D,C,A,A,H,-,A,A,0,NA,NA,NA,NA,Y,NA,D,22,0,0,1,0,0,0,0,0,0,-,-,NA,NA,SAN BERNARDINO,UPLAND,-117.68092346191406,34.095970153808594
82097491,2023,2023-06-20,3607,2023-06-15,143,80508,118,4,5,6,3607,0,0,0,NA,0,032,VINEYARD AV,I-10 E/B OFF RAMP,30,N,N,A,-,Y,NA,NA,NA,NA,NA,NA,NA,NA,NA,Y,3,0,3,2,A,-,05,21651,B,N,A,C,A,A,D,-,C,D,0,NA,NA,NA,NA,Y,NA,A,01,0,3,0,0,0,0,0,0,0,-,-,NA,NA,SAN BERNARDINO,ONTARIO,-117.6112060546875,34.0703010559082
82114597,2023,2023-07-12,3607,2023-07-03,1408,80547,214,1,5,6,3607,0,0,0,NA,0,071,HAVEN AV,FRANCIS ST,5,N,N,A,-,N,NA,NA,NA,NA,NA,NA,NA,NA,NA,Y,3,0,1,2,A,-,03,22350,NA,N,C,C,A,A,H,-,A,A,0,NA,NA,NA,NA,Y,NA,A,01,0,1,0,0,0,0,0,0,0,-,-,NA,NA,SAN BERNARDINO,ONTARIO,-117.57598114013672,34.04245376586914
82140303,2023,2023-08-15,3607,2023-07-09,2021,20219,141,7,5,6,3607,0,0,0,NA,0,041,TURNER AV,GUASTI RD,475,S,N,A,-,N,NA,NA,NA,NA,NA,NA,NA,NA,NA,N,2,0,1,1,A,-,08,22107,NA,N,E,I,A,A,H,-,A,D,0,NA,NA,NA,NA,Y,NA,A,07,1,0,0,0,0,0,0,0,0,-,-,NA,NA,SAN BERNARDINO,ONTARIO,-117.58457946777344,34.06333923339844
82143648,2023,2023-08-15,3607,2023-07-21,1106,19953,40,5,5,6,3607,0,0,0,NA,0,011,MOUNTAIN AV,FOURTH ST,100,N,N,A,-,N,NA,NA,NA,NA,NA,NA,NA,NA,NA,N,2,0,1,2,A,-,09,21804,A,N,F,A,A,A,H,-,A,D,0,NA,NA,Y,NA,Y,NA,A,01,1,0,0,0,0,0,0,0,1,-,-,NA,NA,SAN BERNARDINO,ONTARIO,-117.67011260986328,34.07814407348633
82150842,2023,2023-08-23,3607,2023-07-22,1011,20686,118,6,5,6,3607,0,0,0,NA,0,032,CONVENTION CENTER WY,VINEYARD AV,300,E,N,A,-,N,NA,NA,NA,NA,NA,NA,NA,NA,NA,Y,4,0,1,5,A,-,08,22100,A,N,B,C,A,A,H,-,A,A,0,NA,NA,NA,NA,Y,NA,A,01,0,0,1,0,0,0,0,0,0,-,-,NA,NA,SAN BERNARDINO,ONTARIO,-117.61003112792967,34.06714630126953
82159163,2023,2023-08-31,3607,2023-06-29,1930,20100,NA,4,5,6,3607,0,0,0,NA,0,022,CAMPUS AV,HOLT BL,0,NA,Y,A,-,N,NA,NA,NA,NA,NA,NA,NA,NA,NA,Y,4,0,1,2,A,-,01,23152,A,N,D,C,A,A,H,-,A,A,0,NA,NA,NA,NA,Y,Y,A,01,0,0,1,0,0,0,0,0,0,-,-,NA,NA,SAN BERNARDINO,ONTARIO,-117.6413116455078,34.06338119506836
82228443,2023,2023-11-06,3611,2023-09-13,2105,3480,3611,3,5,5,3611,0,0,0,NA,0,002,EUCLID AVE,11TH ST,0,NA,Y,A,-,N,NA,NA,NA,NA,NA,NA,NA,NA,NA,Y,3,0,2,2,A,-,12,21453,A,N,D,C,A,A,H,-,C,A,0,NA,NA,NA,NA,Y,NA,-,-,0,2,0,0,0,0,0,0,0,-,-,34.10354995727539,-117.65093994140624,SAN BERNARDINO,UPLAND,-117.65133666992188,34.10336685180664
82232961,2023,2023-11-13,3607,2023-10-23,745,20997,670,1,5,6,3607,0,0,0,NA,0,081,TURNER AV,SCHAEFER AV,3,S,N,A,-,N,NA,NA,NA,NA,NA,NA,NA,NA,NA,N,3,0,2,3,A,-,03,22350,NA,N,C,C,A,A,H,-,A,D,0,NA,NA,NA,NA,Y,NA,A,01,0,2,0,0,0,0,0,0,0,-,-,NA,NA,SAN BERNARDINO,ONTARIO,-117.58451080322266,34.00429153442383
82232965,2023,2023-11-13,3607,2023-11-03,1522,21316,279,5,5,6,3607,0,0,0,NA,0,072,HAVEN AV,SR-60 E/B OFFRAMP,0,NA,Y,A,-,N,NA,NA,NA,NA,NA,NA,NA,NA,NA,Y,3,0,2,2,A,-,12,21453,A,N,A,C,A,A,H,-,A,A,0,NA,NA,NA,NA,Y,NA,A,08,0,2,0,0,0,0,0,0,0,-,-,NA,NA,SAN BERNARDINO,ONTARIO,-117.57572174072266,34.02882766723633
82236349,2023,2023-11-15,3607,2023-11-07,737,21100,200,2,5,6,3607,0,0,0,NA,0,052,EUCLID AV,ELM ST,100,N,N,A,-,Y,NA,NA,NA,NA,NA,NA,NA,NA,NA,N,4,0,1,2,A,-,08,22107,NA,N,B,C,A,A,D,-,A,A,0,NA,NA,NA,NA,Y,NA,D,22,0,0,1,0,0,0,0,0,0,-,-,NA,NA,SAN BERNARDINO,ONTARIO,-117.65077209472656,34.04680252075195
82236356,2023,2023-11-15,3607,2023-11-09,811,80547,22,4,5,6,3607,0,0,0,NA,0,011,MOUNTAIN AV,FIFTH ST,0,NA,Y,A,-,N,NA,NA,NA,NA,NA,NA,NA,NA,NA,Y,3,0,3,2,A,-,12,21453,A,N,D,C,A,A,H,-,A,A,0,NA,NA,NA,NA,Y,NA,A,01,0,2,1,0,0,0,0,0,0,-,-,NA,NA,SAN BERNARDINO,ONTARIO,-117.6701431274414,34.081478118896484
82238519,2023,2023-11-17,3611,2023-09-29,1054,3532,3611,5,5,5,3611,0,0,0,NA,0,002,MOUNTAIN AVE,8TH ST,39,N,N,A,-,N,NA,NA,NA,NA,NA,NA,NA,NA,NA,N,3,0,1,2,A,-,03,22350,NA,F,C,C,A,A,H,-,A,A,0,NA,NA,NA,NA,Y,NA,A,08,0,1,0,0,0,0,0,0,0,-,-,34.09251022338867,-117.67008209228516,SAN BERNARDINO,UPLAND,-117.67019653320313,34.09251022338867
82250404,2023,2023-12-04,3611,2023-10-07,1124,3435,3611,6,5,5,3611,0,0,0,NA,0,002,ARROW HWY,MOUNTAIN AVE,106,W,N,A,-,N,NA,NA,NA,NA,NA,NA,NA,NA,NA,Y,3,0,1,2,A,-,09,21801,A,N,D,C,A,A,H,-,A,A,0,NA,NA,NA,NA,Y,NA,A,01,0,1,0,0,0,0,0,0,0,-,-,34.099700927734375,-117.67015075683594,SAN BERNARDINO,UPLAND,-117.67060089111328,34.09967041015625
82250509,2023,2023-12-04,3607,2023-11-16,931,20219,212,4,5,6,3607,0,0,0,NA,0,071,ARCHIBALD AV,MISSION BL,0,NA,Y,A,-,N,NA,NA,NA,NA,NA,NA,NA,NA,NA,N,4,0,2,2,A,-,12,21453,A,N,D,C,A,A,H,-,A,A,0,NA,NA,NA,NA,Y,NA,-,-,0,0,2,0,0,0,0,0,0,-,-,NA,NA,SAN BERNARDINO,ONTARIO,-117.59335327148438,34.043975830078125
82250517,2023,2023-12-04,3607,2023-11-22,1546,20072,257,3,5,6,3607,0,0,0,NA,0,071,FAIRFIELD CT,WALKER AV,300,E,N,A,-,N,NA,NA,NA,NA,NA,NA,NA,NA,NA,N,3,0,1,2,A,-,03,22350,NA,N,D,C,A,A,H,-,A,A,0,NA,NA,NA,NA,Y,NA,M,94,0,1,0,0,0,0,0,0,0,-,-,NA,NA,SAN BERNARDINO,ONTARIO,-117.61872100830078,34.02971267700195
82250845,2023,2023-12-04,3609,2023-11-14,1903,01836,131,2,5,5,3609,0,0,0,NA,0,003,RIALTO AVE,MAPLE AVE,0,NA,Y,A,-,N,NA,NA,NA,NA,NA,NA,NA,NA,NA,Y,3,0,2,2,A,-,09,21802,A,N,D,C,A,A,H,-,C,A,0,NA,NA,NA,NA,Y,NA,A,07,0,1,1,0,0,0,0,0,0,-,-,34.09947967529297,-117.40522003173828,SAN BERNARDINO,RIALTO,-117.40525817871094,34.0994873046875
82255717,2023,2023-12-07,3607,2023-12-04,1433,20001,294,1,5,6,3607,0,0,0,NA,0,062,EUCLID AV,W 60 OFFRAMP,10,S,N,A,-,Y,NA,NA,NA,NA,NA,NA,NA,NA,NA,N,4,0,1,3,A,-,03,22350,NA,N,C,C,A,A,H,-,A,A,0,NA,NA,NA,NA,Y,NA,A,01,0,0,1,0,0,0,0,0,0,-,-,NA,NA,SAN BERNARDINO,ONTARIO,NA,NA