CASE_ID,ACCIDENT_YEAR,PROC_DATE,JURIS,COLLISION_DATE,COLLISION_TIME,OFFICER_ID,REPORTING_DISTRICT,DAY_OF_WEEK,CHP_SHIFT,POPULATION,CNTY_CITY_LOC,SPECIAL_COND,BEAT_TYPE,CHP_BEAT_TYPE,CITY_DIVISION_LAPD,CHP_BEAT_CLASS,BEAT_NUMBER,PRIMARY_RD,SECONDARY_RD,DISTANCE,DIRECTION,INTERSECTION,WEATHER_1,WEATHER_2,STATE_HWY_IND,CALTRANS_COUNTY,CALTRANS_DISTRICT,STATE_ROUTE,ROUTE_SUFFIX,POSTMILE_PREFIX,POSTMILE,LOCATION_TYPE,RAMP_INTERSECTION,SIDE_OF_HWY,TOW_AWAY,COLLISION_SEVERITY,NUMBER_KILLED,NUMBER_INJURED,PARTY_COUNT,PRIMARY_COLL_FACTOR,PCF_CODE_OF_VIOL,PCF_VIOL_CATEGORY,PCF_VIOLATION,PCF_VIOL_SUBSECTION,HIT_AND_RUN,TYPE_OF_COLLISION,MVIW,PED_ACTION,ROAD_SURFACE,ROAD_COND_1,ROAD_COND_2,LIGHTING,CONTROL_DEVICE,CHP_ROAD_TYPE,PEDESTRIAN_ACCIDENT,BICYCLE_ACCIDENT,MOTORCYCLE_ACCIDENT,TRUCK_ACCIDENT,NOT_PRIVATE_PROPERTY,ALCOHOL_INVOLVED,STWD_VEHTYPE_AT_FAULT,CHP_VEHTYPE_AT_FAULT,COUNT_SEVERE_INJ,COUNT_VISIBLE_INJ,COUNT_COMPLAINT_PAIN,COUNT_PED_KILLED,COUNT_PED_INJURED,COUNT_BICYCLIST_KILLED,COUNT_BICYCLIST_INJURED,COUNT_MC_KILLED,COUNT_MC_INJURED,PRIMARY_RAMP,SECONDARY_RAMP,LATITUDE,LONGITUDE,COUNTY,CITY,POINT_X,POINT_Y
8356730,2017,2017-05-26,3600,2017-04-20,0734,A5392,YC105,4,5,4,3640,0,0,0,NA,0,NA,5TH ST,STONEWOOD DR,0,NA,Y,A,-,N,NA,NA,NA,NA,NA,NA,NA,NA,NA,Y,4,0,1,2,A,-,12,22450,A,N,A,C,A,A,H,-,A,-,0,NA,NA,NA,NA,Y,NA,A,07,0,0,1,0,0,0,0,0,0,-,-,NA,NA,SAN BERNARDINO,YUCAIPA,-117.05351013,34.0426401
8358009,2017,2017-05-03,3607,2017-04-13,1143,80548,67,4,5,6,3607,0,0,0,NA,0,031,VINEYARD AV,JAY ST,15,E,N,A,B,N,NA,NA,NA,NA,NA,NA,NA,NA,NA,Y,2,0,2,2,A,-,09,21804,A,N,D,C,A,A,D,H,A,D,0,NA,NA,NA,NA,Y,NA,-,NA,2,0,0,0,0,0,0,0,0,-,-,NA,NA,SAN BERNARDINO,ONTARIO,-117.61102,34.07521
8358789,2017,2018-06-21,3607,2017-03-24,1552,15036,62,5,5,6,3607,0,0,0,NA,0,021,EUCLID AV,I ST,40,S,N,A,-,Y,SBD,8,83,-,-,10.2,H,-,N,Y,4,0,1,2,A,-,03,22350,NA,N,C,-,A,A,H,-,A,A,0,NA,NA,NA,NA,Y,NA,-,NA,0,0,1,0,0,0,0,0,0,-,-,NA,NA,SAN BERNARDINO,ONTARIO,-117.65088151,34.07412328
8359278,2017,2018-04-10,3600,2017-04-08,1235,F8945,VC020,6,5,5,3612,0,0,0,NA,0,NA,NISQUALLI RD,RT 15,0,NA,Y,A,-,Y,SBD,8,15,-,-,39.076,R,4,N,Y,4,0,1,2,A,-,12,21453,A,N,D,C,A,A,H,-,A,A,0,NA,NA,NA,NA,Y,NA,A,81,0,0,1,0,0,0,0,0,0,-,-,NA,NA,SAN BERNARDINO,VICTORVILLE,-117.33303188,34.48887515
8360126,2017,2017-05-11,3607,2017-03-28,1409,14458,305,2,5,6,3607,0,0,0,NA,0,MILLS,MILLS CIR,FRANKLIN AV,520,W,N,A,-,N,NA,NA,NA,NA,NA,NA,NA,NA,NA,Y,3,0,2,2,A,-,08,22107,NA,N,D,C,A,A,H,-,A,D,0,NA,NA,NA,NA,Y,NA,-,NA,0,2,0,0,0,0,0,0,0,-,-,NA,NA,SAN BERNARDINO,ONTARIO,-117.55421224,34.07085
8360253,2017,2017-05-11,3607,2017-04-22,0630,15021,480,6,5,6,3607,0,0,0,NA,0,072,RIVERSIDE DR,HAVEN AV,0,NA,Y,A,-,N,NA,NA,NA,NA,NA,NA,NA,NA,NA,Y,3,0,2,2,A,-,12,21453,A,N,D,-,A,A,H,-,A,A,0,NA,NA,NA,NA,Y,NA,-,NA,0,1,1,0,0,0,0,0,0,-,-,NA,NA,SAN BERNARDINO,ONTARIO,-117.5758201,34.01906007
8361272,2017,2017-05-19,3609,2017-04-18,0747,8510,170,2,5,5,3609,0,0,0,NA,0,003,LILAC AV,BLOOMINGTON AV,0,NA,Y,A,-,N,NA,NA,NA,NA,NA,NA,NA,NA,NA,N,3,0,1,2,A,-,11,21456,A,N,A,B,B,A,H,-,A,A,0,Y,NA,NA,NA,Y,NA,N,60,0,1,0,0,1,0,0,0,0,-,-,34.0852,-117.3791,SAN BERNARDINO,RIALTO,-117.37905013,34.08511009
8361691,2017,2017-06-17,3600,2017-04-22,1640,D4301,HE201,6,5,5,3619,0,0,0,NA,0,HE2,G AV,EUCALYPTUS ST,8,S,N,A,-,N,NA,NA,NA,NA,NA,NA,NA,NA,NA,Y,3,0,1,2,A,-,03,22350,NA,N,D,C,A,A,H,-,A,A,0,NA,NA,Y,Y,Y,NA,C,02,0,1,0,0,0,0,0,0,1,-,-,NA,NA,SAN BERNARDINO,HESPERIA,-117.27937974,34.45520809
8362380,2017,2018-04-12,3610,2017-04-03,1032,24925,NA,1,5,6,3610,0,0,0,NA,0,POLICE,W 3RD ST,RT 215,0,NA,Y,A,-,Y,SBD,8,215,-,-,7.115,R,4,S,N,4,0,2,2,A,-,08,22101,D,N,B,C,A,A,H,-,A,A,0,NA,NA,NA,NA,Y,NA,A,01,0,0,2,0,0,0,0,0,0,-,SF,34.1027,-117.3031,SAN BERNARDINO,SAN BERNARDINO,-117.30296324,34.1073124
8363390,2017,2017-05-23,3603,2017-04-14,0727,CL4817,COLTO,5,5,4,3603,0,0,0,NA,0,001,RANCHO AV,C ST,0,NA,Y,A,-,N,NA,NA,NA,NA,NA,NA,NA,NA,NA,Y,4,0,3,2,A,-,09,21801,A,N,D,C,A,A,H,-,A,A,0,NA,NA,NA,NA,Y,NA,E,22,0,0,3,0,0,0,0,0,0,-,-,NA,NA,SAN BERNARDINO,COLTON,-117.33523001,34.07396003
8363451,2017,2017-07-25,3603,2017-04-06,1714,3049,COLTO,4,5,4,3603,0,0,0,NA,0,003,N ST,5TH ST,0,NA,Y,A,-,N,NA,NA,NA,NA,NA,NA,NA,NA,NA,N,4,0,1,3,A,-,12,22450,A,F,-,C,A,A,H,-,A,A,0,NA,NA,NA,NA,Y,NA,A,01,0,0,1,0,0,0,0,0,0,-,-,NA,NA,SAN BERNARDINO,COLTON,-117.33023006,34.06167002
8363564,2017,2017-05-16,3610,2017-04-03,2000,50481,NA,1,5,6,3610,0,0,0,NA,0,POLICE,NORTH WATERMAN AV,E 9TH ST,0,NA,Y,B,-,N,NA,NA,NA,NA,NA,NA,NA,NA,NA,Y,4,0,3,4,A,-,03,22350,NA,N,C,C,A,A,H,-,C,A,0,NA,NA,NA,NA,Y,NA,A,01,0,0,3,0,0,0,0,0,0,-,-,34.11579,-117.2788,SAN BERNARDINO,SAN BERNARDINO,-117.27879013,34.11580001
8364071,2017,2017-06-13,3610,2017-03-26,0330,51028,NA,7,5,6,3610,0,0,0,NA,0,NA,W KENDALL DR,N UNIVERSITY AV,500,E,N,A,-,N,NA,NA,NA,NA,NA,NA,NA,NA,NA,Y,4,0,1,2,A,-,08,22107,NA,M,B,C,A,A,H,-,C,A,0,NA,NA,NA,NA,Y,NA,A,01,0,0,1,0,0,0,0,0,0,-,-,34.17287,-117.3246,SAN BERNARDINO,SAN BERNARDINO,-117.32971071,34.175603
8364270,2017,2017-05-23,3600,2017-05-01,2210,E2055,HE323,1,5,5,3619,0,0,0,NA,0,HE5,RANCHERO RD,COTTONWOOD AV,18,E,N,A,-,N,NA,NA,NA,NA,NA,NA,NA,NA,NA,Y,3,0,1,2,A,-,12,22450,NA,N,D,C,A,A,H,-,C,A,0,NA,NA,NA,NA,Y,NA,A,08,0,1,0,0,0,0,0,0,0,-,-,NA,NA,SAN BERNARDINO,HESPERIA,-117.33795055,34.38327149
8365067,2017,2017-05-15,3604,2017-04-14,1212,683,NA,5,5,6,3604,0,0,0,NA,0,NA,PALMETTO,BARBEE,0,NA,Y,A,-,N,NA,NA,NA,NA,NA,NA,NA,NA,NA,N,3,0,1,3,A,-,09,21802,A,N,D,C,A,A,H,-,A,A,0,NA,NA,NA,NA,Y,NA,A,01,0,1,0,0,0,0,0,0,0,-,-,NA,NA,SAN BERNARDINO,FONTANA,-117.42710005,34.10893002
8365167,2017,2017-05-15,3600,2017-03-29,1842,D4301,HE404,3,5,5,3619,0,0,0,NA,0,HE4,JOSHUA ST,C AVE,0,NA,Y,A,-,N,NA,NA,NA,NA,NA,NA,NA,NA,NA,Y,3,0,2,2,A,-,09,21802,A,N,D,C,A,A,H,-,A,A,0,NA,NA,NA,NA,Y,NA,A,01,0,1,1,0,0,0,0,0,0,-,-,NA,NA,SAN BERNARDINO,HESPERIA,-117.3008801,34.40186008
8365312,2017,2017-05-22,3600,2017-03-19,1938,E7438,YC205,7,5,4,3640,0,0,0,NA,0,YC1,BRYANT ST,SUNNYSIDE DR,50,S,N,A,-,N,NA,NA,NA,NA,NA,NA,NA,NA,NA,Y,3,0,2,3,A,-,09,21801,A,N,A,C,A,A,H,-,C,D,0,NA,NA,NA,NA,Y,NA,A,01,0,1,1,0,0,0,0,0,0,-,-,NA,NA,SAN BERNARDINO,YUCAIPA,-117.03445,34.05895307
8365412,2017,2017-05-15,3602,2017-04-10,1834,2199,NA,1,5,5,3602,0,0,0,NA,0,001,WALNUT AV,MARSHALL AV,195,E,N,A,-,N,NA,NA,NA,NA,NA,NA,NA,NA,NA,Y,2,0,1,2,A,-,09,21804,A,N,D,C,A,A,H,-,A,D,0,NA,NA,Y,NA,Y,NA,A,07,1,0,0,0,0,0,0,0,1,-,-,NA,NA,SAN BERNARDINO,CHINO,-117.6909282,34.02627939
8365641,2017,2018-06-21,3600,2017-03-22,1936,D3102,AP006,3,5,5,3621,0,0,0,NA,0,AP1,RT 18,KIOWA RD,0,NA,Y,B,-,Y,SBD,8,18,-,-,89.567,I,5,S,Y,4,0,2,3,A,-,03,22350,NA,N,C,C,A,A,H,-,C,A,0,NA,NA,NA,NA,Y,NA,A,01,0,0,2,0,0,0,0,0,0,-,-,NA,NA,SAN BERNARDINO,APPLE VALLEY,-117.19906903,34.50724236
8365859,2017,2017-05-17,3600,2017-04-22,1901,E8923,HI009,6,5,4,3618,0,0,0,NA,0,HI2,VICTORIA AV,BASELINE ST,12,S,N,A,-,N,NA,NA,NA,NA,NA,NA,NA,NA,NA,Y,4,0,1,2,A,-,03,22350,NA,M,C,C,A,A,H,-,C,A,0,NA,NA,NA,NA,Y,Y,A,01,0,0,1,0,0,0,0,0,0,-,-,NA,NA,SAN BERNARDINO,HIGHLAND,-117.226215,34.12122433
8365863,2017,2017-05-17,3600,2017-04-25,1040,E7444,HI011,2,5,4,3618,0,0,0,NA,0,HI2,VICTORIA AV,PACIFIC ST,0,NA,Y,A,-,N,NA,NA,NA,NA,NA,NA,NA,NA,NA,Y,3,0,2,2,A,-,00,21453,NA,N,D,C,A,A,H,-,A,A,0,NA,NA,NA,NA,Y,NA,A,01,0,2,0,0,0,0,0,0,0,-,-,NA,NA,SAN BERNARDINO,HIGHLAND,-117.22621002,34.12855003
8365892,2017,2017-05-17,3610,2017-04-27,1340,51054,NA,4,5,6,3610,0,0,0,NA,0,POLICE,W ORANGE SHOW RD,E ST,243,W,N,B,-,N,NA,NA,NA,NA,NA,NA,NA,NA,NA,Y,4,0,1,2,A,-,09,21804,NA,N,D,C,A,A,H,-,A,D,0,NA,NA,NA,NA,Y,NA,A,01,0,0,1,0,0,0,0,0,0,-,-,34.07961,-117.29416,SAN BERNARDINO,SAN BERNARDINO,-117.2948564,34.0792668
8366259,2017,2017-06-01,3610,2017-04-28,0943,50994,NA,5,5,6,3610,0,0,0,NA,0,NA,N RANCHO AV,RIALTO AV,342,S,N,A,-,N,NA,NA,NA,NA,NA,NA,NA,NA,NA,N,4,0,1,1,A,-,03,22350,NA,N,H,J,A,A,H,-,A,D,0,NA,NA,Y,NA,Y,NA,C,02,0,0,1,0,0,0,0,0,1,-,-,34.0997,-117.333,SAN BERNARDINO,SAN BERNARDINO,-117.3330872,34.09874477
8366867,2017,2017-05-22,3604,2017-03-19,1742,680,NA,7,5,6,3604,0,0,0,NA,0,NA,VALLEY BL,VALLEY BL 16380,0,NA,-,A,-,N,NA,NA,NA,NA,NA,NA,NA,NA,NA,Y,4,0,1,3,C,-,18,NA,NA,N,E,E,A,A,H,-,A,D,0,NA,NA,NA,NA,Y,NA,-,-,0,0,1,0,0,0,0,0,0,-,-,NA,NA,SAN BERNARDINO,FONTANA,-117.44747579,34.07032465
8368161,2017,2017-06-17,3607,2017-04-19,1538,19782,238,3,5,6,3607,0,0,0,NA,0,062,PHILADELPHIA ST,GROVE AV,15,E,N,A,-,N,NA,NA,NA,NA,NA,NA,NA,NA,NA,Y,3,0,1,2,C,-,18,NA,NA,N,C,C,A,A,H,-,A,A,0,NA,NA,NA,NA,Y,Y,-,-,0,1,0,0,0,0,0,0,0,-,-,NA,NA,SAN BERNARDINO,ONTARIO,-117.62842062,34.03398
8369282,2017,2017-06-01,3608,2017-05-03,1342,4335,3608,3,5,5,3608,0,0,0,NA,0,901,BARTON RD,BELLEVUE AV,0,NA,Y,A,-,N,NA,NA,NA,NA,NA,NA,NA,NA,NA,Y,3,0,1,2,D,-,00,NA,NA,N,D,C,A,A,H,-,A,A,0,NA,NA,NA,NA,Y,NA,-,-,0,1,0,0,0,0,0,0,0,-,-,NA,NA,SAN BERNARDINO,REDLANDS,-117.20666009,34.04659007
8369998,2017,2017-06-13,3600,2017-05-03,1159,B7127,HE134,3,5,5,3619,0,0,0,NA,0,001,MAIN ST,CATABA RD,564,W,N,A,-,N,NA,NA,NA,NA,NA,NA,NA,NA,NA,Y,2,0,1,1,A,-,03,22350,NA,N,H,I,A,A,H,-,A,-,0,NA,NA,Y,NA,Y,NA,C,02,1,0,0,0,0,0,0,0,1,-,-,NA,NA,SAN BERNARDINO,HESPERIA,-117.38799475,34.42666161
8376546,2017,2017-06-02,3609,2017-01-31,1909,8439,146,2,5,5,3609,0,0,0,NA,0,003,W MERRILL AV,S CEDAR AV,0,NA,N,A,-,N,NA,NA,NA,NA,NA,NA,NA,NA,NA,Y,4,0,1,2,A,-,09,21801,A,N,A,C,A,A,H,-,C,A,0,NA,NA,NA,NA,Y,NA,A,01,0,0,1,0,0,0,0,0,0,-,-,34.10065,-117.39269,SAN BERNARDINO,RIALTO,-117.39652006,34.09224001
8377634,2017,2017-06-12,3611,2017-01-22,0850,3139,3611,7,5,5,3611,0,0,0,NA,0,004,CAMPUS AV,8TH ST,7,S,N,B,C,N,NA,NA,NA,NA,NA,NA,NA,NA,NA,Y,3,0,1,1,A,-,08,22107,NA,N,E,I,A,B,H,-,A,A,0,NA,NA,NA,NA,Y,NA,A,01,0,1,0,0,0,0,0,0,0,-,-,NA,NA,SAN BERNARDINO,UPLAND,-117.64145,34.09246081
8378811,2017,2017-06-13,3609,2017-04-22,1057,2072,3609,6,5,5,3609,0,0,0,NA,0,003,W JUNE ST,JUNE ST,0,NA,N,A,-,N,NA,NA,NA,NA,NA,NA,NA,NA,NA,N,4,0,1,1,C,-,18,NA,NA,N,E,H,A,A,H,-,C,A,0,NA,NA,Y,NA,Y,NA,-,-,0,0,1,0,0,0,0,0,1,-,-,NA,NA,SAN BERNARDINO,RIALTO,-117.38207001,34.1026401
8379491,2017,2017-06-29,3604,2017-05-22,2105,1156,NA,1,5,6,3604,0,0,0,NA,0,NA,BASELINE,CHERRY AV,0,NA,Y,A,-,N,NA,NA,NA,NA,NA,NA,NA,NA,NA,Y,4,0,1,2,A,-,09,21453,C,N,A,C,A,A,H,-,C,A,0,NA,NA,NA,NA,Y,NA,A,01,0,0,1,0,0,0,0,0,0,-,-,NA,NA,SAN BERNARDINO,FONTANA,-117.48861009,34.1215201
8379499,2017,2017-06-29,3600,2017-05-28,0029,F5122,HE410,7,5,5,3619,0,0,0,NA,0,HE4,ARROWHEAD LAKE RD,SUTTER ST,0,NA,Y,A,-,N,NA,NA,NA,NA,NA,NA,NA,NA,NA,Y,4,0,1,1,A,-,01,23152,A,N,F,I,A,A,H,-,C,D,0,NA,NA,NA,NA,Y,Y,A,01,0,0,1,0,0,0,0,0,0,-,-,NA,NA,SAN BERNARDINO,HESPERIA,-117.25136009,34.4068201
8380035,2017,2017-05-31,3610,2017-04-19,1738,51052,NA,3,5,6,3610,0,0,0,NA,0,DAVID,E CENTRAL AV,S MOUNTAIN VIEW AV,434,E,N,A,-,N,NA,NA,NA,NA,NA,NA,NA,NA,NA,Y,4,0,2,2,A,-,09,21800,A,N,D,C,A,A,H,-,B,D,0,NA,NA,NA,NA,Y,NA,A,01,0,0,2,0,0,0,0,0,0,-,-,34.08665,-117.2479,SAN BERNARDINO,SAN BERNARDINO,-117.24371,34.08587
8380048,2017,2017-05-31,3600,2017-04-20,1516,E3900,RC055,4,5,6,3616,0,0,0,NA,0,004,VINEYARD AV,SAN BERNARDINO AV,0,S,N,A,-,N,NA,NA,NA,NA,NA,NA,NA,NA,NA,Y,3,0,1,3,A,-,03,22350,NA,N,C,C,A,A,H,-,A,A,0,NA,NA,NA,NA,Y,NA,A,01,0,1,0,0,0,0,0,0,0,-,-,NA,NA,SAN BERNARDINO,RANCHO CUCAMONGA,-117.61111003,34.10902006
8381832,2017,2017-06-12,3611,2017-03-18,2208,3076,NA,6,5,5,3611,0,0,0,NA,0,004,EUCLID AV,8TH ST,0,NA,Y,A,-,N,NA,NA,NA,NA,NA,NA,NA,NA,NA,Y,4,0,1,2,A,-,12,21453,A,N,D,C,A,A,H,-,C,A,0,NA,NA,NA,NA,Y,NA,A,01,0,0,1,0,0,0,0,0,0,-,-,NA,NA,SAN BERNARDINO,UPLAND,-117.65129,34.0924601
8382076,2017,2017-06-16,3608,2017-05-21,1125,4027,NA,7,5,5,3608,0,0,0,NA,0,NA,EAST BROCKTON AV,RENEE ST,30,E,N,A,-,N,NA,NA,NA,NA,NA,NA,NA,NA,NA,Y,4,0,1,3,A,-,05,21460,A,N,B,C,A,A,H,-,A,D,0,NA,NA,NA,NA,Y,NA,D,22,0,0,1,0,0,0,0,0,0,-,-,NA,NA,SAN BERNARDINO,REDLANDS,-117.15527126,34.06639
8382243,2017,2017-06-13,3607,2017-05-14,1058,19832,110,7,5,6,3607,0,0,0,NA,0,022,E D ST,N HOLMES AV,0,NA,Y,A,-,N,NA,NA,NA,NA,NA,NA,NA,NA,NA,Y,3,0,2,2,A,-,09,21802,A,N,D,C,A,A,H,-,A,A,0,NA,NA,NA,NA,Y,NA,-,NA,0,1,1,0,0,0,0,0,0,-,-,NA,NA,SAN BERNARDINO,ONTARIO,-117.6337801,34.06705005
8382518,2017,2017-06-14,3608,2017-05-19,0321,3461,NA,5,5,5,3608,0,0,0,NA,0,NA,E COLTON AV,N GROVE ST,132,E,N,A,-,N,NA,NA,NA,NA,NA,NA,NA,NA,NA,N,4,0,1,2,A,-,08,22107,NA,N,-,E,A,A,H,-,C,A,0,NA,NA,NA,NA,Y,NA,A,01,0,0,1,0,0,0,0,0,0,-,-,NA,NA,SAN BERNARDINO,REDLANDS,-117.16001557,34.06280901
8382526,2017,2017-06-14,3608,2017-05-26,2309,4342,NA,5,5,5,3608,0,0,0,NA,0,NA,ORANGE ST,BROCKTON AV,0,NA,Y,A,-,N,NA,NA,NA,NA,NA,NA,NA,NA,NA,Y,4,0,2,2,A,-,01,23152,A,N,D,C,A,A,H,-,C,A,0,NA,NA,NA,NA,Y,Y,A,01,0,0,2,0,0,0,0,0,0,-,-,NA,NA,SAN BERNARDINO,REDLANDS,-117.18250005,34.06637007
8383284,2017,2017-06-08,3609,2017-05-16,1510,5550,220,2,5,5,3609,0,0,0,NA,0,004,RIVERSIDE AV,INDUSTRIAL LN,300,N,N,A,-,N,NA,NA,NA,NA,NA,NA,NA,NA,NA,Y,3,0,1,2,B,-,22,NA,NA,N,B,C,A,A,H,-,-,D,0,NA,NA,NA,Y,Y,NA,G,27,0,1,0,0,0,0,0,0,0,-,-,34.0524,-117.3701,SAN BERNARDINO,RIALTO,-117.37024,34.05201194
8383824,2017,2017-06-15,3610,2017-05-08,0816,50534,NA,1,5,6,3610,0,0,0,NA,0,BAKER,WEST HIGHLAND AV,NORTH H ST,0,NA,Y,A,-,N,NA,NA,NA,NA,NA,NA,NA,NA,NA,Y,3,0,1,3,A,-,12,21453,A,N,D,C,A,A,H,-,A,A,0,NA,NA,NA,NA,Y,NA,A,01,0,1,0,0,0,0,0,0,0,-,-,34.136,-117.30087,SAN BERNARDINO,SAN BERNARDINO,-117.30088004,34.13602002
8386603,2017,2018-03-22,3609,2017-06-06,1828,1604,130,2,5,5,3609,0,0,0,NA,0,004,FOOTHILL BL,EUCALYPTUS AV,322,W,N,A,-,N,NA,NA,NA,NA,NA,NA,NA,NA,NA,Y,2,0,1,2,A,-,03,22350,A,N,C,C,A,A,H,-,A,A,0,NA,NA,Y,NA,Y,NA,C,02,1,0,0,0,0,0,0,0,1,-,-,34.106,-117.358,SAN BERNARDINO,RIALTO,-117.35834057,34.10677
8386705,2017,2017-08-28,3610,2017-06-26,0620,51040,NA,1,5,6,3610,0,0,0,NA,0,POLICE,E 5TH ST,NORTH WATERMAN AV,0,NA,Y,A,-,N,NA,NA,NA,NA,NA,NA,NA,NA,NA,Y,4,0,1,2,A,-,12,21453,A,N,D,C,A,A,H,-,A,A,0,NA,NA,NA,NA,Y,NA,A,01,0,0,1,0,0,0,0,0,0,-,-,34.10834,-117.27876,SAN BERNARDINO,SAN BERNARDINO,-117.27877,34.10833009
8387317,2017,2018-04-24,3600,2017-04-15,0325,G4109,YV009,6,5,3,3631,0,0,0,NA,0,YV1,RT 247,FARRELO RD,528,N,N,A,-,Y,SBD,8,247,-,-,1.1,H,-,S,Y,4,0,1,1,B,-,22,NA,NA,N,E,J,A,A,H,-,C,A,0,NA,NA,NA,NA,Y,NA,-,NA,0,0,1,0,0,0,0,0,0,-,-,NA,NA,SAN BERNARDINO,YUCCA VALLEY,-116.41209938,34.13781267
8387366,2017,2018-03-28,3607,2017-05-10,0721,15060,400,3,5,6,3607,0,0,0,NA,0,062,RT 83,CHINO AV,0,NA,Y,B,-,Y,SBD,8,83,-,-,5.92,I,5,N,Y,3,0,2,2,A,-,12,21453,A,N,D,C,A,A,H,-,A,A,0,NA,NA,NA,NA,Y,NA,A,01,0,1,1,0,0,0,0,0,0,-,-,NA,NA,SAN BERNARDINO,ONTARIO,-117.65062088,34.01213825
8387554,2017,2017-06-13,3600,2017-05-19,1423,E3900,RC014,5,5,6,3616,0,0,0,NA,0,006,TERRA VISTA PKWY,ELLENA WY,0,NA,Y,A,-,N,NA,NA,NA,NA,NA,NA,NA,NA,NA,Y,3,0,2,2,A,-,09,21802,A,N,D,C,A,A,H,-,A,-,0,NA,NA,NA,NA,Y,NA,A,01,0,2,0,0,0,0,0,0,0,-,-,NA,NA,SAN BERNARDINO,RANCHO CUCAMONGA,-117.55626005,34.11892004
8388082,2017,2017-06-14,3610,2017-05-02,2131,51048,NA,2,5,6,3610,0,0,0,NA,0,DAVID,NORTH SIERRA WY,EAST 9TH ST,0,NA,Y,A,-,N,NA,NA,NA,NA,NA,NA,NA,NA,NA,Y,3,0,1,2,A,-,12,21453,A,N,D,C,A,A,H,-,C,A,0,NA,NA,NA,NA,Y,NA,A,07,0,1,0,0,0,0,0,0,0,-,-,34.10425,-117.33915,SAN BERNARDINO,SAN BERNARDINO,-117.28514001,34.11578006
8388091,2017,2017-06-14,3610,2017-05-12,1628,50985,NA,5,5,6,3610,0,0,0,NA,0,BAKER,WEST EVANS ST,NORTH E ST,150,W,N,A,-,N,NA,NA,NA,NA,NA,NA,NA,NA,NA,N,4,0,1,2,A,-,03,22350,NA,N,A,C,A,A,H,-,A,D,0,NA,NA,Y,NA,Y,NA,C,02,0,0,1,0,0,0,0,0,1,-,-,34.12769,-117.29549,SAN BERNARDINO,SAN BERNARDINO,-117.29466413,34.12760781
8388122,2017,2017-06-14,3610,2017-05-19,0640,51003,NA,5,5,6,3610,0,0,0,NA,0,CHARLI,NORTH PALM AV,EAST HIGHLAND AV,0,NA,Y,A,-,N,NA,NA,NA,NA,NA,NA,NA,NA,NA,Y,4,0,1,2,A,-,08,22107,NA,N,B,C,A,A,H,-,B,A,0,NA,NA,NA,NA,Y,Y,A,01,0,0,1,0,0,0,0,0,0,-,-,34.13578,-117.20874,SAN BERNARDINO,SAN BERNARDINO,-117.20876001,34.13577011
8388134,2017,2017-06-14,3610,2017-05-19,1425,50936,NA,5,5,6,3610,0,0,0,NA,0,CHARLI,EAST BASELINE ST,WALL AV,33,W,N,A,-,N,NA,NA,NA,NA,NA,NA,NA,NA,NA,N,2,0,1,2,A,-,11,21954,A,F,G,B,D,A,H,-,A,A,0,Y,NA,NA,NA,Y,NA,N,60,1,0,0,0,1,0,0,0,0,-,-,34.12133,-117.28137,SAN BERNARDINO,SAN BERNARDINO,-117.2814687,34.12133
8389784,2017,2017-06-16,3600,2017-05-11,1532,E6896,HI008,4,5,4,3618,0,0,0,NA,0,HI1,6TH ST,LANKERSHIM AV,0,NA,Y,A,-,N,NA,NA,NA,NA,NA,NA,NA,NA,NA,Y,4,0,2,2,A,-,09,21801,B,F,D,C,A,A,H,-,A,D,0,NA,NA,NA,NA,Y,NA,A,01,0,0,2,0,0,0,0,0,0,-,-,NA,NA,SAN BERNARDINO,HIGHLAND,-117.23491003,34.11033009
8391166,2017,2017-06-22,3600,2017-06-06,1542,G3926,HE104,2,5,5,3619,0,0,0,NA,0,HE1,SEQUOIA ST,2ND AV,0,NA,Y,A,-,N,NA,NA,NA,NA,NA,NA,NA,NA,NA,Y,3,0,3,2,A,-,09,21802,A,N,D,C,A,A,H,-,A,A,0,NA,NA,NA,NA,Y,NA,A,01,0,2,1,0,0,0,0,0,0,-,-,NA,NA,SAN BERNARDINO,HESPERIA,-117.29921011,34.46904003
8391475,2017,2017-06-19,3607,2017-05-21,1508,15133,13,7,5,6,3607,0,0,0,NA,0,021,DEODAR ST,11TH ST,200,E,N,A,-,N,NA,NA,NA,NA,NA,NA,NA,NA,NA,Y,4,0,2,3,A,-,09,21804,A,N,D,C,A,A,H,-,A,A,0,NA,NA,NA,NA,Y,NA,-,NA,0,0,2,0,0,0,0,0,0,-,-,NA,NA,SAN BERNARDINO,ONTARIO,-117.63565121,34.08623001
8394804,2017,2017-06-27,3604,2017-05-12,1805,1147,NA,5,5,6,3604,0,0,0,NA,0,NA,RANDALL,TAMARIND,0,NA,Y,A,-,N,NA,NA,NA,NA,NA,NA,NA,NA,NA,Y,4,0,2,4,A,-,12,22450,A,F,D,C,A,A,H,-,A,A,0,NA,NA,NA,NA,Y,NA,A,08,0,0,2,0,0,0,0,0,0,-,-,NA,NA,SAN BERNARDINO,FONTANA,-117.42264007,34.08489006
8394816,2017,2017-06-28,3604,2017-05-08,1350,1043,NA,1,5,6,3604,0,0,0,NA,0,NA,ARROW BL,TOKAY AV,0,NA,Y,A,-,N,NA,NA,NA,NA,NA,NA,NA,NA,NA,Y,4,0,1,3,A,-,08,22107,NA,N,D,C,A,A,H,-,A,A,0,NA,NA,NA,NA,Y,NA,D,22,0,0,1,0,0,0,0,0,0,-,-,NA,NA,SAN BERNARDINO,FONTANA,-117.45589011,34.09929006
8394936,2017,2017-06-26,3600,2017-05-22,1403,G3926,VC020,1,5,5,3619,0,0,0,NA,0,VC3,COTTONWOOD AV,BEAR VALLEY RD,0,NA,Y,A,-,N,NA,NA,NA,NA,NA,NA,NA,NA,NA,N,4,0,1,2,A,-,03,22350,NA,M,C,C,A,A,H,-,A,A,0,NA,NA,NA,NA,Y,Y,A,01,0,0,1,0,0,0,0,0,0,-,-,NA,NA,SAN BERNARDINO,HESPERIA,-117.33870006,34.47049001
8396658,2017,2017-06-26,3604,2017-05-21,0947,1163,NA,7,5,6,3604,0,0,0,NA,0,NA,CITRUS AV,VALLEY BL,80,N,N,A,-,N,NA,NA,NA,NA,NA,NA,NA,NA,NA,Y,4,0,1,2,A,-,09,21804,A,N,D,C,A,A,H,-,A,A,0,NA,NA,NA,NA,Y,NA,A,01,0,0,1,0,0,0,0,0,0,-,-,NA,NA,SAN BERNARDINO,FONTANA,-117.45377,34.07053921