CASE_ID,ACCIDENT_YEAR,PROC_DATE,JURIS,COLLISION_DATE,COLLISION_TIME,OFFICER_ID,REPORTING_DISTRICT,DAY_OF_WEEK,CHP_SHIFT,POPULATION,CNTY_CITY_LOC,SPECIAL_COND,BEAT_TYPE,CHP_BEAT_TYPE,CITY_DIVISION_LAPD,CHP_BEAT_CLASS,BEAT_NUMBER,PRIMARY_RD,SECONDARY_RD,DISTANCE,DIRECTION,INTERSECTION,WEATHER_1,WEATHER_2,STATE_HWY_IND,CALTRANS_COUNTY,CALTRANS_DISTRICT,STATE_ROUTE,ROUTE_SUFFIX,POSTMILE_PREFIX,POSTMILE,LOCATION_TYPE,RAMP_INTERSECTION,SIDE_OF_HWY,TOW_AWAY,COLLISION_SEVERITY,NUMBER_KILLED,NUMBER_INJURED,PARTY_COUNT,PRIMARY_COLL_FACTOR,PCF_CODE_OF_VIOL,PCF_VIOL_CATEGORY,PCF_VIOLATION,PCF_VIOL_SUBSECTION,HIT_AND_RUN,TYPE_OF_COLLISION,MVIW,PED_ACTION,ROAD_SURFACE,ROAD_COND_1,ROAD_COND_2,LIGHTING,CONTROL_DEVICE,CHP_ROAD_TYPE,PEDESTRIAN_ACCIDENT,BICYCLE_ACCIDENT,MOTORCYCLE_ACCIDENT,TRUCK_ACCIDENT,NOT_PRIVATE_PROPERTY,ALCOHOL_INVOLVED,STWD_VEHTYPE_AT_FAULT,CHP_VEHTYPE_AT_FAULT,COUNT_SEVERE_INJ,COUNT_VISIBLE_INJ,COUNT_COMPLAINT_PAIN,COUNT_PED_KILLED,COUNT_PED_INJURED,COUNT_BICYCLIST_KILLED,COUNT_BICYCLIST_INJURED,COUNT_MC_KILLED,COUNT_MC_INJURED,PRIMARY_RAMP,SECONDARY_RAMP,LATITUDE,LONGITUDE,COUNTY,CITY,POINT_X,POINT_Y
8432363,2017,2017-08-22,3609,2017-07-31,2314,0456,106,1,5,5,3609,0,0,0,NA,0,001,CEDAR AV,ETIWANDA AV,0,NA,Y,A,-,N,NA,NA,NA,NA,NA,NA,NA,NA,NA,Y,3,0,1,2,A,-,09,21801,A,N,D,C,A,A,H,-,C,A,0,NA,NA,Y,NA,Y,NA,A,01,0,1,0,0,0,0,0,0,1,-,-,34.11401,-117.39651,SAN BERNARDINO,RIALTO,-117.39660003,34.11404004
8432424,2017,2017-08-23,3600,2017-08-13,1208,D4301,HE201,7,5,5,3619,0,0,0,NA,0,HE2,BEAR VALLEY RD,I AV,60,W,N,A,-,N,NA,NA,NA,NA,NA,NA,NA,NA,NA,N,4,0,1,2,A,-,03,22350,NA,N,B,C,A,A,H,-,A,D,0,NA,NA,NA,NA,Y,NA,A,07,0,0,1,0,0,0,0,0,0,-,-,NA,NA,SAN BERNARDINO,HESPERIA,-117.27294846,34.47103
8432861,2017,2017-08-24,3600,2017-06-30,2129,D3381,VC021,5,5,5,3612,0,0,0,NA,0,VC3,HESPERIA RD,JASMINE ST,0,NA,Y,A,-,N,NA,NA,NA,NA,NA,NA,NA,NA,NA,Y,3,0,3,2,A,-,09,21801,A,N,D,C,A,A,H,-,C,A,0,NA,NA,NA,NA,Y,NA,-,-,0,1,2,0,0,0,0,0,0,-,-,NA,NA,SAN BERNARDINO,VICTORVILLE,-117.29146,34.47488002
8433087,2017,2017-12-01,3600,2017-07-14,1052,E6913,HI003,5,5,4,3618,0,0,0,NA,0,001,BASELINE ST,STERLING AV,157,E,N,A,-,N,NA,NA,NA,NA,NA,NA,NA,NA,NA,N,4,0,1,3,A,-,03,22350,NA,N,C,C,A,A,H,-,A,D,0,NA,NA,NA,NA,Y,NA,A,01,0,0,1,0,0,0,0,0,0,-,-,NA,NA,SAN BERNARDINO,HIGHLAND,-117.24314287,34.12131
8433971,2017,2017-09-11,3610,2017-07-24,1026,50582,NA,1,5,6,3610,0,0,0,NA,0,BAKER,W 44TH ST,MAYFIELD AV,0,NA,Y,A,-,N,NA,NA,NA,NA,NA,NA,NA,NA,NA,Y,4,0,2,1,A,-,08,22107,NA,N,E,I,A,A,H,-,A,D,0,NA,NA,NA,NA,Y,NA,A,01,0,0,2,0,0,0,0,0,0,-,-,34.1683,-117.29043,SAN BERNARDINO,SAN BERNARDINO,-117.2904615,34.168284
8434111,2018,2019-03-12,3600,2018-11-17,0844,F8574,LL003,6,5,3,3615,0,0,0,NA,0,NA,MOUNTAIN VIEW AV,PROSPECT AV,10,S,N,A,-,N,NA,NA,NA,NA,NA,NA,NA,NA,NA,N,3,0,1,2,A,-,-,NA,NA,N,G,B,B,A,H,-,A,A,0,Y,NA,NA,NA,Y,NA,N,60,0,1,0,0,1,0,0,0,0,-,-,NA,NA,SAN BERNARDINO,LOMA LINDA,-117.2436294555664,34.05025100708008
8434588,2017,2017-08-28,3600,2017-07-25,0821,C4462,VC017,2,5,5,3612,0,0,0,NA,0,VC017,7TH ST,VICTOR ST,0,NA,Y,A,-,N,NA,NA,NA,NA,NA,NA,NA,NA,NA,N,4,0,1,2,A,-,09,21804,A,N,D,C,A,A,H,-,A,D,0,NA,NA,NA,NA,Y,NA,D,22,0,0,1,0,0,0,0,0,0,-,-,NA,NA,SAN BERNARDINO,VICTORVILLE,-117.30695006,34.52263006
8434631,2017,2017-08-28,3600,2017-08-07,1318,C4462,VC074,1,5,5,3612,0,0,0,NA,0,VC6,AMARGOSA RD,MOJAVE DR,0,NA,Y,A,-,N,NA,NA,NA,NA,NA,NA,NA,NA,NA,N,4,0,1,1,A,-,03,22350,NA,N,E,I,A,A,H,-,A,A,0,NA,NA,NA,Y,Y,NA,F,27,0,0,1,0,0,0,0,0,0,-,-,NA,NA,SAN BERNARDINO,VICTORVILLE,-117.33039008,34.52866009
8434990,2017,2017-08-29,3608,2017-08-12,2149,4027,NA,6,5,5,3608,0,0,0,NA,0,NA,W REDLANDS BL,W COLTON AV,0,NA,Y,A,-,N,NA,NA,NA,NA,NA,NA,NA,NA,NA,Y,2,0,4,2,A,-,12,21453,A,N,A,C,A,A,H,-,C,A,0,NA,NA,NA,NA,Y,NA,A,01,1,1,2,0,0,0,0,0,0,-,-,NA,NA,SAN BERNARDINO,REDLANDS,-117.20607006,34.0624001
84354762,2024,2024-08-15,3611,2024-06-27,1430,3272,NA,4,5,5,3611,0,0,0,NA,0,003,CAMPUS AVE,VIEW POINT ST,0,NA,Y,A,-,N,NA,NA,NA,NA,NA,NA,NA,NA,NA,Y,3,0,4,2,A,-,12,21453,A,N,D,C,A,A,H,-,A,A,0,NA,NA,NA,NA,Y,NA,A,01,0,2,2,0,0,0,0,0,0,-,-,34.12604904174805,-117.6416473388672,SAN BERNARDINO,UPLAND,-117.64160919189452,34.12622833251953
84359071,2024,2024-08-19,3609,2024-07-26,1208,01932,NA,5,5,5,3609,0,0,0,NA,0,004,RIVERSIDE AVE,RIALTO MARKETPLACE,0,NA,Y,A,-,N,NA,NA,NA,NA,NA,NA,NA,NA,NA,N,3,0,1,2,A,-,11,21950,B,F,G,B,D,A,H,-,A,A,0,Y,NA,NA,NA,Y,NA,N,60,0,1,0,0,1,0,0,0,0,-,-,NA,NA,SAN BERNARDINO,RIALTO,-117.37046813964844,34.098724365234375
8437302,2017,2017-09-26,3600,2017-08-25,1832,F4507,HE408,5,5,5,3619,0,0,0,NA,0,NA,WALNUT ST,SULTANA ST,0,NA,Y,A,-,N,NA,NA,NA,NA,NA,NA,NA,NA,NA,N,4,0,1,2,A,-,12,22450,A,N,D,C,A,A,H,-,B,A,0,NA,NA,NA,NA,Y,NA,-,NA,0,0,1,0,0,0,0,0,0,-,-,NA,NA,SAN BERNARDINO,HESPERIA,-117.27424001,34.41618006
8437961,2017,2017-08-25,3600,2017-07-14,1140,F3069,VC055,5,5,5,3612,0,0,0,NA,0,VC5,AMARGOSA RD,SENECA RD,0,NA,Y,A,-,N,NA,NA,NA,NA,NA,NA,NA,NA,NA,Y,4,0,2,2,A,-,09,21453,C,N,A,C,A,A,H,-,A,A,0,NA,NA,NA,NA,Y,NA,A,07,0,0,2,0,0,0,0,0,0,-,-,NA,NA,SAN BERNARDINO,VICTORVILLE,-117.33020005,34.51420011
8438247,2017,2017-08-31,3610,2017-08-19,2500,51073,NA,6,5,6,3610,0,0,0,NA,0,DAVID,E BASELINE ST,N CRESTVIEW AV,15,W,N,A,-,N,NA,NA,NA,NA,NA,NA,NA,NA,NA,Y,4,0,1,1,A,-,08,22107,NA,N,A,I,A,-,H,-,A,D,0,NA,NA,NA,NA,Y,NA,D,22,0,0,1,0,0,0,0,0,0,-,-,34.121340000000004,-117.26966,SAN BERNARDINO,SAN BERNARDINO,-117.27360941,34.12133
8438267,2017,2017-10-09,3610,2017-08-01,1238,51052,NA,2,5,6,3610,0,0,0,NA,0,POLICE,W BASELINE ST,N K ST,0,NA,Y,A,-,N,NA,NA,NA,NA,NA,NA,NA,NA,NA,N,4,0,1,2,A,-,09,21802,B,N,D,C,A,A,H,-,A,A,0,NA,NA,NA,NA,Y,NA,D,22,0,0,1,0,0,0,0,0,0,-,-,34.12131,-117.30744,SAN BERNARDINO,SAN BERNARDINO,-117.30746007,34.12133007
84383357,2024,2024-09-06,3609,2024-07-16,245,02594,NA,2,5,5,3609,0,0,0,NA,0,001,BASELINE RD,TAMARIND AVE,0,E,Y,A,-,N,NA,NA,NA,NA,NA,NA,NA,NA,NA,Y,3,0,2,1,A,-,03,22350,NA,N,E,I,A,A,H,-,C,D,0,NA,NA,NA,NA,Y,NA,A,01,0,2,0,0,0,0,0,0,0,-,-,34.12123107910156,-117.42273712158205,SAN BERNARDINO,RIALTO,-117.42279052734376,34.12133026123047
8438644,2017,2017-08-29,3610,2017-08-03,2130,50912,NA,4,5,6,3610,0,0,0,NA,0,NA,N VICTORIA AV,E CITRUS AV,234,N,N,A,-,N,NA,NA,NA,NA,NA,NA,NA,NA,NA,Y,4,0,1,1,A,-,03,22350,NA,N,H,A,A,A,H,-,C,A,0,NA,NA,Y,NA,Y,NA,C,02,0,0,1,0,0,0,0,0,1,-,-,34.14489,-117.22605,SAN BERNARDINO,SAN BERNARDINO,-117.22604823,34.14552092
8438699,2017,2017-08-29,3610,2017-08-15,1820,50734,NA,2,5,6,3610,0,0,0,NA,0,POLICE,N GOLDEN AV,EAST HIGHLAND AV,0,NA,Y,A,-,N,NA,NA,NA,NA,NA,NA,NA,NA,NA,N,4,0,3,2,A,-,03,22350,NA,F,C,C,A,A,H,-,B,A,0,NA,NA,NA,NA,Y,NA,-,NA,0,0,3,0,0,0,0,0,0,-,-,34.13413,-117.2787,SAN BERNARDINO,SAN BERNARDINO,-117.26112014,34.13587002
8438719,2017,2017-08-29,3610,2017-08-03,1705,51054,NA,4,5,6,3610,0,0,0,NA,0,POLICE,N H ST,9TH ST,327,S,N,A,-,N,NA,NA,NA,NA,NA,NA,NA,NA,NA,Y,2,0,1,2,C,-,18,NA,NA,N,H,J,A,A,H,-,B,D,0,NA,NA,NA,NA,Y,NA,-,-,1,0,0,0,0,0,0,0,0,-,-,34.1158,-117.30088,SAN BERNARDINO,SAN BERNARDINO,-117.30091081,34.11493419
8438797,2017,2018-06-14,3602,2017-07-12,2039,3729,114,3,5,5,3602,0,0,0,NA,0,005,EUCLID AV,EDISON AV,0,NA,Y,A,-,Y,SBD,8,83,-,-,4.92,I,5,S,N,4,0,1,2,D,-,00,NA,NA,N,D,C,A,A,H,-,C,A,0,NA,NA,NA,NA,Y,NA,-,-,0,0,1,0,0,0,0,0,0,-,-,NA,NA,SAN BERNARDINO,CHINO,-117.65090635,33.997531
8439149,2017,2017-08-30,3610,2017-08-07,1044,50534,NA,1,5,6,3610,0,0,0,NA,0,DAVID,EAST 5TH ST,NORTH WATERMAN AV,0,NA,Y,A,-,N,NA,NA,NA,NA,NA,NA,NA,NA,NA,Y,3,0,4,2,A,-,12,21453,A,N,D,C,A,A,H,-,A,A,0,NA,NA,NA,NA,Y,NA,A,08,0,1,3,0,0,0,0,0,0,-,-,34.10834,-117.27876,SAN BERNARDINO,SAN BERNARDINO,-117.27877,34.10833009
84396360,2024,2024-09-17,3602,2024-08-12,1159,2798,NA,1,5,5,3602,0,0,0,NA,0,001,RIVERSIDE DR,3RD ST (E),6,E,N,A,-,N,NA,NA,NA,NA,NA,NA,NA,NA,NA,Y,3,0,1,2,A,-,03,22350,NA,N,C,C,A,A,H,-,A,A,0,NA,NA,NA,NA,Y,NA,A,01,0,1,0,0,0,0,0,0,0,-,-,34.019020080566406,-117.69576263427734,SAN BERNARDINO,CHINO,-117.69586181640624,34.019039154052734
84401219,2024,2024-09-20,3609,2024-08-24,1552,01932,NA,6,5,5,3609,0,0,0,NA,0,004,RANDALL AVE,ACACIA AVE,0,NA,Y,A,-,N,NA,NA,NA,NA,NA,NA,NA,NA,NA,N,4,0,2,2,A,-,12,22450,A,N,C,C,A,A,H,-,A,A,0,NA,NA,NA,NA,Y,NA,A,01,0,0,2,0,0,0,0,0,0,-,-,34.0850715637207,-117.36158752441406,SAN BERNARDINO,RIALTO,-117.36157989501952,34.0849723815918
84401357,2024,2024-09-20,3607,2024-03-18,1738,80538,NA,1,5,6,3607,0,0,0,NA,0,042,MILLIKEN AV,PHILADELPHIA ST,980,N,N,A,-,N,NA,NA,NA,NA,NA,NA,NA,NA,NA,Y,3,0,2,2,A,-,07,21658,A,N,E,I,A,A,H,-,A,D,0,NA,NA,NA,NA,Y,Y,A,01,0,2,0,0,0,0,0,0,0,-,-,NA,NA,SAN BERNARDINO,ONTARIO,-117.55843353271484,34.03706359863281
84401358,2024,2024-09-20,3607,2024-03-19,1004,80515,NA,2,5,6,3607,0,0,0,NA,0,012,HOLT BL,EUCLID AV,0,NA,Y,A,-,Y,NA,NA,NA,NA,NA,NA,NA,NA,NA,N,3,0,1,2,A,-,10,21950,A,N,G,B,B,A,H,-,A,A,0,Y,NA,NA,Y,Y,NA,G,25,0,1,0,0,1,0,0,0,0,-,-,NA,NA,SAN BERNARDINO,ONTARIO,-117.65119171142578,34.06336212158203
84401397,2024,2024-09-20,3607,2024-03-30,1157,20634,NA,6,5,6,3607,0,0,0,NA,0,022,HOLT BL,CAMPUS AV,0,NA,Y,C,-,N,NA,NA,NA,NA,NA,NA,NA,NA,NA,Y,3,0,3,3,A,-,12,21453,A,N,A,C,A,B,H,-,A,A,0,NA,NA,NA,NA,Y,NA,A,01,0,3,0,0,0,0,0,0,0,-,-,NA,NA,SAN BERNARDINO,ONTARIO,-117.6413116455078,34.06338119506836
84401469,2024,2024-09-20,3607,2024-04-13,2004,20219,NA,6,5,6,3607,0,0,0,NA,0,022,HOLT BL,LEMON AV,86,E,N,C,-,N,NA,NA,NA,NA,NA,NA,NA,NA,NA,N,1,1,0,2,A,-,11,21954,A,N,G,B,D,B,H,-,C,D,0,Y,NA,NA,NA,Y,Y,N,60,0,0,0,1,0,0,0,0,0,-,-,NA,NA,SAN BERNARDINO,ONTARIO,-117.64928436279295,34.063358306884766
84401510,2024,2024-09-20,3607,2024-04-26,2000,21563,NA,5,5,6,3607,0,0,0,NA,0,021,EUCLID AV,H ST,20,E,N,A,-,N,NA,NA,NA,NA,NA,NA,NA,NA,NA,Y,3,0,1,2,A,-,09,21802,A,N,D,C,A,A,H,-,C,A,0,NA,NA,NA,Y,Y,NA,F,76,0,1,0,0,0,0,0,0,0,-,-,NA,NA,SAN BERNARDINO,ONTARIO,-117.65087890625,34.07244873046875
84401591,2024,2024-09-20,3607,2024-05-09,1239,20642,NA,4,5,6,3607,0,0,0,NA,0,021,EUCLID AV,I ST,0,NA,Y,A,-,Y,NA,NA,NA,NA,NA,NA,NA,NA,NA,N,3,0,1,2,A,-,12,21453,A,N,D,C,A,A,H,-,A,A,0,NA,NA,NA,NA,Y,NA,-,-,0,1,0,0,0,0,0,0,0,-,-,NA,NA,SAN BERNARDINO,ONTARIO,-117.65088653564452,34.07426071166992
84401731,2024,2024-09-20,3607,2024-05-30,824,19955,NA,4,5,6,3607,0,0,0,NA,0,032,ARCHIBALD AV,I-10 E/B ONRAMP (N),200,N,N,A,-,Y,NA,NA,NA,NA,NA,NA,NA,NA,NA,Y,4,0,1,2,A,-,03,22350,NA,N,C,C,A,A,H,-,A,A,0,NA,NA,NA,NA,Y,NA,A,01,0,0,1,0,0,0,0,0,0,-,-,NA,NA,SAN BERNARDINO,ONTARIO,-117.59349060058594,34.06802749633789
84401737,2024,2024-09-20,3607,2024-06-01,950,21319,NA,6,5,6,3607,0,0,0,NA,0,022,HOLT BL,BONVIEW AV,0,NA,Y,A,-,N,NA,NA,NA,NA,NA,NA,NA,NA,NA,N,2,0,1,2,A,-,09,21804,A,N,D,G,A,A,H,-,A,A,0,NA,Y,NA,NA,Y,NA,L,04,1,0,0,0,0,0,1,0,0,-,-,NA,NA,SAN BERNARDINO,ONTARIO,-117.63720703125,34.06338119506836
84401777,2024,2024-09-20,3607,2024-06-11,1827,20042,NA,2,5,6,3607,0,0,0,NA,0,MILL,MILLIKEN AV,ONTARIO MILLS PW,65,S,N,A,-,Y,NA,NA,NA,NA,NA,NA,NA,NA,NA,N,3,0,1,2,A,-,03,22350,NA,F,C,C,A,A,H,-,A,A,0,NA,NA,NA,NA,Y,Y,A,07,0,1,0,0,0,0,0,0,0,-,-,NA,NA,SAN BERNARDINO,ONTARIO,-117.55833435058594,34.06861114501953
84401933,2024,2024-09-20,3607,2024-07-25,800,20770,NA,4,5,6,3607,0,0,0,NA,0,032,HOLT BL,GROVE AV,50,E,N,A,-,N,NA,NA,NA,NA,NA,NA,NA,NA,NA,Y,4,0,1,2,A,-,03,22350,NA,N,C,C,A,A,H,-,A,A,0,NA,NA,NA,NA,Y,NA,A,01,0,0,1,0,0,0,0,0,0,-,-,NA,NA,SAN BERNARDINO,ONTARIO,-117.62833404541016,34.06342315673828
84401975,2024,2024-09-20,3607,2024-08-03,1938,20839,NA,6,5,6,3607,0,0,0,NA,0,031,FOURTH ST,MARIPOSA AV,200,E,N,A,-,N,NA,NA,NA,NA,NA,NA,NA,NA,NA,Y,3,0,1,5,A,-,03,22350,NA,N,B,E,A,A,H,-,A,D,0,NA,NA,NA,NA,Y,NA,A,01,0,1,0,0,0,0,0,0,0,-,-,NA,NA,SAN BERNARDINO,ONTARIO,-117.6166534423828,34.0776252746582
84401992,2024,2024-09-20,3607,2024-08-08,1004,20392,NA,4,5,6,3607,0,0,0,NA,0,243,PHILADELPHIA ST,ARCHIBALD AV,605,E,N,A,-,N,NA,NA,NA,NA,NA,NA,NA,NA,NA,Y,3,0,2,2,A,-,05,21651,B,N,B,C,A,A,H,-,A,A,0,NA,NA,NA,Y,Y,NA,A,07,0,2,0,0,0,0,0,0,0,-,-,NA,NA,SAN BERNARDINO,ONTARIO,-117.59134674072266,34.033748626708984
84405306,2024,2024-09-24,3602,2024-09-04,2050,3820,NA,3,5,5,3602,0,0,0,NA,0,002,MOUNTAIN AVENUE (12500 BLOCK),WALNUT AVENUE,31,S,N,A,-,N,NA,NA,NA,NA,NA,NA,NA,NA,NA,N,4,0,1,2,A,-,11,21954,A,N,G,B,D,A,H,-,C,A,0,Y,NA,NA,NA,Y,NA,N,60,0,0,1,0,1,0,0,0,0,-,-,34.02629852294922,-117.6675033569336,SAN BERNARDINO,CHINO,-117.66761779785156,34.026344299316406
8440798,2017,2017-09-12,3602,2017-06-30,1619,1256,70,5,5,5,3602,0,0,0,NA,0,004,RIVERSIDE DR,OAKS AV,0,NA,Y,A,-,N,NA,NA,NA,NA,NA,NA,NA,NA,NA,Y,4,0,1,2,A,-,00,21453,NA,N,D,C,A,D,H,-,A,A,0,NA,NA,NA,NA,Y,NA,D,22,0,0,1,0,0,0,0,0,0,-,-,NA,NA,SAN BERNARDINO,CHINO,-117.67624012,34.01917011
84411866,2024,2024-09-30,3609,2024-09-01,230,02458,NA,7,5,5,3609,0,0,0,NA,0,004,ACACIA AVE,SOUTH ST,30,S,N,A,-,N,NA,NA,NA,NA,NA,NA,NA,NA,NA,Y,2,0,1,2,A,-,01,23152,A,N,C,E,A,A,H,-,C,D,0,NA,NA,NA,NA,Y,Y,A,01,1,0,0,0,0,0,0,0,0,-,-,34.09463119506836,-117.3616180419922,SAN BERNARDINO,RIALTO,-117.3616180419922,34.094547271728516
8441223,2017,2017-09-22,3609,2017-08-26,2300,5491,97,6,5,5,3609,0,0,0,NA,0,002,WILLOW AV,CASCADE DR,85,S,N,A,-,N,NA,NA,NA,NA,NA,NA,NA,NA,NA,Y,3,0,1,2,A,-,01,23152,A,N,C,E,A,-,H,-,C,D,0,NA,NA,NA,NA,Y,Y,D,22,0,1,0,0,0,0,0,0,0,-,-,34.12613,-117.37476,SAN BERNARDINO,RIALTO,-117.37480747,34.12611713
8441302,2017,2017-09-21,3600,2017-08-08,1004,E3900,RC081,2,5,6,3616,0,0,0,NA,0,003,DAY CREEK BL,COYOTE DR,397,N,N,A,-,N,NA,NA,NA,NA,NA,NA,NA,NA,NA,N,3,0,1,2,D,-,00,NA,NA,N,-,A,A,A,H,-,A,-,0,NA,Y,NA,NA,Y,NA,-,-,0,1,0,0,0,0,1,0,0,-,-,NA,NA,SAN BERNARDINO,RANCHO CUCAMONGA,-117.53663209,34.15558734
84420525,2024,2024-10-07,3611,2024-08-22,1800,3025,NA,4,5,5,3611,0,0,0,NA,0,003,19TH ST,1ST AVE,19,E,N,A,-,N,NA,NA,NA,NA,NA,NA,NA,NA,NA,Y,3,0,1,3,A,-,03,22350,NA,N,C,C,A,A,H,-,A,D,0,NA,NA,NA,NA,Y,NA,A,01,0,1,0,0,0,0,0,0,0,-,-,34.13246154785156,-117.64949798583984,SAN BERNARDINO,UPLAND,-117.64947509765624,34.13241958618164
84420529,2024,2025-02-20,3611,2024-09-03,1655,3467,NA,2,5,5,3611,0,0,0,NA,0,003,CAMPUS AVE,FOOTHILL BLVD,50,N,N,A,-,N,NA,NA,NA,NA,NA,NA,NA,NA,NA,N,4,0,1,2,A,-,03,22350,NA,N,C,C,A,A,H,-,A,A,0,NA,NA,NA,NA,Y,NA,A,07,0,0,1,0,0,0,0,0,0,-,-,34.10702896118164,-117.64151000976563,SAN BERNARDINO,UPLAND,-117.64152526855467,34.107177734375
8442416,2017,2017-08-29,3600,2017-07-15,2106,D7733,YC403,6,5,4,3640,0,0,0,NA,0,014,OAK GLEN RD,14TH ST,245,N,N,A,-,N,NA,NA,NA,NA,NA,NA,NA,NA,NA,N,4,0,1,2,A,-,03,22350,NA,N,C,C,A,A,H,-,C,A,0,NA,NA,NA,NA,Y,NA,A,01,0,0,1,0,0,0,0,0,0,-,-,NA,NA,SAN BERNARDINO,YUCAIPA,-117.09320253,34.01828659
84428808,2024,2024-10-14,3611,2024-07-31,810,3272,NA,3,5,5,3611,0,0,0,NA,0,004,BERLYN AVE,7TH ST,29,N,N,A,-,N,NA,NA,NA,NA,NA,NA,NA,NA,NA,N,4,0,1,2,A,-,21,22106,NA,N,G,B,D,A,H,-,A,A,0,Y,NA,NA,NA,Y,NA,A,01,0,0,1,0,1,0,0,0,0,-,-,34.08906173706055,-117.63896942138672,SAN BERNARDINO,UPLAND,-117.63900756835938,34.08892059326172
84428831,2024,2024-10-14,3609,2024-09-30,1707,01323,NA,1,5,5,3609,0,0,0,NA,0,003,FOOTHILL BLVD,SHOPPING CTR,0,NA,Y,A,-,N,NA,NA,NA,NA,NA,NA,NA,NA,NA,Y,4,0,5,3,A,-,12,21453,A,N,D,C,A,A,H,-,A,A,0,NA,NA,NA,NA,Y,NA,A,01,0,0,5,0,0,0,0,0,0,-,-,34.10675048828125,-117.39858245849608,SAN BERNARDINO,RIALTO,NA,NA
84437642,2024,2024-10-21,3609,2024-06-25,1717,02306,NA,2,5,5,3609,0,0,0,NA,0,001,LINDEN AVE,RENAISSANCE PKWY,976,S,N,A,-,N,NA,NA,NA,NA,NA,NA,NA,NA,NA,Y,2,0,4,3,A,-,03,22350,NA,N,A,C,A,A,H,-,A,A,0,NA,NA,NA,NA,Y,NA,A,01,1,1,2,0,0,0,0,0,0,-,-,NA,NA,SAN BERNARDINO,RIALTO,-117.40103149414063,34.13279724121094
8444286,2017,2017-09-20,3600,2017-07-27,1218,G0803,RC005,4,5,6,3616,0,0,0,NA,0,006,BASE LINE RD,ETIWANDA AV,0,NA,Y,A,-,N,NA,NA,NA,NA,NA,NA,NA,NA,NA,Y,4,0,1,3,A,-,12,21453,A,N,D,C,A,A,H,-,A,A,0,NA,NA,NA,NA,Y,NA,A,01,0,0,1,0,0,0,0,0,0,-,-,NA,NA,SAN BERNARDINO,RANCHO CUCAMONGA,-117.52355005,34.12095011
8445025,2017,2017-11-09,3607,2017-06-27,0011,80285,165,2,5,6,3607,0,0,0,NA,0,061,MISSION BL,GROVE AV,0,NA,Y,A,-,N,NA,NA,NA,NA,NA,NA,NA,NA,NA,Y,4,0,1,2,A,-,08,22107,NA,N,D,C,A,A,H,-,C,A,0,NA,NA,NA,NA,Y,NA,-,NA,0,0,1,0,0,0,0,0,0,-,-,NA,NA,SAN BERNARDINO,ONTARIO,-117.62871011,34.05500006
8445073,2017,2017-09-06,3607,2017-07-03,1832,80457,209,1,5,6,3607,0,0,0,NA,0,071,GROVE AV,ACACIA ST,100,S,N,A,-,N,NA,NA,NA,NA,NA,NA,NA,NA,NA,Y,3,0,4,1,A,-,08,22107,NA,N,F,I,A,A,H,-,A,A,0,NA,NA,NA,NA,Y,NA,-,NA,0,4,0,0,0,0,0,0,0,-,-,NA,NA,SAN BERNARDINO,ONTARIO,-117.62858493,34.04817597
84451551,2024,2024-10-30,3607,2024-09-12,2245,20466,NA,4,5,6,3607,0,0,0,NA,0,022,D ST,FLORENCE AV,300,W,N,A,-,N,NA,NA,NA,NA,NA,NA,NA,NA,NA,Y,3,0,1,3,A,-,01,23152,A,N,F,E,A,A,H,-,C,D,0,NA,NA,NA,NA,Y,Y,A,01,0,1,0,0,0,0,0,0,0,-,-,NA,NA,SAN BERNARDINO,ONTARIO,-117.63579559326172,34.06704330444336
84451579,2024,2024-10-30,3607,2024-09-22,1053,21164,NA,7,5,6,3607,0,0,0,NA,0,061,MISSION BL,EUCLID AV,0,NA,Y,A,-,N,NA,NA,NA,NA,NA,NA,NA,NA,NA,N,3,0,2,2,A,-,12,21453,A,N,D,C,A,A,H,-,A,A,0,NA,NA,NA,NA,Y,NA,A,01,0,2,0,0,0,0,0,0,0,-,-,NA,NA,SAN BERNARDINO,ONTARIO,-117.65078735351563,34.05488586425781
84451591,2024,2024-10-30,3607,2024-09-25,804,20219,NA,3,5,6,3607,0,0,0,NA,0,062,CAMPUS AV,ST. ANDREWS ST,105,S,N,A,-,N,NA,NA,NA,NA,NA,NA,NA,NA,NA,N,3,0,1,2,A,-,09,21804,A,N,D,C,A,A,H,-,B,D,0,NA,NA,NA,NA,Y,NA,A,07,0,1,0,0,0,0,0,0,0,-,-,NA,NA,SAN BERNARDINO,ONTARIO,-117.64144897460938,34.02314376831055
84451632,2024,2024-10-30,3607,2024-10-08,1246,21370,NA,2,5,6,3607,0,0,0,NA,0,022,HOLT BL,CAMPUS AV,723,E,N,A,-,N,NA,NA,NA,NA,NA,NA,NA,NA,NA,Y,3,0,1,2,A,-,09,21801,A,N,D,C,A,A,H,-,A,A,0,NA,NA,Y,NA,Y,NA,A,01,0,1,0,0,0,0,0,0,1,-,-,NA,NA,SAN BERNARDINO,ONTARIO,-117.63893127441406,34.06338119506836
84451633,2024,2024-10-30,3607,2024-10-08,1528,20275,NA,2,5,6,3607,0,0,0,NA,0,052,SAN ANTONIO AV,FRANCIS ST,0,NA,Y,A,-,N,NA,NA,NA,NA,NA,NA,NA,NA,NA,N,3,0,1,2,A,-,12,22450,A,N,D,G,A,A,H,-,A,A,0,NA,Y,NA,NA,Y,NA,L,04,0,1,0,0,0,0,1,0,0,-,-,NA,NA,SAN BERNARDINO,ONTARIO,-117.65901184082033,34.04102325439453
84451638,2024,2024-10-30,3607,2024-10-09,1449,20934,NA,3,5,6,3607,0,0,0,NA,0,011,SAN ANTONIO AV,FOURTH ST,0,NA,Y,A,-,N,NA,NA,NA,NA,NA,NA,NA,NA,NA,N,4,0,1,2,A,-,03,22350,NA,N,C,C,A,A,H,-,A,A,0,NA,NA,NA,NA,Y,NA,A,01,0,0,1,0,0,0,0,0,0,-,-,34.078041076660156,-117.66075134277344,SAN BERNARDINO,ONTARIO,-117.66068267822266,34.07789611816406