CASE_ID,ACCIDENT_YEAR,PROC_DATE,JURIS,COLLISION_DATE,COLLISION_TIME,OFFICER_ID,REPORTING_DISTRICT,DAY_OF_WEEK,CHP_SHIFT,POPULATION,CNTY_CITY_LOC,SPECIAL_COND,BEAT_TYPE,CHP_BEAT_TYPE,CITY_DIVISION_LAPD,CHP_BEAT_CLASS,BEAT_NUMBER,PRIMARY_RD,SECONDARY_RD,DISTANCE,DIRECTION,INTERSECTION,WEATHER_1,WEATHER_2,STATE_HWY_IND,CALTRANS_COUNTY,CALTRANS_DISTRICT,STATE_ROUTE,ROUTE_SUFFIX,POSTMILE_PREFIX,POSTMILE,LOCATION_TYPE,RAMP_INTERSECTION,SIDE_OF_HWY,TOW_AWAY,COLLISION_SEVERITY,NUMBER_KILLED,NUMBER_INJURED,PARTY_COUNT,PRIMARY_COLL_FACTOR,PCF_CODE_OF_VIOL,PCF_VIOL_CATEGORY,PCF_VIOLATION,PCF_VIOL_SUBSECTION,HIT_AND_RUN,TYPE_OF_COLLISION,MVIW,PED_ACTION,ROAD_SURFACE,ROAD_COND_1,ROAD_COND_2,LIGHTING,CONTROL_DEVICE,CHP_ROAD_TYPE,PEDESTRIAN_ACCIDENT,BICYCLE_ACCIDENT,MOTORCYCLE_ACCIDENT,TRUCK_ACCIDENT,NOT_PRIVATE_PROPERTY,ALCOHOL_INVOLVED,STWD_VEHTYPE_AT_FAULT,CHP_VEHTYPE_AT_FAULT,COUNT_SEVERE_INJ,COUNT_VISIBLE_INJ,COUNT_COMPLAINT_PAIN,COUNT_PED_KILLED,COUNT_PED_INJURED,COUNT_BICYCLIST_KILLED,COUNT_BICYCLIST_INJURED,COUNT_MC_KILLED,COUNT_MC_INJURED,PRIMARY_RAMP,SECONDARY_RAMP,LATITUDE,LONGITUDE,COUNTY,CITY,POINT_X,POINT_Y
8808593,2019,2020-01-10,3600,2019-09-16,1500,G8533,AP023,1,5,5,3621,0,0,0,NA,0,AP1,RT 18,BASS HILL RD,645,W,N,A,-,Y,SBD,8,18,-,-,91.11,H,-,N,N,4,0,1,2,A,-,03,22350,NA,N,C,C,A,A,H,-,A,D,0,NA,NA,NA,NA,Y,NA,A,01,0,0,1,0,0,0,0,0,0,-,-,NA,NA,SAN BERNARDINO,APPLE VALLEY,-117.2194366455078,34.525413513183594
8808989,2019,2019-03-18,3600,2019-01-30,1500,F5111,420,3,5,5,3619,0,0,0,NA,0,004,SUMMIT VALLEY RD,POWER POLE 4734163E,324,W,N,A,-,N,NA,NA,NA,NA,NA,NA,NA,NA,NA,Y,4,0,1,1,A,-,07,21658,A,N,E,I,A,A,H,-,A,D,0,NA,NA,NA,NA,Y,NA,A,07,0,0,1,0,0,0,0,0,0,-,-,NA,NA,SAN BERNARDINO,HESPERIA,NA,NA
8809042,2019,2019-03-21,3603,2019-02-25,1900,4861,CPD,1,5,4,3603,0,0,0,NA,0,003,S PEPPER AV,W VALLEY BL,25,S,N,A,-,N,NA,NA,NA,NA,NA,NA,NA,NA,NA,N,4,0,1,2,A,-,09,21802,B,N,H,A,A,A,H,-,C,A,0,NA,NA,Y,NA,Y,NA,A,01,0,0,1,0,0,0,0,0,1,-,-,NA,NA,SAN BERNARDINO,COLTON,-117.35311889648438,34.07033157348633
8810185,2019,2019-03-12,3600,2019-02-12,1110,G3926,HE311,2,5,5,3619,0,0,0,NA,0,HE3,5TH AV,WALNUT ST,0,NA,Y,A,-,N,NA,NA,NA,NA,NA,NA,NA,NA,NA,N,4,0,2,2,A,-,12,22450,A,N,D,C,A,-,H,-,A,A,0,NA,NA,NA,NA,Y,NA,A,01,0,0,2,0,0,0,0,0,0,-,-,NA,NA,SAN BERNARDINO,HESPERIA,-117.31118011474608,34.42190170288086
8810483,2019,2019-04-10,3610,2019-02-01,2348,51118,NA,5,5,6,3610,0,0,0,NA,0,ADAM,LITTLE ZION MANOR DR,N CALIFORNIA ST,700,E,N,C,-,N,NA,NA,NA,NA,NA,NA,NA,NA,NA,N,2,0,1,1,C,-,18,NA,NA,N,A,I,A,B,H,-,C,D,0,NA,NA,NA,NA,Y,NA,-,-,1,0,0,0,0,0,0,0,0,-,-,34.13275909423828,-117.33000946044922,SAN BERNARDINO,SAN BERNARDINO,-117.32927703857422,34.134010314941406
8812248,2019,2019-03-04,3602,2019-01-10,0755,1127,NA,4,5,5,3602,0,0,0,NA,0,NA,EDISON AV,CENTRAL AV,35,E,N,A,-,N,NA,NA,NA,NA,NA,NA,NA,NA,NA,Y,4,0,2,2,A,-,03,22350,NA,N,C,C,A,A,H,-,A,A,0,NA,NA,NA,NA,Y,NA,A,01,0,0,2,0,0,0,0,0,0,-,-,NA,NA,SAN BERNARDINO,CHINO,-117.68899536132813,33.99728775024414
8812567,2019,2019-03-22,3610,2019-02-02,2259,50280,NA,6,5,6,3610,0,0,0,NA,0,POLICE,N E ST,33RD ST,161,S,N,B,C,N,NA,NA,NA,NA,NA,NA,NA,NA,NA,Y,2,0,3,2,A,-,08,22107,NA,N,A,C,A,B,H,-,C,D,0,NA,NA,NA,NA,Y,NA,A,01,2,1,0,0,0,0,0,0,0,-,-,NA,NA,SAN BERNARDINO,SAN BERNARDINO,-117.2940673828125,34.1508674621582
8813780,2019,2019-05-08,3600,2019-01-23,1432,F9856,BL209,3,5,2,3680,0,0,0,NA,0,BL2,RT 18,STANFIELD CUTOFF,87,W,N,A,-,Y,SBD,8,18,-,-,57.59,H,-,S,Y,4,0,1,2,C,-,18,NA,NA,N,D,C,A,A,H,-,A,D,0,NA,NA,NA,NA,Y,NA,-,-,0,0,1,0,0,0,0,0,0,-,-,NA,NA,SAN BERNARDINO,BIG BEAR LAKE,-116.82109832763672,34.289215087890625
8814372,2019,2019-03-12,3601,2019-01-24,1517,C42,BARTS,4,5,3,3601,0,0,0,NA,0,PATROL,HELEN RUNYON PKWY,EAST VIRGINIA WY,0,NA,Y,A,-,N,NA,NA,NA,NA,NA,NA,NA,NA,NA,N,4,0,1,2,A,-,00,21720,NA,N,B,C,A,A,H,-,A,A,0,NA,NA,Y,NA,Y,NA,C,03,0,0,1,0,0,0,0,0,1,-,-,NA,NA,SAN BERNARDINO,BARSTOW,-117.01879119873048,34.88813018798828
8814556,2019,2019-03-19,3604,2019-02-16,2017,1313,NA,6,5,6,3604,0,0,0,NA,0,NA,SIERRA LAKES PKWY,CITRUS AV,80,W,N,A,-,N,NA,NA,NA,NA,NA,NA,NA,NA,NA,Y,3,0,1,1,A,-,08,22107,NA,N,E,I,A,A,H,-,C,A,0,NA,NA,NA,NA,Y,NA,A,01,0,1,0,0,0,0,0,0,0,-,-,NA,NA,SAN BERNARDINO,FONTANA,-117.4538803100586,34.13916015625
8814615,2019,2019-03-06,3610,2019-01-25,1506,50993,NA,5,5,6,3610,0,0,0,NA,0,BAKER,N ELECTRIC AV,N MOUNTIAN VIEW AV,9,N,N,A,-,N,NA,NA,NA,NA,NA,NA,NA,NA,NA,N,2,0,2,3,A,-,11,21956,NA,N,G,B,D,A,H,-,A,D,0,Y,NA,NA,NA,Y,NA,N,60,1,1,0,0,2,0,0,0,0,-,-,34.158531188964844,-117.2873992919922,SAN BERNARDINO,SAN BERNARDINO,-117.2876434326172,34.16086196899414
8815135,2019,2019-03-06,3600,2019-01-25,1133,A8310,RC041,5,5,6,3616,0,0,0,NA,0,RC2,19TH ST,PILGRIMS CT,150,E,N,B,-,N,NA,NA,NA,NA,NA,NA,NA,NA,NA,Y,4,0,1,2,A,-,03,22350,NA,N,C,C,A,A,H,-,A,A,0,NA,NA,NA,NA,Y,NA,D,22,0,0,1,0,0,0,0,0,0,-,-,NA,NA,SAN BERNARDINO,RANCHO CUCAMONGA,-117.60389709472656,34.13266372680664
8815605,2019,2019-03-12,3604,2019-02-15,1052,D211,H25E2,5,5,6,3604,0,0,0,NA,0,002,POPLAR AV,IRIS AV,250,N,N,A,-,N,NA,NA,NA,NA,NA,NA,NA,NA,NA,N,3,0,1,2,A,-,11,21954,A,N,G,B,D,A,H,-,A,D,0,Y,NA,NA,NA,Y,NA,N,60,0,1,0,0,1,0,0,0,0,-,-,NA,NA,SAN BERNARDINO,FONTANA,-117.46245574951172,34.07310485839844
8820256,2019,2019-03-21,3603,2019-01-31,0846,4819,CPD,4,5,4,3603,0,0,0,NA,0,004,RECHE CANYON RD,TOPANGA WAY,100,S,N,B,C,N,NA,NA,NA,NA,NA,NA,NA,NA,NA,N,3,0,2,3,A,-,03,22350,NA,N,C,C,A,B,H,-,A,D,0,NA,NA,NA,NA,Y,NA,A,08,0,1,1,0,0,0,0,0,0,-,-,NA,NA,SAN BERNARDINO,COLTON,-117.28260040283205,34.03213882446289
8820729,2019,2019-03-19,3608,2019-02-14,1010,4876,3608,4,5,5,3608,0,0,0,NA,0,NA,ALABAMA ST,INDUSTRIAL PARK AV,0,NA,Y,C,-,N,NA,NA,NA,NA,NA,NA,NA,NA,NA,Y,4,0,1,2,A,-,12,21453,A,N,D,C,A,B,H,-,A,A,0,NA,NA,NA,NA,Y,NA,A,01,0,0,1,0,0,0,0,0,0,-,-,NA,NA,SAN BERNARDINO,REDLANDS,-117.2087631225586,34.06441879272461
8820730,2019,2019-03-18,3603,2019-01-23,1326,4861,CPD,3,5,4,3603,0,0,0,NA,0,001,N RANCHO AV,W JOHNSTON ST,150,S,N,A,-,N,NA,NA,NA,NA,NA,NA,NA,NA,NA,Y,3,0,1,2,A,-,07,21658,A,N,C,E,A,A,H,-,A,D,0,NA,NA,NA,NA,Y,NA,A,01,0,1,0,0,0,0,0,0,0,-,-,NA,NA,SAN BERNARDINO,COLTON,-117.33402252197266,34.08808135986328
8820963,2019,2019-03-22,3604,2019-03-02,1530,1228,NA,6,5,6,3604,0,0,0,NA,0,NA,CITRUS AV,VALLEY BL,292,N,N,C,-,N,NA,NA,NA,NA,NA,NA,NA,NA,NA,N,3,0,1,3,A,-,03,22350,NA,F,C,C,A,B,H,-,A,A,0,NA,NA,NA,NA,Y,NA,A,01,0,1,0,0,0,0,0,0,0,-,-,NA,NA,SAN BERNARDINO,FONTANA,-117.45376586914063,34.07112121582031
8821062,2019,2019-03-25,3609,2019-03-05,1016,8510,RI162,2,5,5,3609,0,0,0,NA,0,004,RIVERSIDE AV,MERRILL AV,27984,S,N,A,-,N,NA,NA,NA,NA,NA,NA,NA,NA,NA,Y,4,0,3,2,A,-,03,22350,NA,N,C,C,A,A,H,-,A,A,0,NA,NA,NA,NA,Y,NA,A,01,0,0,3,0,0,0,0,0,0,-,-,34.09204864501953,-117.37030792236328,SAN BERNARDINO,RIALTO,-117.36254119873048,34.0195198059082
8821735,2018,2019-04-02,3611,2018-07-22,1400,3193,3611,7,5,5,3611,0,0,0,NA,0,002,BENSON AV,11TH ST,608,N,N,A,-,N,NA,NA,NA,NA,NA,NA,NA,NA,NA,Y,4,0,1,2,A,-,09,21804,A,N,D,C,A,A,H,-,A,D,0,NA,NA,NA,NA,Y,NA,A,01,0,0,1,0,0,0,0,0,0,-,-,NA,NA,SAN BERNARDINO,UPLAND,-117.68087005615234,34.10493469238281
8822245,2019,2019-04-16,3600,2019-02-18,1106,D3381,VC046,1,5,5,3612,0,0,0,NA,0,VC6,AIR EXPWY,VILLAGE DR,0,NA,Y,A,-,N,NA,NA,NA,NA,NA,NA,NA,NA,NA,Y,3,0,3,2,A,-,09,21453,C,N,D,C,A,A,H,-,A,A,0,NA,NA,NA,NA,Y,NA,A,07,0,3,0,0,0,0,0,0,0,-,-,NA,NA,SAN BERNARDINO,VICTORVILLE,-117.3403,34.56575
8823392,2019,2019-04-15,3610,2019-02-05,1520,50924,NA,2,5,6,3610,0,0,0,NA,0,POLICE,W 9TH ST,N F ST,0,NA,Y,A,-,N,NA,NA,NA,NA,NA,NA,NA,NA,NA,Y,3,0,1,2,A,-,12,21453,A,N,D,C,A,A,H,-,A,A,0,NA,NA,NA,NA,Y,NA,-,-,0,1,0,0,0,0,0,0,0,-,-,34.1150016784668,-117.29599761962892,SAN BERNARDINO,SAN BERNARDINO,-117.29640197753906,34.115760803222656
8826074,2019,2019-05-04,3600,2019-02-24,2100,G8602,VC019,7,5,5,3612,0,0,0,NA,0,VC2,LA PAZ DR,7TH ST,0,NA,Y,A,-,N,NA,NA,NA,NA,NA,NA,NA,NA,NA,Y,4,0,1,2,A,-,12,21453,A,F,D,C,A,A,H,-,C,A,0,NA,NA,NA,NA,Y,NA,D,22,0,0,1,0,0,0,0,0,0,-,-,NA,NA,SAN BERNARDINO,VICTORVILLE,-117.3127899169922,34.516658782958984
8828823,2019,2019-04-16,3604,2019-03-11,1748,1214,NA,1,5,6,3604,0,0,0,NA,0,NA,CHERRY AV,SO HIGHLAND AV,500,N,N,C,-,N,NA,NA,NA,NA,NA,NA,NA,NA,NA,Y,3,0,1,2,A,-,12,21453,A,N,D,C,A,B,H,-,A,A,0,NA,NA,NA,NA,Y,NA,A,01,0,1,0,0,0,0,0,0,0,-,-,NA,NA,SAN BERNARDINO,FONTANA,-117.48844909667967,34.13478088378906
8830456,2019,2019-04-23,3610,2019-02-07,2325,51068,NA,4,5,6,3610,0,0,0,NA,0,ADAM,S MT VERNON AV,W RIALTO AV,0,NA,Y,A,-,N,NA,NA,NA,NA,NA,NA,NA,NA,NA,Y,3,0,1,2,A,-,12,21453,A,N,D,C,A,A,H,-,C,A,0,NA,NA,NA,NA,Y,NA,A,01,0,1,0,0,0,0,0,0,0,-,-,34.1008186340332,-117.31381988525392,SAN BERNARDINO,SAN BERNARDINO,-117.31382751464844,34.1008415222168
8836128,2019,2019-08-23,3604,2019-02-25,0313,1298,NA,1,5,6,3604,0,0,0,NA,0,NA,CITRUS AV,RT 10,55,E,N,A,-,Y,SBD,8,10,-,-,15.003,R,4,E,N,4,0,1,2,A,-,12,21453,NA,N,D,C,A,A,H,-,C,A,0,NA,NA,NA,NA,Y,NA,-,-,0,0,1,0,0,0,0,0,0,-,-,NA,NA,SAN BERNARDINO,FONTANA,-117.45684814453124,34.066566467285156
8836551,2019,2019-04-12,3605,2019-03-15,0630,406,NA,5,5,4,3605,0,0,0,NA,0,NA,HELENA AV,SAN BERNARDINO ST,0,NA,Y,A,-,N,NA,NA,NA,NA,NA,NA,NA,NA,NA,N,2,0,1,1,A,-,03,22350,NA,N,E,-,A,A,H,-,C,D,0,NA,NA,NA,NA,Y,NA,M,93,1,0,0,0,0,0,0,0,0,-,-,NA,NA,SAN BERNARDINO,MONTCLAIR,-117.70262145996094,34.07775115966797
8836573,2019,2019-04-17,3600,2019-03-01,2000,G9963,VC023,5,5,5,3619,0,0,0,NA,0,VC3,BEAR VALLEY RD,2ND AV,0,NA,Y,A,-,N,NA,NA,NA,NA,NA,NA,NA,NA,NA,N,4,0,2,2,A,-,03,22350,A,M,C,C,A,A,H,-,A,A,0,NA,NA,NA,NA,Y,NA,-,NA,0,0,2,0,0,0,0,0,0,-,-,NA,NA,SAN BERNARDINO,HESPERIA,-117.29921722412108,34.47087860107422
8838936,2019,2019-04-12,3604,2019-03-29,0658,925,NA,5,5,6,3604,0,0,0,NA,0,NA,VICTORIA ST,CHERRY AV,38,W,N,A,-,N,NA,NA,NA,NA,NA,NA,NA,NA,NA,Y,4,0,1,1,A,-,03,22350,NA,N,E,I,A,A,H,-,A,A,0,NA,NA,NA,NA,Y,NA,A,01,0,0,1,0,0,0,0,0,0,-,-,NA,NA,SAN BERNARDINO,FONTANA,-117.4886474609375,34.128719329833984
8839825,2019,2019-04-24,3608,2019-04-03,1217,4358,NA,3,5,5,3608,0,0,0,NA,0,NA,ORANGE AV,NEVADA ST,20,E,N,A,-,N,NA,NA,NA,NA,NA,NA,NA,NA,NA,Y,4,0,1,2,A,-,03,22350,NA,N,C,C,A,A,H,-,A,A,0,NA,NA,NA,NA,Y,NA,A,01,0,0,1,0,0,0,0,0,0,-,-,NA,NA,SAN BERNARDINO,REDLANDS,-117.21731567382813,34.051998138427734
8840299,2019,2019-04-25,3610,2019-02-27,1829,50866,NA,3,5,6,3610,0,0,0,NA,0,DAVID,E 9TH ST,VALENCIA ST,180,W,N,A,-,N,NA,NA,NA,NA,NA,NA,NA,NA,NA,Y,4,0,3,2,A,-,09,21801,A,N,D,C,A,A,H,-,C,D,0,NA,NA,NA,NA,Y,NA,A,01,0,0,3,0,0,0,0,0,0,-,-,34.11492919921875,-117.27207946777344,SAN BERNARDINO,SAN BERNARDINO,-117.27234649658205,34.11576461791992
8840884,2019,2019-04-22,3610,2019-02-18,2128,50700,NA,1,5,6,3610,0,0,0,NA,0,DAVID,E RIALTO AV,NORTH WATERMAN AV,0,NA,Y,A,-,N,NA,NA,NA,NA,NA,NA,NA,NA,NA,Y,3,0,4,2,A,-,12,21453,A,N,D,C,A,A,H,-,C,A,0,NA,NA,NA,NA,Y,NA,A,01,0,1,3,0,0,0,0,0,0,-,-,34.10081100463867,-117.27742004394533,SAN BERNARDINO,SAN BERNARDINO,-117.2787628173828,34.100860595703125
8841326,2019,2019-05-08,3602,2019-03-29,1410,3299,NA,5,5,5,3602,0,0,0,NA,0,003,CHINO HILLS PKWY,RAMONA AV,367,W,N,A,-,N,NA,NA,NA,NA,NA,NA,NA,NA,NA,Y,4,0,3,6,A,-,01,23152,A,N,B,C,A,A,H,-,A,A,0,NA,NA,NA,Y,Y,Y,D,22,0,0,3,0,0,0,0,0,0,-,-,NA,NA,SAN BERNARDINO,CHINO,-117.70766448974608,33.982730865478516
8841615,2019,2019-04-16,3600,2019-02-25,1814,B3501,RC020,1,5,6,3616,0,0,0,NA,0,005,SPRUCE AV,MOUNTAIN VIEW DR,0,NA,Y,A,-,N,NA,NA,NA,NA,NA,NA,NA,NA,NA,Y,4,0,1,2,A,-,09,21802,A,N,D,C,A,A,H,-,C,A,0,NA,NA,NA,NA,Y,NA,A,01,0,0,1,0,0,0,0,0,0,-,-,NA,NA,SAN BERNARDINO,RANCHO CUCAMONGA,-117.56736755371094,34.1155891418457
8842472,2019,2019-04-29,3609,2019-04-02,1003,4247,RI100,2,5,5,3609,0,0,0,NA,0,002,BASELINE RD,SYCAMORE AV,0,NA,Y,A,-,N,NA,NA,NA,NA,NA,NA,NA,NA,NA,Y,4,0,1,2,A,-,09,21801,A,N,D,C,A,A,H,-,A,A,0,NA,NA,NA,NA,Y,NA,A,01,0,0,1,0,0,0,0,0,0,-,-,34.12493133544922,-117.39118957519533,SAN BERNARDINO,RIALTO,-117.36605834960938,34.121368408203125
8843230,2019,2019-05-09,3601,2019-02-13,1905,P74,VVSUP,3,5,3,3601,0,0,0,NA,0,PATROL,W MAIN ST,S 1ST AV,284,W,N,A,-,N,NA,NA,NA,NA,NA,NA,NA,NA,NA,N,4,0,1,2,A,-,11,21954,A,N,G,-,D,A,H,-,C,D,0,Y,NA,NA,NA,Y,NA,-,-,0,0,1,0,1,0,0,0,0,-,-,34.898719787597656,-117.02870178222656,SAN BERNARDINO,BARSTOW,-117.0286102294922,34.89876937866211
8843565,2019,2019-05-10,3600,2019-04-10,0609,H5834,VC057,3,5,5,3612,0,0,0,NA,0,VC5,SENECA RD,GATESIDE WY,0,NA,Y,A,-,N,NA,NA,NA,NA,NA,NA,NA,NA,NA,Y,3,0,1,1,A,-,03,22350,NA,N,F,I,A,A,H,-,C,A,0,NA,NA,NA,NA,Y,NA,A,01,0,1,0,0,0,0,0,0,0,-,-,NA,NA,SAN BERNARDINO,VICTORVILLE,-117.35117340087892,34.51403045654297
8843578,2019,2019-08-28,3600,2019-04-04,1939,G8525,VC020,4,5,5,3612,0,0,0,NA,0,VC3,BEAR VALLEY RD,RT 15,0,NA,Y,A,-,Y,SBD,8,15,-,-,37.845,R,4,N,N,4,0,1,2,A,-,03,22350,NA,N,C,D,A,A,H,-,C,A,0,NA,NA,NA,NA,Y,NA,A,01,0,0,1,0,0,0,0,0,0,-,-,NA,NA,SAN BERNARDINO,VICTORVILLE,-117.34365844726563,34.47349548339844
8843608,2019,2019-06-17,3611,2019-03-27,1324,2297,3611,3,5,5,3611,0,0,0,NA,0,002,MOUNTAIN AV,FOOTHILL BL,415,S,N,A,-,N,NA,NA,NA,NA,NA,NA,NA,NA,NA,Y,3,0,2,2,A,-,09,21801,A,N,D,C,A,A,H,-,A,D,0,NA,NA,NA,NA,Y,NA,A,07,0,2,0,0,0,0,0,0,0,-,-,NA,NA,SAN BERNARDINO,UPLAND,-117.67021942138672,34.1058235168457
8843923,2019,2019-04-18,3610,2019-03-03,2110,51041,NA,7,5,6,3610,0,0,0,NA,0,POLICE,W BASELINE ST,NORTH ARROWHEAD AV,0,NA,Y,A,-,N,NA,NA,NA,NA,NA,NA,NA,NA,NA,N,3,0,1,2,A,-,10,21950,A,F,G,B,B,A,H,-,C,A,0,Y,NA,NA,NA,Y,NA,A,07,0,1,0,0,1,0,0,0,0,-,-,34.121341705322266,-117.28961944580078,SAN BERNARDINO,SAN BERNARDINO,-117.2896728515625,34.121341705322266
8844285,2019,2020-01-13,3610,2019-03-13,1216,51102,NA,3,5,6,3610,0,0,0,NA,0,POLICE,N TIPPECANOE AV,9TH ST,20,S,N,A,-,N,NA,NA,NA,NA,NA,NA,NA,NA,NA,Y,4,0,1,3,A,-,03,22350,NA,N,A,C,A,A,H,-,A,A,0,NA,NA,NA,NA,Y,NA,A,01,0,0,1,0,0,0,0,0,0,-,-,34.11574172973633,-117.26097869873048,SAN BERNARDINO,SAN BERNARDINO,-117.260986328125,34.115684509277344
8846042,2019,2019-05-02,3602,2019-03-15,1209,1256,NA,5,5,5,3602,0,0,0,NA,0,003,YORBA AV,RIVERSIDE DR,150,S,N,A,-,N,NA,NA,NA,NA,NA,NA,NA,NA,NA,Y,4,0,2,2,A,-,09,21804,A,N,D,C,A,A,H,-,A,D,0,NA,NA,NA,NA,Y,NA,A,01,0,0,2,0,0,0,0,0,0,-,-,NA,NA,SAN BERNARDINO,CHINO,-117.7023696899414,34.01856994628906
8846049,2019,2019-05-02,3602,2019-03-20,1956,3955,NA,3,5,5,3602,0,0,0,NA,0,005,CYPRESS AV,SCHAEFER AV,0,NA,Y,B,-,N,NA,NA,NA,NA,NA,NA,NA,NA,NA,Y,4,0,1,2,A,-,12,21453,A,N,D,C,A,A,H,-,C,A,0,NA,NA,NA,NA,Y,NA,A,01,0,0,1,0,0,0,0,0,0,-,-,NA,NA,SAN BERNARDINO,CHINO,-117.66298675537108,34.00468063354492
8846062,2019,2019-05-02,3602,2019-03-30,0744,1256,NA,6,5,5,3602,0,0,0,NA,0,003,SCHAEFER AV,YORBA AV,0,NA,Y,A,-,N,NA,NA,NA,NA,NA,NA,NA,NA,NA,Y,4,0,3,2,A,-,12,21453,A,N,D,C,A,A,H,-,A,A,0,NA,NA,NA,NA,Y,NA,A,01,0,0,3,0,0,0,0,0,0,-,-,NA,NA,SAN BERNARDINO,CHINO,-117.70220947265624,34.00442123413086
8846757,2019,2019-07-23,3600,2019-03-17,1748,H6883,HE423,7,5,5,3619,0,0,0,NA,0,HE4,RT 173,EDISON POLE 27652,115,W,N,A,-,Y,SBD,8,173,-,L,0.23,H,-,E,Y,3,0,1,2,A,-,05,21460,A,N,B,D,A,A,H,-,B,A,0,NA,NA,Y,NA,Y,NA,C,02,0,1,0,0,0,0,0,0,1,-,-,NA,NA,SAN BERNARDINO,HESPERIA,-117.34293365478516,34.31120300292969
8846923,2019,2019-06-24,3600,2019-03-25,1631,G9455,VC073,1,5,5,3612,0,0,0,NA,0,VC5,W TRAIL,MOJAVE DR,0,NA,Y,A,-,N,NA,NA,NA,NA,NA,NA,NA,NA,NA,Y,3,0,1,1,A,-,03,22350,NA,N,F,A,A,-,A,-,A,D,0,NA,NA,NA,NA,Y,NA,A,01,0,1,0,0,0,0,0,0,0,-,-,NA,NA,SAN BERNARDINO,VICTORVILLE,-117.35993194580078,34.528541564941406
8847206,2019,2019-05-14,3600,2019-04-08,1536,E2055,HE117,1,5,5,3619,0,0,0,NA,0,HE3,AMARGOSA RD,KEY POINTE AV,42,E,N,A,-,N,NA,NA,NA,NA,NA,NA,NA,NA,NA,Y,3,0,2,2,A,-,06,21750,A,N,D,C,A,A,H,-,A,A,0,NA,NA,Y,NA,Y,NA,C,02,0,2,0,0,0,0,0,0,1,-,-,NA,NA,SAN BERNARDINO,HESPERIA,-117.38367462158205,34.42905044555664
8848172,2019,2019-05-06,3611,2019-02-09,0819,3223,3611,6,5,5,3611,0,0,0,NA,0,001,MOUNTAIN AV,13TH ST,0,NA,Y,B,C,N,NA,NA,NA,NA,NA,NA,NA,NA,NA,N,4,0,1,2,A,-,03,22350,NA,N,A,C,A,B,G,-,B,A,0,NA,NA,NA,NA,Y,NA,A,01,0,0,1,0,0,0,0,0,0,-,-,NA,NA,SAN BERNARDINO,UPLAND,-117.67031860351563,34.11056900024414
8848187,2019,2019-05-03,3601,2019-03-11,1053,P82,BARST,1,5,3,3601,0,0,0,NA,0,PATROL,W MAIN ST,W MAIN ST 2400,0,NA,-,B,-,N,NA,NA,NA,NA,NA,NA,NA,NA,NA,Y,3,0,4,2,A,-,09,21801,A,N,A,C,A,A,H,-,A,D,0,NA,NA,NA,NA,Y,NA,D,22,0,2,2,0,0,0,0,0,0,-,-,NA,NA,SAN BERNARDINO,BARSTOW,-117.064449,34.88975
8848222,2019,2019-05-01,3610,2019-03-23,0830,50967,NA,6,5,6,3610,0,0,0,NA,0,POLICE,N D ST,W 10TH ST,0,NA,Y,B,-,N,NA,NA,NA,NA,NA,NA,NA,NA,NA,Y,4,0,1,2,A,-,09,21801,A,N,A,C,A,A,A,H,A,D,0,NA,NA,NA,NA,Y,NA,A,01,0,0,1,0,0,0,0,0,0,-,-,34.11764907836914,-117.29190063476563,SAN BERNARDINO,SAN BERNARDINO,-117.29190063476563,34.11764907836914
8848587,2019,2019-04-30,3610,2019-03-24,1127,51018,NA,7,5,6,3610,0,0,0,NA,0,ADAM,W MILL ST,RT 215,0,NA,Y,A,-,N,NA,NA,NA,NA,NA,NA,NA,NA,NA,Y,4,0,2,2,A,-,03,22350,NA,N,C,C,A,A,H,-,A,A,0,NA,NA,NA,NA,Y,NA,A,01,0,0,2,0,0,0,0,0,0,-,SF,34.092159271240234,-117.30313873291016,SAN BERNARDINO,SAN BERNARDINO,-117.30201721191406,34.092140197753906
8851189,2019,2019-05-09,3602,2019-03-04,0637,1127,NA,1,5,5,3602,0,0,0,NA,0,NA,CYPRESS AV,RIVERSIDE DR,0,NA,Y,A,-,N,NA,NA,NA,NA,NA,NA,NA,NA,NA,Y,4,0,2,2,D,-,00,NA,NA,N,D,C,A,A,H,-,A,A,0,NA,NA,NA,NA,Y,NA,-,-,0,0,2,0,0,0,0,0,0,-,-,NA,NA,SAN BERNARDINO,CHINO,-117.66316986083984,34.01924133300781
8851574,2019,2019-05-03,3604,2019-03-13,1500,1163,NA,3,5,6,3604,0,0,0,NA,0,NA,EAST AV,GETTYSBURG ST,0,NA,Y,A,-,N,NA,NA,NA,NA,NA,NA,NA,NA,NA,N,3,0,1,2,A,-,05,21650,1,F,D,G,A,A,H,-,A,A,0,NA,Y,NA,NA,Y,NA,L,04,0,1,0,0,0,0,1,0,0,-,-,NA,NA,SAN BERNARDINO,FONTANA,-117.51458740234376,34.1159782409668
8852246,2019,2019-05-06,3602,2019-03-12,1016,1127,NA,2,5,5,3602,0,0,0,NA,0,NA,CENTRAL AV,WASHINGTON ST,350,N,N,A,-,N,NA,NA,NA,NA,NA,NA,NA,NA,NA,N,4,0,1,2,A,-,09,21801,A,N,B,C,A,A,H,-,A,A,0,NA,NA,NA,NA,Y,NA,A,07,0,0,1,0,0,0,0,0,0,-,-,NA,NA,SAN BERNARDINO,CHINO,-117.6894302368164,34.02301788330078
8854131,2019,2019-05-09,3600,2019-04-21,1007,D5980,YC302,7,5,4,3640,0,0,0,NA,0,YC2,YUCAIPA BL,3RD ST,50,S,N,A,-,N,NA,NA,NA,NA,NA,NA,NA,NA,NA,N,4,0,1,2,A,-,09,21801,A,N,D,C,A,A,H,-,A,A,0,NA,NA,NA,NA,Y,NA,-,NA,0,0,1,0,0,0,0,0,0,-,-,NA,NA,SAN BERNARDINO,YUCAIPA,-117.04754638671876,34.033870697021484