CASE_ID,ACCIDENT_YEAR,PROC_DATE,JURIS,COLLISION_DATE,COLLISION_TIME,OFFICER_ID,REPORTING_DISTRICT,DAY_OF_WEEK,CHP_SHIFT,POPULATION,CNTY_CITY_LOC,SPECIAL_COND,BEAT_TYPE,CHP_BEAT_TYPE,CITY_DIVISION_LAPD,CHP_BEAT_CLASS,BEAT_NUMBER,PRIMARY_RD,SECONDARY_RD,DISTANCE,DIRECTION,INTERSECTION,WEATHER_1,WEATHER_2,STATE_HWY_IND,CALTRANS_COUNTY,CALTRANS_DISTRICT,STATE_ROUTE,ROUTE_SUFFIX,POSTMILE_PREFIX,POSTMILE,LOCATION_TYPE,RAMP_INTERSECTION,SIDE_OF_HWY,TOW_AWAY,COLLISION_SEVERITY,NUMBER_KILLED,NUMBER_INJURED,PARTY_COUNT,PRIMARY_COLL_FACTOR,PCF_CODE_OF_VIOL,PCF_VIOL_CATEGORY,PCF_VIOLATION,PCF_VIOL_SUBSECTION,HIT_AND_RUN,TYPE_OF_COLLISION,MVIW,PED_ACTION,ROAD_SURFACE,ROAD_COND_1,ROAD_COND_2,LIGHTING,CONTROL_DEVICE,CHP_ROAD_TYPE,PEDESTRIAN_ACCIDENT,BICYCLE_ACCIDENT,MOTORCYCLE_ACCIDENT,TRUCK_ACCIDENT,NOT_PRIVATE_PROPERTY,ALCOHOL_INVOLVED,STWD_VEHTYPE_AT_FAULT,CHP_VEHTYPE_AT_FAULT,COUNT_SEVERE_INJ,COUNT_VISIBLE_INJ,COUNT_COMPLAINT_PAIN,COUNT_PED_KILLED,COUNT_PED_INJURED,COUNT_BICYCLIST_KILLED,COUNT_BICYCLIST_INJURED,COUNT_MC_KILLED,COUNT_MC_INJURED,PRIMARY_RAMP,SECONDARY_RAMP,LATITUDE,LONGITUDE,COUNTY,CITY,POINT_X,POINT_Y
90260631,2016,2016-09-05,9860,2016-09-02,1045,017919,NA,5,1,6,3610,0,1,1,NA,2,104,I-10 W/B,WATERMAN AVE,2700,E,N,A,-,Y,NA,NA,10,NA,NA,NA,NA,NA,W,N,4,0,1,2,A,-,03,22350,NA,N,C,C,A,A,H,-,A,D,0,NA,NA,NA,NA,Y,NA,D,22,0,0,1,0,0,0,0,0,0,-,-,34.06392,-117.26965,SAN BERNARDINO,SAN BERNARDINO,-117.26965023,34.0639372
90222667,2016,2016-07-14,9855,2016-07-07,1857,017808,NA,4,2,6,3604,0,1,1,NA,2,153,I-15 N/B (ONTARIO FWY),SUMMIT AVE.,517,S,N,A,-,Y,NA,NA,15,NA,NA,NA,NA,NA,N,Y,4,0,2,3,A,-,03,22350,NA,N,C,C,A,A,H,-,A,D,0,NA,NA,NA,NA,Y,NA,D,22,0,0,2,0,0,0,0,0,0,-,-,34.14948,-117.47966,SAN BERNARDINO,FONTANA,-117.47973279,34.14956666
90228240,2016,2016-07-22,9860,2016-07-15,1555,014777,NA,5,2,5,3609,0,1,1,NA,2,201,SR-210 E/B,RIVERSIDE AVENUE,39,W,N,A,-,Y,NA,NA,210,NA,NA,NA,NA,NA,E,Y,3,0,2,1,A,-,08,22107,NA,N,E,I,A,A,H,-,A,D,0,NA,NA,NA,NA,Y,Y,D,22,0,1,1,0,0,0,0,0,0,-,-,34.13565,-117.37068,SAN BERNARDINO,RIALTO,-117.37068127,34.13578804
90263424,2016,2016-09-07,9860,2016-08-31,1725,014829,NA,3,2,6,3610,0,1,3,NA,2,259,SR-259 N/B,HIGHLAND AVE,1056,S,N,A,-,Y,NA,NA,259,NA,NA,NA,NA,NA,N,Y,3,0,1,2,A,-,07,21658,A,N,C,C,A,A,H,-,A,D,0,NA,NA,Y,NA,Y,NA,A,01,0,1,0,0,0,0,0,0,1,-,-,34.13144,-117.30267,SAN BERNARDINO,SAN BERNARDINO,-117.30273951,34.13144347
90263455,2016,2016-09-08,9860,2016-09-01,0635,013665,NA,4,1,9,3600,0,1,1,NA,2,151,I-15 S/B,CLEGHORN ROAD,5280,S,N,A,-,Y,NA,NA,15,NA,NA,NA,NA,NA,S,Y,4,0,1,3,A,-,03,22350,NA,N,C,C,A,A,H,-,A,D,0,NA,NA,NA,NA,Y,NA,A,01,0,0,1,0,0,0,0,0,0,-,-,34.28555,-117.45211,SAN BERNARDINO,UNINCORPORATED,-117.45208589,34.2855474
90263860,2016,2016-09-08,9860,2016-08-30,1007,012988,NA,2,1,5,3608,0,1,1,NA,2,104,I-10 WESTBOUND,CALIFORNIA ST,1200,E,N,A,-,Y,NA,NA,10,NA,NA,NA,NA,NA,W,Y,4,0,1,2,A,-,04,21703,NA,N,C,C,A,A,H,-,A,D,0,NA,NA,NA,NA,Y,NA,A,01,0,0,1,0,0,0,0,0,0,-,-,34.06673,-117.22193,SAN BERNARDINO,REDLANDS,-117.2219301,34.066749540000004
90263871,2016,2016-09-08,9855,2016-09-03,0209,020006,NA,6,3,6,3607,0,1,3,NA,2,601,SR-60 E/B (POMONA FWY),MILLIKEN AVE.,400,W,N,A,-,Y,NA,NA,60,NA,NA,NA,NA,NA,E,Y,3,0,1,2,A,-,01,23152,A,M,C,C,A,A,H,-,D,D,0,NA,NA,NA,Y,Y,Y,A,01,0,1,0,0,0,0,0,0,0,-,-,34.02522,-117.56302,SAN BERNARDINO,ONTARIO,-117.56301184,34.02524856
90202413,2016,2016-06-15,9855,2016-06-14,1810,017313,NA,2,2,6,3607,0,1,1,NA,2,103,I-10 E/B (SAN BERNARDINO FWY),FOURTH ST.,2640,W,N,A,-,Y,NA,NA,NA,NA,NA,NA,NA,NA,NA,N,4,0,1,2,A,-,03,22350,NA,N,C,C,A,A,H,-,A,D,0,NA,NA,NA,NA,Y,NA,A,01,0,0,1,0,0,0,0,0,0,-,-,34.0833,-117.63104,SAN BERNARDINO,ONTARIO,-117.62857,34.0805
90265472,2016,2016-09-12,9850,2016-08-30,1038,018211,NA,2,1,9,3600,0,2,4,NA,2,057,SHEEP CREEK RD,DUNCAN RD,0,NA,Y,A,-,N,NA,NA,NA,NA,NA,NA,NA,NA,NA,Y,3,0,2,2,A,-,12,22450,A,N,D,C,A,A,H,-,A,D,0,NA,NA,NA,Y,Y,NA,D,22,0,1,1,0,0,0,0,0,0,-,-,34.4699,-117.5728,SAN BERNARDINO,UNINCORPORATED,-117.57274005,34.46989001
9026701,2019,2020-02-15,3603,2019-12-09,2059,4131,1,1,5,4,3603,0,0,0,NA,0,001,RANCHO AV,W LOUISE ST,60,N,N,A,-,N,NA,NA,NA,NA,NA,NA,NA,NA,NA,N,4,0,1,2,A,-,09,21804,A,N,B,C,A,A,H,-,C,A,0,NA,NA,NA,NA,Y,NA,A,01,0,0,1,0,0,0,0,0,0,-,-,NA,NA,SAN BERNARDINO,COLTON,-117.33383941650392,34.090232849121094
90204236,2016,2016-06-17,9860,2016-06-13,0820,15763,NA,1,1,6,3604,0,1,1,NA,2,102,I-10 E/B,SIERRA AVENUE,1584,E,N,A,-,Y,NA,NA,10,NA,NA,NA,NA,NA,E,N,4,0,1,1,C,-,18,NA,NA,N,E,J,A,A,B,-,A,D,0,NA,NA,NA,NA,Y,NA,-,-,0,0,1,0,0,0,0,0,0,-,-,34.06716,-117.42674,SAN BERNARDINO,FONTANA,-117.4267411,34.06719954
9026827,2019,2020-02-26,3607,2019-09-17,1450,19968,215,2,5,6,3607,0,0,0,NA,0,042,DUPONT AV,FRANCIS ST,0,NA,Y,A,-,N,NA,NA,NA,NA,NA,NA,NA,NA,NA,N,4,0,1,2,A,-,09,21802,A,N,D,C,A,A,H,-,A,A,0,NA,NA,NA,NA,Y,NA,A,07,0,0,1,0,0,0,0,0,0,-,-,NA,NA,SAN BERNARDINO,ONTARIO,-117.56288146972656,34.04349899291992
9026851,2019,2020-02-26,3607,2019-09-06,1833,19999,270,5,5,6,3607,0,0,0,NA,0,071,SAINT ANDREWS ST,GROVE AV,30,W,N,A,-,N,NA,NA,NA,NA,NA,NA,NA,NA,NA,N,4,0,1,1,A,-,08,22107,NA,N,E,I,A,A,H,-,A,D,0,NA,NA,NA,NA,Y,NA,A,01,0,0,1,0,0,0,0,0,0,-,-,NA,NA,SAN BERNARDINO,ONTARIO,-117.62847900390624,34.02347946166992
90268530,2016,2016-09-15,9860,2016-09-06,1740,017204,NA,2,2,4,3603,0,1,1,NA,2,214,I-215 S/B,LA CADENA DR,2640,N,N,A,-,Y,NA,NA,215,NA,NA,NA,NA,NA,S,N,4,0,1,2,A,-,03,22350,NA,N,C,C,A,A,H,-,A,D,0,NA,NA,NA,NA,Y,NA,A,01,0,0,1,0,0,0,0,0,0,-,-,34.02879,-117.3309,SAN BERNARDINO,COLTON,-117.33087306,34.02876271
9026859,2019,2021-04-07,3607,2019-09-02,2350,20000,62,1,5,6,3607,0,0,0,NA,0,021,EUCLID AV,I ST,0,NA,Y,A,-,Y,SBD,8,83,-,-,10.21,H,-,N,N,4,0,1,2,A,-,03,22350,NA,M,C,C,A,A,H,-,C,D,0,NA,NA,NA,NA,Y,Y,A,01,0,0,1,0,0,0,0,0,0,-,-,NA,NA,SAN BERNARDINO,ONTARIO,-117.65087890625,34.07426834106445
90269016,2016,2016-09-16,9860,2016-08-28,0315,019706,NA,7,3,4,3618,0,1,1,NA,2,203,SR-210 EASTBOUND,BASELINE RD,1200,W,N,A,-,Y,NA,NA,210,NA,NA,NA,NA,NA,E,Y,3,0,1,1,A,-,01,23152,A,N,E,I,A,A,H,-,C,D,0,NA,NA,NA,NA,Y,Y,A,01,0,1,0,0,0,0,0,0,0,-,-,34.1245,-117.20096,SAN BERNARDINO,HIGHLAND,-117.20116138,34.12445453
90205440,2016,2016-06-20,9855,2016-06-11,0256,020904,NA,6,3,4,3605,0,1,1,NA,2,103,I-10 W/B (SAN BERNARDINO FWY),CENTRAL AVE.,1270,E,N,A,-,Y,NA,NA,10,NA,NA,NA,NA,NA,W,Y,4,0,1,2,A,-,03,22350,NA,N,C,C,A,A,H,-,C,D,0,NA,NA,NA,NA,Y,NA,A,07,0,0,1,0,0,0,0,0,0,-,-,34.08708,-117.68546,SAN BERNARDINO,MONTCLAIR,-117.68546725,34.08712579
90205830,2016,2016-06-21,9835,2016-06-08,0545,020098,NA,3,3,9,3600,0,1,1,NA,2,045,I-40 E/B,LAVIC RD,1056,E,N,A,-,Y,NA,NA,NA,NA,NA,NA,NA,NA,NA,Y,4,0,1,2,A,-,03,22350,NA,N,C,C,A,A,H,-,B,D,0,NA,NA,NA,Y,Y,NA,A,01,0,0,1,0,0,0,0,0,0,-,-,NA,NA,SAN BERNARDINO,UNINCORPORATED,-116.30049968,34.73589175
90270700,2016,2016-09-19,9855,2016-09-09,1530,019809,NA,5,2,6,3604,0,1,1,NA,2,101,I-10 E/B (SAN BERNARDINO FWY),ETIWANDA AVE.,1500,W,N,A,-,Y,NA,NA,NA,NA,NA,NA,NA,NA,NA,Y,3,0,1,1,A,-,03,22350,NA,N,F,A,A,A,H,-,A,D,0,NA,NA,Y,NA,Y,NA,C,02,0,1,0,0,0,0,0,0,1,-,-,34.06724,-117.53276,SAN BERNARDINO,FONTANA,-117.52904678,34.06725506
90206498,2016,2016-06-21,9835,2016-06-12,2030,020962,NA,7,2,3,3601,0,1,1,NA,2,071,I-15 N/B,L ST,2112,S,N,A,-,Y,NA,NA,15,NA,NA,NA,NA,NA,N,Y,3,0,1,3,A,-,03,22350,NA,N,B,C,A,A,H,-,D,D,0,NA,NA,Y,NA,Y,NA,C,02,0,1,0,0,0,0,0,0,1,-,-,34.88205,-117.06352,SAN BERNARDINO,BARSTOW,-117.06350158,34.88202677
90207572,2016,2016-06-22,9865,2016-06-16,1225,015271,NA,4,1,9,3600,0,1,3,NA,2,012,SR-18,KUFFEL CANYON RD.,1848,N,N,A,-,Y,NA,NA,NA,NA,NA,NA,NA,NA,NA,N,4,0,1,2,A,-,03,22350,NA,N,C,C,A,A,H,-,A,D,0,NA,NA,NA,NA,Y,NA,D,22,0,0,1,0,0,0,0,0,0,-,-,34.32401,-117.17416,SAN BERNARDINO,UNINCORPORATED,-117.17942,34.23538
9020909,2019,2020-06-11,3610,2019-11-13,1843,50730,NA,3,5,6,3610,0,0,0,NA,0,POLICE,RT 18,LOWER WATERMAN CYN,0,NA,N,A,-,Y,SBD,8,18,-,R,12.07,H,-,S,Y,3,0,1,2,A,-,03,22350,NA,N,H,C,A,A,H,-,D,D,0,NA,NA,Y,NA,Y,NA,C,02,0,1,0,0,0,0,0,0,1,-,-,NA,NA,SAN BERNARDINO,SAN BERNARDINO,-117.28123474121094,34.20333480834961
90211505,2016,2016-06-28,9860,2016-06-20,1915,020758,NA,1,2,6,3610,0,1,1,NA,2,202,SR-210 E/B,H ST,1584,W,N,A,-,Y,NA,NA,210,NA,NA,NA,NA,NA,E,Y,3,0,1,3,A,-,03,22350,NA,F,C,C,A,A,H,-,A,D,0,NA,NA,NA,NA,Y,NA,A,01,0,1,0,0,0,0,0,0,0,-,-,34.14576,-117.31152,SAN BERNARDINO,SAN BERNARDINO,-117.31151838,34.14559549
90274974,2016,2016-09-26,9860,2016-09-16,2010,020856,NA,5,2,9,3600,0,1,1,NA,2,151,I-15 (N/B),KENWOOD AVENUE,5280,N,N,A,-,Y,NA,NA,15,NA,NA,NA,NA,NA,NA,Y,4,0,2,2,A,-,03,22350,NA,N,C,C,A,A,D,-,D,D,0,NA,NA,NA,NA,Y,NA,A,01,0,0,2,0,0,0,0,0,0,-,-,34.24182,-117.43132,SAN BERNARDINO,UNINCORPORATED,-117.43142347,34.24168369
90278129,2016,2016-09-28,9855,2016-09-27,0600,015299,NA,2,1,5,3611,0,1,1,NA,2,203,SR-210 W/B (FOOTHILL FWY),BENSON AVE.,950,W,N,A,-,Y,NA,NA,210,NA,NA,NA,NA,NA,W,N,4,0,1,2,A,-,03,22350,NA,N,C,C,A,A,H,-,A,D,0,NA,NA,NA,NA,Y,NA,D,22,0,0,1,0,0,0,0,0,0,-,-,34.1303,-117.6843,SAN BERNARDINO,UPLAND,-117.68432631,34.13033726
90279306,2016,2016-09-29,9860,2016-09-22,1330,017204,NA,4,1,5,3609,0,1,1,NA,2,201,SR-210 E/B,LOCUST AVE,75,W,N,B,-,Y,NA,NA,210,NA,NA,NA,NA,NA,E,Y,4,0,1,2,A,-,07,21658,A,N,B,C,A,A,H,-,A,D,0,NA,NA,NA,Y,Y,NA,G,25,0,0,1,0,0,0,0,0,0,-,-,34.13608,-117.41005,SAN BERNARDINO,RIALTO,-117.41004772,34.13619145
90281716,2016,2016-10-03,9860,2016-09-25,1940,019725,NA,7,2,9,3600,0,1,1,NA,2,106,I-10 E/B TO COUNTY LINE RD,COUNTY LINE RD,500,N,N,A,-,Y,NA,NA,NA,NA,NA,NA,NA,NA,NA,N,4,0,2,3,A,-,03,22350,NA,M,C,C,A,A,H,-,C,D,0,NA,NA,NA,NA,Y,NA,A,01,0,0,2,0,0,0,0,0,0,-,-,34.00492,-117.06597,SAN BERNARDINO,UNINCORPORATED,NA,NA
90211550,2016,2016-06-28,9860,2016-06-23,0030,019429,NA,4,3,6,3610,0,1,1,NA,2,202,SR-210 E/B,HIGHLAND AVE,300,E,N,A,-,Y,NA,NA,210,NA,NA,NA,NA,NA,E,Y,4,0,1,2,A,-,03,22350,NA,N,C,C,A,A,H,-,D,D,0,NA,NA,NA,NA,Y,NA,A,01,0,0,1,0,0,0,0,0,0,-,-,34.1342,-117.23211,SAN BERNARDINO,SAN BERNARDINO,-117.23214637,34.13411101
90251304,2016,2016-08-24,9835,2016-08-17,0448,015354,NA,3,3,9,3600,0,1,1,NA,2,076,INTERSTATE 15 SOUTHBOUND,VALLEY WELLS REST AREA,2112,S,N,A,-,Y,NA,NA,15,NA,NA,NA,NA,NA,S,Y,3,0,2,1,A,-,08,22107,NA,N,F,A,A,A,H,-,D,D,0,NA,NA,NA,NA,Y,NA,A,07,0,2,0,0,0,0,0,0,0,-,-,35.4313,-115.7109,SAN BERNARDINO,UNINCORPORATED,-115.71091114,35.43133157
90286072,2016,2016-10-06,9850,2016-10-03,1355,019278,NA,1,1,5,3619,0,1,1,NA,2,081,I-15 S/B,OAK HILL RD,2200,N,N,A,-,Y,NA,NA,15,NA,NA,NA,NA,NA,S,N,3,0,1,1,A,-,08,22107,NA,N,E,I,A,A,H,-,A,D,0,NA,NA,NA,NA,Y,NA,A,01,0,1,0,0,0,0,0,0,0,-,-,34.3671,-117.4291,SAN BERNARDINO,HESPERIA,-117.42909984,34.36709986
90287036,2016,2016-10-10,9860,2016-10-02,0905,018262,NA,7,1,6,3610,0,1,1,NA,2,103,I-10 W/B,WATERMAN AVE,902,W,N,A,-,Y,NA,NA,10,NA,NA,NA,NA,NA,W,N,3,0,1,2,A,-,07,21658,A,N,B,C,A,A,H,-,A,D,0,NA,NA,Y,NA,Y,NA,A,01,0,1,0,0,0,0,0,0,1,-,-,34.06421,-117.28182,SAN BERNARDINO,SAN BERNARDINO,-117.2818197,34.06420552
90287120,2016,2016-10-10,9860,2016-10-03,1438,019419,NA,1,2,9,3600,0,1,1,NA,2,152,I-15 N/B,SR-138,528,S,N,A,-,Y,NA,NA,15,NA,NA,NA,NA,NA,N,Y,4,0,1,3,A,-,03,22350,NA,N,C,C,A,A,D,-,A,D,0,NA,NA,NA,NA,Y,NA,A,01,0,0,1,0,0,0,0,0,0,-,-,34.30847,-117.47065,SAN BERNARDINO,UNINCORPORATED,-117.4706508,34.30846917
90252575,2016,2016-08-25,9850,2016-08-16,1735,019487,NA,2,2,9,3600,0,2,4,NA,2,066,PHELAN ROAD,MALPASO ROAD,10,W,N,A,-,N,NA,NA,NA,NA,NA,NA,NA,NA,NA,N,4,0,4,2,A,-,03,22350,NA,N,C,C,A,A,H,-,A,D,0,NA,NA,NA,NA,Y,NA,A,07,0,0,4,0,0,0,0,0,0,-,-,34.42638,-117.57717,SAN BERNARDINO,UNINCORPORATED,-117.57694307,34.42633
9028909,2019,2020-01-28,3604,2019-11-21,1516,1047,NA,4,5,6,3604,0,0,0,NA,0,NA,MANGO AV,MERRILL AV,0,NA,Y,A,-,N,NA,NA,NA,NA,NA,NA,NA,NA,NA,Y,3,0,2,2,A,-,09,21801,A,N,A,C,A,A,H,-,A,A,0,NA,NA,NA,NA,Y,NA,A,01,0,2,0,0,0,0,0,0,0,-,-,NA,NA,SAN BERNARDINO,FONTANA,-117.43138122558594,34.092140197753906
90290555,2016,2016-10-12,9855,2016-10-04,1900,017808,NA,2,2,9,3600,0,2,4,NA,1,012,ARROW BLVD.,MULBERRY AVE.,25,W,N,A,-,N,NA,NA,NA,NA,NA,NA,NA,NA,NA,N,4,0,1,2,A,-,01,23152,A,N,C,C,A,A,H,-,B,A,0,NA,NA,NA,NA,Y,Y,A,01,0,0,1,0,0,0,0,0,0,-,-,34.09918,-117.50601,SAN BERNARDINO,UNINCORPORATED,-117.50631235,34.09915947
90290584,2016,2016-10-12,9865,2016-10-10,1615,014696,NA,1,2,9,3600,0,2,4,NA,2,013,LAKE DRIVE,PIONEER CAMP RD,2,N,N,A,-,N,NA,NA,NA,NA,NA,NA,NA,NA,NA,Y,4,0,1,1,C,-,18,NA,NA,N,E,I,A,A,H,-,A,D,0,NA,NA,NA,NA,Y,NA,-,-,0,0,1,0,0,0,0,0,0,-,-,34.24227,-117.28569,SAN BERNARDINO,UNINCORPORATED,-117.28578528,34.24207383
9026198,2019,2020-02-11,3600,2019-12-23,1147,G5366,VC016,1,5,5,3612,0,0,0,NA,0,VC2,ROY ROGERS DR,LA PAZ DR,0,NA,Y,B,-,N,NA,NA,NA,NA,NA,NA,NA,NA,NA,Y,4,0,1,1,A,-,03,22350,NA,N,F,I,A,B,H,-,A,D,0,NA,NA,NA,NA,Y,NA,A,01,0,0,1,0,0,0,0,0,0,-,-,NA,NA,SAN BERNARDINO,VICTORVILLE,-117.3173370361328,34.51987075805664
90292865,2016,2017-03-06,9860,2016-10-09,2335,020626,NA,7,3,6,3604,0,1,1,NA,2,102,I-10 W/B,SIERRA AVE,2170,E,N,A,-,Y,NA,NA,10,NA,NA,NA,NA,NA,W,Y,4,0,1,1,A,-,01,23152,E,N,E,I,A,A,H,-,C,D,0,NA,NA,NA,NA,Y,NA,A,01,0,0,1,0,0,0,0,0,0,-,-,34.06762,-117.42815,SAN BERNARDINO,FONTANA,-117.42814523,34.06742192
90293641,2016,2016-10-17,9865,2016-10-09,1000,018392,NA,7,1,9,3600,0,2,4,NA,2,013,LAKE DR.,LAKE GREGORY DR.,0,NA,Y,A,-,N,NA,NA,NA,NA,NA,NA,NA,NA,NA,N,3,0,1,2,A,-,05,21460,A,N,A,G,A,A,H,-,A,D,0,NA,Y,NA,NA,Y,NA,A,01,0,1,0,0,0,0,1,0,0,-,-,34.24362,-117.27573,SAN BERNARDINO,UNINCORPORATED,-117.27601012,34.24358011
90262924,2016,2016-09-07,9850,2016-08-31,1510,020899,NA,3,2,9,3600,0,2,4,NA,2,057,SHEEP CREEK RD,SACRAMENTO RD,46,S,N,A,-,N,NA,NA,NA,NA,NA,NA,NA,NA,NA,Y,4,0,1,1,A,-,08,22107,NA,N,F,A,A,A,H,-,A,D,0,NA,NA,NA,NA,Y,NA,D,22,0,0,1,0,0,0,0,0,0,-,-,34.47698,-117.57277,SAN BERNARDINO,UNINCORPORATED,-117.572808,34.47706397
9023223,2019,2020-02-06,3600,2019-12-18,1322,D6902,TW003,3,5,3,3617,0,0,0,NA,0,TW1,HATCH RD,MANZANITA AV,0,NA,Y,A,-,N,NA,NA,NA,NA,NA,NA,NA,NA,NA,Y,4,0,2,2,A,-,09,21802,A,N,D,C,A,A,H,-,A,A,0,NA,NA,NA,NA,Y,NA,A,01,0,0,2,0,0,0,0,0,0,-,-,34.13460159301758,-116.08830261230467,SAN BERNARDINO,TWENTYNINE PALMS,-116.0882568359375,34.13452911376953
90232244,2016,2016-07-28,9855,2016-07-19,0750,014980,NA,2,1,5,3602,0,1,3,NA,2,603,SR-60 E/B (POMONA FWY),RAMONA AVE.,1000,W,N,A,-,Y,NA,NA,NA,NA,NA,NA,NA,NA,NA,Y,4,0,1,4,A,-,03,22350,NA,F,C,C,A,A,H,-,A,D,0,NA,NA,NA,NA,Y,NA,A,01,0,0,1,0,0,0,0,0,0,-,-,NA,NA,SAN BERNARDINO,CHINO,-117.71012149,34.03001089
90295727,2016,2016-10-19,9855,2016-10-07,0225,016215,NA,5,3,5,3630,0,1,3,NA,2,071,SR-71 S/B (CHINO FWY),PINE AVE.,604,N,N,A,-,Y,NA,NA,71,NA,NA,NA,NA,NA,S,Y,3,0,1,1,A,-,01,23152,A,N,E,I,A,A,H,-,C,D,0,NA,NA,NA,NA,Y,Y,A,07,0,1,0,0,0,0,0,0,0,-,-,33.94925,-117.67581,SAN BERNARDINO,CHINO HILLS,-117.67565853,33.94934832
9029574,2020,2020-10-16,3610,2020-01-07,1024,50532,NA,2,5,6,3610,0,0,0,NA,0,POLICE,W MILL ST,RT 215,0,NA,Y,A,-,Y,SBD,8,215,-,-,6.244,R,4,S,Y,4,0,1,2,A,-,12,21453,A,N,D,C,A,A,H,-,A,A,0,NA,NA,NA,NA,Y,NA,D,22,0,0,1,0,0,0,0,0,0,-,SF,34.09246063232422,-117.30271911621094,SAN BERNARDINO,SAN BERNARDINO,-117.30200958251952,34.09478759765625
90234368,2016,2016-08-01,9835,2016-07-31,0842,021175,NA,7,1,9,3600,0,1,1,NA,2,045,I-40 E/B,LAVIC RD,13728,E,N,A,-,Y,NA,NA,40,NA,NA,NA,NA,NA,E,Y,4,0,1,1,A,-,08,22107,NA,N,E,I,A,A,H,-,A,D,0,NA,NA,NA,NA,Y,NA,A,07,0,0,1,0,0,0,0,0,0,-,-,34.72848,-116.25876,SAN BERNARDINO,UNINCORPORATED,-116.25879184,34.72820626
90238167,2016,2016-08-05,9860,2016-07-31,0140,020626,NA,7,3,9,3600,0,1,1,NA,2,151,I-15 N/B,KENWOOD AVE,1350,S,N,A,-,Y,NA,NA,15,NA,NA,NA,NA,NA,N,Y,4,0,1,1,A,-,01,23152,A,N,E,I,A,A,D,-,C,D,0,NA,NA,NA,NA,Y,Y,D,22,0,0,1,0,0,0,0,0,0,-,-,34.23433,-117.42166,SAN BERNARDINO,UNINCORPORATED,-117.42168007,34.23430312
90297386,2016,2016-10-20,9860,2016-10-10,1503,017571,NA,1,2,5,3609,0,1,1,NA,2,102,I-10 W/B,RIVERSIDE AVE,1056,E,N,A,-,Y,NA,NA,10,NA,NA,NA,NA,NA,W,Y,4,0,1,4,A,-,03,22350,NA,N,C,C,A,A,H,-,A,D,0,NA,NA,NA,NA,Y,NA,A,07,0,0,1,0,0,0,0,0,0,-,-,34.06886,-117.36398,SAN BERNARDINO,RIALTO,-117.36398172,34.06893402
90297612,2016,2016-10-20,9860,2016-10-12,1540,017204,NA,3,2,6,3610,0,1,1,NA,2,216,I-215 N/B TO SR-210 W/B,27TH ST.,200,S,N,A,-,Y,NA,NA,215,NA,NA,NA,R,NA,N,Y,4,0,2,2,A,-,07,21658,A,N,C,C,A,A,H,-,A,D,0,NA,NA,NA,NA,Y,NA,A,01,0,0,2,0,0,0,0,0,0,-,-,34.13983,-117.31591,SAN BERNARDINO,SAN BERNARDINO,-117.31591,34.13983
90239559,2016,2016-08-08,9855,2016-07-22,1722,019809,NA,5,2,5,3602,0,1,3,NA,2,603,SR-60 E/B (POMONA FWY),CENTRAL AVE.,850,W,N,A,-,Y,NA,NA,60,NA,NA,NA,NA,NA,E,Y,4,0,1,3,A,-,07,21658,A,N,C,C,A,A,H,-,A,D,0,NA,NA,NA,Y,Y,NA,A,01,0,0,1,0,0,0,0,0,0,-,-,34.03,-117.69289,SAN BERNARDINO,CHINO,-117.69289195,34.03015271
90299835,2016,2016-10-24,9860,2016-10-20,0605,014686,NA,4,1,9,3600,0,3,5,NA,2,004,LINDEN AVE,MARYGOLD AVE,73,S,N,A,-,N,NA,NA,NA,NA,NA,NA,NA,NA,NA,Y,3,0,1,3,A,-,08,22107,NA,N,B,E,A,A,H,-,D,D,0,NA,NA,NA,NA,Y,NA,A,01,0,1,0,0,0,0,0,0,0,-,-,34.0741,-117.40087,SAN BERNARDINO,UNINCORPORATED,-117.40080217,34.07386
90300346,2016,2016-10-25,9855,2016-10-17,0015,021048,NA,1,3,5,3602,0,1,3,NA,2,603,SR-60 W/B (POMONA FWY),RAMONA AVE.,300,W,N,A,-,Y,NA,NA,60,NA,NA,NA,NA,NA,W,Y,4,0,1,2,A,-,01,23152,A,N,C,C,A,A,H,-,D,D,0,NA,NA,NA,NA,Y,Y,A,07,0,0,1,0,0,0,0,0,0,-,-,34.0302,-117.7099,SAN BERNARDINO,CHINO,-117.70989941,34.03018036
90301348,2016,2016-10-26,9850,2016-10-13,1510,021365,NA,4,2,9,3600,0,3,5,NA,2,001,RIVERVIEW DR,DRIFTWOOD DR,137,S,N,A,-,N,NA,NA,NA,NA,NA,NA,NA,NA,NA,Y,2,0,1,1,A,-,08,22107,NA,N,E,I,A,A,H,-,A,D,0,NA,NA,NA,NA,Y,NA,A,08,1,0,0,0,0,0,0,0,0,-,-,34.49402,-117.25703,SAN BERNARDINO,UNINCORPORATED,-117.25706488,34.49391788
90301906,2016,2016-10-26,9850,2016-10-13,1540,017730,NA,4,2,5,3612,0,1,1,NA,2,084,I-15 N/B,DALE EVANS PKY,8870,S,N,A,-,Y,NA,NA,NA,NA,NA,NA,NA,NA,NA,Y,4,0,1,2,A,-,07,21658,A,N,B,C,A,A,H,-,A,D,0,NA,NA,NA,Y,Y,NA,G,26,0,0,1,0,0,0,0,0,0,-,-,34.62343,-117.23374,SAN BERNARDINO,VICTORVILLE,NA,NA
90302072,2016,2016-10-26,9855,2016-10-06,0645,014366,NA,4,1,5,3602,0,1,3,NA,2,603,SR-60 W/B (POMONA FWY),RAMONA AVE.,2640,E,N,A,-,Y,NA,NA,NA,NA,NA,NA,NA,NA,NA,N,4,0,1,3,A,-,03,22350,NA,N,C,C,A,A,H,-,A,D,0,NA,NA,NA,NA,Y,NA,A,01,0,0,1,0,0,0,0,0,0,-,-,NA,NA,SAN BERNARDINO,CHINO,-117.69815,34.03031