CASE_ID,ACCIDENT_YEAR,PROC_DATE,JURIS,COLLISION_DATE,COLLISION_TIME,OFFICER_ID,REPORTING_DISTRICT,DAY_OF_WEEK,CHP_SHIFT,POPULATION,CNTY_CITY_LOC,SPECIAL_COND,BEAT_TYPE,CHP_BEAT_TYPE,CITY_DIVISION_LAPD,CHP_BEAT_CLASS,BEAT_NUMBER,PRIMARY_RD,SECONDARY_RD,DISTANCE,DIRECTION,INTERSECTION,WEATHER_1,WEATHER_2,STATE_HWY_IND,CALTRANS_COUNTY,CALTRANS_DISTRICT,STATE_ROUTE,ROUTE_SUFFIX,POSTMILE_PREFIX,POSTMILE,LOCATION_TYPE,RAMP_INTERSECTION,SIDE_OF_HWY,TOW_AWAY,COLLISION_SEVERITY,NUMBER_KILLED,NUMBER_INJURED,PARTY_COUNT,PRIMARY_COLL_FACTOR,PCF_CODE_OF_VIOL,PCF_VIOL_CATEGORY,PCF_VIOLATION,PCF_VIOL_SUBSECTION,HIT_AND_RUN,TYPE_OF_COLLISION,MVIW,PED_ACTION,ROAD_SURFACE,ROAD_COND_1,ROAD_COND_2,LIGHTING,CONTROL_DEVICE,CHP_ROAD_TYPE,PEDESTRIAN_ACCIDENT,BICYCLE_ACCIDENT,MOTORCYCLE_ACCIDENT,TRUCK_ACCIDENT,NOT_PRIVATE_PROPERTY,ALCOHOL_INVOLVED,STWD_VEHTYPE_AT_FAULT,CHP_VEHTYPE_AT_FAULT,COUNT_SEVERE_INJ,COUNT_VISIBLE_INJ,COUNT_COMPLAINT_PAIN,COUNT_PED_KILLED,COUNT_PED_INJURED,COUNT_BICYCLIST_KILLED,COUNT_BICYCLIST_INJURED,COUNT_MC_KILLED,COUNT_MC_INJURED,PRIMARY_RAMP,SECONDARY_RAMP,LATITUDE,LONGITUDE,COUNTY,CITY,POINT_X,POINT_Y
90240570,2016,2016-08-09,9870,2016-08-06,1810,020570,NA,6,2,9,3600,0,3,5,NA,2,002,JESSE ROAD,ACOMA TRAIL,0,NA,Y,A,-,N,NA,NA,NA,NA,NA,NA,NA,NA,NA,N,4,0,1,2,A,-,03,22350,NA,N,D,C,A,A,H,-,A,D,0,NA,NA,NA,NA,Y,NA,D,22,0,0,1,0,0,0,0,0,0,-,-,34.2822,-116.4397,SAN BERNARDINO,UNINCORPORATED,-116.43964012000001,34.28227004
90303014,2016,2016-10-27,9860,2016-10-06,1915,018708,NA,4,2,9,3600,0,3,5,NA,2,002,JUNE ST.,OGDEN ST,0,NA,Y,A,-,N,NA,NA,NA,NA,NA,NA,NA,NA,NA,N,3,0,2,2,A,-,09,21802,A,N,D,C,A,A,H,-,A,A,0,NA,NA,NA,NA,Y,Y,A,07,0,1,1,0,0,0,0,0,0,-,-,34.92815,-117.20541,SAN BERNARDINO,UNINCORPORATED,-117.34860005,34.15782011
90243235,2016,2016-08-11,9860,2016-08-07,0025,020626,NA,7,3,9,3600,0,3,5,NA,2,002,CONEJO DR,PACIFIC ST,1235,S,N,A,-,N,NA,NA,NA,NA,NA,NA,NA,NA,NA,Y,3,0,1,2,A,-,01,23152,A,N,A,C,A,A,H,-,C,D,0,NA,NA,NA,NA,Y,Y,A,01,0,1,0,0,0,0,0,0,0,-,-,34.12516,-117.25898,SAN BERNARDINO,UNINCORPORATED,-117.25893,34.12521694
9030486,2019,2020-01-31,3607,2019-06-16,1939,80326,43,7,5,6,3607,0,0,0,NA,0,011,SAN ANTONIO AV,4TH ST,0,NA,Y,A,-,N,NA,NA,NA,NA,NA,NA,NA,NA,NA,N,2,0,2,1,A,-,08,22107,NA,N,E,I,A,A,H,-,A,A,0,NA,NA,NA,NA,Y,NA,-,NA,1,1,0,0,0,0,0,0,0,-,-,NA,NA,SAN BERNARDINO,ONTARIO,-117.66068267822266,34.07789993286133
9030511,2019,2020-02-01,3607,2019-06-14,0915,80557,250,5,5,6,3607,0,0,0,NA,0,071,VINEYARD AV,CEDAR ST,0,NA,Y,A,-,N,NA,NA,NA,NA,NA,NA,NA,NA,NA,Y,4,0,1,2,A,-,09,21802,A,N,D,C,A,A,H,-,A,D,0,NA,NA,NA,NA,Y,NA,D,22,0,0,1,0,0,0,0,0,0,-,-,NA,NA,SAN BERNARDINO,ONTARIO,-117.61102294921876,34.03765869140625
9030518,2019,2020-02-01,3607,2019-06-20,1342,19968,NA,4,5,6,3607,0,0,0,NA,0,NA,VIRGINIA AV,D ST,0,NA,Y,A,-,N,NA,NA,NA,NA,NA,NA,NA,NA,NA,Y,3,0,2,2,A,-,09,21802,A,N,D,C,A,A,H,-,A,A,0,NA,NA,NA,NA,Y,NA,A,07,0,2,0,0,0,0,0,0,0,-,-,NA,NA,SAN BERNARDINO,ONTARIO,-117.63094329833984,34.067039489746094
9024591,2019,2020-02-08,3600,2019-12-09,0836,8565,002,1,5,4,3618,0,0,0,NA,0,001,BASELINE ST,OSBUN RD,25,E,N,A,-,N,NA,NA,NA,NA,NA,NA,NA,NA,NA,Y,3,0,2,2,A,-,09,21802,NA,N,D,C,A,A,H,-,A,A,0,NA,NA,NA,NA,Y,NA,A,01,0,2,0,0,0,0,0,0,0,-,-,34.12126159667969,-117.24877166748048,SAN BERNARDINO,HIGHLAND,-117.24868774414063,34.12131118774414
90306337,2016,2016-10-31,9860,2016-10-27,1710,020766,NA,4,2,6,3610,0,1,1,NA,2,202,SR-210 E/B,E ST,100,E,N,A,-,Y,NA,NA,210,NA,NA,NA,NA,NA,E,N,4,0,2,2,A,-,03,22350,NA,N,C,C,A,A,H,-,A,D,0,NA,NA,NA,NA,Y,NA,A,07,0,0,2,0,0,0,0,0,0,-,-,34.14553,-117.29346,SAN BERNARDINO,SAN BERNARDINO,-117.29346165,34.14545223
90246057,2016,2016-08-16,9835,2016-06-26,2315,019992,NA,7,3,9,3600,0,1,1,NA,2,074,I-15 N/B,EAST BAKER BLVD.,6283,S,N,A,-,Y,NA,NA,NA,NA,NA,NA,NA,NA,NA,Y,1,1,2,1,A,-,08,22107,NA,N,F,A,A,A,H,-,D,D,0,NA,NA,NA,NA,Y,NA,A,08,0,2,0,0,0,0,0,0,0,-,-,35.1435,-116.543,SAN BERNARDINO,UNINCORPORATED,NA,NA
9030966,2019,2020-01-25,3610,2019-11-14,1850,50696,NA,4,5,6,3610,0,0,0,NA,0,NA,W RIALTO AV,VERNON AV,0,NA,Y,A,-,N,NA,NA,NA,NA,NA,NA,NA,NA,NA,N,4,0,2,3,A,-,10,21950,A,F,G,B,B,A,H,-,C,A,0,Y,NA,NA,NA,Y,NA,A,01,0,0,2,0,2,0,0,0,0,-,-,34.1008186340332,-117.31381988525392,SAN BERNARDINO,SAN BERNARDINO,-117.31382,34.100819
90309803,2016,2016-11-02,9855,2016-11-01,0550,015919,NA,2,3,6,3607,0,1,1,NA,2,152,I-15 S/B TO JURUPA STREET,JURUPA ST.,100,N,N,B,-,Y,NA,NA,15,NA,NA,NA,R,NA,S,N,4,0,1,2,A,-,03,22350,NA,F,C,D,A,A,H,-,C,D,0,NA,NA,NA,NA,Y,NA,A,01,0,0,1,0,0,0,0,0,0,-,-,34.04852,-117.55004,SAN BERNARDINO,ONTARIO,-117.55004,34.04852
90309884,2016,2016-11-02,9860,2016-10-24,1300,15763,NA,1,1,4,3603,0,1,1,NA,2,103,I-10 E/B TO I-215 S/B,I-215,1401,W,N,B,C,Y,NA,NA,10,NA,NA,NA,R,NA,E,Y,4,0,1,1,A,-,03,22350,NA,N,E,I,A,B,H,-,A,D,0,NA,NA,NA,Y,Y,NA,G,25,0,0,1,0,0,0,0,0,0,-,-,34.06428,-117.3014,SAN BERNARDINO,COLTON,-117.3014,34.06428
9030990,2019,2020-01-25,3610,2019-11-22,2311,50252,NA,5,5,6,3610,0,0,0,NA,0,NA,EAST HIGHLAND AV,EUCALYPTUS DR,78,W,N,A,-,N,NA,NA,NA,NA,NA,NA,NA,NA,NA,Y,3,0,4,3,A,-,03,22350,I,N,C,C,A,A,H,-,C,A,0,NA,NA,NA,NA,Y,NA,A,01,0,1,3,0,0,0,0,0,0,-,-,34.135841369628906,-117.23203277587892,SAN BERNARDINO,SAN BERNARDINO,-117.2322998046875,34.13581466674805
90248013,2016,2016-08-18,9835,2016-08-16,1040,021175,NA,2,1,9,3600,0,3,5,NA,2,037,KELBAKER RD,I-40,32736,N,N,A,-,N,NA,NA,NA,NA,NA,NA,NA,NA,NA,N,3,0,1,1,A,-,08,22107,NA,N,E,J,A,A,H,-,A,D,0,NA,NA,Y,NA,Y,NA,C,02,0,1,0,0,0,0,0,0,1,-,-,34.79831,-115.61019,SAN BERNARDINO,UNINCORPORATED,-115.61155737,34.78876632
9031066,2019,2020-01-29,3610,2019-12-26,0554,NA,NA,4,5,6,3610,0,0,0,NA,0,ADAM,N PEPPER AV,W RIALTO AV,0,NA,Y,C,-,N,NA,NA,NA,NA,NA,NA,NA,NA,NA,N,4,0,1,2,A,-,11,21456,B,N,G,B,B,B,H,-,C,A,0,Y,NA,NA,NA,Y,NA,N,60,0,0,1,0,1,0,0,0,0,-,-,34.09954071044922,-117.35292053222656,SAN BERNARDINO,SAN BERNARDINO,-117.35289001464844,34.09952926635742
9031069,2019,2020-01-30,3610,2019-12-09,1814,50675,NA,1,5,6,3610,0,0,0,NA,0,NA,E CITRUS ST,VICTORIA AV,126,E,N,A,-,N,NA,NA,NA,NA,NA,NA,NA,NA,NA,N,3,0,1,2,A,-,11,21954,A,N,G,B,D,A,H,-,C,D,0,Y,NA,NA,NA,Y,Y,N,60,0,1,0,0,1,0,0,0,0,-,-,NA,NA,SAN BERNARDINO,SAN BERNARDINO,-117.22564697265624,34.1448860168457
90310733,2016,2016-11-03,9855,2016-09-23,2357,020904,NA,5,3,4,3605,0,1,1,NA,2,103,I-10 W/B (SAN BERNARDINO FWY),CENTRAL AVE.,1460,E,N,A,-,Y,NA,NA,10,NA,NA,NA,NA,NA,W,N,1,1,0,2,A,-,11,21954,A,N,G,B,E,A,H,-,C,D,0,Y,NA,NA,NA,Y,NA,N,60,0,0,0,1,0,0,0,0,0,-,-,34.08725,-117.68485,SAN BERNARDINO,MONTCLAIR,-117.68484725,34.08722644
90248752,2016,2016-08-19,9855,2016-08-16,0820,013381,NA,2,1,6,3616,0,1,1,NA,2,201,SR-210 W/B (FOOTHILL FWY),MILLIKEN AVE.,100,E,N,A,-,Y,NA,NA,NA,NA,NA,NA,NA,NA,NA,N,4,0,1,3,A,-,03,22350,NA,F,C,C,A,A,H,-,A,D,0,NA,NA,NA,Y,Y,NA,F,26,0,0,1,0,0,0,0,0,0,-,-,NA,NA,SAN BERNARDINO,RANCHO CUCAMONGA,-117.55845,34.13666
90310951,2016,2016-11-03,9860,2016-10-29,0310,018972,NA,6,3,3,3690,0,1,S,NA,2,904,I-215 N/B,BARTON RD.,100,N,N,A,-,Y,NA,NA,215,NA,NA,NA,NA,NA,N,Y,3,0,1,1,A,-,01,23152,A,N,E,I,A,A,H,-,C,D,0,NA,NA,NA,NA,Y,Y,A,01,0,1,0,0,0,0,0,0,0,-,-,34.03414,-117.32449,SAN BERNARDINO,GRAND TERRACE,-117.32452417,34.03417968
90311140,2016,2016-11-04,9860,2016-10-28,1920,020387,NA,5,2,5,3608,0,1,1,NA,2,203,SR-210 WESTBOUND,PIONEER AVE.,1500,W,N,A,-,Y,NA,NA,210,NA,NA,NA,NA,NA,W,Y,4,0,4,3,A,-,03,22350,NA,N,C,C,A,A,H,-,D,D,0,NA,NA,NA,NA,Y,NA,A,01,0,0,4,0,0,0,0,0,0,-,-,34.08528,-117.20045,SAN BERNARDINO,REDLANDS,-117.20052842,34.08528025
90312288,2016,2016-11-07,9860,2016-10-30,2125,019706,NA,7,2,6,3610,0,1,1,NA,2,216,I-215 SOUTHBOUND,SR-210,180,S,N,A,-,Y,NA,NA,215,NA,NA,NA,NA,NA,S,Y,4,0,1,1,A,-,01,23152,A,N,E,I,A,A,H,-,D,D,0,NA,NA,NA,NA,Y,Y,A,01,0,0,1,0,0,0,0,0,0,-,-,34.14375,-117.31896,SAN BERNARDINO,SAN BERNARDINO,-117.31898039,34.14373921
90287755,2016,2016-10-10,9855,2016-09-26,1833,016889,NA,1,2,6,3607,0,1,1,NA,2,103,I-10 E/B (SAN BERNARDINO FWY),VINEYARD AVE.,1056,W,N,A,-,Y,NA,NA,10,NA,NA,NA,NA,NA,E,Y,3,0,2,2,A,-,03,22350,NA,N,C,C,A,A,H,-,A,D,0,NA,NA,NA,NA,Y,NA,A,01,0,1,1,0,0,0,0,0,0,-,-,34.07235,-117.61436,SAN BERNARDINO,ONTARIO,-117.61436318,34.07234447
9031537,2019,2020-02-04,3607,2019-04-10,1638,20132,135,3,5,6,3607,0,0,0,NA,0,032,HOLT BL,GROVE AV,515,E,N,A,-,N,NA,NA,NA,NA,NA,NA,NA,NA,NA,Y,3,0,2,2,A,-,07,21658,A,N,B,C,A,A,H,-,A,D,0,NA,NA,NA,NA,Y,NA,A,01,0,1,1,0,0,0,0,0,0,-,-,NA,NA,SAN BERNARDINO,ONTARIO,-117.62680053710938,34.06343460083008
9031584,2019,2020-02-06,3608,2019-12-23,0959,4761,NA,1,5,5,3608,0,0,0,NA,0,NA,SAN MATEO ST,BROOKSIDE AV,0,NA,Y,C,-,N,NA,NA,NA,NA,NA,NA,NA,NA,NA,Y,3,0,1,3,A,-,12,21453,A,N,D,C,A,B,H,-,A,A,0,NA,NA,NA,NA,Y,NA,A,01,0,1,0,0,0,0,0,0,0,-,-,NA,NA,SAN BERNARDINO,REDLANDS,-117.1982421875,34.0484619140625
9031642,2020,2020-02-26,3600,2020-01-17,0857,A9947,RC029,5,5,6,3616,0,0,0,NA,0,RC5,ARCHIBALD AV,BASELINE RD,211,N,N,A,-,N,NA,NA,NA,NA,NA,NA,NA,NA,NA,Y,4,0,1,2,A,-,09,21804,A,N,D,C,A,A,H,-,A,D,0,NA,NA,NA,NA,Y,NA,D,22,0,0,1,0,0,0,0,0,0,-,-,NA,NA,SAN BERNARDINO,RANCHO CUCAMONGA,-117.59349822998048,34.12211990356445
90317725,2016,2016-11-14,9860,2016-11-06,2335,020387,NA,7,3,6,3610,0,1,1,NA,2,216,I-215 S/B TO SR-210 W/B,SR-210 W/B,120,N,N,A,-,Y,NA,NA,215,NA,NA,NA,R,NA,S,N,4,0,1,1,A,-,03,22350,NA,N,E,I,A,A,H,-,D,D,0,NA,NA,NA,NA,Y,NA,A,01,0,0,1,0,0,0,0,0,0,-,-,34.1446,-117.32041,SAN BERNARDINO,SAN BERNARDINO,-117.32041,34.1446
90317742,2016,2016-11-14,9860,2016-11-10,1450,017919,NA,4,2,9,3600,0,3,5,NA,2,004,ALDER AVE,VALLEY BLVD.,40,S,N,A,-,N,NA,NA,NA,NA,NA,NA,NA,NA,NA,N,4,0,1,2,A,-,08,22107,NA,N,B,C,A,A,H,-,A,D,0,NA,NA,NA,NA,Y,NA,A,01,0,0,1,0,0,0,0,0,0,-,-,34.07027,-117.4182,SAN BERNARDINO,UNINCORPORATED,-117.41823858,34.07032041
90290903,2016,2016-10-13,9870,2016-10-07,1825,020890,NA,5,2,9,3600,0,3,5,NA,2,003,LEAR AVE,INDIAN TRL,0,NA,Y,A,-,N,NA,NA,NA,NA,NA,NA,NA,NA,NA,Y,3,0,2,2,A,-,09,21802,A,N,D,C,A,A,H,-,A,A,0,NA,NA,NA,NA,Y,Y,A,01,0,1,1,0,0,0,0,0,0,-,-,34.18597,-116.15057,SAN BERNARDINO,UNINCORPORATED,-116.15058013,34.18600008
90319096,2016,2016-11-14,9850,2016-10-31,0853,020559,NA,1,1,9,3600,0,1,3,NA,2,040,SR-18,CODY RD,0,NA,Y,A,-,Y,NA,NA,18,NA,NA,NA,NA,NA,NA,N,4,0,1,2,A,-,12,22450,A,F,D,C,A,A,H,-,A,A,0,NA,NA,NA,NA,Y,NA,A,01,0,0,1,0,0,0,0,0,0,-,-,34.4437,-116.9764,SAN BERNARDINO,UNINCORPORATED,-116.9764001,34.44371589
90319270,2016,2016-11-15,9860,2016-11-14,0630,013945,NA,1,1,4,3603,0,1,1,NA,2,214,I-215 S/B,IOWA AVE,1056,N,N,A,-,Y,NA,NA,215,NA,NA,NA,NA,NA,S,Y,4,0,1,2,A,-,03,22350,NA,N,C,C,A,A,H,-,A,D,0,NA,NA,NA,Y,Y,NA,A,01,0,0,1,0,0,0,0,0,0,-,-,34.0269,-117.33294,SAN BERNARDINO,COLTON,-117.33292104,34.02688477
90319572,2016,2016-11-15,9870,2016-11-11,2250,020616,NA,5,3,9,3600,0,1,3,NA,1,031,SR-62 (TWENTYNINE PALMS HWY),BONAIR ROAD,300,E,N,A,-,Y,NA,NA,62,NA,NA,NA,NA,NA,NA,N,2,0,1,2,A,-,11,21954,A,N,G,B,E,A,H,-,C,D,0,Y,NA,NA,NA,Y,Y,N,60,1,0,0,0,1,0,0,0,0,-,-,34.1349,-116.36496,SAN BERNARDINO,UNINCORPORATED,-116.36496002,34.13489345
90321418,2016,2016-11-21,9860,2016-11-14,1612,014829,NA,1,2,9,3600,0,1,1,NA,2,151,I-15 S/B,CLEGHORN RD,6864,S,N,A,-,Y,NA,NA,15,NA,NA,NA,NA,NA,S,Y,1,1,0,2,A,-,08,22107,NA,N,B,C,A,A,H,-,A,D,0,NA,NA,Y,NA,Y,NA,C,02,0,0,0,0,0,0,0,1,0,-,-,34.27946,-117.45207,SAN BERNARDINO,UNINCORPORATED,-117.45223228,34.27942198
90293839,2016,2016-10-17,9860,2016-10-13,0800,017098,NA,4,1,4,3603,0,1,1,NA,2,214,I-215 S/B,I-10,1500,S,N,A,-,Y,NA,NA,215,NA,NA,NA,NA,NA,S,N,4,0,1,3,A,-,03,22350,NA,M,C,C,A,A,H,-,A,D,0,NA,NA,NA,NA,Y,NA,A,01,0,0,1,0,0,0,0,0,0,-,-,34.05789,-117.29791,SAN BERNARDINO,COLTON,-117.29807991,34.05792935
90321717,2016,2016-11-17,9855,2016-11-11,1030,017313,NA,5,1,6,3607,0,1,1,NA,2,101,I-10 W/B (SAN BERNARDINO FWY),I-15 S/B,200,W,N,A,-,Y,NA,NA,NA,NA,NA,NA,NA,NA,NA,Y,3,0,1,2,A,-,03,22350,NA,N,C,C,A,A,H,-,A,D,0,NA,NA,NA,NA,Y,NA,A,01,0,1,0,0,0,0,0,0,0,-,-,34.06845,-117.54865,SAN BERNARDINO,ONTARIO,NA,NA
9032317,2019,2020-01-29,3610,2019-12-18,2500,51055,NA,3,5,6,3610,0,0,0,NA,0,ADAM,MT VERNON AV,W BASELINE ST,123,N,N,A,-,N,NA,NA,NA,NA,NA,NA,NA,NA,NA,N,4,0,1,2,A,-,09,21804,A,N,D,C,A,A,H,-,A,A,0,NA,NA,NA,NA,Y,NA,A,01,0,0,1,0,0,0,0,0,0,-,-,34.12133026123047,-117.31382751464844,SAN BERNARDINO,SAN BERNARDINO,-117.3138427734375,34.121665954589844
90325603,2016,2016-11-21,9860,2016-11-15,1915,017784,NA,2,2,6,3610,0,1,1,NA,2,202,STATE ROUTE 210 WESTBOUND,VALENCIA AVENUE,50,W,N,A,-,Y,NA,NA,210,NA,NA,NA,NA,NA,W,N,4,0,2,2,A,-,07,21658,A,N,B,C,A,A,H,-,C,D,0,NA,NA,NA,NA,Y,NA,A,07,0,0,2,0,0,0,0,0,0,-,-,34.14506,-117.27281,SAN BERNARDINO,SAN BERNARDINO,-117.27281263,34.14500484
90329260,2016,2016-11-24,9835,2016-11-23,1059,020053,NA,3,1,3,3601,0,1,1,NA,2,071,I-15 S/B,L ST,528,N,N,A,-,Y,NA,NA,15,NA,NA,NA,NA,NA,S,Y,4,0,2,1,A,-,08,22107,NA,N,F,A,A,A,H,-,A,D,0,NA,NA,NA,NA,Y,NA,A,01,0,0,2,0,0,0,0,0,0,-,-,34.88543,-117.05378,SAN BERNARDINO,BARSTOW,-117.05375087,34.88524378
90294069,2016,2016-10-17,9860,2016-10-06,0245,019485,NA,4,3,3,3615,0,1,1,NA,2,104,I-10 W/B,MOUNTAIN VIEW AVE,500,E,N,A,-,Y,NA,NA,10,NA,NA,NA,NA,NA,W,Y,3,0,1,2,A,-,01,23152,A,M,C,C,A,A,H,-,C,D,0,NA,NA,NA,Y,Y,Y,D,22,0,1,0,0,0,0,0,0,0,-,-,34.06663,-117.23551,SAN BERNARDINO,LOMA LINDA,-117.23551084,34.06671891
90264016,2016,2016-09-08,9850,2016-09-01,0935,017730,NA,4,1,9,3600,0,2,4,NA,2,067,SHEEP CREEK RD,SR-138,150,N,N,A,-,N,NA,NA,NA,NA,NA,NA,NA,NA,NA,Y,4,0,2,1,A,-,08,22107,NA,N,F,A,A,A,H,-,A,D,0,NA,NA,NA,NA,Y,NA,A,01,0,0,2,0,0,0,0,0,0,-,-,34.40309,-117.5787,SAN BERNARDINO,UNINCORPORATED,-117.57857233,34.40298233
90294553,2016,2016-10-18,9855,2016-10-11,1020,015299,NA,2,1,9,3600,0,3,5,NA,2,001,SAN BERNARDINO AVE.,PROLOGIS DRIVE,25,W,N,A,-,Y,NA,NA,NA,NA,NA,NA,NA,NA,NA,N,4,0,1,2,A,-,03,22350,NA,N,C,C,A,A,H,-,A,D,0,NA,NA,NA,NA,Y,NA,D,22,0,0,1,0,0,0,0,0,0,-,-,34.0771,-117.51220000000001,SAN BERNARDINO,UNINCORPORATED,NA,NA
90295989,2016,2016-10-19,9855,2016-10-17,1305,015299,NA,1,1,5,3611,0,1,1,NA,2,103,I-10 W/B (SAN BERNARDINO FWY),CENTRAL AVE.,2500,E,N,A,-,Y,NA,NA,10,NA,NA,NA,NA,NA,W,Y,4,0,4,5,A,-,03,22350,NA,N,C,C,A,A,H,-,A,D,0,NA,NA,NA,NA,Y,NA,A,01,0,0,4,0,0,0,0,0,0,-,-,34.0873,-117.6812,SAN BERNARDINO,UPLAND,-117.68119978,34.08738025
9026807,2019,2020-02-26,3611,2019-09-22,1440,3046,3611,7,5,5,3611,0,0,0,NA,0,002,EUCLID AV,11TH ST,0,NA,Y,A,-,N,NA,NA,NA,NA,NA,NA,NA,NA,NA,N,3,0,1,2,A,-,12,21453,A,F,D,C,A,A,H,-,A,A,0,NA,NA,NA,NA,Y,NA,A,01,0,1,0,0,0,0,0,0,0,-,-,NA,NA,SAN BERNARDINO,UPLAND,-117.65133666992188,34.103370666503906
90339683,2016,2016-12-07,9860,2016-11-29,1320,017204,NA,2,1,9,3600,0,3,5,NA,2,001,CAJON BLVD,KEENBROOK RD,2112,N,N,A,-,N,NA,NA,NA,NA,NA,NA,NA,NA,NA,Y,4,0,1,1,A,-,03,22350,NA,N,E,I,A,A,H,-,A,D,0,NA,NA,NA,NA,Y,NA,D,22,0,0,1,0,0,0,0,0,0,-,-,34.26508,-117.46468,SAN BERNARDINO,UNINCORPORATED,-117.46077972,34.25443541
90341751,2016,2016-12-12,9860,2016-12-02,2100,020135,NA,5,2,6,3610,0,1,1,NA,2,103,I-10 W/B TO I-215 N/B,HUNTS LN,2640,W,N,A,-,Y,NA,NA,10,NA,NA,NA,R,NA,W,Y,4,0,1,2,A,-,07,21658,A,N,B,C,A,A,H,-,D,D,0,NA,NA,NA,NA,Y,Y,A,07,0,0,1,0,0,0,0,0,0,-,-,34.06624,-117.29516,SAN BERNARDINO,SAN BERNARDINO,-117.29516,34.06624
90270148,2016,2016-09-19,9855,2016-09-02,1805,019809,NA,5,2,6,3607,0,1,3,NA,2,601,SR-60 E/B (POMONA FWY),GROVE AVE.,300,W,N,A,-,Y,NA,NA,60,NA,NA,NA,NA,NA,E,Y,3,0,1,2,A,-,03,22350,NA,F,C,C,A,A,H,-,A,D,0,NA,NA,NA,NA,Y,NA,A,01,0,1,0,0,0,0,0,0,0,-,-,34.03034,-117.63626,SAN BERNARDINO,ONTARIO,-117.63626023,34.03038013
90342229,2016,2016-12-12,9835,2016-11-26,2239,021399,NA,6,3,9,3600,0,1,1,NA,2,072,INTERSTATE 15 (S/B) MOJAVE FREEWAY,FORT IRWIN RD,5861,N,N,A,-,Y,NA,NA,15,NA,NA,NA,NA,NA,NA,Y,4,0,1,3,A,-,06,21755,NA,N,B,C,A,A,H,-,D,D,0,NA,NA,NA,NA,Y,NA,A,07,0,0,1,0,0,0,0,0,0,-,-,34.9014,-116.91,SAN BERNARDINO,UNINCORPORATED,-116.9100002,34.90138665
90345342,2016,2016-12-15,9855,2016-12-01,0750,017313,NA,4,1,6,3607,0,1,1,NA,2,103,I-10 E/B (SAN BERNARDINO FWY),FOURTH ST.,2640,W,N,A,-,Y,NA,NA,NA,NA,NA,NA,NA,NA,NA,Y,4,0,1,1,A,-,08,22107,NA,N,E,I,A,A,H,-,A,D,0,NA,NA,NA,NA,Y,NA,D,22,0,0,1,0,0,0,0,0,0,-,-,NA,NA,SAN BERNARDINO,ONTARIO,-117.62857,34.0805
90270539,2016,2016-09-19,9835,2016-09-12,0515,020743,NA,1,3,9,3600,0,1,2,NA,1,014,US-395,CUDDEBACK RD,6864,S,N,A,-,Y,NA,NA,395,NA,NA,NA,NA,NA,NA,Y,3,0,2,2,A,-,06,21751,NA,N,A,C,A,A,H,-,D,D,0,NA,NA,NA,NA,Y,NA,A,01,0,2,0,0,0,0,0,0,0,-,-,35.23419,-117.60916,SAN BERNARDINO,UNINCORPORATED,-117.60904845,35.23421668
90346272,2016,2016-12-16,9860,2016-12-14,0658,014686,NA,3,1,6,3610,0,1,1,NA,2,201,SR-210 E/B,CALIFORNIA STREET,1056,E,N,A,-,Y,NA,NA,210,NA,NA,NA,NA,NA,E,Y,4,0,1,1,A,-,08,22107,NA,N,E,I,A,A,H,-,A,D,0,NA,NA,NA,NA,Y,NA,A,01,0,0,1,0,0,0,0,0,0,-,-,34.13683,-117.32824,SAN BERNARDINO,SAN BERNARDINO,-117.32807041,34.13657377
9034628,2019,2020-02-08,3607,2019-12-27,0431,20219,212,5,5,6,3607,0,0,0,NA,0,042,JURUPA ST,ARCHIBALD AV,625,E,N,A,-,N,NA,NA,NA,NA,NA,NA,NA,NA,NA,N,3,0,1,1,A,-,03,22350,NA,N,E,I,A,B,H,-,C,D,0,NA,NA,NA,NA,Y,NA,A,01,0,1,0,0,0,0,0,0,0,-,-,NA,NA,SAN BERNARDINO,ONTARIO,-117.59123992919922,34.048255920410156
90346555,2016,2016-12-16,9865,2016-12-11,1420,016806,NA,7,2,9,3600,0,1,3,NA,1,022,STATE HIGHWAY 18,POWERS LANE,277,S,N,A,-,Y,NA,NA,18,NA,NA,NA,NA,NA,NA,Y,3,0,4,2,A,-,05,21460,A,N,A,C,A,A,H,-,A,D,0,NA,NA,NA,NA,Y,Y,A,01,0,1,3,0,0,0,0,0,0,-,-,34.20829,-117.08779,SAN BERNARDINO,UNINCORPORATED,-117.08778108999999,34.20827971
90347396,2016,2017-02-14,9860,2016-12-11,0230,020856,NA,7,3,6,3610,0,1,1,NA,2,202,SR-210 E/B,DEL ROSA AVENUE,525,W,N,A,-,Y,NA,NA,210,NA,NA,NA,NA,NA,E,Y,3,0,1,2,A,-,01,23152,A,N,C,C,A,A,H,-,D,D,0,NA,NA,NA,NA,Y,Y,A,01,0,1,0,0,0,0,0,0,0,-,-,34.14296,-117.25534,SAN BERNARDINO,SAN BERNARDINO,-117.25532217,34.14310989
90348370,2016,2016-12-19,9860,2016-12-10,1615,016646,NA,6,2,9,3600,0,3,5,NA,2,004,PACIFIC STREET,GLASGOW AVE,115,E,N,A,-,N,NA,NA,NA,NA,NA,NA,NA,NA,NA,Y,3,0,1,2,A,-,09,21802,A,N,C,D,A,A,H,-,B,A,0,NA,NA,NA,NA,Y,NA,A,01,0,1,0,0,0,0,0,0,0,-,-,34.12865,-117.25415,SAN BERNARDINO,UNINCORPORATED,-117.25415118,34.12859825