CASE_ID,ACCIDENT_YEAR,PROC_DATE,JURIS,COLLISION_DATE,COLLISION_TIME,OFFICER_ID,REPORTING_DISTRICT,DAY_OF_WEEK,CHP_SHIFT,POPULATION,CNTY_CITY_LOC,SPECIAL_COND,BEAT_TYPE,CHP_BEAT_TYPE,CITY_DIVISION_LAPD,CHP_BEAT_CLASS,BEAT_NUMBER,PRIMARY_RD,SECONDARY_RD,DISTANCE,DIRECTION,INTERSECTION,WEATHER_1,WEATHER_2,STATE_HWY_IND,CALTRANS_COUNTY,CALTRANS_DISTRICT,STATE_ROUTE,ROUTE_SUFFIX,POSTMILE_PREFIX,POSTMILE,LOCATION_TYPE,RAMP_INTERSECTION,SIDE_OF_HWY,TOW_AWAY,COLLISION_SEVERITY,NUMBER_KILLED,NUMBER_INJURED,PARTY_COUNT,PRIMARY_COLL_FACTOR,PCF_CODE_OF_VIOL,PCF_VIOL_CATEGORY,PCF_VIOLATION,PCF_VIOL_SUBSECTION,HIT_AND_RUN,TYPE_OF_COLLISION,MVIW,PED_ACTION,ROAD_SURFACE,ROAD_COND_1,ROAD_COND_2,LIGHTING,CONTROL_DEVICE,CHP_ROAD_TYPE,PEDESTRIAN_ACCIDENT,BICYCLE_ACCIDENT,MOTORCYCLE_ACCIDENT,TRUCK_ACCIDENT,NOT_PRIVATE_PROPERTY,ALCOHOL_INVOLVED,STWD_VEHTYPE_AT_FAULT,CHP_VEHTYPE_AT_FAULT,COUNT_SEVERE_INJ,COUNT_VISIBLE_INJ,COUNT_COMPLAINT_PAIN,COUNT_PED_KILLED,COUNT_PED_INJURED,COUNT_BICYCLIST_KILLED,COUNT_BICYCLIST_INJURED,COUNT_MC_KILLED,COUNT_MC_INJURED,PRIMARY_RAMP,SECONDARY_RAMP,LATITUDE,LONGITUDE,COUNTY,CITY,POINT_X,POINT_Y
90592467,2017,2017-11-13,9860,2017-11-10,1306,019251,NA,5,1,6,3604,0,1,1,NA,2,151,I-15 N/B,SIERRA AVE,528,N,N,A,-,Y,NA,NA,15,NA,NA,NA,NA,NA,N,Y,3,0,1,2,A,-,03,22350,NA,N,C,C,A,A,H,-,A,D,0,NA,NA,NA,NA,Y,NA,A,01,0,1,0,0,0,0,0,0,0,-,-,34.18263,-117.43553,SAN BERNARDINO,FONTANA,-117.43548795,34.18258275
90596135,2017,2017-11-16,9860,2017-11-06,0755,016821,NA,1,1,4,3603,0,1,1,NA,2,214,I-215 S/B,WASHINGTON STREET,2500,N,N,A,-,Y,NA,NA,215,NA,NA,NA,NA,NA,S,Y,3,0,1,2,A,-,07,21658,A,N,B,C,A,A,H,-,A,D,0,NA,NA,Y,NA,Y,NA,A,01,0,1,0,0,0,0,0,0,1,-,-,34.05207,-117.30146,SAN BERNARDINO,COLTON,-117.30150114,34.05211576
9056048,2020,2020-06-05,3603,2020-02-24,1451,4991,CPD,1,5,4,3603,0,0,0,NA,0,003,W AGUA MANSA RD,MIGUEL BUSTAMANTE PKWY,600,E,N,A,-,N,NA,NA,NA,NA,NA,NA,NA,NA,NA,Y,3,0,1,1,A,-,03,22350,NA,N,E,I,A,A,B,-,A,D,0,NA,NA,NA,NA,Y,NA,A,01,0,1,0,0,0,0,0,0,0,-,-,NA,NA,SAN BERNARDINO,COLTON,-117.36151885986328,34.04342269897461
9059742,2020,2020-03-25,3600,2020-01-13,1854,E3926,RC069,1,5,6,3616,0,0,0,NA,0,RC3,DAY CREEK BL,VICTORIA PARK LN,0,NA,Y,A,-,N,NA,NA,NA,NA,NA,NA,NA,NA,NA,N,3,0,2,2,A,-,09,21453,C,N,D,C,A,A,H,-,C,A,0,NA,NA,NA,NA,Y,NA,A,07,0,1,1,0,0,0,0,0,0,-,-,NA,NA,SAN BERNARDINO,RANCHO CUCAMONGA,-117.53687286376952,34.12881088256836
90537105,2017,2017-08-30,9855,2017-08-28,0807,013860,NA,1,1,6,3604,0,1,1,NA,2,201,SR-210 W/B (FOOTHILL FWY),CHERRY AVE.,800,E,N,A,-,Y,NA,NA,210,NA,NA,NA,NA,NA,W,Y,4,0,1,2,A,-,03,22350,NA,N,C,C,A,A,H,-,A,D,0,NA,NA,NA,NA,Y,NA,A,01,0,0,1,0,0,0,0,0,0,-,-,34.1364,-117.4857,SAN BERNARDINO,FONTANA,-117.4857008,34.13656603
90539187,2017,2017-09-01,9855,2017-08-28,0520,015919,NA,1,3,6,3607,0,1,1,NA,2,152,I-15 S/B (ONTARIO FWY),JURUPA ST.,1700,N,N,A,-,Y,NA,NA,15,NA,NA,NA,NA,NA,S,Y,4,0,1,2,A,-,07,21658,A,N,C,C,A,A,H,-,C,D,0,NA,NA,NA,NA,Y,NA,D,22,0,0,1,0,0,0,0,0,0,-,-,34.0544,-117.54754,SAN BERNARDINO,ONTARIO,-117.54747417,34.05436958
90539356,2017,2017-09-04,9860,2017-08-30,1937,020766,NA,3,2,5,3608,0,1,1,NA,2,106,I-10 E/B,WABASH AVE,2640,E,N,A,-,Y,NA,NA,10,NA,NA,NA,NA,NA,E,Y,3,0,1,2,A,-,01,23152,A,N,C,C,A,A,H,-,C,D,0,NA,NA,NA,Y,Y,Y,D,22,0,1,0,0,0,0,0,0,0,-,-,34.0299,-117.13131,SAN BERNARDINO,REDLANDS,-117.13127635,34.02998692
90545948,2017,2017-09-12,9855,2017-09-05,1343,019732,NA,2,1,6,3607,0,1,1,NA,2,103,I-10 E/B (SAN BERNARDINO FWY),I-15 S/B (ONTARIO FWY),800,W,N,A,-,Y,NA,NA,NA,NA,NA,NA,NA,NA,NA,Y,4,0,1,2,A,-,07,21658,A,N,B,C,A,A,H,-,A,D,0,NA,NA,NA,Y,Y,NA,A,07,0,0,1,0,0,0,0,0,0,-,-,NA,NA,SAN BERNARDINO,ONTARIO,NA,NA
90602979,2017,2017-11-27,9860,2017-11-22,2020,019269,NA,3,2,9,3600,0,1,1,NA,2,152,I-15 N/B,SR-138,11088,N,N,A,-,Y,NA,NA,15,NA,NA,NA,NA,NA,N,Y,3,0,1,1,A,-,01,23152,F,N,E,I,A,A,H,-,D,D,0,NA,NA,NA,NA,Y,NA,A,07,0,1,0,0,0,0,0,0,0,-,-,34.3389,-117.4781,SAN BERNARDINO,UNINCORPORATED,-117.47802462,34.33878647
90603604,2017,2017-11-28,9855,2017-11-16,1420,020533,NA,4,2,6,3604,0,1,1,NA,2,101,I-10 E/B TO CHERRY AVE.,CHERRY AVE.,500,W,N,A,-,Y,NA,NA,10,NA,NA,NA,R,NA,E,N,4,0,1,2,A,-,03,22350,NA,N,C,C,A,A,H,-,A,D,0,NA,NA,NA,NA,Y,NA,A,01,0,0,1,0,0,0,0,0,0,-,-,34.06565,-117.49055,SAN BERNARDINO,FONTANA,-117.49055,34.06565
90604251,2017,2017-11-28,9855,2017-11-16,0730,020110,NA,4,1,6,3607,0,1,1,NA,2,101,I-10 E/B (SAN BERNARDINO FWY),MILLIKEN AVE.,950,E,N,A,-,Y,NA,NA,NA,NA,NA,NA,NA,NA,NA,Y,4,0,1,4,A,-,03,22350,NA,N,C,C,A,A,H,-,A,D,0,NA,NA,NA,NA,Y,NA,A,01,0,0,1,0,0,0,0,0,0,-,-,36.06725,-117.55487,SAN BERNARDINO,ONTARIO,-117.55806,34.06735
90604821,2017,2017-11-29,9855,2017-11-19,1130,016220,NA,7,1,6,3604,0,1,1,NA,2,153,I-15 N/B (ONTARIO FWY),BEECH AVE.,1700,N,N,A,-,Y,NA,NA,NA,NA,NA,NA,NA,NA,NA,Y,4,0,1,2,A,-,07,21658,A,N,B,C,A,A,H,-,A,D,0,NA,NA,Y,NA,Y,NA,C,02,0,0,1,0,0,0,0,0,1,-,-,NA,NA,SAN BERNARDINO,FONTANA,-117.4747529,34.15368255
90606471,2017,2017-11-30,9860,2017-11-25,1335,019725,NA,6,1,9,3600,0,1,1,NA,2,151,I-15 N/B,OAKIE FLAT RD,1584,S,N,A,-,Y,NA,NA,15,NA,NA,NA,NA,NA,N,Y,3,0,7,2,A,-,03,22350,NA,N,C,C,A,A,H,-,A,D,0,NA,NA,NA,NA,Y,NA,A,01,0,5,2,0,0,0,0,0,0,-,-,34.26032,-117.44984,SAN BERNARDINO,UNINCORPORATED,-117.44971375,34.260277
90606540,2017,2017-11-30,9860,2017-11-30,1250,016575,NA,4,1,6,3610,0,1,1,NA,2,103,I-10 W/B,HUNTS LN. U/C,70,E,N,A,-,Y,NA,NA,10,NA,NA,NA,NA,NA,W,Y,3,0,3,2,A,-,03,22350,NA,N,C,C,A,A,H,-,A,D,0,NA,NA,NA,NA,Y,NA,D,22,0,1,2,0,0,0,0,0,0,-,-,34.06344,-117.28746,SAN BERNARDINO,SAN BERNARDINO,-117.28748037,34.06376095
90546735,2017,2017-09-13,9860,2017-09-05,0730,016658,NA,2,1,5,3608,0,1,1,NA,2,105,I-10 W/B,FORD ST. U/C,2112,E,N,B,-,Y,NA,NA,10,NA,NA,NA,NA,NA,W,N,4,0,1,4,A,-,03,22350,NA,N,C,C,A,A,H,-,A,D,0,NA,NA,NA,NA,Y,NA,A,01,0,0,1,0,0,0,0,0,0,-,-,34.03774,-117.15098,SAN BERNARDINO,REDLANDS,-117.15102175,34.037655
90549958,2017,2017-09-18,9855,2017-09-10,2358,020081,NA,7,3,6,3607,0,1,3,NA,2,603,SR-60 E/B (POMONA FWY),VINEYARD AVE.,1900,W,N,A,-,Y,NA,NA,60,NA,NA,NA,NA,NA,E,Y,2,0,5,4,A,-,03,22350,NA,N,C,C,E,A,H,-,C,D,0,Y,NA,NA,NA,Y,Y,A,07,1,2,2,0,1,0,0,0,0,-,-,34.03038,-117.61753,SAN BERNARDINO,ONTARIO,-117.61753022,34.0304369
90608675,2017,2017-12-04,9860,2017-11-26,1625,020051,NA,7,2,9,3600,0,3,5,NA,2,002,PACIFIC ST,PERRIS HILL RD,0,NA,Y,A,-,N,NA,NA,NA,NA,NA,NA,NA,NA,NA,Y,3,0,1,2,A,-,09,21801,A,N,D,C,A,A,H,-,B,D,0,NA,NA,Y,NA,Y,NA,A,01,0,1,0,0,0,0,0,0,1,-,-,34.12858,-117.26334,SAN BERNARDINO,UNINCORPORATED,-117.26332013,34.12860009
90609638,2017,2017-12-04,9860,2017-12-01,2002,020596,NA,5,2,6,3604,0,1,3,NA,2,259,SR-259 N/B,BASELINE ST,400,N,N,A,-,Y,NA,NA,NA,NA,NA,NA,NA,NA,NA,Y,4,0,1,2,A,-,03,22350,NA,N,C,C,A,A,H,-,C,D,0,NA,NA,NA,NA,Y,NA,A,01,0,0,1,0,0,0,0,0,0,-,-,34.12324,-117.30204,SAN BERNARDINO,FONTANA,-117.3027655,34.12242581
90578632,2017,2017-10-25,9855,2017-10-16,1740,017808,NA,1,2,6,3604,0,1,1,NA,2,153,I-15 N/B (ONTARIO FWY),SUMMIT AVE.,528,S,N,A,-,Y,NA,NA,15,NA,NA,NA,NA,NA,N,N,4,0,1,2,A,-,03,22350,NA,N,C,C,A,A,H,-,A,D,0,NA,NA,NA,NA,Y,NA,A,07,0,0,1,0,0,0,0,0,0,-,-,34.14933,-117.47992,SAN BERNARDINO,FONTANA,-117.4799591,34.14937655
90581586,2017,2017-10-27,9855,2017-10-19,1420,020533,NA,4,2,9,3600,0,3,5,NA,2,001,MARCONA AVE.,RANDALL AVE.,0,NA,Y,A,-,Y,NA,NA,NA,NA,NA,NA,NA,NA,NA,Y,3,0,1,2,A,-,09,21802,A,N,D,C,A,A,H,-,A,D,0,NA,NA,NA,NA,Y,NA,A,01,0,1,0,0,0,0,0,0,0,-,-,34.08474,-117.46797,SAN BERNARDINO,UNINCORPORATED,-117.46846005,34.08474001
90613241,2017,2017-12-08,9860,2017-12-02,1505,019706,NA,6,2,5,3608,0,1,1,NA,2,203,SR-210 EASTBOUND,5TH ST.,1400,E,N,A,-,Y,NA,NA,210,NA,NA,NA,NA,NA,E,N,3,0,1,2,A,-,07,21658,A,F,B,C,A,A,H,-,A,D,0,NA,NA,Y,NA,Y,NA,A,01,0,1,0,0,0,0,0,0,1,-,-,34.10397,-117.19951,SAN BERNARDINO,REDLANDS,-117.19952352,34.10397164
90613484,2017,2017-12-11,9850,2017-11-24,1125,020817,NA,5,1,5,3619,0,1,1,NA,2,082,I-15 N/B,BEAR VALLEY RD.,5280,S,N,A,-,Y,NA,NA,15,NA,NA,NA,NA,NA,N,N,4,0,2,3,A,-,03,22350,NA,N,C,C,A,A,H,-,A,D,0,NA,NA,NA,NA,Y,NA,A,01,0,0,2,0,0,0,0,0,0,-,-,34.4551,-117.35805,SAN BERNARDINO,HESPERIA,-117.3580426,34.4550942
90613741,2017,2017-12-11,9860,2017-12-01,1640,019725,NA,5,2,4,3603,0,1,1,NA,2,214,I-215 S/B TO WASHINGTON ST,WASHINGTON ST,35,N,N,A,-,Y,NA,NA,215,NA,NA,NA,R,NA,S,N,4,0,1,2,A,-,21,22106,NA,N,C,C,A,A,H,-,B,D,0,NA,NA,NA,NA,Y,NA,A,01,0,0,1,0,0,0,0,0,0,-,-,34.048,-117.30894,SAN BERNARDINO,COLTON,-117.30894,34.048
90614832,2017,2017-12-11,9860,2017-11-30,1450,015495,NA,4,2,6,3610,0,1,1,NA,2,214,I-215 N/B,INLAND CENTER DR,6336,N,N,B,-,Y,NA,NA,215,NA,NA,NA,NA,NA,N,N,4,0,1,2,A,-,03,22350,NA,N,C,C,A,A,H,-,A,D,0,NA,NA,NA,NA,Y,NA,A,07,0,0,1,0,0,0,0,0,0,-,-,34.09063,-117.30173,SAN BERNARDINO,SAN BERNARDINO,-117.30180168,34.09063054
90585049,2017,2017-11-01,9834,2017-10-28,1310,020342,NA,6,1,9,3600,0,1,2,NA,1,091,US-95 N/B,SR-62,84480,N,N,A,-,Y,NA,NA,95,NA,NA,NA,NA,NA,N,Y,2,0,3,2,A,-,08,22107,NA,F,E,I,A,A,H,-,A,D,0,NA,NA,NA,NA,Y,NA,-,99,1,2,0,0,0,0,0,0,0,-,-,34.40212,-114.6526,SAN BERNARDINO,UNINCORPORATED,-114.65261093,34.40212033
90585672,2017,2017-11-02,9855,2017-10-22,0305,018335,NA,7,3,6,3607,0,1,1,NA,2,103,I-10 E/B (SAN BERNARDINO FWY),HAVEN AVE.,1000,W,N,A,-,Y,NA,NA,10,NA,NA,NA,NA,NA,E,Y,4,0,1,1,A,-,01,23152,A,N,E,I,A,A,H,-,C,D,0,NA,NA,NA,NA,Y,Y,A,01,0,0,1,0,0,0,0,0,0,-,-,34.06742,-117.58052,SAN BERNARDINO,ONTARIO,-117.58052041,34.06747439
90587379,2017,2017-11-06,9860,2017-10-28,1140,020051,NA,6,1,6,3610,0,1,1,NA,2,214,I-215 S/B,MILL ST.,975,N,N,A,-,Y,NA,NA,215,NA,NA,NA,NA,NA,S,Y,2,0,1,3,A,-,07,21658,A,N,B,C,A,A,H,-,A,D,0,NA,NA,Y,Y,Y,NA,A,01,1,0,0,0,0,0,0,0,1,-,-,34.09494,-117.30212,SAN BERNARDINO,SAN BERNARDINO,-117.30201471,34.0949409
90617752,2017,2017-12-14,9850,2017-11-03,1445,017730,NA,5,2,5,3619,1,4,S,NA,2,901,OAKWOOD AVENUE,PENDLETON STREET,0,NA,Y,A,-,N,NA,NA,NA,NA,NA,NA,NA,NA,NA,Y,3,0,8,2,A,-,12,22450,A,N,D,C,A,A,H,-,A,A,0,NA,NA,NA,NA,Y,NA,A,07,0,1,7,0,0,0,0,0,0,-,-,34.44734,-117.34267,SAN BERNARDINO,HESPERIA,-117.34272007,34.44735005
90618495,2017,2017-12-15,9855,2017-12-09,0515,016220,NA,6,3,5,3611,0,1,1,NA,2,203,SR-210 E/B (FOOTHILL FWY),SAN ANTONIO AVE.,300,E,N,A,-,Y,NA,NA,210,NA,NA,NA,NA,NA,E,Y,3,0,1,2,A,-,08,22107,NA,N,D,C,A,A,H,-,C,D,0,NA,NA,NA,NA,Y,NA,A,07,0,1,0,0,0,0,0,0,0,-,-,34.13462,-117.65504,SAN BERNARDINO,UPLAND,-117.65503958,34.13456189
90618738,2017,2017-12-18,9850,2017-12-09,1032,021343,NA,6,1,9,3600,0,2,4,NA,2,055,NATIONAL TRAILS HWY,CHATSWORTH RD,422,N,N,A,-,Y,NA,NA,NA,NA,NA,NA,NA,NA,NA,Y,3,0,2,2,A,-,09,21801,A,N,D,C,A,A,H,-,A,D,0,NA,NA,NA,NA,Y,NA,A,01,0,1,1,0,0,0,0,0,0,-,-,34.70501,-117.33622,SAN BERNARDINO,UNINCORPORATED,-117.33626255,34.70494093
90618753,2017,2017-12-18,9850,2017-12-09,1735,021343,NA,6,2,9,3600,0,3,5,NA,2,001,YATES RD,TAHOE LN,175,E,N,A,-,N,NA,NA,NA,NA,NA,NA,NA,NA,NA,Y,3,0,2,2,A,-,03,22350,NA,N,C,C,A,A,H,-,A,D,0,NA,NA,NA,NA,Y,NA,A,01,0,2,0,0,0,0,0,0,0,-,-,34.50673,-117.26781,SAN BERNARDINO,UNINCORPORATED,-117.26792697,34.50680422
90619305,2017,2017-12-18,9850,2017-12-01,1746,021422,NA,5,2,9,3600,0,3,5,NA,2,003,VIA SECO ST,CENTRAL RD,480,E,N,A,-,N,NA,NA,NA,NA,NA,NA,NA,NA,NA,Y,4,0,2,1,A,-,08,22107,NA,N,E,I,A,A,H,-,D,D,0,NA,NA,NA,NA,Y,NA,D,22,0,0,2,0,0,0,0,0,0,-,-,34.44632,-117.17105,SAN BERNARDINO,UNINCORPORATED,-117.17106307,34.44634497
90589043,2017,2017-11-07,9855,2017-10-30,1516,017808,NA,1,2,5,3611,0,1,1,NA,2,103,I-10 WB FROM EUCLID AVE.,EUCLID AVE.,515,W,N,B,-,Y,NA,NA,10,NA,NA,NA,R,NA,W,Y,4,0,1,2,A,-,03,22350,NA,N,C,C,A,A,H,-,A,A,0,NA,NA,NA,NA,Y,NA,A,01,0,0,1,0,0,0,0,0,0,-,-,34.08763,-117.65301,SAN BERNARDINO,UPLAND,-117.65301,34.08763
90621927,2017,2017-12-20,9855,2017-12-12,1030,012923,NA,2,1,9,3600,0,3,5,NA,2,001,SAN BERNARDINO AVE.,CHERRY AVE.,150,W,N,A,-,N,NA,NA,NA,NA,NA,NA,NA,NA,NA,N,3,0,1,3,A,-,03,22350,NA,N,F,A,A,A,H,-,A,A,0,NA,NA,NA,Y,Y,NA,F,27,0,1,0,0,0,0,0,0,0,-,-,34.07735,-117.48934,SAN BERNARDINO,UNINCORPORATED,-117.48939393,34.07741408
90622432,2017,2017-12-21,9860,2017-12-17,1150,019725,NA,7,1,9,3600,0,1,1,NA,2,151,I-15 S/B,OAKIE FLAT RD,3696,N,N,A,G,Y,NA,NA,15,NA,NA,NA,NA,NA,S,N,4,0,5,2,A,-,08,22107,NA,N,B,C,A,A,H,-,A,D,0,NA,NA,NA,Y,Y,NA,G,25,0,0,5,0,0,0,0,0,0,-,-,34.27471,-117.44989,SAN BERNARDINO,UNINCORPORATED,-117.45001312,34.27465611
90589424,2017,2017-11-07,9855,2017-10-31,1630,016889,NA,2,2,6,3607,0,1,1,NA,2,103,I-10 E/B (SAN BERNARDINO FWY),HAVEN AVE.,2400,W,N,A,-,Y,NA,NA,10,NA,NA,NA,NA,NA,E,Y,4,0,3,3,A,-,03,22350,NA,N,C,C,A,A,H,-,A,D,0,NA,NA,NA,NA,Y,NA,A,01,0,0,3,0,0,0,0,0,0,-,-,34.06739,-117.58406,SAN BERNARDINO,ONTARIO,-117.58405925,34.06749156
90625172,2017,2017-12-22,9860,2017-12-13,1755,019466,NA,3,2,4,3640,0,1,1,NA,2,106,I-10 E/B TO LIVE OAK CANYON ROAD,LIVE OAK CANYON RD,1056,W,N,A,-,Y,NA,NA,10,NA,NA,NA,R,NA,E,Y,3,0,1,3,A,-,03,22350,NA,N,C,C,A,A,H,-,C,D,0,NA,NA,NA,NA,Y,NA,A,01,0,1,0,0,0,0,0,0,0,-,-,34.01635,-117.09763,SAN BERNARDINO,YUCAIPA,-117.09763,34.01635
90625561,2017,2017-12-22,9855,2017-12-19,1620,019121,NA,2,2,6,3616,0,1,1,NA,2,203,SR-210 E/B (FOOTHILL FWY),HAVEN AVENUE,1056,W,N,A,-,Y,NA,NA,210,NA,NA,NA,NA,NA,E,Y,4,0,1,2,A,-,04,21703,NA,N,C,C,A,A,H,-,A,D,0,NA,NA,NA,NA,Y,NA,A,01,0,0,1,0,0,0,0,0,0,-,-,34.1356,-117.58171,SAN BERNARDINO,RANCHO CUCAMONGA,-117.58171007,34.13560136
90626564,2017,2017-12-26,9860,2017-12-14,0355,019419,NA,4,3,9,3600,0,1,1,NA,2,216,I-215 N/B,DEVORE RD,440,S,N,A,-,Y,NA,NA,215,NA,NA,NA,NA,NA,N,Y,3,0,1,2,A,-,01,23152,A,N,B,C,A,A,H,-,C,D,0,NA,NA,NA,Y,Y,Y,A,01,0,1,0,0,0,0,0,0,0,-,-,34.22204,-117.4015,SAN BERNARDINO,UNINCORPORATED,-117.40151863,34.22200348
90626780,2017,2018-01-30,9850,2017-11-30,2038,021366,NA,4,2,9,3600,0,3,5,NA,2,001,YATES ROAD,PARK ROAD,320,W,N,A,-,N,NA,NA,NA,NA,NA,NA,NA,NA,NA,Y,1,1,1,1,A,-,08,22107,NA,N,E,I,A,A,H,-,D,D,0,NA,NA,NA,NA,Y,NA,A,07,1,0,0,0,0,0,0,0,0,-,-,34.50736,-117.27408,SAN BERNARDINO,UNINCORPORATED,-117.27397877,34.5072466
90627724,2017,2017-12-27,9850,2017-12-17,2209,021758,NA,7,3,5,3612,0,1,1,NA,2,083,I-15 N/B,D ST,544,S,N,A,-,Y,NA,NA,15,NA,NA,NA,NA,NA,N,Y,2,0,1,1,A,-,01,23152,A,N,E,I,A,A,H,-,D,D,0,NA,NA,NA,NA,Y,Y,A,01,1,0,0,0,0,0,0,0,0,-,-,34.54478,-117.30135,SAN BERNARDINO,VICTORVILLE,-117.30141409,34.54488133
90629249,2017,2017-12-29,9860,2017-12-19,0730,016658,NA,2,1,5,3608,0,1,1,NA,2,105,I-10 E/B TO UNIVERSITY ST,UNIVERSITY ST,60,W,N,A,-,Y,NA,NA,10,NA,NA,NA,R,NA,E,N,4,0,2,2,A,-,03,22350,NA,N,C,C,A,A,H,-,D,A,0,NA,NA,NA,NA,Y,NA,A,01,0,0,2,0,0,0,0,0,0,-,-,34.05625,-117.16717,SAN BERNARDINO,REDLANDS,-117.16717,34.05625
9059078,2020,2020-05-20,3600,2020-02-14,1817,SCHAU,CH010,5,5,5,3630,0,0,0,NA,0,003,TUPELO ST,ACORN ST,0,NA,Y,A,-,N,NA,NA,NA,NA,NA,NA,NA,NA,NA,N,2,0,1,2,A,-,03,22350,NA,N,D,C,A,A,H,-,C,D,0,NA,NA,Y,NA,Y,NA,C,02,1,0,0,0,0,0,0,0,1,-,-,NA,NA,SAN BERNARDINO,CHINO HILLS,-117.72962188720705,33.983428955078125
90630210,2017,2018-01-01,9860,2017-12-23,2040,021169,NA,6,2,9,3600,0,1,1,NA,2,152,I-15 S/B,SR-138,360,N,N,A,-,Y,NA,NA,15,NA,NA,NA,NA,NA,S,Y,4,0,1,1,A,-,01,23152,A,N,F,A,A,A,H,-,D,D,0,NA,NA,NA,NA,Y,Y,A,07,0,0,1,0,0,0,0,0,0,-,-,34.313,-117.47662,SAN BERNARDINO,UNINCORPORATED,-117.47655561,34.31307505
90562936,2017,2017-10-04,9870,2017-09-28,1005,013751,NA,4,1,9,3600,0,1,3,NA,1,031,STATE ROUTE 62 (TWENTYNINE PALMS HWY),SUNSET ROAD,0,NA,Y,A,-,Y,NA,NA,62,NA,NA,NA,NA,NA,NA,Y,3,0,2,2,A,-,09,21802,A,N,D,C,A,A,H,-,A,A,0,NA,NA,NA,NA,Y,NA,A,01,0,2,0,0,0,0,0,0,0,-,-,34.13499,-116.31727,SAN BERNARDINO,UNINCORPORATED,-116.31726985,34.13496528
9056569,2020,2020-05-18,3603,2020-02-22,2055,4969,CPD,6,5,4,3603,0,0,0,NA,0,003,VALLEY BL,LA CADENA DR,0,NA,Y,C,-,N,NA,NA,NA,NA,NA,NA,NA,NA,NA,N,4,0,8,2,D,-,00,NA,NA,N,D,C,A,B,H,-,C,A,0,NA,NA,NA,NA,Y,Y,-,-,0,0,8,0,0,0,0,0,0,-,-,34.066688537597656,-117.32433319091795,SAN BERNARDINO,COLTON,-117.32433319091795,34.066871643066406
90636430,2018,2018-01-09,9855,2018-01-05,0405,019121,NA,5,3,9,3600,0,3,5,NA,2,001,VALLEY BOULEVARD (13900 BLOCK),CALABASH AVENUE,30,E,N,A,-,N,NA,NA,NA,NA,NA,NA,NA,NA,NA,N,4,0,2,2,A,-,21,22106,NA,N,C,C,A,A,H,-,C,A,0,NA,NA,NA,Y,Y,NA,G,25,0,0,2,0,0,0,0,0,0,-,-,34.07014846801758,-117.50167846679688,SAN BERNARDINO,UNINCORPORATED,-117.50179290771484,34.07014083862305
90636991,2017,2018-01-10,9870,2017-12-31,1540,019593,NA,7,2,9,3600,0,3,5,NA,2,003,SUNBURST STREET,CALLE LOS AMIGOS,1056,S,N,A,-,N,NA,NA,NA,NA,NA,NA,NA,NA,NA,Y,3,0,1,3,A,-,08,22107,NA,N,E,I,A,A,H,-,A,D,0,NA,NA,NA,NA,Y,NA,A,01,0,1,0,0,0,0,0,0,0,-,-,34.15945,-116.30855,SAN BERNARDINO,UNINCORPORATED,-116.30843325,34.16122089
90602197,2017,2017-11-27,9865,2017-11-19,1530,019929,NA,7,2,9,3600,0,1,3,NA,1,030,SR-18,2N15,10560,S,N,A,-,Y,NA,NA,18,NA,NA,NA,NA,NA,NA,N,4,0,1,1,A,-,08,22107,NA,N,F,A,A,A,H,-,A,D,0,NA,NA,Y,NA,Y,NA,C,02,0,0,1,0,0,0,0,0,1,-,-,34.24488,-117.02793,SAN BERNARDINO,UNINCORPORATED,-117.02789011,34.24484306
9056887,2020,2020-06-10,3611,2020-02-04,1812,3101,3611,2,5,5,3611,0,0,0,NA,0,001,EUCLID AV,15TH ST,0,NA,Y,A,-,N,NA,NA,NA,NA,NA,NA,NA,NA,NA,N,3,0,2,2,A,-,09,21802,A,N,D,C,A,A,H,-,C,D,0,NA,NA,NA,NA,Y,NA,D,22,0,1,1,0,0,0,0,0,0,-,-,NA,NA,SAN BERNARDINO,UPLAND,-117.65138244628906,34.1179084777832
90572090,2017,2017-10-18,9835,2017-10-07,1436,21176,NA,6,2,3,3601,0,1,1,NA,2,071,I-15 N/B,EAST MAIN STREET,82,S,N,A,-,Y,NA,NA,15,NA,NA,NA,NA,NA,N,Y,3,0,1,1,A,-,08,22107,NA,N,E,I,A,A,H,-,A,D,0,NA,NA,NA,NA,Y,NA,D,22,0,1,0,0,0,0,0,0,0,-,-,34.89056,-117.00128,SAN BERNARDINO,BARSTOW,-117.00155168,34.89092048
90574004,2017,2017-10-19,9855,2017-10-11,1753,018727,NA,3,2,5,3611,0,1,1,NA,2,103,I-10 E/B (SAN BERNARDINO FWY),MOUNTAIN AVE.,875,E,N,A,-,Y,NA,NA,NA,NA,NA,NA,NA,NA,NA,Y,4,0,1,3,A,-,03,22350,NA,N,C,C,A,A,H,-,C,D,0,NA,NA,NA,NA,Y,NA,A,01,0,0,1,0,0,0,0,0,0,-,-,34.05227,-117.39852,SAN BERNARDINO,UPLAND,-117.66725775,34.08719872
90640882,2018,2018-01-16,9860,2018-01-10,1905,020346,NA,3,2,6,3610,0,1,1,NA,2,104,I-10 W/B,TIPPECANOE AVE,2000,E,N,A,-,Y,NA,NA,10,NA,NA,NA,NA,NA,W,Y,3,0,1,2,A,-,03,22350,NA,N,C,C,A,A,H,-,C,D,0,NA,NA,NA,NA,Y,NA,A,01,0,1,0,0,0,0,0,0,0,-,-,34.06610870361328,-117.25450897216795,SAN BERNARDINO,SAN BERNARDINO,-117.25450897216795,34.066104888916016